frame,time_s,nose_x,nose_y,l_eye_x,l_eye_y,r_eye_x,r_eye_y,l_ear_x,l_ear_y,r_ear_x,r_ear_y,l_shoulder_x,l_shoulder_y,r_shoulder_x,r_shoulder_y,l_elbow_x,l_elbow_y,r_elbow_x,r_elbow_y,l_wrist_x,l_wrist_y,r_wrist_x,r_wrist_y,l_hip_x,l_hip_y,r_hip_x,r_hip_y,l_knee_x,l_knee_y,r_knee_x,r_knee_y,l_ankle_x,l_ankle_y,r_ankle_x,r_ankle_y
1,0.03333324641460235,731.2431640625,453.1663818359375,739.4935302734375,444.92901611328125,722.2340698242188,445.4064636230469,751.3364868164062,449.2293395996094,706.7313232421875,450.5302734375,766.062255859375,488.23675537109375,685.5150756835938,491.0177917480469,786.4793090820312,537.6048583984375,670.3519287109375,541.6070556640625,776.6649780273438,561.2417602539062,701.660888671875,563.5165405273438,756.3221435546875,573.7907104492188,698.0402221679688,575.620849609375,793.8677978515625,573.3630981445312,686.3690185546875,574.173095703125,794.2796630859375,618.1126708984375,676.9845581054688,619.524169921875
2,0.0666664928292047,731.24462890625,454.7554626464844,739.5452270507812,446.379150390625,722.2166137695312,446.982421875,751.564697265625,449.8750305175781,706.710205078125,451.4671630859375,765.5032348632812,487.53399658203125,685.4111328125,490.9552307128906,785.8812255859375,535.8798217773438,670.1138305664062,541.3255004882812,778.8867797851562,559.4932250976562,702.069580078125,562.6776123046875,755.8379516601562,572.9755859375,697.8238525390625,575.177978515625,793.3767700195312,573.765625,685.9727172851562,574.981689453125,794.6469116210938,617.0691528320312,676.610595703125,619.0250854492188
3,0.09999973924380703,731.2335815429688,454.71978759765625,739.4863891601562,446.29638671875,722.169921875,446.9891662597656,751.5498657226562,449.69696044921875,706.6619262695312,451.5251770019531,765.507568359375,487.2434997558594,685.5432739257812,490.973388671875,785.7828369140625,535.4019775390625,670.061279296875,541.2921142578125,778.8043823242188,559.0686645507812,702.0723876953125,562.5877685546875,756.2847900390625,572.9388427734375,698.2838745117188,575.2811279296875,793.6526489257812,574.4412231445312,685.8573608398438,575.7930908203125,795.3626098632812,616.6224975585938,676.4476318359375,618.7646484375
4,0.1333329856584094,731.1696166992188,454.83349609375,739.476318359375,446.3564453125,722.069580078125,447.05401611328125,751.6807250976562,449.7219543457031,706.6223754882812,451.55914306640625,766.14501953125,487.6277160644531,685.3610229492188,491.201171875,786.3732299804688,536.5213012695312,669.6385498046875,541.8087768554688,778.2445068359375,559.9886474609375,701.5894165039062,562.73095703125,756.5982055664062,573.46728515625,698.1343383789062,575.6873779296875,793.2236328125,574.3712158203125,685.1481323242188,575.5885620117188,794.1987915039062,616.638671875,675.8092651367188,618.60693359375
5,0.16666623207301173,731.449462890625,455.0151672363281,739.7594604492188,446.48248291015625,722.33203125,447.1977844238281,751.8936767578125,449.66363525390625,706.6783447265625,451.52410888671875,765.8887939453125,487.2632751464844,685.2620849609375,491.0458679199219,786.1962280273438,535.9255981445312,669.793212890625,541.8057861328125,778.923583984375,559.506103515625,701.8934326171875,562.74267578125,756.6044921875,573.1103515625,698.2863159179688,575.5070190429688,792.984619140625,574.1806640625,685.5043334960938,575.5995483398438,795.0464477539062,616.3074340820312,677.2857055664062,618.5625610351562
6,0.19999947848761407,730.3429565429688,454.81475830078125,737.9203491210938,446.9644775390625,722.17822265625,447.3997497558594,749.7306518554688,449.57293701171875,708.6937866210938,450.75054931640625,761.3439331054688,486.7621154785156,689.0953979492188,490.8616027832031,780.992431640625,534.6595458984375,672.0230712890625,543.9138793945312,781.0565795898438,554.90625,706.452880859375,565.5946655273438,760.8697509765625,576.4706420898438,708.2286987304688,580.3067016601562,807.0573120117188,597.3901977539062,712.5914916992188,600.5338745117188,818.9107666015625,627.3383178710938,708.0712280273438,630.4083862304688
7,0.23333272490221643,730.552978515625,454.5491638183594,739.070556640625,446.156982421875,721.6066284179688,446.7342529296875,751.5703125,449.5549621582031,706.4435424804688,451.1401672363281,765.90771484375,487.0080871582031,685.1738891601562,490.60052490234375,786.6829833984375,535.6286010742188,670.8956909179688,542.0847778320312,779.4509887695312,561.1410522460938,703.6373291015625,567.0612182617188,756.0374755859375,572.9609985351562,697.38671875,575.0654296875,792.0857543945312,575.2071533203125,682.4276123046875,576.1793823242188,795.794189453125,618.8826904296875,674.6741333007812,620.543212890625
8,0.2666659713168188,730.210205078125,454.1553039550781,738.6764526367188,445.8708190917969,721.3743896484375,446.41766357421875,751.2173461914062,449.51971435546875,706.5344848632812,451.0532531738281,766.01416015625,487.0920715332031,685.4923706054688,490.5218811035156,786.7147827148438,535.8412475585938,671.3206176757812,542.0831909179688,778.72265625,561.3314819335938,704.2230834960938,567.8047485351562,756.22705078125,572.4208374023438,697.6405029296875,574.3619384765625,792.3929443359375,575.7626953125,682.2096557617188,576.519775390625,796.154052734375,619.9451904296875,674.2739868164062,621.2944946289062
9,0.29999921773142113,730.2576904296875,453.8673400878906,738.7880249023438,445.6528015136719,721.4107666015625,446.1409912109375,751.3055419921875,449.4612121582031,706.4747314453125,450.8501281738281,765.4157104492188,487.0556945800781,685.7001342773438,490.2731018066406,786.2850341796875,535.4421997070312,671.8557739257812,541.500244140625,778.5311279296875,561.6937866210938,705.395263671875,568.3297119140625,755.30029296875,572.2664184570312,697.2020874023438,574.100341796875,791.4132690429688,575.4805297851562,682.001953125,576.113525390625,796.2567749023438,620.2130737304688,675.10693359375,621.4464111328125
10,0.33333246414602347,731.0128784179688,453.77764892578125,739.3680419921875,445.5950927734375,722.1025390625,446.16448974609375,751.4773559570312,449.4464111328125,706.869140625,451.0660095214844,764.6630859375,486.54913330078125,686.2363891601562,490.546142578125,785.8521118164062,533.2066040039062,672.7691040039062,541.5509643554688,779.2599487304688,560.6329345703125,705.6246948242188,570.708740234375,754.6883544921875,571.2022705078125,697.5059814453125,573.453125,790.7997436523438,574.7788696289062,683.5166625976562,575.907958984375,794.6326293945312,618.977783203125,675.837890625,620.99951171875
11,0.3666657105606258,730.9522705078125,453.529296875,739.2733764648438,445.337646484375,722.0336303710938,445.9406433105469,751.3626098632812,449.1920166015625,706.8275756835938,450.9010009765625,764.8047485351562,486.4157409667969,686.1709594726562,490.6316223144531,785.9915161132812,533.2235107421875,673.3551635742188,542.228759765625,779.158203125,560.719482421875,706.2861328125,571.77197265625,754.9213256835938,571.1534423828125,697.4668579101562,573.4444580078125,790.3364868164062,575.4678955078125,681.7164916992188,576.6220092773438,794.725341796875,618.9810791015625,673.7251586914062,621.0751342773438
12,0.39999895697522814,731.154052734375,453.1903991699219,739.506591796875,445.03271484375,722.2423706054688,445.54168701171875,751.4811401367188,449.1597595214844,706.859375,450.6162109375,764.7696533203125,486.71197509765625,686.2926635742188,490.7451171875,785.9938354492188,533.4493408203125,673.7811889648438,542.7612915039062,779.1259155273438,560.6507568359375,705.649658203125,573.5057983398438,755.3345336914062,571.3555297851562,698.01904296875,573.5437622070312,789.9329833984375,575.9807739257812,681.51904296875,576.9878540039062,796.0989379882812,618.4683837890625,675.0336303710938,620.338623046875
13,0.43333220338983053,731.5155029296875,452.647705078125,739.7752685546875,444.468505859375,722.4642944335938,445.06634521484375,751.6583862304688,448.7877502441406,706.9906005859375,450.53173828125,764.970703125,486.578857421875,686.7869262695312,491.00933837890625,786.1245727539062,533.1324462890625,674.3384399414062,543.2463989257812,778.7830810546875,560.8141479492188,705.5083618164062,575.0366821289062,755.0433959960938,571.3858032226562,697.7427368164062,573.6879272460938,791.1717529296875,576.8427734375,681.9095458984375,577.9924926757812,795.28076171875,619.0413818359375,672.6497192382812,621.1675415039062
14,0.46666544980443286,731.6998901367188,452.23291015625,739.8086547851562,444.0898132324219,722.6666259765625,444.7055358886719,751.4207153320312,448.5154113769531,707.1251831054688,450.3153991699219,764.5076293945312,486.3968200683594,686.9786376953125,491.10736083984375,786.0056762695312,532.5117797851562,675.0098266601562,543.5904541015625,778.9772338867188,560.3717651367188,705.8846435546875,576.0985107421875,754.7691650390625,571.4667358398438,697.7796020507812,573.9255981445312,791.410400390625,578.0582885742188,682.0744018554688,579.4122314453125,795.4766845703125,619.2469482421875,671.71142578125,621.6904907226562
15,0.4999986962190352,731.5347290039062,452.1787414550781,739.6697387695312,444.0551452636719,722.5758666992188,444.6361999511719,751.3165893554688,448.4562072753906,707.1207885742188,450.1672058105469,764.6483764648438,486.2253723144531,686.8012084960938,490.8714294433594,786.2265014648438,532.3319091796875,674.8330688476562,543.3657836914062,779.06787109375,559.8931884765625,705.5492553710938,575.7363891601562,755.0227661132812,571.1056518554688,697.9583740234375,573.5438232421875,791.277587890625,577.1531372070312,682.510498046875,578.466552734375,795.6982421875,618.9071044921875,673.2417602539062,621.2467041015625
16,0.5333319426336376,730.946044921875,452.0910949707031,739.3247680664062,443.9627380371094,722.0718383789062,444.39154052734375,751.304931640625,448.426513671875,706.9102172851562,449.7314147949219,764.8072509765625,486.8251037597656,686.7662963867188,490.64752197265625,785.8442993164062,534.2877807617188,674.7032470703125,543.456787109375,778.2000732421875,561.9179077148438,704.2225341796875,575.5631713867188,754.8893432617188,571.5166625976562,697.8705444335938,573.5286254882812,789.4585571289062,578.018310546875,681.56689453125,578.8709106445312,795.0494384765625,619.103759765625,673.763916015625,620.71435546875
17,0.5666651890482399,731.02294921875,451.1447448730469,739.27978515625,443.14569091796875,722.1614379882812,443.5646057128906,751.03662109375,448.127685546875,706.9942626953125,449.415771484375,764.9976196289062,487.0172424316406,686.791015625,490.6919860839844,786.2990112304688,534.2783813476562,674.544189453125,542.849853515625,778.4400634765625,561.2891235351562,703.947021484375,573.8358154296875,755.1605834960938,571.891845703125,698.0036010742188,573.8032836914062,790.2376708984375,577.192626953125,681.66650390625,577.9391479492188,794.6709594726562,619.9490966796875,672.6367797851562,621.464599609375
18,0.5999984354628423,731.9098510742188,450.73974609375,740.0825805664062,442.7852783203125,722.985595703125,443.1160583496094,751.504638671875,448.1028747558594,707.3419189453125,449.084716796875,765.4326782226562,487.4653625488281,686.8956909179688,490.33953857421875,786.2236938476562,535.7420043945312,673.9044799804688,541.8633422851562,777.3062133789062,562.5037231445312,701.9636840820312,570.9879150390625,755.864990234375,571.6640014648438,698.4685668945312,573.25146484375,790.2125854492188,576.5343627929688,681.151123046875,577.0255737304688,795.2119140625,619.4816284179688,672.4932861328125,620.7288818359375
19,0.6333316818774446,731.9782104492188,450.57476806640625,740.101318359375,442.6550598144531,723.060546875,442.9433898925781,751.3574829101562,448.058349609375,707.2625732421875,448.9227294921875,765.0046997070312,487.4041748046875,686.7883911132812,490.3121032714844,786.0022583007812,535.3052368164062,674.1026000976562,542.0344848632812,777.7181396484375,561.57666015625,702.6580200195312,571.3963012695312,755.8660888671875,571.9685668945312,698.7000122070312,573.6232299804688,790.5116577148438,576.6959228515625,682.0447998046875,577.2495727539062,795.8905029296875,619.4610595703125,673.6981201171875,620.7728881835938
20,0.6666649282920469,732.5240478515625,450.544921875,740.7071533203125,442.588134765625,723.4945068359375,442.96185302734375,752.1011962890625,447.9573974609375,707.6602172851562,449.02899169921875,765.7362060546875,487.2331848144531,687.0218505859375,490.12286376953125,786.2442626953125,535.1939086914062,673.6393432617188,541.17626953125,778.3106689453125,560.4578857421875,703.31298828125,568.0797119140625,755.4600219726562,571.2191162109375,698.0796508789062,572.8514404296875,791.3779296875,573.498046875,683.037109375,574.0485229492188,794.6150512695312,618.8635864257812,673.8739624023438,620.1915893554688
21,0.6999981747066493,732.7922973632812,450.6065673828125,741.0327758789062,442.5271911621094,723.6270141601562,443.0176696777344,752.5706176757812,447.6723937988281,707.8272094726562,449.0158386230469,766.1987915039062,487.0732116699219,687.0682373046875,490.2109375,786.6771240234375,534.6334228515625,672.8446655273438,540.5897827148438,779.896728515625,558.7780151367188,703.1819458007812,564.89990234375,755.4453125,571.4505004882812,698.0009155273438,573.2713012695312,792.39892578125,573.0592041015625,685.3086547851562,573.8530883789062,792.6373901367188,617.1760864257812,674.2800903320312,618.7684326171875
22,0.7333314211212516,733.0430908203125,450.35595703125,741.395751953125,442.30767822265625,724.0364990234375,442.6892395019531,752.9740600585938,447.3336486816406,708.3591918945312,448.3667297363281,766.30126953125,486.7838134765625,686.6859130859375,489.6101379394531,787.100830078125,534.6788940429688,672.106201171875,540.1243896484375,780.989501953125,558.7778930664062,703.0399169921875,563.8578491210938,754.8704833984375,571.4882202148438,697.1904907226562,573.2801513671875,791.9611206054688,572.1260375976562,685.31640625,572.9573364257812,792.344482421875,616.5122680664062,674.7678833007812,618.1371459960938
23,0.7666646675358539,733.5357666015625,450.1363830566406,741.918701171875,442.1408386230469,724.6505126953125,442.4321594238281,753.4542236328125,447.26544189453125,708.967529296875,448.02935791015625,766.5016479492188,486.6134948730469,686.6964721679688,489.1519470214844,787.0255737304688,534.9064331054688,672.1326293945312,540.1060791015625,781.1006469726562,558.1137084960938,704.1116943359375,563.2343139648438,754.7673950195312,570.3815307617188,696.8780517578125,572.0933837890625,792.3782348632812,570.4851684570312,684.8593139648438,571.2570190429688,793.8121948242188,616.1742553710938,675.048583984375,617.70703125
24,0.7999979139504563,732.8842163085938,449.7895812988281,742.4854736328125,443.1619567871094,725.6206665039062,442.4970397949219,754.6339111328125,447.8382873535156,711.2286376953125,444.7213134765625,767.8972778320312,484.0931091308594,685.171630859375,485.32171630859375,779.2390747070312,532.1668701171875,671.418701171875,539.240478515625,777.1430053710938,558.768310546875,701.1983032226562,559.3159790039062,754.7393188476562,572.3145751953125,695.5640869140625,573.6220092773438,775.6851196289062,567.2216796875,668.7134399414062,563.712646484375,788.4400024414062,617.0261840820312,681.1058959960938,610.5089111328125
25,0.8333311603650586,733.0343017578125,450.2348327636719,742.8004760742188,443.6512451171875,725.8895263671875,442.82525634765625,755.2993774414062,448.2857971191406,711.890625,444.8373107910156,768.8363037109375,484.2592468261719,685.6595458984375,485.0898742675781,779.3941040039062,532.2545776367188,671.0596923828125,538.949951171875,776.943115234375,558.0538330078125,700.5274047851562,558.5628051757812,755.400146484375,572.7205200195312,695.8728637695312,573.710693359375,776.4622802734375,566.3148803710938,668.3062744140625,561.9780883789062,788.6813354492188,617.888671875,680.303955078125,610.423095703125
26,0.8666644067796611,733.3209838867188,450.36236572265625,743.24462890625,443.8289794921875,726.3411254882812,442.90185546875,755.9876708984375,448.4283447265625,712.6785888671875,444.68609619140625,769.7885131835938,484.27703857421875,686.3358764648438,484.7762451171875,779.7320556640625,532.7034912109375,670.9081420898438,538.6439819335938,776.4937744140625,558.6270141601562,700.3264770507812,557.2935180664062,756.486572265625,572.5260009765625,696.911376953125,573.2622680664062,775.5486450195312,565.7032470703125,667.8611450195312,561.013916015625,787.4264526367188,616.712158203125,680.74169921875,608.9080810546875
27,0.8999976531942634,734.13037109375,450.3078918457031,743.978515625,443.7836608886719,727.165771484375,442.74676513671875,756.2788696289062,448.3548583984375,713.084716796875,444.3192138671875,769.7236328125,484.1134033203125,686.2474975585938,484.6607666015625,779.365234375,532.4769287109375,671.0555419921875,539.017578125,776.0858764648438,558.4002075195312,700.75390625,557.699951171875,757.0098266601562,573.4602661132812,697.2763061523438,574.2943725585938,776.57373046875,565.7764282226562,667.9930419921875,561.0953979492188,788.1088256835938,617.3883666992188,680.5506591796875,609.5423583984375
28,0.9333308996088657,734.8643188476562,450.5965270996094,744.6293334960938,444.1466064453125,727.79248046875,442.9494323730469,756.8978881835938,448.84796142578125,713.6088256835938,444.5943603515625,770.7802734375,484.4953308105469,686.4119262695312,484.667724609375,780.221923828125,532.6685791015625,670.1514282226562,539.00048828125,775.365478515625,557.424560546875,701.9072265625,556.5878295898438,757.4166870117188,573.0801391601562,697.143310546875,573.6806640625,778.2974243164062,565.739990234375,669.2705688476562,560.8261108398438,785.3177490234375,617.3107299804688,678.2673950195312,609.3287963867188
29,0.9666641460234681,734.84228515625,450.4473876953125,744.6630249023438,443.9625244140625,727.8527221679688,442.7702331542969,757.076904296875,448.73895263671875,713.9351806640625,444.4875793457031,771.1759643554688,484.8462829589844,686.9351196289062,484.4837646484375,780.5380859375,533.9475708007812,670.141845703125,538.6636352539062,774.4376831054688,557.5739135742188,702.3277587890625,556.9382934570312,757.7884521484375,573.3505859375,697.51123046875,573.7727661132812,777.9120483398438,564.3651123046875,668.602294921875,559.8738403320312,786.0834350585938,615.6158447265625,677.7039794921875,608.43115234375
30,0.9999973924380704,735.400390625,451.3498229980469,745.606201171875,444.8193359375,728.4134521484375,443.57647705078125,758.6297607421875,449.37432861328125,714.5208129882812,444.928955078125,772.5020751953125,485.6799011230469,687.6930541992188,484.28533935546875,781.4666137695312,536.2992553710938,670.6782836914062,538.5086059570312,772.9680786132812,557.5172729492188,702.2625732421875,557.0761108398438,757.1522216796875,573.7136840820312,696.8352661132812,573.5499877929688,774.6139526367188,562.1029663085938,667.8898315429688,557.3590087890625,782.7059936523438,613.0909423828125,679.6887817382812,606.434814453125
31,1.0333306388526728,735.1627807617188,451.7690124511719,745.5355834960938,445.1612854003906,728.2369995117188,444.02447509765625,758.7936401367188,449.558349609375,714.4625854492188,445.21148681640625,772.7683715820312,485.9436950683594,687.5869140625,484.40673828125,781.7030029296875,537.2097778320312,670.5370483398438,538.6078491210938,772.406005859375,557.8529052734375,702.3449096679688,557.36376953125,757.2137451171875,574.1815185546875,696.8134765625,573.9598388671875,772.0360107421875,562.1083374023438,666.423828125,557.5625610351562,782.2906494140625,612.367431640625,681.3162841796875,606.0375366210938
32,1.0666638852672752,737.6892700195312,452.802001953125,747.7213745117188,446.1786804199219,730.5961303710938,444.95501708984375,760.0121459960938,450.1998291015625,715.7179565429688,445.6513671875,773.0616455078125,485.9742431640625,687.9900512695312,483.9410705566406,781.9984130859375,537.2015991210938,670.9112548828125,538.0032348632812,770.0401611328125,557.4369506835938,703.646728515625,556.7733764648438,755.6498413085938,573.5496215820312,695.3485717773438,573.1328735351562,772.279541015625,559.5308837890625,667.6981811523438,555.2999877929688,777.5496826171875,611.623046875,679.18603515625,606.3956298828125
33,1.0999971316818775,738.463623046875,453.458740234375,748.4555053710938,446.791259765625,731.52587890625,445.72003173828125,760.3554077148438,450.4752197265625,716.4056396484375,445.98468017578125,773.1098022460938,485.5458984375,688.04248046875,483.6783142089844,781.8617553710938,536.8117065429688,670.9788818359375,537.7677612304688,770.3663940429688,556.1887817382812,703.2975463867188,556.2780151367188,756.3491821289062,572.1227416992188,696.1803588867188,571.8619384765625,769.8803100585938,559.1257934570312,666.1320190429688,555.0280151367188,778.9151611328125,610.9957275390625,681.6260375976562,605.834716796875
34,1.1333303780964799,738.22607421875,454.5787048339844,748.3768920898438,447.94512939453125,731.3510131835938,446.80377197265625,760.6636352539062,451.30755615234375,716.416015625,446.6499938964844,772.7310180664062,485.6911315917969,688.6843872070312,483.503173828125,781.8329467773438,536.3438110351562,671.60205078125,536.7103271484375,771.3541259765625,556.2584838867188,703.3063354492188,556.0422973632812,755.3351440429688,570.6616821289062,695.8399047851562,570.3038330078125,768.8081665039062,558.851318359375,666.179931640625,555.317138671875,776.8707885742188,609.311279296875,680.6434936523438,605.403076171875
35,1.1666636245110822,738.2478637695312,455.8466796875,748.532470703125,449.30078125,731.4474487304688,447.9162292480469,760.881591796875,452.3808288574219,716.2847900390625,447.1436462402344,772.6417846679688,486.1345520019531,688.3283081054688,483.48675537109375,781.742919921875,536.8519287109375,671.6534423828125,536.8703002929688,770.8411254882812,557.684814453125,703.7235717773438,556.7437744140625,755.101806640625,570.4390869140625,695.5809936523438,569.8424072265625,768.1223754882812,559.2598876953125,666.474609375,555.3291015625,774.5375366210938,609.239501953125,681.4158325195312,605.0931396484375
36,1.1999968709256845,737.2222900390625,457.0660095214844,747.8553466796875,450.5756530761719,730.589111328125,448.9671630859375,761.023193359375,453.15130615234375,716.0281982421875,447.463623046875,772.9478149414062,486.1853942871094,688.3665771484375,483.0993347167969,781.8588256835938,537.2518920898438,671.587646484375,536.6608276367188,769.9954223632812,558.792236328125,703.7078857421875,556.1478881835938,754.4119262695312,569.94775390625,695.0396118164062,568.9620971679688,766.5723876953125,559.5618286132812,666.9607543945312,555.0231323242188,770.6646728515625,608.6559448242188,682.4615478515625,604.0737915039062
37,1.2333301173402869,736.3529663085938,457.5401916503906,747.1212768554688,451.17718505859375,729.8645629882812,449.4006652832031,760.7625732421875,453.541259765625,715.8848876953125,447.5730895996094,772.8351440429688,485.9651794433594,688.6870727539062,482.8093566894531,781.7054443359375,536.39990234375,671.9056396484375,536.1939086914062,770.616943359375,559.1119384765625,703.2520751953125,555.39697265625,753.6380004882812,570.049560546875,694.8106079101562,568.7794799804688,765.1901245117188,560.150390625,667.5502319335938,554.7886352539062,766.6179809570312,610.38916015625,682.3430786132812,604.8208618164062
38,1.2666633637548892,736.3080444335938,458.2214050292969,746.8931884765625,451.8543395996094,729.794677734375,450.1162414550781,760.5487060546875,453.96435546875,716.0526733398438,448.2428894042969,773.3532104492188,486.10650634765625,689.0401000976562,483.0150451660156,782.2567749023438,536.7334594726562,672.04150390625,536.4945678710938,769.4752807617188,559.1685180664062,703.5338134765625,554.9981689453125,753.5437622070312,569.7764282226562,694.8475952148438,568.3179931640625,765.4776611328125,561.1702270507812,669.5435791015625,555.1238403320312,764.6727905273438,612.291015625,683.1532592773438,605.6546020507812
39,1.2999966101694915,736.2015991210938,458.2404479980469,746.7757568359375,451.9102478027344,729.6829833984375,450.0996398925781,760.4859619140625,453.99932861328125,716.0220947265625,448.1684875488281,773.0364990234375,486.1195373535156,689.1439208984375,482.8093566894531,781.9330444335938,536.7322387695312,671.7749633789062,536.3466186523438,769.9408569335938,559.05078125,703.4365844726562,554.7765502929688,752.8463745117188,569.371337890625,694.5084228515625,567.85009765625,765.411376953125,561.007568359375,670.4222412109375,555.0540161132812,762.8560791015625,611.8875732421875,682.5601196289062,605.5552368164062
40,1.3333298565840939,735.9901123046875,458.5738830566406,746.4896240234375,452.3798828125,729.4530029296875,450.4283752441406,760.2005004882812,454.3025817871094,715.8385620117188,448.2442321777344,773.6787109375,485.9401550292969,688.8469848632812,482.48443603515625,782.8780517578125,536.2067260742188,671.2816772460938,536.2523193359375,770.2391357421875,558.9246826171875,704.3092041015625,554.6102294921875,753.1355590820312,569.416748046875,694.7578125,567.5369262695312,763.4550170898438,562.1290283203125,671.6322021484375,555.06103515625,756.2252197265625,613.2376708984375,683.3430786132812,605.3953857421875
41,1.3666631029986962,735.442626953125,458.53997802734375,746.0464477539062,452.425048828125,729.063232421875,450.57421875,759.9086303710938,454.5400390625,715.8274536132812,448.57977294921875,773.441162109375,485.9278564453125,688.983642578125,483.06719970703125,782.6251831054688,534.6211547851562,672.231689453125,536.078369140625,772.7552490234375,557.9089965820312,704.778076171875,554.7686157226562,754.041259765625,570.2816772460938,695.9266357421875,568.6537475585938,762.3822021484375,562.6619262695312,670.7100830078125,555.219970703125,758.8111572265625,614.3590087890625,686.0779418945312,605.552734375
42,1.3999963494132985,735.255859375,458.84100341796875,745.7138061523438,452.7947082519531,728.7135009765625,450.8196716308594,759.4828491210938,454.74578857421875,715.46435546875,448.7571716308594,774.0655517578125,486.6531677246094,688.5291137695312,483.56219482421875,783.0404052734375,534.8276977539062,672.2030639648438,536.7877197265625,772.6395263671875,558.4092407226562,706.203125,555.5792236328125,752.3390502929688,574.2726440429688,694.4265747070312,571.8718872070312,757.0951538085938,567.3951416015625,671.4711303710938,556.9241333007812,748.046875,617.6779174804688,687.2953491210938,603.8413696289062
43,1.4333295958279009,735.0908813476562,458.7104187011719,745.513916015625,452.67999267578125,728.5744018554688,450.7710876464844,759.2481079101562,454.6813659667969,715.392578125,448.8211669921875,773.9124145507812,486.5184631347656,688.5530395507812,483.64447021484375,782.9063720703125,534.5428466796875,672.153076171875,536.6996459960938,772.6627807617188,558.2725830078125,705.31005859375,555.16015625,752.4656982421875,574.2658081054688,694.6644897460938,571.9374389648438,756.6665649414062,567.5550537109375,671.0746459960938,557.143310546875,748.3984985351562,617.5687866210938,687.4210815429688,603.695068359375
44,1.4666628422425032,734.7059326171875,458.17205810546875,745.0380859375,452.3072509765625,727.98046875,450.0214538574219,758.9454345703125,454.4972839355469,714.832763671875,448.2173156738281,774.5712280273438,486.7785949707031,688.2665405273438,483.7544860839844,783.7422485351562,534.6232299804688,670.9548950195312,537.9461669921875,773.4743041992188,557.94775390625,703.1303100585938,555.46533203125,752.4843139648438,576.09912109375,694.536376953125,573.285400390625,758.8649291992188,571.684326171875,675.3220825195312,559.2327270507812,742.599609375,621.1593627929688,687.0225830078125,604.4169311523438
45,1.4999960886571055,734.597412109375,457.66326904296875,744.9598388671875,451.7737121582031,727.8334350585938,449.58416748046875,758.879150390625,454.1608581542969,714.6473999023438,448.041259765625,774.2549438476562,486.4939880371094,688.0227661132812,484.03692626953125,783.9286499023438,534.009521484375,670.5145263671875,538.3059692382812,774.2402954101562,557.9459228515625,703.01171875,555.37744140625,752.6795654296875,576.3171997070312,694.6519775390625,573.9708251953125,759.8310546875,572.2684936523438,675.552490234375,560.9950561523438,743.9777221679688,620.8339233398438,687.19384765625,605.5870361328125
46,1.5333293350717079,734.7605590820312,457.07354736328125,745.099365234375,451.26513671875,727.9048461914062,449.06768798828125,758.8756713867188,454.04766845703125,714.4281005859375,447.9112548828125,774.0042724609375,486.32000732421875,687.5577392578125,484.43572998046875,784.2069702148438,532.8151245117188,669.9446411132812,538.5828857421875,775.5494384765625,557.6122436523438,701.8768310546875,554.8509521484375,752.9202880859375,575.42529296875,694.806640625,573.4444580078125,761.28466796875,572.9267578125,676.7533569335938,562.070068359375,744.71923828125,620.88916015625,688.0819702148438,606.039794921875
47,1.5666625814863102,734.9039306640625,456.384765625,745.230712890625,450.5768737792969,727.893310546875,448.4465026855469,758.8790893554688,453.67974853515625,714.109619140625,447.66326904296875,773.6131591796875,485.8923645019531,687.0572509765625,484.91717529296875,783.9711303710938,530.9361572265625,669.6498413085938,539.1851806640625,777.192138671875,556.1921997070312,702.2197875976562,555.4385375976562,753.5165405273438,575.6032104492188,695.1605834960938,574.247802734375,763.2671508789062,573.22705078125,677.45458984375,563.1578369140625,746.483154296875,620.4468994140625,688.3958129882812,606.3494873046875
48,1.5999958279009125,735.3063354492188,456.06585693359375,745.649169921875,450.19708251953125,728.173095703125,448.1107177734375,759.268310546875,453.3397216796875,714.1505126953125,447.4113464355469,773.5316162109375,485.6639099121094,687.05712890625,484.99993896484375,783.9542846679688,530.6101684570312,669.5946044921875,539.5331420898438,777.748046875,556.8121948242188,702.7454833984375,556.089111328125,753.6719360351562,575.4910888671875,695.2459106445312,574.4696044921875,764.842041015625,573.4434204101562,678.5302124023438,564.0865478515625,747.7670288085938,619.6764526367188,688.9036865234375,606.4080810546875
49,1.6333290743155149,735.088623046875,455.7966613769531,745.536376953125,449.9408264160156,727.9849243164062,447.8833312988281,759.2619018554688,453.2701110839844,714.0137939453125,447.3371276855469,773.4511108398438,485.9110107421875,686.8682861328125,485.2095642089844,783.8998413085938,530.6538696289062,669.5549926757812,539.4060668945312,778.4132690429688,557.3081665039062,702.493896484375,556.3569946289062,753.5601806640625,576.2510986328125,695.1303100585938,575.2081298828125,763.4503173828125,574.726806640625,677.5323486328125,565.2084350585938,748.0589599609375,620.59765625,689.7432250976562,606.9340209960938
50,1.6666623207301172,735.3502807617188,455.7950134277344,745.6109008789062,449.96356201171875,728.1151733398438,447.8028259277344,759.1864013671875,453.3829040527344,714.0585327148438,447.44317626953125,773.5180053710938,486.3567199707031,687.2789306640625,485.3149719238281,783.8966674804688,531.2158813476562,669.2211303710938,539.3594360351562,778.3112182617188,558.4397583007812,701.1763916015625,556.2218017578125,752.8060913085938,577.0265502929688,694.4790649414062,575.6226806640625,764.3185424804688,575.667724609375,677.73974609375,565.4597778320312,745.6837158203125,621.8019409179688,685.57080078125,607.0947265625
51,1.6999955671447198,737.1516723632812,457.0243835449219,745.7117309570312,448.2570495605469,727.801513671875,449.07525634765625,758.2984008789062,449.78607177734375,713.166748046875,451.9346008300781,774.7965698242188,488.009765625,687.6480712890625,491.3735046386719,793.9605102539062,536.4210205078125,664.6068725585938,542.1099243164062,781.924560546875,554.5957641601562,698.082275390625,561.864501953125,751.623046875,576.1967163085938,692.0358276367188,577.71435546875,782.9061889648438,572.60107421875,693.109130859375,573.462158203125,750.9720458984375,615.6900024414062,672.644287109375,617.4663696289062
52,1.7333288135593221,736.7789306640625,456.8670959472656,745.38232421875,448.1280517578125,727.41796875,448.949951171875,758.114013671875,450.0240783691406,712.8952026367188,452.2221374511719,774.8926391601562,488.70013427734375,687.97509765625,491.9205322265625,793.7821044921875,537.558837890625,665.0510864257812,542.3666381835938,781.2302856445312,556.2687377929688,696.7122802734375,561.8013916015625,751.9270629882812,575.9696655273438,692.2957763671875,577.3427734375,783.29345703125,572.71826171875,691.7669677734375,573.4325561523438,752.41162109375,615.5913696289062,670.699462890625,617.1611938476562
53,1.7666620599739244,736.7960815429688,457.55023193359375,745.4363403320312,448.8094177246094,727.5136108398438,449.5838317871094,758.174560546875,450.40411376953125,712.9911499023438,452.5040588378906,774.5888671875,488.4814758300781,687.9988403320312,491.8579406738281,793.6082763671875,536.8405151367188,665.5508422851562,542.3870849609375,781.3304443359375,556.0802001953125,696.6340942382812,562.8987426757812,751.6851196289062,575.95458984375,692.2110595703125,577.4259033203125,782.84130859375,572.4979248046875,691.0756225585938,573.3197631835938,752.9158935546875,616.2870483398438,670.3082275390625,618.01806640625
54,1.7999953063885268,734.7750854492188,456.6609802246094,745.081298828125,450.7091979980469,727.5076293945312,448.5371398925781,759.1504516601562,453.94256591796875,713.7163696289062,448.1585388183594,772.8192138671875,487.0071105957031,688.802978515625,486.0107421875,783.696044921875,532.8272094726562,671.554443359375,540.6198120117188,775.920166015625,562.1580200195312,702.2095947265625,563.4251098632812,752.3112182617188,577.4909057617188,694.57470703125,576.3015747070312,767.2745971679688,576.1817626953125,678.1156005859375,568.34326171875,747.111328125,620.8939208984375,680.0772705078125,610.3470458984375
55,1.8333285528031291,734.4464111328125,456.3865661621094,744.6685791015625,450.6563720703125,727.19775390625,448.04632568359375,758.2147827148438,454.12237548828125,713.2029418945312,447.6945495605469,772.764892578125,487.4529724121094,687.1331176757812,486.64312744140625,784.4898071289062,532.1935424804688,673.6567993164062,543.2655029296875,775.9771118164062,560.35595703125,704.9138793945312,569.353515625,751.3225708007812,574.6234741210938,693.1766357421875,573.0423583984375,768.923583984375,576.447509765625,678.9411010742188,566.626220703125,745.3848876953125,622.4609985351562,678.5642700195312,611.3427734375
56,1.8666617992177315,734.586669921875,456.416748046875,744.8475341796875,450.78399658203125,727.3760375976562,448.1183776855469,758.4774780273438,454.28240966796875,713.4832763671875,447.7398376464844,772.7730102539062,487.43658447265625,687.4492797851562,486.78558349609375,784.4588623046875,531.6372680664062,674.2196044921875,544.0657958984375,776.7047729492188,559.3514404296875,706.4321899414062,571.5772094726562,751.2013549804688,573.6846313476562,693.4940185546875,572.2066650390625,768.3416137695312,577.3058471679688,680.45947265625,567.5938720703125,743.7965698242188,621.951416015625,680.4150390625,611.1238403320312
57,1.8999950456323338,734.6744384765625,456.5777282714844,744.8921508789062,450.9441833496094,727.4405517578125,448.2761535644531,758.5894775390625,454.2838439941406,713.5965576171875,447.81610107421875,773.0530395507812,487.3339538574219,687.9281616210938,486.6252136230469,784.5156860351562,531.6619873046875,674.9136352539062,543.9544677734375,776.7274169921875,559.5711059570312,706.414306640625,572.1705932617188,751.38623046875,573.4722900390625,693.7774658203125,571.8279418945312,768.4696655273438,578.1780395507812,680.6431274414062,567.9544677734375,743.6983032226562,622.7271118164062,679.9064331054688,611.1673583984375
58,1.9333282920469361,734.6958618164062,456.60052490234375,745.001220703125,450.9537658691406,727.4935913085938,448.36749267578125,758.7957153320312,454.3201599121094,713.6467895507812,447.9638366699219,773.3340454101562,487.36285400390625,688.3206176757812,486.8613586425781,784.8200073242188,531.9796142578125,676.5435180664062,544.3400268554688,775.811767578125,559.7959594726562,707.6534423828125,573.3671264648438,752.3213500976562,573.4833374023438,694.6092529296875,571.9356079101562,768.90234375,578.226806640625,680.4395141601562,568.3687133789062,746.11572265625,622.3746337890625,681.3450317382812,611.6408081054688
59,1.9666615384615385,734.674560546875,456.816162109375,744.9877319335938,451.10076904296875,727.4864501953125,448.6210632324219,758.8598022460938,454.2110595703125,713.74169921875,448.03271484375,773.12744140625,486.9718933105469,688.3658447265625,486.8332824707031,784.5233764648438,531.1734619140625,676.7066040039062,544.6267700195312,776.3443603515625,559.026611328125,709.1609497070312,575.0969848632812,752.5055541992188,573.0040283203125,694.8699340820312,571.8241577148438,769.512939453125,578.8570556640625,681.0121459960938,569.77978515625,747.9357299804688,621.768310546875,682.4998779296875,612.045654296875
60,1.9999947848761408,734.67529296875,456.6526794433594,744.92578125,450.95574951171875,727.5084838867188,448.4967041015625,758.6826782226562,454.250732421875,713.8651123046875,448.106689453125,773.0192260742188,487.5751037597656,688.3903198242188,487.0853271484375,784.8026123046875,532.239990234375,676.3844604492188,544.9054565429688,776.2505493164062,559.3889770507812,709.8480224609375,575.838134765625,751.9745483398438,573.7054443359375,694.6038818359375,572.4339599609375,768.6721801757812,579.6082763671875,681.708740234375,570.7151489257812,746.8018188476562,623.1824340820312,683.2176513671875,613.8250122070312
61,2.0333280312907434,734.6897583007812,456.74981689453125,744.8616333007812,451.0801696777344,727.4866943359375,448.54876708984375,758.5783081054688,454.3177185058594,713.792724609375,448.1163024902344,773.0318603515625,487.7854309082031,688.7788696289062,486.8829650878906,785.0709838867188,532.8748168945312,677.0042114257812,544.8372802734375,775.9370727539062,559.3008422851562,709.0266723632812,576.9696655273438,751.5552368164062,573.7107543945312,694.3863525390625,572.0968017578125,768.8875122070312,580.1815795898438,682.0426635742188,570.7809448242188,745.791259765625,623.3770751953125,681.7068481445312,613.7166137695312
62,2.0666612777053457,734.6232299804688,456.8966064453125,744.8253784179688,451.2228088378906,727.41943359375,448.60040283203125,758.6426391601562,454.3499755859375,713.7481079101562,448.01068115234375,773.2180786132812,487.66290283203125,689.2169799804688,486.4981384277344,785.028564453125,532.6422119140625,677.6649169921875,544.468505859375,776.4403076171875,558.09521484375,707.73583984375,576.9666748046875,751.5032958984375,574.1128540039062,694.2591552734375,572.073974609375,768.1241455078125,579.3009033203125,679.5504150390625,568.8124389648438,744.9517822265625,622.9866943359375,677.8197631835938,611.8929443359375
63,2.099994524119948,734.6029052734375,457.0603942871094,744.8184814453125,451.3694763183594,727.4839477539062,448.7674560546875,758.6492309570312,454.33734130859375,713.9080200195312,447.9935607910156,773.3325805664062,487.54034423828125,689.1873168945312,486.3274230957031,785.1925659179688,532.9623413085938,677.4458618164062,544.4049072265625,776.4073486328125,558.8145751953125,707.2900390625,577.1069946289062,751.7037353515625,573.8834838867188,694.334228515625,571.84912109375,768.088623046875,579.6315307617188,679.0057373046875,569.2252197265625,746.0490112304688,622.722900390625,678.0196533203125,611.7633056640625
64,2.1333277705345504,736.141845703125,457.9493713378906,744.526123046875,449.71478271484375,727.6865234375,449.983154296875,757.2267456054688,451.0946960449219,714.9796142578125,451.82659912109375,769.5404052734375,487.4283447265625,694.4376220703125,489.9229736328125,790.0407104492188,533.3756103515625,676.558837890625,544.3760986328125,781.19384765625,556.130859375,704.4528198242188,583.7122802734375,748.6362915039062,572.1806030273438,694.7553100585938,572.8556518554688,780.2791137695312,583.2467651367188,682.348876953125,582.9412231445312,765.7310180664062,621.62255859375,659.9153442382812,621.9282836914062
65,2.1666610169491527,736.1392211914062,457.8667907714844,744.5657958984375,449.6814880371094,727.7107543945312,449.8021545410156,757.3262329101562,451.2321472167969,715.2138671875,451.5660400390625,769.8140869140625,488.3393249511719,695.30419921875,489.994384765625,790.3402099609375,534.3935546875,676.0963134765625,544.1480712890625,781.35302734375,556.102783203125,701.1988525390625,584.3649291992188,748.4577026367188,573.6251831054688,695.261962890625,573.7446899414062,777.6309814453125,584.085693359375,681.4171142578125,583.1863403320312,761.7669677734375,620.1090698242188,657.5848388671875,619.5756225585938
66,2.199994263363755,734.579833984375,457.481201171875,744.6409301757812,451.5342712402344,727.2000732421875,449.25927734375,759.1500854492188,454.1800842285156,714.0408325195312,448.6617431640625,773.26513671875,486.8586730957031,691.916259765625,485.75518798828125,783.9419555664062,532.336181640625,675.3109741210938,542.4255981445312,777.4124755859375,558.6035766601562,701.4497680664062,580.5281982421875,751.6995239257812,576.7505493164062,695.0430297851562,574.9871215820312,767.2471313476562,579.144287109375,676.9353637695312,570.2028198242188,743.3951416015625,621.255859375,670.0198974609375,610.2755737304688
67,2.2333275097783574,736.119873046875,457.9373779296875,744.5667724609375,449.74822998046875,727.7119750976562,449.89837646484375,757.394287109375,451.26239013671875,715.3223266601562,451.685302734375,769.8987426757812,488.2935485839844,695.4259033203125,490.2860412597656,790.6920776367188,533.697021484375,675.8621215820312,544.475830078125,782.1152954101562,555.0361938476562,700.3670043945312,585.3373413085938,749.05859375,574.2685546875,695.7674560546875,574.518310546875,777.7698974609375,584.4187622070312,680.2235717773438,583.6183471679688,762.3406372070312,619.4656372070312,655.6339721679688,619.0693969726562
68,2.2666607561929597,735.3788452148438,457.070556640625,745.2391967773438,451.0400695800781,727.8676147460938,448.8624572753906,759.3848876953125,453.7624206542969,714.4406127929688,448.5191955566406,773.2900390625,487.03631591796875,693.0009155273438,485.9441223144531,784.0775756835938,533.74462890625,676.0960693359375,543.3421020507812,776.1691284179688,559.7947387695312,701.5921630859375,583.8385009765625,752.3256225585938,577.6083374023438,695.8685913085938,575.9862670898438,768.6251220703125,579.2188110351562,676.8718872070312,571.4855346679688,744.3356323242188,619.071044921875,666.9290161132812,609.9158325195312
69,2.299994002607562,735.6238403320312,456.75555419921875,745.214599609375,450.6676940917969,728.0146484375,448.6509704589844,759.0040893554688,453.38946533203125,714.48388671875,448.55120849609375,772.671630859375,486.943359375,693.5115356445312,485.9606628417969,783.4061889648438,533.718017578125,676.759765625,543.182373046875,775.8863525390625,560.0703735351562,701.9979858398438,585.1431884765625,751.9514770507812,577.0701293945312,696.0211791992188,575.5916748046875,769.0699462890625,579.6464233398438,677.2115478515625,572.5098266601562,744.9241943359375,619.1038818359375,665.2239379882812,610.8038940429688
70,2.3333272490221644,735.9134521484375,456.3024597167969,745.6597290039062,450.1972351074219,728.286376953125,448.2686462402344,759.3704833984375,453.3039855957031,714.4716186523438,448.4911804199219,773.043212890625,487.5217590332031,693.1481323242188,486.68499755859375,783.7987060546875,536.1134033203125,677.8971557617188,545.4909057617188,774.4653930664062,561.686767578125,704.4485473632812,588.9140625,752.7412719726562,578.1103515625,696.1649780273438,576.880859375,768.8568115234375,579.372314453125,675.9530639648438,573.1148071289062,747.414306640625,618.8820190429688,666.9420776367188,612.1524658203125
71,2.3666604954367667,737.8950805664062,456.2972106933594,745.8237915039062,448.12347412109375,728.5040893554688,449.1343994140625,758.1930541992188,450.5366516113281,714.6049194335938,453.8814392089844,776.3763427734375,487.4816589355469,693.3564453125,493.56103515625,798.1919555664062,534.7619018554688,677.8743896484375,549.2151489257812,775.4552612304688,564.2373657226562,710.9636840820312,592.2222290039062,752.33203125,574.4697875976562,694.8438110351562,576.3350219726562,784.8994750976562,572.4313354492188,696.1494750976562,573.2509765625,752.1331176757812,618.7421264648438,676.4869995117188,620.8792724609375
72,2.399993741851369,739.565185546875,455.7569274902344,747.1746826171875,447.6502685546875,730.0321655273438,448.7381896972656,758.6860961914062,450.73809814453125,715.4424438476562,454.2324523925781,775.9105834960938,488.2569885253906,694.4495849609375,494.6886901855469,797.6309204101562,535.3885498046875,679.4169311523438,550.5001220703125,775.0880737304688,565.2306518554688,711.20849609375,593.4432983398438,752.8759765625,575.093017578125,696.3008422851562,577.2348022460938,784.9820556640625,572.103515625,697.4296264648438,573.32080078125,752.9888305664062,618.635009765625,677.5747680664062,621.4671630859375
73,2.4333269882659714,739.2521362304688,455.6009521484375,746.87548828125,447.53076171875,729.790771484375,448.6299133300781,758.484619140625,450.6544189453125,715.4611206054688,454.18365478515625,775.9507446289062,488.0818176269531,694.4912109375,494.5472106933594,797.5547485351562,534.68603515625,678.8973388671875,549.942626953125,775.55029296875,564.1394653320312,710.291748046875,592.8556518554688,752.667724609375,574.3550415039062,696.1727294921875,576.4580078125,784.811279296875,572.6708374023438,697.4834594726562,573.8338012695312,752.1464233398438,618.9154052734375,677.0714721679688,621.61962890625
74,2.4666602346805737,738.2462158203125,452.9552001953125,745.9224243164062,445.1094970703125,729.0026245117188,446.3092346191406,757.909912109375,449.322509765625,715.5863647460938,453.2779541015625,775.3590087890625,487.3708190917969,696.2775268554688,494.5992126464844,797.0916137695312,532.7646484375,681.8167114257812,549.9169311523438,776.278076171875,564.1004638671875,711.750732421875,596.361572265625,752.3826904296875,572.6958618164062,697.2813720703125,574.9263916015625,784.481689453125,572.781982421875,697.800048828125,573.9564208984375,753.4039306640625,619.859130859375,677.5057983398438,622.5634155273438
75,2.499993481095176,738.3551635742188,453.2032470703125,746.0724487304688,445.40185546875,729.1641235351562,446.5164489746094,758.031005859375,449.4751281738281,715.6727294921875,453.17803955078125,775.5147094726562,487.2365417480469,695.8377075195312,494.19927978515625,797.22412109375,532.6510620117188,681.3403930664062,549.6694946289062,776.5634765625,563.7064819335938,711.8815307617188,596.4428100585938,752.506103515625,572.8958740234375,696.9166870117188,575.0023803710938,784.7740478515625,572.9369506835938,696.5143432617188,573.9362182617188,754.779052734375,620.3742065429688,676.84423828125,622.8413696289062
76,2.5333267275097784,738.3281860351562,452.2103576660156,745.9369506835938,444.4371643066406,729.1773681640625,445.6335144042969,757.7938842773438,448.7783203125,715.8428955078125,452.7677917480469,775.4169311523438,486.802001953125,695.9255981445312,494.2806701660156,797.7255249023438,532.2920532226562,682.460205078125,550.1616821289062,775.6448364257812,565.27001953125,713.21337890625,598.7604370117188,751.6503295898438,571.5913696289062,696.0950317382812,573.941650390625,785.1696166992188,571.584228515625,697.0872192382812,572.8966674804688,753.7717895507812,620.085693359375,676.6271362304688,623.0980834960938
77,2.5666599739243807,737.87109375,451.24365234375,747.6284790039062,445.952880859375,730.6253051757812,444.0016784667969,760.4300537109375,451.2668151855469,716.883544921875,446.1801452636719,772.0267944335938,485.7052917480469,694.9549560546875,487.3150939941406,780.294189453125,530.8726806640625,685.094970703125,547.5714721679688,774.1034545898438,559.712890625,710.8885498046875,597.9024047851562,752.8245849609375,574.5435791015625,698.08251953125,574.587890625,768.14453125,578.4981079101562,677.3508911132812,572.6652221679688,750.7346801757812,619.491455078125,673.6962280273438,613.5372924804688
78,2.599993220338983,740.00439453125,451.04669189453125,748.3638305664062,442.9956970214844,730.899658203125,443.8065185546875,760.7611083984375,448.334228515625,717.6365966796875,451.1416015625,772.9635620117188,488.2806091308594,700.6388549804688,494.4805603027344,793.8558959960938,532.152587890625,690.2353515625,550.348876953125,778.51171875,562.363037109375,719.2969970703125,600.576416015625,751.8565673828125,572.45703125,700.2186279296875,574.3855590820312,782.9654541015625,578.0050048828125,694.709716796875,578.7266845703125,763.011962890625,617.0062866210938,675.957763671875,619.1490478515625
79,2.6333264667535854,740.225830078125,450.3419494628906,748.4199829101562,442.2823791503906,731.14404296875,443.1745910644531,760.5756225585938,447.62786865234375,717.9137573242188,450.6197204589844,773.1296997070312,487.8448486328125,700.8291625976562,494.304443359375,793.9842529296875,532.1289672851562,690.60693359375,550.2647705078125,778.7008056640625,562.2659912109375,720.2244262695312,598.3846435546875,752.6177978515625,572.5185546875,701.091552734375,574.6587524414062,783.2528076171875,577.0623779296875,695.8577880859375,578.0953979492188,761.8341064453125,616.2452392578125,675.9393310546875,618.7592163085938
80,2.6666597131681877,740.615234375,450.25360107421875,748.5751342773438,442.3219909667969,731.603515625,443.1690673828125,760.2474975585938,447.6258239746094,718.2112426757812,450.48162841796875,772.5354614257812,487.3141174316406,701.5538330078125,493.7108459472656,793.3153686523438,531.7175903320312,692.1156005859375,549.5731811523438,778.449462890625,562.0747680664062,720.8642578125,596.7665405273438,753.7003784179688,571.4164428710938,703.0130615234375,573.6968994140625,785.3074340820312,576.624755859375,699.1025390625,577.8543090820312,765.6654663085938,616.2559814453125,679.9224243164062,618.93896484375
81,2.69999295958279,741.4386596679688,450.232177734375,749.0386352539062,442.3424072265625,732.3270263671875,443.2941589355469,760.0492553710938,447.6846923828125,718.521484375,450.8027038574219,772.10595703125,487.0752258300781,702.3056640625,493.8272399902344,792.6234130859375,531.49560546875,693.0577392578125,549.2874755859375,778.4590454101562,561.5390014648438,720.1372680664062,593.979736328125,754.468505859375,570.3887939453125,704.4977416992188,572.9923095703125,787.7357177734375,576.2244873046875,702.3101806640625,577.9259643554688,767.7454833984375,616.86181640625,681.5169067382812,620.1670532226562
82,2.7333262059973924,741.146484375,450.294677734375,748.8570556640625,442.3921813964844,732.0110473632812,443.3386535644531,760.1452026367188,447.7796325683594,718.3385620117188,450.87103271484375,772.35986328125,487.2293395996094,702.2954711914062,493.5640563964844,792.5889282226562,531.9635009765625,692.923095703125,548.3111572265625,778.71044921875,561.7562255859375,720.658447265625,591.4603271484375,754.2335815429688,570.2535400390625,703.8778686523438,572.5609741210938,787.3518676757812,576.48095703125,699.732177734375,577.8508911132812,767.5200805664062,617.201904296875,678.0089111328125,620.1058349609375
83,2.7666594524119947,741.0568237304688,450.64874267578125,748.832763671875,442.76220703125,731.981201171875,443.6959228515625,760.2884521484375,447.9966735839844,718.4657592773438,451.0079040527344,772.6807861328125,487.2762756347656,702.0510864257812,493.109375,792.6725463867188,532.00927734375,691.92529296875,546.8053588867188,779.0748291015625,561.5596313476562,720.3034057617188,588.6137084960938,753.6165771484375,569.84375,702.8221435546875,571.8375244140625,786.322998046875,576.6023559570312,697.2290649414062,577.640869140625,766.6746826171875,616.443603515625,675.3950805664062,618.9505615234375
84,2.799992698826597,740.4227294921875,451.401611328125,748.3477783203125,443.4686279296875,731.3845825195312,444.3837890625,760.1175537109375,448.48974609375,718.0447998046875,451.41937255859375,772.9724731445312,487.70977783203125,701.0929565429688,493.31256103515625,792.9384155273438,532.562744140625,690.5257568359375,546.7559204101562,779.498046875,560.9656982421875,719.6197509765625,587.0051879882812,753.2692260742188,570.4198608398438,701.660400390625,572.247314453125,785.2398681640625,577.6304321289062,694.7691040039062,578.4727172851562,765.3468627929688,617.043212890625,672.9488525390625,619.2791748046875
85,2.8333259452411994,739.5507202148438,452.2178649902344,747.834716796875,444.2034912109375,730.509765625,444.9999694824219,760.1993408203125,449.04144287109375,717.326904296875,451.64508056640625,772.7570190429688,488.1044006347656,700.6088256835938,493.1326904296875,792.3519897460938,533.3399658203125,690.2054443359375,546.6363525390625,779.6820678710938,562.0321655273438,719.7867431640625,587.6691284179688,752.91748046875,570.3796997070312,701.0159301757812,571.8715209960938,784.29150390625,578.7664794921875,692.5087890625,579.15673828125,766.4486694335938,616.1265869140625,672.0831909179688,617.7037353515625
86,2.8666591916558017,740.1456909179688,452.7950439453125,747.7176513671875,445.1171569824219,731.1245727539062,446.2201843261719,759.0286865234375,449.3397521972656,717.4073486328125,452.9183044433594,774.33349609375,486.25274658203125,698.1054077148438,492.75714111328125,795.1343383789062,532.44482421875,686.51123046875,546.1239013671875,775.0479125976562,563.7247924804688,718.6414184570312,585.4132080078125,752.9905395507812,569.56494140625,698.901123046875,571.8828125,786.7855224609375,567.2525634765625,697.5208740234375,568.7103881835938,761.3341064453125,615.37353515625,678.2858276367188,618.5808715820312
87,2.899992438070404,740.224853515625,452.7340087890625,747.7705078125,444.9565734863281,731.0645751953125,446.1653747558594,759.13134765625,449.0332946777344,717.2308349609375,452.9104309082031,774.691650390625,485.94647216796875,697.9569091796875,492.84478759765625,795.5470581054688,532.2200317382812,686.4871826171875,546.4549560546875,774.6983032226562,563.359375,718.8236694335938,585.5144653320312,753.1969604492188,569.6149291992188,698.7081909179688,572.0994873046875,787.7619018554688,566.8860473632812,697.64599609375,568.509765625,761.2311401367188,615.1990356445312,677.4778442382812,618.6682739257812
88,2.9333256844850064,740.2667236328125,453.5755615234375,747.7716674804688,445.8764343261719,731.1755981445312,447.0291442871094,759.0628662109375,449.89056396484375,717.4251708984375,453.6163635253906,774.5743408203125,486.4363708496094,698.0402221679688,493.215087890625,795.4509887695312,532.1907348632812,686.13037109375,546.6414794921875,775.4553833007812,562.8071899414062,718.2813110351562,586.0632934570312,753.2086791992188,569.6738891601562,698.939208984375,572.1293334960938,788.715087890625,567.861572265625,699.2022094726562,569.4356689453125,762.1729125976562,616.4617309570312,679.0807495117188,619.79931640625
89,2.9666589308996087,740.3327026367188,455.59808349609375,747.6767578125,447.8592529296875,731.2504272460938,449.0517578125,758.8284301757812,451.15692138671875,717.4659423828125,454.965087890625,774.6109008789062,486.7743225097656,697.84619140625,493.7886047363281,795.5196533203125,532.1888427734375,685.8404541015625,547.3247680664062,775.2457275390625,562.7249755859375,717.988037109375,587.1315307617188,753.8827514648438,570.2825317382812,699.4309692382812,572.884033203125,789.682373046875,568.8870239257812,699.1570434570312,570.590087890625,763.369873046875,617.7490234375,678.7896728515625,621.2620239257812
90,2.999992177314211,737.836181640625,457.8980712890625,745.2719116210938,450.0220642089844,728.8118896484375,451.27984619140625,757.3171997070312,452.1424865722656,715.8439331054688,456.1741943359375,775.3168334960938,487.0537414550781,696.5845336914062,493.8133544921875,796.4899291992188,532.7745971679688,682.6522216796875,546.8908081054688,774.6431274414062,562.1295776367188,715.5240478515625,586.0429077148438,753.9179077148438,571.4483642578125,698.8883666992188,573.7100830078125,788.0770263671875,568.9597778320312,699.6817626953125,570.1671142578125,758.5475463867188,618.9432983398438,680.2156372070312,621.5548706054688
91,3.0333254237288134,737.9154663085938,459.5852355957031,745.99609375,451.19866943359375,728.849365234375,452.1801452636719,758.73486328125,452.9259033203125,715.898681640625,455.9418029785156,773.3687744140625,488.73321533203125,698.2093505859375,494.2860412597656,793.0371704101562,533.7362670898438,685.7088012695312,548.1170654296875,779.3260498046875,561.3983764648438,716.3641967773438,589.1217041015625,754.015625,572.8323974609375,700.8005981445312,574.5612182617188,784.559814453125,580.19775390625,693.2276000976562,580.7060546875,763.6278076171875,619.46923828125,673.5956420898438,621.0430297851562
92,3.0666586701434158,735.8402709960938,460.7066650390625,744.236572265625,452.1800842285156,726.9512939453125,453.09588623046875,757.9915771484375,453.2340393066406,714.6873168945312,456.11602783203125,773.4072265625,488.6769714355469,697.6162109375,493.90679931640625,793.1038818359375,534.1127319335938,685.4641723632812,548.1478271484375,779.4872436523438,562.0728759765625,716.28125,590.4609375,754.16015625,573.3828125,700.5858764648438,574.7771606445312,782.9293212890625,580.2891235351562,690.216552734375,580.294677734375,764.3640747070312,617.9616088867188,672.8140258789062,618.717529296875
93,3.099991916558018,736.3652954101562,461.3337097167969,744.6589965820312,452.73211669921875,727.323486328125,453.7096252441406,758.1820678710938,453.6002197265625,714.826904296875,456.6199035644531,773.4935302734375,488.9203796386719,697.5214233398438,494.3706970214844,793.1472778320312,534.1446533203125,685.0735473632812,548.8458251953125,779.7997436523438,562.231689453125,716.1634521484375,591.7235717773438,753.6325073242188,573.7216186523438,699.9661254882812,575.2084350585938,782.759521484375,581.3360595703125,690.2237548828125,581.4776000976562,761.4949340820312,618.2973022460938,670.412353515625,619.30712890625
94,3.1333251629726204,736.5889282226562,463.5704040527344,744.7516479492188,454.564208984375,727.1134033203125,455.821044921875,758.1375732421875,454.02288818359375,713.9364013671875,457.7472839355469,773.4832153320312,488.0213928222656,696.3823852539062,494.6864013671875,793.422607421875,533.3298950195312,684.6056518554688,550.1720581054688,779.9647216796875,562.8015747070312,716.054931640625,593.2442016601562,753.5759887695312,573.5252075195312,699.2772827148438,575.6910400390625,782.702880859375,580.5206909179688,690.1981201171875,581.4393310546875,759.2169799804688,617.6672973632812,669.2269897460938,619.8116455078125
95,3.1666584093872228,736.8046264648438,464.424072265625,744.8584594726562,455.33270263671875,727.2614135742188,456.7021179199219,758.1975708007812,454.30157470703125,714.05615234375,458.3199157714844,773.781494140625,487.69073486328125,696.635009765625,494.7207336425781,793.508056640625,532.854736328125,684.3912963867188,550.1135864257812,780.0260620117188,562.28857421875,715.20703125,592.7432861328125,754.04638671875,573.4124755859375,699.7069702148438,575.741943359375,783.3115844726562,580.3466796875,690.2262573242188,581.4509887695312,759.3482666015625,617.7901000976562,668.2890625,620.15966796875
96,3.199991655801825,736.5604858398438,465.626953125,744.6535034179688,456.3645324707031,726.7820434570312,457.8182067871094,758.1690063476562,454.8097839355469,713.4036254882812,459.05218505859375,774.0115966796875,487.7062072753906,696.1758422851562,494.9048156738281,793.7911376953125,532.8753051757812,683.7147827148438,550.1527709960938,779.9617919921875,561.855712890625,714.5343017578125,591.790283203125,753.6575317382812,573.2453002929688,699.0205688476562,575.6224975585938,782.9581909179688,580.4917602539062,690.6732177734375,581.6724243164062,756.646240234375,617.72314453125,667.6497802734375,620.198974609375
97,3.2333249022164274,736.62744140625,466.7060546875,744.6893920898438,457.31982421875,726.7533569335938,458.8547668457031,758.3015747070312,455.25836181640625,713.352783203125,459.71026611328125,774.6044311523438,487.7402648925781,696.12646484375,495.0967712402344,794.3916625976562,532.903076171875,683.2503662109375,550.1031494140625,779.7257690429688,561.4356079101562,714.2080078125,590.7282104492188,754.0026245117188,573.464111328125,699.0393676757812,575.8916015625,782.9917602539062,580.3723754882812,690.6795654296875,581.6234741210938,755.1681518554688,617.9326171875,666.8885498046875,620.4923095703125
98,3.2666581486310298,735.9329223632812,467.46527099609375,744.044677734375,457.998291015625,725.9814453125,459.6549377441406,757.994873046875,455.7757263183594,712.7881469726562,460.57568359375,774.410400390625,488.045166015625,696.4304809570312,495.7502746582031,793.9921264648438,532.46875,683.2825927734375,550.146484375,780.2355346679688,560.0091552734375,713.839111328125,589.80810546875,754.23486328125,573.89013671875,699.6904296875,576.4000244140625,782.771484375,580.6810302734375,691.1900024414062,581.95068359375,755.1008911132812,617.055908203125,667.5048828125,619.5758666992188
99,3.299991395045632,736.096435546875,467.1498107910156,744.1963500976562,457.7391357421875,726.1318359375,459.3529052734375,758.05078125,455.6783142089844,712.8189697265625,460.3943176269531,774.4410400390625,487.946044921875,696.29833984375,495.609375,793.9583740234375,532.3462524414062,683.1495361328125,550.0620727539062,779.3718872070312,559.900390625,713.6765747070312,590.0972900390625,754.0001220703125,573.5501708984375,699.255615234375,576.0528564453125,783.6661987304688,580.636962890625,691.7218017578125,581.9231567382812,755.4544677734375,618.0215454101562,667.4703979492188,620.5650634765625
100,3.3333246414602344,736.1126708984375,467.39678955078125,744.2342529296875,457.9725036621094,726.2025146484375,459.60101318359375,758.1417846679688,455.8348388671875,712.9583129882812,460.5824890136719,774.5447387695312,487.9722900390625,696.451416015625,495.6693115234375,793.7969360351562,532.4376220703125,683.5050659179688,550.0078125,779.0247192382812,560.5587158203125,713.8908081054688,590.24755859375,754.636474609375,573.3648681640625,699.8659057617188,575.9141235351562,784.3040771484375,581.1124267578125,691.86083984375,582.4177856445312,757.75048828125,617.415283203125,668.9588012695312,619.9443359375
101,3.366657887874837,735.0858764648438,467.7272033691406,743.2621459960938,458.28436279296875,725.263427734375,459.8985595703125,757.5097045898438,455.90716552734375,712.3302001953125,460.65325927734375,774.62451171875,487.8874206542969,696.0318603515625,495.5922546386719,794.09814453125,532.5905151367188,683.3980102539062,550.355224609375,778.7882080078125,560.5142211914062,714.1312866210938,590.962646484375,754.8287353515625,573.815673828125,699.81787109375,576.2744140625,783.6669921875,580.0774536132812,690.7824096679688,581.2189331054688,757.3598022460938,617.6434326171875,668.662353515625,619.8967895507812
102,3.3999911342894396,733.68603515625,468.26397705078125,742.0146484375,458.7323303222656,723.8494262695312,460.3414001464844,756.9161987304688,456.1510314941406,711.3081665039062,460.9486389160156,774.5282592773438,488.0197448730469,696.1378173828125,495.6339111328125,793.8026733398438,532.8235473632812,683.6635131835938,550.586669921875,778.6570434570312,561.0189819335938,714.0625610351562,592.3099975585938,754.7423706054688,573.8442993164062,700.0294799804688,576.1043090820312,783.1641845703125,580.2299194335938,691.2316284179688,581.08349609375,756.4020385742188,617.9784545898438,669.3305053710938,619.717529296875
103,3.433324380704042,733.6506958007812,468.2856750488281,741.9971313476562,458.7696228027344,723.7815551757812,460.3642272949219,756.9085083007812,456.30133056640625,711.2261962890625,461.0633544921875,774.4395141601562,488.1795654296875,696.2886962890625,495.6864929199219,793.8690185546875,532.8966064453125,683.8560180664062,550.34619140625,778.7470703125,561.1749267578125,713.77880859375,592.0115356445312,754.6637573242188,573.423828125,700.03564453125,575.6077880859375,782.8218994140625,580.5301513671875,690.6310424804688,581.3155517578125,756.0817260742188,617.7398681640625,668.1725463867188,619.4220581054688
104,3.4666576271186442,733.8380737304688,468.5157470703125,742.2122192382812,458.9300231933594,723.8768310546875,460.5903625488281,757.121337890625,456.369140625,711.1275024414062,461.29644775390625,774.5046997070312,488.2069396972656,696.0051879882812,495.9962463378906,794.11865234375,532.9068603515625,683.7066650390625,550.8716430664062,778.9483032226562,561.8460083007812,714.0602416992188,593.1209716796875,754.5973510742188,573.6884155273438,699.8199462890625,576.0238037109375,782.3310546875,580.122314453125,690.5964965820312,581.0525512695312,755.9129638671875,617.4236450195312,669.447998046875,619.3604125976562
105,3.4999908735332466,733.870361328125,468.70794677734375,742.2965087890625,459.11920166015625,723.953369140625,460.7499694824219,757.2407836914062,456.5129699707031,711.1903076171875,461.3743591308594,774.4517211914062,488.17816162109375,695.8411254882812,496.08770751953125,794.231201171875,532.6201171875,683.6223754882812,551.19287109375,779.0608520507812,561.3590698242188,714.1798095703125,593.8466186523438,754.3515014648438,573.6536865234375,699.609619140625,576.0718994140625,781.77685546875,579.634521484375,691.0037841796875,580.6639404296875,755.2779541015625,617.6950073242188,670.6416625976562,619.7542114257812
106,3.533324119947849,734.0025634765625,468.8724365234375,742.3548583984375,459.2067565917969,724.0039672851562,460.9198913574219,757.2899169921875,456.362548828125,711.2991943359375,461.4286804199219,774.5169067382812,487.9134216308594,696.2312622070312,495.9358215332031,793.820556640625,532.4969482421875,684.154052734375,551.0191040039062,779.3505249023438,561.3933715820312,714.3262939453125,593.2882690429688,754.4160766601562,573.1405639648438,699.700927734375,575.5873413085938,782.7883911132812,581.1248168945312,690.6784057617188,582.1902465820312,755.7216186523438,616.4872436523438,668.1167602539062,618.60009765625
107,3.5666573663624512,734.037109375,468.9045715332031,742.4251098632812,459.2985534667969,724.1251220703125,460.9251403808594,757.3050537109375,456.5059814453125,711.3713989257812,461.32177734375,774.356201171875,488.0401611328125,696.17578125,495.65106201171875,793.2998046875,532.9633178710938,684.078369140625,550.3499145507812,778.5995483398438,561.98388671875,713.9163818359375,591.94482421875,754.948486328125,573.4324340820312,700.2365112304688,575.7462158203125,782.5866088867188,581.318359375,690.01123046875,582.2380981445312,757.4920043945312,616.5960693359375,668.7546997070312,618.5007934570312
108,3.5999906127770536,734.4592895507812,468.9032897949219,742.7120361328125,459.3431396484375,724.5504760742188,461.0142517089844,757.1808471679688,456.4369812011719,711.5665283203125,461.36016845703125,773.49462890625,487.44140625,696.1477661132812,495.52557373046875,792.6109619140625,531.6353149414062,684.138916015625,550.161376953125,779.1210327148438,561.5072631835938,713.5767211914062,592.4057006835938,754.7614135742188,572.6824951171875,700.5396118164062,575.3755493164062,783.0006103515625,582.1554565429688,691.19384765625,583.5252685546875,759.33935546875,616.7393798828125,670.4105834960938,619.2518310546875
109,3.633323859191656,734.3501586914062,468.65484619140625,742.669189453125,459.14923095703125,724.56201171875,460.7806091308594,757.1629638671875,456.39215087890625,711.5986328125,461.190673828125,773.3204345703125,487.3371276855469,695.5250854492188,495.30108642578125,792.1829833984375,531.5881958007812,683.4633178710938,549.7011108398438,778.7903442382812,561.8792724609375,713.6054077148438,591.7674560546875,754.6481323242188,572.2241821289062,700.0057983398438,574.9425048828125,783.6292724609375,582.6742553710938,690.8722534179688,584.072021484375,761.4195556640625,616.897216796875,671.44189453125,619.43505859375
110,3.6666571056062582,734.3452758789062,468.6827087402344,742.6473388671875,459.1293029785156,724.4971313476562,460.74615478515625,757.076416015625,456.082275390625,711.4453735351562,460.8330078125,773.005615234375,486.65374755859375,695.390380859375,494.4986572265625,791.7276611328125,530.8727416992188,683.5408935546875,548.5582885742188,779.0799560546875,561.5026245117188,713.764892578125,590.1891479492188,754.5765991210938,571.4242553710938,700.1322631835938,574.1857299804688,784.3587036132812,583.9427490234375,692.8746948242188,585.403076171875,761.8076782226562,616.9913330078125,673.2603149414062,619.57763671875
111,3.6999903520208606,734.0486450195312,468.3881530761719,742.4620971679688,458.8751220703125,724.2373046875,460.4082946777344,757.0516967773438,456.0146484375,711.30859375,460.53118896484375,773.1351318359375,486.927734375,695.38671875,494.326416015625,791.9871826171875,531.1087646484375,683.2216186523438,548.0047607421875,779.7664184570312,561.1124267578125,713.245849609375,589.2183837890625,754.5565795898438,571.789306640625,700.1849365234375,574.27197265625,783.16650390625,582.8764038085938,692.238525390625,584.0061645507812,760.4088134765625,616.3607177734375,673.0098876953125,618.490234375
112,3.733323598435463,734.3545532226562,468.29974365234375,742.5821533203125,458.916259765625,724.571044921875,460.41998291015625,756.7325439453125,455.9889831542969,711.5484008789062,460.4288635253906,772.6420288085938,486.4017333984375,695.1685791015625,493.8518981933594,791.7645874023438,530.3738403320312,683.0835571289062,547.5221557617188,779.553955078125,560.044921875,713.6028442382812,588.2571411132812,753.85009765625,570.63525390625,699.7288818359375,573.2489013671875,783.5752563476562,582.1087646484375,694.0659790039062,583.4532470703125,759.1769409179688,617.5985107421875,673.7251586914062,620.0494384765625
113,3.7666568448500652,734.2100219726562,468.1500244140625,742.4068603515625,458.81170654296875,724.409912109375,460.24200439453125,756.5391235351562,455.9969177246094,711.4021606445312,460.243408203125,772.8995361328125,486.7803039550781,694.7349243164062,493.6748352050781,792.1312255859375,531.5218505859375,682.0042114257812,547.3129272460938,779.6098022460938,559.9342041015625,713.14794921875,586.1678466796875,753.0667114257812,570.9208984375,698.509521484375,573.2373046875,783.88330078125,579.8178100585938,693.6820678710938,580.9102172851562,756.65087890625,617.2374877929688,670.7518920898438,619.3594360351562
114,3.7999900912646676,733.847900390625,467.7327575683594,741.8648071289062,458.5679016113281,723.99560546875,459.8531494140625,755.49658203125,455.8591613769531,710.853515625,459.7842102050781,771.9854125976562,486.6020202636719,694.0548095703125,493.21063232421875,792.2509765625,531.1594848632812,682.1224975585938,546.7487182617188,779.6558227539062,559.636474609375,713.1129760742188,584.783935546875,750.29345703125,571.3081665039062,696.0110473632812,573.5552978515625,784.3311767578125,574.92333984375,695.863037109375,576.1145629882812,751.3182373046875,618.4065551757812,667.7794799804688,620.6668701171875
115,3.83332333767927,733.4443359375,467.5430603027344,741.5503540039062,458.3946533203125,723.6984252929688,459.6178894042969,755.3637084960938,455.6878356933594,710.6867065429688,459.4600830078125,772.05615234375,486.40435791015625,693.7509155273438,492.90948486328125,792.4093627929688,531.141357421875,682.00390625,546.4195556640625,779.7047119140625,560.2224731445312,713.1326904296875,584.2587890625,750.62158203125,571.4860229492188,696.13134765625,573.731689453125,784.520751953125,572.6336059570312,695.8281860351562,573.8370361328125,751.6859741210938,617.81787109375,668.2467651367188,620.0247192382812
116,3.8666565840938723,731.4441528320312,465.0043029785156,740.94482421875,458.7872619628906,723.8329467773438,456.3112487792969,755.8158569335938,457.51763916015625,711.1885375976562,452.5802001953125,771.3937377929688,485.87908935546875,690.8853759765625,486.8210754394531,780.8421630859375,528.50634765625,684.3413696289062,545.2590942382812,774.7421875,559.406005859375,715.5259399414062,579.30419921875,750.0634765625,572.8602294921875,694.974853515625,571.1017456054688,774.8224487304688,572.0645141601562,689.3549194335938,559.2489624023438,741.9490966796875,625.4539184570312,677.6231079101562,609.7975463867188
117,3.8999898305084746,731.541748046875,465.1628723144531,740.9432983398438,458.9729309082031,723.8628540039062,456.45513916015625,755.5595703125,457.7837219238281,710.9490966796875,452.7635498046875,771.18603515625,486.48651123046875,690.56640625,486.3108825683594,781.3285522460938,529.3255615234375,683.7838134765625,542.398681640625,774.3424072265625,560.3201293945312,715.1170043945312,574.4788208007812,749.3153076171875,572.27392578125,694.4360961914062,570.0824584960938,774.7765502929688,569.841796875,691.0199584960938,556.50830078125,741.609619140625,624.8822021484375,679.8282470703125,608.56689453125
118,3.933323076923077,731.3544311523438,465.0981140136719,740.784423828125,459.06109619140625,723.7154541015625,456.35272216796875,755.4784545898438,457.9334411621094,710.8772583007812,452.495849609375,771.36962890625,486.3409729003906,690.22021484375,485.21783447265625,781.322021484375,527.6032104492188,682.0912475585938,538.3419189453125,774.981201171875,558.76416015625,713.452880859375,567.2987670898438,749.3646850585938,571.0942993164062,694.5930786132812,568.3633422851562,773.8065795898438,569.3729858398438,691.98779296875,554.6145629882812,738.6988525390625,626.4965209960938,681.176513671875,608.1212158203125
119,3.9666563233376793,732.147216796875,465.04705810546875,741.3311157226562,458.9739685058594,724.3248901367188,456.26397705078125,755.5604248046875,457.5357666015625,711.1017456054688,452.1927185058594,770.747314453125,485.9175109863281,691.0089111328125,484.81744384765625,780.7112426757812,527.08447265625,683.88623046875,538.5003051757812,775.84814453125,557.1444702148438,714.3881225585938,568.2659912109375,748.781005859375,571.6865234375,694.88134765625,569.0620727539062,775.25,568.62158203125,695.1361694335938,554.078125,737.9205932617188,624.9588623046875,681.7722778320312,607.1712036132812
120,3.9999895697522816,732.2601318359375,464.8048095703125,741.4344482421875,458.6771545410156,724.535888671875,456.2535705566406,755.203125,457.5642395019531,710.9579467773438,452.4101257324219,770.3212890625,486.0433349609375,689.875732421875,484.5851745605469,781.235595703125,525.999267578125,681.9078369140625,535.154052734375,775.8864135742188,556.69775390625,714.551513671875,564.7462768554688,749.7211303710938,570.8115234375,695.5534057617188,568.43994140625,772.3148193359375,566.1285400390625,692.8024291992188,552.7298583984375,740.9166870117188,625.4506225585938,685.6332397460938,608.923828125
121,4.033322816166884,732.66015625,464.622314453125,741.46630859375,458.627197265625,724.8789672851562,456.13525390625,754.7955932617188,457.6210021972656,711.2389526367188,452.4730224609375,769.5993041992188,486.2723083496094,691.0474853515625,483.8929748535156,781.1769409179688,525.8690795898438,683.2085571289062,532.26611328125,775.6824340820312,557.5263671875,716.4402465820312,562.82421875,748.91650390625,570.3381958007812,696.0787963867188,567.717041015625,773.70361328125,566.5133666992188,697.4711303710938,553.5454711914062,738.7620239257812,624.2356567382812,686.103759765625,608.4679565429688
122,4.066656062581487,732.373779296875,464.8324890136719,741.44091796875,458.7654724121094,724.7832641601562,456.3827209472656,754.8118286132812,457.8255920410156,711.1055908203125,452.5361022949219,770.2186889648438,486.50634765625,690.0210571289062,483.8089904785156,781.6322631835938,526.5650024414062,682.1730346679688,531.7456665039062,774.0594482421875,556.9530029296875,715.764892578125,561.8165893554688,750.5126953125,570.7517700195312,696.5975341796875,567.9364624023438,770.3306274414062,562.3556518554688,692.0108032226562,549.0134887695312,741.0675659179688,623.259765625,687.3223876953125,607.13525390625
123,4.099989308996089,732.4736328125,464.8751220703125,741.544189453125,458.85174560546875,724.9022827148438,456.4136657714844,754.77587890625,457.9667663574219,711.0311279296875,452.48358154296875,770.1276245117188,486.6241455078125,689.7886962890625,483.6923828125,781.6830444335938,527.2837524414062,682.0911865234375,532.031005859375,774.0932006835938,557.396484375,715.594970703125,561.8890991210938,750.8025512695312,570.2693481445312,696.7845458984375,567.3934936523438,770.2034912109375,561.646484375,691.5618286132812,548.367431640625,740.995361328125,622.1190795898438,687.2031860351562,606.3319091796875
124,4.133322555410691,733.0244140625,464.8929138183594,742.2181396484375,458.88494873046875,725.5863037109375,456.4394836425781,755.2919311523438,457.98431396484375,711.5219116210938,452.29779052734375,770.4895629882812,486.3207702636719,689.80859375,483.42364501953125,781.2509765625,527.4729614257812,682.9183959960938,532.4388427734375,773.5945434570312,555.9514770507812,715.2232055664062,560.4794921875,751.6412963867188,570.12646484375,697.1802978515625,567.121337890625,768.822021484375,559.4229125976562,688.1632080078125,545.26220703125,743.4270629882812,621.1943969726562,687.4063720703125,604.1182250976562
125,4.166655801825294,733.3601684570312,465.03179931640625,742.3092041015625,458.38372802734375,725.66796875,456.4386901855469,755.8274536132812,456.7694396972656,711.8431396484375,452.2354431152344,770.024169921875,485.42596435546875,691.4961547851562,481.4986267089844,778.6028442382812,527.8211059570312,680.2259521484375,528.6377563476562,772.33251953125,555.7403564453125,714.0238037109375,557.2293701171875,750.1932373046875,569.214111328125,696.2982177734375,566.2020263671875,769.2798461914062,557.6015014648438,688.3069458007812,544.7343139648438,746.4733276367188,618.8351440429688,684.4512329101562,601.4679565429688
126,4.199989048239896,734.3636474609375,464.7982177734375,742.9969482421875,458.107666015625,726.7353515625,456.2571716308594,755.6547241210938,456.5712890625,712.477294921875,452.0947570800781,769.6829223632812,485.75616455078125,691.449462890625,480.5318908691406,777.7955322265625,528.5797119140625,679.4012451171875,525.2159423828125,768.7625732421875,556.2900390625,713.5618286132812,554.4677734375,750.8851928710938,569.7677001953125,696.8451538085938,566.5449829101562,771.894287109375,553.31396484375,689.3554077148438,540.7467041015625,753.0233764648438,615.7890014648438,687.1270751953125,599.03662109375
127,4.233322294654498,733.8917236328125,464.3365173339844,742.295166015625,457.8667907714844,726.1217041015625,455.5937194824219,755.1130981445312,456.6651611328125,712.2181396484375,451.8139953613281,770.3284912109375,486.686279296875,692.5446166992188,480.1159362792969,778.7407836914062,530.6386108398438,680.0039672851562,524.8935546875,766.8875732421875,557.2221069335938,713.1305541992188,553.6471557617188,749.7350463867188,570.27490234375,696.2161254882812,565.8720092773438,773.648681640625,553.550048828125,693.3141479492188,538.9388427734375,745.401123046875,614.6270141601562,683.041748046875,595.634521484375
128,4.266655541069101,733.1135864257812,463.1555480957031,741.1494750976562,455.5582275390625,724.3353271484375,455.14111328125,752.5205078125,455.8560485839844,710.2628784179688,454.7786560058594,765.315185546875,486.7470703125,692.8507080078125,485.4547119140625,786.34130859375,528.9024658203125,680.9851684570312,529.0203247070312,770.9876098632812,549.9811401367188,716.8225708007812,556.6885986328125,749.6432495117188,569.4457397460938,699.032958984375,568.635498046875,776.9135131835938,556.109130859375,694.2711181640625,553.9254760742188,756.9580078125,611.1552734375,679.3778076171875,609.0133666992188
129,4.299988787483703,732.0034790039062,462.7094421386719,740.5906372070312,457.080322265625,724.65478515625,454.2134704589844,753.1080322265625,457.8489990234375,711.5524291992188,451.7439880371094,770.1876831054688,488.76849365234375,691.5269165039062,482.12152099609375,780.6444702148438,530.826171875,683.7249755859375,526.5117797851562,764.109619140625,552.9020385742188,717.393798828125,554.0031127929688,749.5460815429688,570.7269287109375,696.4822387695312,565.51220703125,769.8195190429688,553.6474609375,692.1900634765625,536.896728515625,735.9129028320312,616.4775390625,681.453857421875,597.1676025390625
130,4.333322033898305,731.3657836914062,462.9285583496094,739.6451416015625,455.3496398925781,722.6744995117188,454.8529357910156,751.900390625,455.6961364746094,709.4150390625,454.58892822265625,767.2589721679688,486.9211120605469,692.6021728515625,485.3592834472656,788.1177368164062,529.3563842773438,679.528076171875,528.3512573242188,766.0740356445312,546.3809204101562,715.4996337890625,553.03173828125,750.98681640625,570.5012817382812,699.4727783203125,569.2608032226562,775.1342163085938,553.0975341796875,694.6434326171875,550.4024658203125,748.7120971679688,613.6207885742188,678.5692749023438,610.5972290039062
131,4.366655280312908,730.3132934570312,460.7773742675781,738.588623046875,453.8668518066406,723.1641845703125,452.8563537597656,750.8807983398438,454.8968200683594,711.3618774414062,452.2436828613281,764.0166625976562,486.76708984375,693.9765014648438,483.4463195800781,785.4563598632812,532.0154418945312,680.8141479492188,528.650390625,770.2328491210938,544.5656127929688,710.3109741210938,548.1346435546875,750.3287963867188,570.4706420898438,700.7918701171875,568.7173461914062,774.1947021484375,552.6138916015625,684.9943237304688,549.5408325195312,770.1980590820312,617.1249389648438,677.8560791015625,613.4150390625
132,4.39998852672751,729.8165283203125,459.216552734375,738.0701293945312,452.4752197265625,722.7529296875,451.6697692871094,750.7501831054688,454.3485107421875,711.509033203125,452.42181396484375,765.2910766601562,486.45550537109375,694.7432861328125,484.0367126464844,786.3285522460938,530.2042236328125,680.1444091796875,527.6851196289062,766.6022338867188,541.3148193359375,708.2932739257812,546.7217407226562,751.4028930664062,568.732421875,701.7590942382812,567.1404418945312,773.908203125,549.2959594726562,686.2442016601562,546.337890625,767.3106079101562,617.7546997070312,680.0230102539062,614.200927734375
133,4.433321773142112,728.71728515625,458.9364318847656,737.3580322265625,452.0480651855469,721.3308715820312,451.5711975097656,750.7109985351562,454.40130615234375,709.3189086914062,453.3281555175781,766.12451171875,484.89910888671875,692.6610107421875,483.79107666015625,784.4186401367188,526.4070434570312,678.5511474609375,525.3739624023438,761.653564453125,542.8471069335938,708.2760620117188,546.990966796875,752.2130126953125,567.93310546875,701.407958984375,566.46142578125,765.7635498046875,543.0282592773438,683.3963012695312,539.921875,759.9425048828125,619.037109375,687.9484252929688,615.4487915039062
134,4.466655019556715,729.1954345703125,459.191650390625,737.4835205078125,452.28546142578125,721.5018310546875,452.06756591796875,750.3112182617188,454.2817077636719,710.1217041015625,454.15020751953125,766.4201049804688,484.98211669921875,694.671142578125,485.23822021484375,787.6842041015625,523.1541748046875,678.9735717773438,523.9598388671875,763.231201171875,535.4349365234375,709.1359252929688,544.4805908203125,754.1395263671875,566.6928100585938,705.1248779296875,566.2941284179688,773.9342041015625,547.3798828125,700.148681640625,545.377197265625,756.9496459960938,616.95751953125,697.2893676757812,614.6207275390625
135,4.499988265971317,728.946044921875,458.9883117675781,737.2418212890625,452.1251220703125,721.3275756835938,451.84033203125,750.0838623046875,454.2344970703125,710.0986938476562,453.9376525878906,766.25634765625,485.1270751953125,694.8406982421875,485.1347351074219,787.4599609375,523.4266357421875,679.3311157226562,523.9066772460938,763.0189819335938,535.603759765625,709.2208862304688,544.539306640625,754.0184326171875,566.645751953125,705.1070556640625,566.1036376953125,774.2168579101562,547.7334594726562,699.677001953125,545.5828247070312,757.3897705078125,615.9910278320312,695.9136352539062,613.4072265625
136,4.533321512385919,728.1555786132812,459.4057312011719,736.3458251953125,452.78253173828125,721.6904907226562,452.1882629394531,749.4532470703125,454.2907409667969,710.8536987304688,452.72021484375,763.580322265625,484.700927734375,694.1987915039062,482.5238342285156,780.3328857421875,527.5118408203125,678.873291015625,525.8464965820312,762.8682250976562,541.8529052734375,709.0545043945312,546.6329956054688,753.0874633789062,569.752685546875,704.1307373046875,567.9052734375,764.7781372070312,544.1470947265625,674.9255981445312,540.2911376953125,772.2250366210938,617.5413208007812,684.3255615234375,612.7179565429688
137,4.566654758800522,728.6069946289062,459.7204284667969,736.6205444335938,452.9952087402344,721.8971557617188,452.53778076171875,749.283935546875,454.10760498046875,710.4839477539062,452.89910888671875,763.0650024414062,483.5574951171875,693.7522583007812,482.470947265625,780.111083984375,525.6676635742188,680.0916137695312,526.937255859375,760.8349609375,540.2691040039062,712.4935913085938,549.5020751953125,754.0980834960938,568.7516479492188,704.7730712890625,567.5294799804688,766.7286376953125,543.455078125,675.1858520507812,540.2078857421875,774.1292114257812,616.60205078125,683.9691772460938,612.6592407226562
138,4.599988005215124,729.654052734375,459.9764404296875,737.4285278320312,452.97381591796875,722.1217041015625,453.0253601074219,749.0504150390625,453.4601135253906,709.7705688476562,453.9848937988281,763.1865844726562,481.07373046875,692.7590942382812,483.9790344238281,784.2638549804688,517.901123046875,683.8384399414062,526.319580078125,760.421142578125,536.056640625,717.73486328125,554.444091796875,753.2564086914062,562.0064086914062,703.5691528320312,563.1199951171875,775.01220703125,546.3754272460938,691.15185546875,545.8772583007812,771.4832763671875,608.6090698242188,693.6265869140625,608.59423828125
139,4.633321251629726,728.958984375,459.8767395019531,736.9309692382812,452.79913330078125,721.510009765625,452.81536865234375,748.8309326171875,453.3102111816406,709.2332153320312,453.65838623046875,762.5289306640625,481.509521484375,692.5763549804688,483.7029113769531,780.7971801757812,521.1433715820312,684.42236328125,526.986328125,758.3941650390625,544.057373046875,718.3634033203125,557.0216064453125,754.0807495117188,562.2935791015625,704.5396118164062,563.1570434570312,775.0137329101562,547.8262939453125,689.6438598632812,546.9789428710938,776.0520629882812,609.8372802734375,695.3217163085938,609.2066040039062
140,4.666654498044329,728.4786376953125,459.1786193847656,736.893798828125,452.48419189453125,721.7891235351562,451.84429931640625,749.0616455078125,453.865234375,709.0106811523438,452.0479431152344,761.15673828125,482.50433349609375,689.3182983398438,481.0140075683594,778.7041015625,526.6520385742188,679.89306640625,525.84521484375,756.9456176757812,553.2573852539062,716.583251953125,557.3026123046875,751.5638427734375,564.9412841796875,700.2518310546875,563.9287109375,765.6301879882812,543.3527221679688,671.53955078125,540.377197265625,783.1094970703125,615.6983642578125,692.042236328125,612.5532836914062
141,4.699987744458931,727.74169921875,458.9220275878906,736.298828125,452.2771301269531,721.219970703125,451.47711181640625,748.6022338867188,453.9272155761719,708.5377197265625,451.6867370605469,761.0733642578125,483.2917175292969,688.0966796875,481.3556823730469,778.755859375,528.9703369140625,679.880126953125,527.9071044921875,755.36865234375,555.2688598632812,718.3361206054688,560.0650634765625,750.4917602539062,566.4618530273438,698.8275146484375,565.2026977539062,761.9053955078125,544.7379760742188,670.4207153320312,541.5068969726562,779.7994995117188,618.8991088867188,694.77294921875,615.4155883789062
142,4.733320990873533,727.3247680664062,458.5130615234375,736.1367797851562,451.8244323730469,720.7128295898438,450.95672607421875,748.6124267578125,453.9615478515625,708.0226440429688,451.6014404296875,760.5205078125,484.1502380371094,687.4225463867188,482.4903564453125,778.1634521484375,529.90869140625,681.6431884765625,530.9876708984375,756.7504272460938,555.7528076171875,723.8165893554688,565.04833984375,748.6573486328125,567.9061279296875,697.137939453125,566.7168579101562,760.60986328125,545.7640991210938,671.054443359375,542.5119018554688,776.1791381835938,618.0737915039062,695.193115234375,614.5487670898438
143,4.766654237288136,726.9405517578125,458.017578125,735.5765991210938,451.2596435546875,720.2489013671875,450.5857849121094,747.9241943359375,453.3948669433594,707.7550659179688,451.4841613769531,760.0276489257812,484.09539794921875,687.5965576171875,482.8233947753906,778.223388671875,529.6223754882812,681.4691772460938,531.155029296875,759.7411499023438,557.4309692382812,723.1025390625,565.9343872070312,747.7581176757812,568.0050659179688,697.2114868164062,566.9039916992188,756.2821655273438,547.1117553710938,671.173095703125,544.0284423828125,768.8471069335938,616.3048706054688,694.422607421875,613.1004028320312
144,4.799987483702738,726.8142700195312,458.25408935546875,735.4256591796875,451.2574462890625,719.9043579101562,450.7618103027344,747.9085693359375,453.1399841308594,707.2047119140625,451.6850280761719,761.2205200195312,484.5992431640625,686.9196166992188,483.7763671875,779.1227416992188,532.0372314453125,681.12109375,533.8955078125,758.9627075195312,560.147216796875,722.44189453125,568.32958984375,748.7373046875,569.5068969726562,697.2913208007812,568.5748901367188,756.3772583007812,548.6348876953125,671.8906860351562,545.7163696289062,768.1863403320312,617.4232788085938,697.0073852539062,614.3659057617188
145,4.83332073011734,725.7747192382812,458.3376770019531,734.4423828125,451.28485107421875,718.9364013671875,450.82440185546875,747.4678955078125,452.9216613769531,706.9093627929688,451.64361572265625,761.2191772460938,484.2995910644531,687.1174926757812,483.6284484863281,779.3527221679688,531.6159057617188,680.1961059570312,533.8406982421875,760.7875366210938,559.8468627929688,718.7324829101562,568.9940185546875,746.7525634765625,567.686767578125,696.0205078125,566.7073364257812,755.1668090820312,550.6591796875,674.7549438476562,547.8082275390625,762.5120239257812,616.664306640625,697.215576171875,613.6398315429688
146,4.866653976531943,724.4631958007812,458.100341796875,733.4464111328125,450.98101806640625,717.8262329101562,450.4546203613281,747.4087524414062,452.76434326171875,706.5707397460938,451.2654724121094,761.665283203125,484.8606262207031,687.2550659179688,483.4046325683594,779.3329467773438,533.7943115234375,679.8194580078125,533.9163818359375,761.6616821289062,562.8626708984375,717.2417602539062,568.8271484375,746.4911499023438,567.1814575195312,695.8864135742188,565.6983032226562,751.5579223632812,553.568115234375,673.385009765625,550.2186889648438,760.2676391601562,616.9324951171875,698.3938598632812,613.1531372070312
147,4.899987222946545,725.383544921875,458.0274658203125,734.1646728515625,450.87762451171875,718.5507202148438,450.4557800292969,747.4979248046875,452.669189453125,706.709716796875,451.4089660644531,761.43994140625,484.7057800292969,687.0849609375,483.6822814941406,779.457275390625,533.6815185546875,680.116455078125,534.4693603515625,761.7996215820312,564.0929565429688,717.8848876953125,569.869140625,746.5408325195312,567.0585327148438,695.8967895507812,565.87939453125,751.800537109375,553.2578735351562,673.6482543945312,550.2718505859375,760.1799926757812,617.3475341796875,698.3937377929688,614.1483764648438
148,4.933320469361147,726.179443359375,458.1358642578125,734.895751953125,450.7783203125,718.9905395507812,450.56646728515625,748.1395263671875,452.5723571777344,706.5264282226562,451.8224792480469,761.9989624023438,484.892333984375,686.6472778320312,484.49151611328125,779.9271240234375,535.4782104492188,680.0301513671875,537.0192260742188,763.1983642578125,567.6729736328125,719.310302734375,573.1943969726562,747.9305419921875,566.9749145507812,696.0223388671875,566.2069702148438,756.9307861328125,555.1716918945312,673.1878051757812,552.5616455078125,767.5935668945312,619.9829711914062,697.4137573242188,617.3412475585938
149,4.96665371577575,726.4625244140625,458.1837158203125,735.1029663085938,450.65936279296875,719.0944213867188,450.6561584472656,748.3704223632812,452.4110412597656,706.5234375,452.1931457519531,762.40185546875,485.1021728515625,686.4528198242188,485.46685791015625,779.8077392578125,536.2098388671875,679.6109008789062,539.2821655273438,762.5999755859375,568.6925659179688,720.1434326171875,576.40087890625,748.48291015625,567.0770874023438,696.1270141601562,566.6629028320312,757.6141357421875,555.9435424804688,673.2093505859375,553.6893310546875,766.8881225585938,618.6329345703125,696.7515869140625,616.5067749023438
150,4.999986962190352,727.764404296875,457.5580749511719,736.69287109375,450.6609191894531,720.7308349609375,450.8668212890625,748.6771850585938,452.9988098144531,707.457275390625,451.7769470214844,763.82666015625,487.55560302734375,685.7976684570312,488.5111083984375,778.590087890625,538.79736328125,681.9131469726562,544.11962890625,767.710205078125,567.5822143554688,718.5314331054688,579.85888671875,750.4284057617188,568.5340576171875,697.1488647460938,569.1185913085938,754.2465209960938,559.2379150390625,675.569091796875,555.73388671875,766.8088989257812,615.746337890625,700.798583984375,611.2783813476562
151,5.033320208604954,729.2991333007812,457.96246337890625,736.5048828125,450.26556396484375,721.4712524414062,450.4452209472656,747.599609375,451.57061767578125,708.7977905273438,451.81884765625,761.640380859375,486.0274658203125,689.7799682617188,488.0043029785156,783.0945434570312,537.7981567382812,680.8536987304688,546.1148071289062,773.0905151367188,566.282958984375,711.9219970703125,581.5349731445312,749.9266967773438,566.7501831054688,698.1839599609375,567.8896484375,779.9397583007812,566.3944702148438,683.1159057617188,566.600830078125,778.2494506835938,617.1348266601562,674.1417846679688,617.9561767578125
152,5.066653455019557,730.7566528320312,458.4403381347656,739.2664184570312,450.4593505859375,722.2490844726562,450.8216857910156,751.9077758789062,452.52166748046875,708.076416015625,453.7135925292969,765.6395263671875,485.88507080078125,688.015869140625,490.0771789550781,788.1152954101562,533.1434936523438,678.4498901367188,544.6253051757812,776.9972534179688,562.5972290039062,711.0193481445312,582.2864379882812,752.6377563476562,564.9366455078125,697.9564819335938,566.8423461914062,776.6556396484375,569.1463623046875,685.5728149414062,569.8309936523438,778.6854248046875,618.6787719726562,689.6441040039062,620.3306884765625
153,5.099986701434159,731.3047485351562,458.0429382324219,739.73681640625,450.095947265625,723.4354248046875,450.30377197265625,752.5639038085938,451.67352294921875,709.9431762695312,451.87042236328125,764.5897827148438,485.47784423828125,688.4805297851562,487.5252685546875,783.94384765625,534.8116455078125,675.8694458007812,544.1022338867188,775.7244873046875,566.39794921875,709.720458984375,586.3897094726562,753.167724609375,567.7032470703125,699.0868530273438,568.4985961914062,772.7561645507812,565.696044921875,673.572021484375,564.8025512695312,785.3423461914062,615.1639404296875,684.9026489257812,614.836669921875
154,5.1333199478487614,731.5987548828125,457.7599792480469,740.9266357421875,449.9605407714844,723.7462158203125,449.8238525390625,754.6393432617188,452.6195373535156,709.5656127929688,452.1413879394531,765.7840576171875,486.28558349609375,686.910888671875,488.1770324707031,785.4922485351562,534.50927734375,674.7889404296875,543.6061401367188,773.1995849609375,566.5486450195312,712.0806884765625,587.1793823242188,752.5519409179688,570.2758178710938,696.442626953125,570.9090576171875,771.207275390625,564.2640380859375,670.799072265625,563.2536010742188,785.7032470703125,617.1178588867188,686.1611938476562,616.7428588867188
155,5.166653194263364,732.5526733398438,457.6477355957031,741.7401733398438,449.7076416015625,724.5833129882812,449.82659912109375,755.4364013671875,452.19805908203125,710.2499389648438,452.377685546875,766.4796752929688,485.6996765136719,687.6771240234375,488.69049072265625,786.7105102539062,533.0746459960938,675.4143676757812,544.36279296875,774.5693969726562,565.6865234375,712.4957885742188,588.7357788085938,753.4568481445312,569.8811645507812,697.5402221679688,571.0193481445312,770.0524291992188,565.7095947265625,671.3013305664062,565.26708984375,784.8007202148438,616.9788818359375,688.0390625,617.4739990234375
156,5.199986440677966,733.6243286132812,456.964599609375,742.3109741210938,448.70947265625,724.905517578125,449.3710632324219,755.6885375976562,450.9108581542969,710.8096313476562,452.9368591308594,769.583740234375,485.84967041015625,690.8280639648438,490.93408203125,791.2681274414062,533.2686157226562,680.1650390625,546.9825439453125,778.5369262695312,564.2452392578125,715.2352294921875,589.5097045898438,755.1045532226562,568.60888671875,699.4230346679688,570.6094360351562,778.9285278320312,572.2667846679688,684.344970703125,572.8590087890625,780.8436889648438,618.4034423828125,688.8861083984375,620.0592651367188
157,5.2333196870925685,735.008056640625,456.76666259765625,743.4757690429688,448.3060607910156,726.0701904296875,449.2076110839844,756.4346923828125,449.906982421875,711.4012451171875,452.4123840332031,769.3284912109375,484.173583984375,691.0958862304688,490.2101745605469,791.378662109375,530.8095092773438,679.9431762695312,546.6710205078125,783.4944458007812,563.5242309570312,715.01708984375,589.8668823242188,755.6754760742188,567.6619873046875,700.5233154296875,570.282470703125,778.3106079101562,573.2966918945312,685.381103515625,574.6193237304688,780.6767578125,617.7301635742188,689.7378540039062,620.4556274414062
158,5.266652933507171,736.6089477539062,455.4654846191406,744.865234375,447.11749267578125,727.7000732421875,447.939208984375,757.2271118164062,449.2453308105469,712.7185668945312,451.4577941894531,769.9334716796875,484.35162353515625,691.9609985351562,489.82745361328125,791.436767578125,531.8322143554688,680.2129516601562,546.4459228515625,783.7702026367188,565.83984375,713.9863891601562,590.3609619140625,755.9617919921875,567.7382202148438,701.1077880859375,570.1302490234375,777.9088134765625,574.6804809570312,686.1685791015625,575.8837280273438,778.9534301757812,619.44580078125,689.4808349609375,622.0938110351562
159,5.299986179921773,736.1284790039062,455.5163269042969,744.4677124023438,447.1170959472656,727.1725463867188,448.02825927734375,757.1563720703125,449.0741271972656,712.51416015625,451.59136962890625,769.947998046875,483.91400146484375,692.509033203125,489.8346252441406,791.433349609375,530.769775390625,680.8617553710938,546.2810668945312,784.1969604492188,564.920654296875,714.4984130859375,590.7505493164062,756.0862426757812,567.5744018554688,701.5430297851562,570.0996704101562,778.6044311523438,575.2099609375,686.9515380859375,576.4892578125,778.9166259765625,619.565673828125,689.1283569335938,622.2525024414062
160,5.3333194263363755,737.1351318359375,455.0029602050781,745.6864624023438,446.7430419921875,728.404052734375,447.3990478515625,758.50537109375,448.90484619140625,713.99462890625,450.7229309082031,770.5548095703125,484.36846923828125,693.7645263671875,489.3457946777344,791.708251953125,531.2971801757812,681.1663818359375,545.9483032226562,786.1571655273438,564.8396606445312,714.890380859375,591.83740234375,756.3477783203125,570.404541015625,702.45654296875,572.4698486328125,777.4009399414062,578.2492065429688,687.5682373046875,578.9788818359375,779.0094604492188,622.3363037109375,690.9668579101562,624.1945190429688
161,5.366652672750978,737.4163818359375,454.546142578125,746.2604370117188,446.0993347167969,728.5313110351562,446.7348937988281,759.4766235351562,448.4612121582031,713.9039916992188,450.22552490234375,771.7642211914062,484.97381591796875,693.3482666015625,489.7554016113281,793.1480102539062,533.1270141601562,680.896484375,547.1244506835938,786.9384155273438,567.6202392578125,716.1458129882812,593.11767578125,756.777587890625,572.2145385742188,701.7507934570312,574.1644897460938,777.8744506835938,578.8777465820312,686.3377685546875,579.4802856445312,779.0810546875,622.3071899414062,690.1064453125,623.98095703125
162,5.39998591916558,736.6057739257812,451.6573791503906,745.8169555664062,443.1485900878906,727.6775512695312,443.8281555175781,759.9110107421875,446.2739562988281,713.7135620117188,448.1644592285156,773.4453735351562,484.92535400390625,693.5506591796875,489.2691345214844,794.7340087890625,534.9390258789062,680.482421875,547.5985717773438,788.9730224609375,567.97021484375,717.2313232421875,592.3552856445312,757.6625366210938,573.5180053710938,702.45556640625,575.0869140625,776.1078491210938,582.6585083007812,689.3720703125,582.6907348632812,776.7106323242188,625.4309692382812,697.5884399414062,626.1451416015625
163,5.4333191655801825,736.7256469726562,451.543701171875,745.9068603515625,443.0985107421875,727.8232421875,443.7451477050781,759.8458862304688,446.4070129394531,713.74755859375,448.1923828125,773.1785278320312,485.0205383300781,693.5271606445312,489.2518005371094,794.7254638671875,535.0430297851562,680.6389770507812,547.3787231445312,789.9127197265625,568.9530639648438,717.180908203125,592.28076171875,757.7517700195312,573.1342163085938,702.6680297851562,574.7119750976562,776.4493408203125,581.708984375,689.5366821289062,581.7676391601562,778.1640625,625.5601196289062,698.3580322265625,626.322998046875
164,5.466652411994785,737.036865234375,449.4635009765625,746.3921508789062,441.3151550292969,728.7577514648438,441.4361877441406,760.1517333984375,445.79608154296875,713.9446411132812,445.7577819824219,771.264892578125,485.2923889160156,690.569580078125,487.55908203125,792.5382080078125,537.9712524414062,679.9774780273438,547.425537109375,786.5601806640625,578.6476440429688,720.8831176757812,595.8278198242188,758.389404296875,577.0088500976562,702.317626953125,578.1613159179688,772.6876831054688,582.8093872070312,682.4737548828125,582.3912353515625,788.3547973632812,631.5226440429688,705.4340209960938,631.9400634765625
165,5.499985658409387,736.48193359375,448.32012939453125,745.6197509765625,440.280517578125,728.2169189453125,440.3291320800781,758.8814086914062,445.1287536621094,713.3605346679688,444.89971923828125,769.6853637695312,484.8672180175781,690.4913940429688,486.8634338378906,792.5379638671875,538.1254272460938,681.7079467773438,547.1040649414062,789.1824340820312,579.8026733398438,720.9642333984375,594.630126953125,755.26416015625,574.66943359375,700.3106079101562,575.6903076171875,769.6622314453125,583.9730834960938,682.4002685546875,583.6654663085938,783.5560302734375,632.80615234375,702.51904296875,633.491943359375
166,5.5333189048239895,736.9423217773438,447.0293273925781,744.6357421875,438.8004455566406,728.1553955078125,439.41082763671875,755.8604125976562,442.19586181640625,712.8168334960938,443.0591735839844,768.4127197265625,482.0766296386719,690.470458984375,484.4803466796875,790.2454223632812,537.9097900390625,681.539306640625,547.2706909179688,790.6227416992188,580.0972290039062,719.5215454101562,593.80078125,757.1666259765625,574.10498046875,702.7686767578125,575.3363037109375,772.2969360351562,584.2440185546875,680.8551635742188,584.0121459960938,781.9406127929688,634.5364379882812,693.392578125,635.4158325195312
167,5.566652151238592,736.7387084960938,446.4696350097656,743.9956665039062,438.1246032714844,727.6709594726562,438.94525146484375,754.4791870117188,441.4984436035156,711.6200561523438,442.8979187011719,767.0703735351562,481.3080139160156,689.6432495117188,484.8457336425781,790.2609252929688,536.80029296875,683.5358276367188,548.7139282226562,790.923828125,579.6409912109375,722.6049194335938,595.2185668945312,756.678955078125,572.90478515625,702.520263671875,574.7901000976562,772.962646484375,584.814453125,682.4017944335938,585.3717651367188,781.514404296875,634.5498657226562,693.7883911132812,636.5946655273438
168,5.599985397653194,737.4727172851562,445.1517333984375,744.3914184570312,437.0682373046875,728.1665649414062,438.0912780761719,753.9993286132812,441.9784240722656,711.2828369140625,444.5073547363281,765.2366333007812,481.49884033203125,691.1427612304688,488.03582763671875,790.2807006835938,532.0017700195312,688.5428466796875,549.665771484375,791.3881225585938,573.8456420898438,726.2398681640625,596.10009765625,752.4727172851562,569.204833984375,701.2781372070312,572.6901245117188,774.536865234375,590.528564453125,700.517822265625,593.3244018554688,774.351318359375,637.4198608398438,708.2215576171875,642.5433349609375
169,5.6333186440677965,736.9984130859375,445.0957336425781,743.868896484375,437.0022277832031,727.7151489257812,438.1119689941406,753.4315795898438,442.0079345703125,710.7935180664062,444.8024597167969,764.3367309570312,481.4241638183594,690.71826171875,488.661865234375,790.1414184570312,531.1370239257812,688.8980712890625,550.2620239257812,791.9935302734375,573.5407104492188,727.3319702148438,596.6447143554688,752.18798828125,569.3518676757812,701.1366577148438,573.273681640625,775.3353271484375,589.8822021484375,700.8949584960938,593.1658325195312,776.4147338867188,636.674072265625,709.1309204101562,642.4569702148438
170,5.666651890482399,734.7813720703125,445.883544921875,741.7879638671875,437.71240234375,725.4798583984375,438.96246337890625,751.9813842773438,442.33575439453125,709.3253784179688,445.5744934082031,764.9564208984375,481.6926574707031,689.9046630859375,489.15545654296875,791.1112670898438,531.6214599609375,687.3885498046875,550.1511840820312,792.9268188476562,574.4539184570312,725.7092895507812,595.8819580078125,753.8434448242188,569.4242553710938,701.9078979492188,573.2993774414062,777.8430786132812,587.5986938476562,700.3051147460938,590.602783203125,778.3718872070312,636.4320068359375,707.9462890625,641.6337890625
171,5.699985136897001,734.3002319335938,445.8622741699219,741.3582153320312,437.59136962890625,724.9075927734375,438.89215087890625,751.7681884765625,442.0570373535156,708.7906494140625,445.39251708984375,765.4225463867188,481.5670166015625,689.5874633789062,488.9500427246094,791.0433349609375,532.0843505859375,686.9689331054688,550.1517333984375,791.9737548828125,574.8798217773438,724.9116821289062,595.6736450195312,754.8195190429688,569.3212890625,702.327392578125,573.020751953125,776.0997924804688,587.8140869140625,696.8766479492188,590.5711669921875,777.0254516601562,635.2577514648438,704.4967041015625,640.1525268554688
172,5.7333183833116035,733.2783813476562,446.9361572265625,740.5576171875,438.6874694824219,723.90234375,439.9728088378906,751.3427124023438,443.0621032714844,707.8668212890625,446.43255615234375,764.7244262695312,482.0376892089844,688.4908447265625,489.5152282714844,791.0208129882812,530.8490600585938,683.6553955078125,548.9354248046875,793.8161010742188,571.5957641601562,720.8087158203125,592.5792236328125,753.9523315429688,570.2822875976562,700.8692016601562,574.0194091796875,777.7857055664062,585.18896484375,694.44873046875,587.93017578125,779.7095336914062,635.2157592773438,700.1895141601562,640.0615234375
173,5.766651629726206,732.953857421875,446.74188232421875,740.2335205078125,439.4499816894531,724.2744140625,439.6015625,749.9989013671875,444.5223693847656,708.0144653320312,444.8946838378906,763.5083618164062,482.88726806640625,686.5431518554688,486.3392028808594,790.6918334960938,533.5961303710938,682.1422119140625,544.91162109375,793.4513549804688,570.9479370117188,717.9358520507812,585.6300048828125,751.5751342773438,571.7075805664062,698.7212524414062,573.8469848632812,776.9871826171875,583.8505249023438,700.0306396484375,585.033447265625,778.5596313476562,643.7426147460938,708.767333984375,646.2548217773438
174,5.799984876140808,732.55078125,446.9004821777344,739.8761596679688,439.7641906738281,723.9234008789062,439.6817321777344,749.600341796875,445.0880432128906,707.604248046875,444.8694152832031,763.63427734375,483.6371765136719,685.7555541992188,486.195068359375,790.7874755859375,534.6419067382812,680.379150390625,544.6063842773438,792.3121948242188,569.7609252929688,714.8660888671875,584.7607421875,751.4881591796875,572.6322631835938,698.0498046875,574.3079833984375,778.2162475585938,583.9188842773438,699.8912963867188,584.5628662109375,779.535888671875,646.7451171875,708.1795043945312,648.48291015625
175,5.8333181225554105,731.9078369140625,447.2333068847656,739.4364013671875,439.3600158691406,722.8349609375,440.0105285644531,749.9420776367188,444.1782531738281,706.7291259765625,445.9278869628906,762.9368896484375,483.3117370605469,686.2970581054688,488.6483154296875,789.9102172851562,532.5670166015625,679.2279052734375,546.539306640625,793.3436889648438,568.9048461914062,709.4972534179688,585.8861083984375,751.4447631835938,571.4059448242188,697.7831420898438,574.33349609375,778.924072265625,588.8023681640625,692.9406127929688,590.8901977539062,782.379638671875,640.1688232421875,695.051513671875,643.9595947265625
176,5.866651368970013,732.0054931640625,447.3731689453125,740.0651245117188,439.6393127441406,723.49853515625,439.74053955078125,750.9081420898438,444.4266662597656,706.6629028320312,444.36767578125,762.3330688476562,483.03594970703125,682.4251708984375,486.2297058105469,789.1675415039062,532.2186279296875,672.6900024414062,543.7982788085938,787.8160400390625,566.4364624023438,706.8964233398438,582.8192138671875,751.4048461914062,575.3140869140625,694.8262329101562,577.3426513671875,776.8184204101562,573.4817504882812,676.9273681640625,574.4150390625,793.0999145507812,631.1670532226562,689.0535278320312,633.5706176757812
177,5.899984615384615,731.864013671875,447.21893310546875,739.9816284179688,439.51947021484375,723.36962890625,439.4819030761719,750.7638549804688,444.255615234375,706.8352661132812,443.81195068359375,762.8960571289062,483.3572692871094,683.2908935546875,485.46099853515625,789.1707763671875,533.993896484375,672.6027221679688,542.4535522460938,787.403076171875,567.8551635742188,701.7445068359375,579.0474243164062,750.46923828125,575.2684936523438,694.9727783203125,576.5537719726562,768.6961059570312,571.1047973632812,675.6156005859375,571.4422607421875,779.4729614257812,628.7763671875,685.508544921875,630.408203125
178,5.9333178617992175,732.6303100585938,446.6920471191406,740.4469604492188,438.9709777832031,724.0194702148438,439.07513427734375,750.7717895507812,443.7500915527344,707.1944580078125,443.62420654296875,763.322998046875,482.97845458984375,683.5283203125,485.1607666015625,789.6245727539062,533.514892578125,671.52978515625,540.9407348632812,787.0507202148438,567.1017456054688,697.9850463867188,575.1906127929688,750.315673828125,573.5656127929688,695.0062866210938,574.9067993164062,767.7276611328125,569.4151000976562,677.10888671875,569.991943359375,775.3397827148438,626.6024169921875,685.4578857421875,628.654541015625
179,5.96665110821382,733.8787841796875,445.8409729003906,740.5296020507812,437.9590759277344,724.76904296875,438.60723876953125,749.2689208984375,442.2373352050781,707.9093627929688,444.0189514160156,762.724365234375,481.8055419921875,686.8694458007812,487.3733215332031,790.0719604492188,528.3428955078125,674.0421142578125,541.7593383789062,789.166015625,556.9934692382812,695.004150390625,571.8375244140625,751.0911865234375,574.0388793945312,697.9340209960938,577.2776489257812,781.3900756835938,567.555908203125,692.7662963867188,570.509521484375,770.8949584960938,622.1690673828125,676.7591552734375,627.1861572265625
180,5.999984354628422,733.7659912109375,446.55181884765625,740.9895629882812,438.625244140625,724.8653564453125,438.9227600097656,750.6511840820312,442.00897216796875,708.8357543945312,442.43548583984375,764.6987915039062,481.9386901855469,686.9898681640625,484.87689208984375,791.6970825195312,531.3289794921875,671.5555419921875,541.39990234375,791.43505859375,555.243896484375,690.6627197265625,569.1241455078125,754.7276000976562,577.3951416015625,700.3832397460938,579.18994140625,780.662841796875,566.1845092773438,684.6253051757812,567.1421508789062,780.0303955078125,617.7442016601562,676.5615844726562,619.7241821289062
181,6.0333176010430245,735.3026733398438,445.7214050292969,741.6293334960938,437.7293395996094,725.9656372070312,438.3638000488281,750.2709350585938,441.20880126953125,709.5068969726562,443.040771484375,764.7899780273438,480.9825134277344,687.2273559570312,487.8359069824219,792.5303955078125,525.4690551757812,669.0317993164062,542.6851806640625,798.9639282226562,549.7154541015625,686.3634643554688,568.7328491210938,754.9927978515625,575.7260131835938,701.58447265625,580.4081420898438,794.7855224609375,567.254638671875,711.8667602539062,572.2060546875,771.0490112304688,622.2537231445312,682.5286254882812,629.0031127929688
182,6.066650847457627,735.7228393554688,446.715576171875,742.5840454101562,438.5356750488281,726.4736938476562,439.0735778808594,751.62451171875,441.61029052734375,709.6223754882812,442.49078369140625,764.279541015625,482.2408752441406,687.8698120117188,485.8305969238281,790.3213500976562,530.9473876953125,667.0288696289062,541.9201049804688,794.7643432617188,550.0513305664062,680.7567138671875,565.5012817382812,757.4398803710938,578.675537109375,705.5177001953125,581.3487548828125,782.6900634765625,580.5941162109375,701.0560302734375,582.6712646484375,780.2134399414062,624.0755004882812,696.5485229492188,627.212890625
183,6.099984093872229,736.109130859375,446.3995666503906,742.8652954101562,438.2941589355469,726.9247436523438,438.7491760253906,751.5952758789062,441.4397277832031,710.0078125,442.12896728515625,763.7305297851562,482.34173583984375,688.265380859375,485.8578186035156,790.2194213867188,530.63623046875,667.4527587890625,541.724609375,795.84375,549.7688598632812,679.8929443359375,565.5530395507812,757.2332763671875,579.335205078125,706.3186645507812,582.1763305664062,784.1973876953125,582.7538452148438,706.6578979492188,585.0624389648438,781.1119384765625,624.8450927734375,702.5865478515625,628.2034301757812
184,6.1333173402868315,735.53662109375,445.94500732421875,742.7882080078125,437.9305419921875,726.5753173828125,438.15185546875,752.2294311523438,441.24530029296875,710.4786987304688,441.3896789550781,764.9813232421875,482.6627197265625,689.0333251953125,484.975830078125,792.4088134765625,531.141357421875,668.369140625,539.0691528320312,799.748291015625,550.0491333007812,677.4767456054688,560.7760620117188,755.76806640625,577.6395874023438,705.7620849609375,579.8197631835938,780.413818359375,587.3882446289062,711.3763427734375,589.028076171875,777.0501098632812,625.8685913085938,712.2913818359375,628.1478881835938
185,6.166650586701434,736.3494873046875,445.5418395996094,743.5107421875,437.5449523925781,727.3194580078125,437.70892333984375,752.6295166015625,440.9623718261719,711.14013671875,441.0726318359375,765.3311157226562,482.9283752441406,690.6541748046875,485.17926025390625,793.84423828125,531.1680297851562,668.2281494140625,538.83056640625,804.0125732421875,547.0081787109375,667.8665161132812,557.8976440429688,756.2716674804688,577.9749755859375,706.8465576171875,580.0556640625,783.5042114257812,590.1688842773438,711.1637573242188,591.7891235351562,782.5385131835938,625.4344482421875,707.40625,627.64697265625
186,6.199983833116036,737.6310424804688,444.18939208984375,744.8368530273438,436.6091613769531,728.8941040039062,437.0681457519531,754.6721801757812,440.9260559082031,714.4879760742188,442.2022399902344,768.6124877929688,482.1946716308594,695.1857299804688,485.7537536621094,793.5138549804688,526.2159423828125,668.772216796875,535.388671875,814.443115234375,551.9459838867188,664.6566772460938,565.3509521484375,755.7720947265625,573.3132934570312,707.5396728515625,575.4739990234375,788.2448120117188,590.6853637695312,719.6227416992188,592.3768920898438,774.140625,625.031005859375,702.9663696289062,627.1444702148438
187,6.2333170795306385,738.291015625,444.2579040527344,745.7229614257812,436.7669677734375,729.7535400390625,437.0036926269531,755.7982177734375,441.1206970214844,715.72119140625,441.8388366699219,769.52685546875,482.8265380859375,695.7844848632812,485.68359375,794.3018798828125,527.2750854492188,667.95947265625,536.0293579101562,817.3071899414062,552.7843017578125,661.0250854492188,567.8710327148438,754.733154296875,574.0797729492188,706.6212768554688,575.796875,786.2305908203125,590.948974609375,718.64892578125,592.2109375,771.2439575195312,624.8873291015625,701.0299682617188,626.39404296875
188,6.266650325945241,741.0992431640625,444.0231628417969,747.9236450195312,436.6679992675781,732.6013793945312,436.8013000488281,756.6929931640625,441.09063720703125,717.7098388671875,441.3902587890625,769.6685180664062,482.68597412109375,696.9380493164062,485.00494384765625,794.8729858398438,526.802490234375,669.1250610351562,534.6707763671875,819.0025634765625,552.6798706054688,660.7313842773438,565.6279296875,755.04541015625,573.0333862304688,707.6412353515625,574.6935424804688,786.1565551757812,589.1627197265625,719.705810546875,590.6408081054688,769.6654663085938,622.2750244140625,699.2982177734375,624.3043823242188
189,6.299983572359843,742.8446655273438,444.6665954589844,749.713134765625,437.3601989746094,734.2415161132812,437.343017578125,758.23828125,442.065185546875,718.8829956054688,441.8794250488281,771.0022583007812,483.88812255859375,698.038818359375,485.4561767578125,796.65869140625,528.007568359375,669.5978393554688,534.4672241210938,820.2608642578125,553.0811767578125,659.7734375,564.78857421875,757.1910400390625,573.2802734375,709.6047973632812,574.5767211914062,785.6613159179688,589.2486572265625,718.2911987304688,590.3603515625,770.7166748046875,620.5700073242188,698.6215209960938,622.2095336914062
190,6.3333168187744455,744.0172119140625,444.7148132324219,750.878662109375,437.4487609863281,735.4487915039062,437.3733215332031,759.1351928710938,442.224365234375,719.8156127929688,441.8478698730469,771.6409301757812,483.91583251953125,698.339599609375,485.4676208496094,797.9144897460938,527.5054931640625,669.828369140625,533.9915161132812,821.6544799804688,553.6218872070312,658.5930786132812,564.9818115234375,757.8291015625,572.69921875,710.3936767578125,574.1016235351562,784.7706298828125,589.0032958984375,720.177001953125,590.2977294921875,770.1991577148438,620.3304443359375,702.9132690429688,622.2750854492188
191,6.366650065189048,745.3949584960938,445.2091979980469,752.29638671875,437.8069763183594,736.7647094726562,437.7008056640625,760.39013671875,442.366943359375,720.6849975585938,441.8465576171875,772.48291015625,484.19537353515625,698.5335693359375,485.7503662109375,798.91162109375,528.3668212890625,669.8143310546875,534.8175048828125,821.7852172851562,553.939453125,659.417724609375,564.6400756835938,759.2530517578125,573.9053344726562,711.5993041992188,575.4880981445312,784.7735595703125,587.8621826171875,721.4993896484375,589.412353515625,770.3764038085938,618.7388305664062,706.040283203125,621.0451049804688
192,6.39998331160365,745.6149291992188,445.6347961425781,752.6685180664062,438.2958984375,737.1713256835938,438.03936767578125,760.9562377929688,442.88134765625,721.1513061523438,441.87725830078125,772.7430419921875,484.46099853515625,699.1771850585938,485.30340576171875,798.7719116210938,528.2955932617188,670.5052490234375,533.2045288085938,820.2448120117188,554.129638671875,660.9228515625,562.9360961914062,761.4461059570312,574.1586303710938,714.1290893554688,575.4290771484375,781.2664794921875,588.327392578125,719.1644287109375,589.4930419921875,770.8162231445312,617.9368286132812,708.1343994140625,619.7265014648438
193,6.4333165580182525,745.671142578125,446.0354309082031,752.957763671875,438.6676330566406,737.2037963867188,438.28253173828125,761.5043334960938,443.2684020996094,721.3457641601562,441.9221496582031,772.7194213867188,484.9721984863281,699.5799560546875,485.2169189453125,798.1887817382812,529.36865234375,672.0800170898438,533.0521850585938,819.3248291015625,554.8015747070312,663.00537109375,561.941162109375,760.671875,573.5232543945312,713.4480590820312,574.6061401367188,782.9808349609375,594.3036499023438,721.6075439453125,595.308349609375,772.37060546875,620.0931396484375,709.5601806640625,621.5405883789062
194,6.466649804432855,746.6852416992188,446.543212890625,753.6268310546875,439.1150817871094,738.13330078125,438.7961730957031,761.5289916992188,443.4138488769531,721.6273803710938,442.15576171875,772.3323974609375,484.6582946777344,699.7835693359375,485.2362365722656,798.5693969726562,529.1503295898438,673.0906372070312,533.1632690429688,819.2763061523438,555.54541015625,664.073974609375,561.2633666992188,761.701416015625,573.9560546875,714.9983520507812,575.39794921875,782.0883178710938,596.5051879882812,723.3932495117188,598.0352172851562,771.550537109375,622.4844360351562,712.2141723632812,624.7905883789062
195,6.499983050847457,746.9158325195312,446.58367919921875,753.8331909179688,439.1044921875,738.3936157226562,438.84637451171875,761.7490844726562,443.2442626953125,721.8341674804688,442.1065368652344,772.7254638671875,484.3420104980469,699.6301879882812,485.11474609375,798.6478271484375,528.909912109375,672.8538818359375,533.1216430664062,818.6690673828125,555.3093872070312,664.50732421875,560.8348999023438,762.3215942382812,573.4174194335938,715.4947509765625,574.9642944335938,780.5445556640625,594.1063232421875,722.97119140625,595.7522583007812,770.11474609375,620.9633178710938,713.8324584960938,623.4566040039062
196,6.5333162972620595,746.0415649414062,446.916015625,753.3580322265625,439.2803649902344,737.5061645507812,439.1192626953125,762.135009765625,443.3318786621094,721.37353515625,442.49835205078125,773.3114624023438,484.37908935546875,699.5560302734375,485.6436462402344,798.176513671875,529.6289672851562,672.9976196289062,534.980712890625,816.1915893554688,554.5899658203125,666.3432006835938,562.7540283203125,762.8484497070312,573.06591796875,715.5354614257812,574.6802368164062,778.6263427734375,591.9564208984375,720.0772094726562,593.5298461914062,770.0510864257812,619.4313354492188,713.8319091796875,621.727783203125
197,6.566649543676662,746.47412109375,447.1184997558594,753.6956176757812,439.511474609375,737.8778686523438,439.3233337402344,762.2491455078125,443.4653015136719,721.4609375,442.5570983886719,773.4274291992188,484.1883544921875,699.6965942382812,485.1903076171875,798.4675903320312,529.6100463867188,674.1312255859375,533.948974609375,815.930908203125,554.919189453125,668.061279296875,560.3490600585938,762.6106567382812,572.8923950195312,715.243896484375,574.4207153320312,779.5643920898438,589.6610717773438,720.7510986328125,591.1868896484375,770.5585327148438,619.8458251953125,714.1400146484375,622.1343994140625
198,6.599982790091264,745.7484741210938,447.5134582519531,753.2974243164062,439.92578125,737.184326171875,439.6763916015625,762.4395751953125,443.886962890625,721.300048828125,442.8189697265625,774.2431030273438,484.7419738769531,699.8721923828125,485.0259094238281,798.5482177734375,531.2401123046875,675.0330810546875,533.1294555664062,815.23583984375,557.5763549804688,671.1243286132812,558.4267578125,763.427001953125,573.2954711914062,715.4140625,574.4420776367188,781.5936889648438,593.1372680664062,720.7804565429688,594.1273193359375,773.6989135742188,622.8042602539062,714.9121704101562,624.2062377929688
199,6.6333160365058665,746.1048583984375,447.61236572265625,753.3726196289062,439.9761962890625,737.5513305664062,439.9386901855469,762.2045288085938,443.6468200683594,721.7487182617188,443.1554260253906,774.38623046875,484.0953674316406,699.8306884765625,485.1480712890625,797.8400268554688,530.6345825195312,675.4507446289062,533.587890625,812.9427490234375,556.5300903320312,673.4005737304688,557.6986694335938,762.9130859375,572.4100952148438,714.19189453125,573.9033203125,784.9080200195312,593.5262451171875,719.6016845703125,594.9142456054688,775.4076538085938,623.5223388671875,710.0697631835938,625.5187377929688
200,6.666649282920469,745.29052734375,448.31451416015625,752.3894653320312,440.7391357421875,736.5835571289062,440.99664306640625,761.5259399414062,443.7490234375,720.93701171875,444.37640380859375,775.531494140625,483.3738098144531,699.4285278320312,484.8941650390625,797.2665405273438,531.0773315429688,674.8712158203125,533.235107421875,803.8611450195312,557.7706909179688,673.8872680664062,558.907470703125,757.063232421875,574.15283203125,707.7276000976562,575.3430786132812,785.3452758789062,590.7167358398438,722.6795043945312,591.71337890625,769.1710205078125,629.773681640625,714.4228515625,631.2973022460938
201,6.699982529335072,744.2877197265625,448.0260314941406,751.861572265625,440.21746826171875,735.2665405273438,440.64300537109375,762.1083984375,443.511962890625,720.0270385742188,444.75347900390625,777.5620727539062,483.9706115722656,699.3991088867188,485.7447204589844,798.3535766601562,533.5069580078125,673.681396484375,534.1620483398438,797.5043334960938,560.9552001953125,673.1069946289062,559.97509765625,759.0530395507812,574.885009765625,707.9291381835938,575.9671630859375,787.82080078125,586.0728149414062,720.6329956054688,586.7982177734375,769.2279663085938,626.9592895507812,711.0856323242188,628.1185302734375
202,6.733315775749674,744.099365234375,447.62237548828125,751.7725219726562,440.3495178222656,735.8904418945312,439.7501220703125,761.3550415039062,444.4722900390625,720.9666137695312,443.02789306640625,776.9328002929688,485.5533447265625,697.1753540039062,484.88934326171875,795.904541015625,537.1491088867188,672.894287109375,534.2943115234375,794.5782470703125,566.034423828125,665.1800537109375,561.1544799804688,759.3378295898438,571.6795043945312,706.8997802734375,572.2163696289062,784.9261474609375,582.6245727539062,715.2177124023438,583.2662353515625,769.0942993164062,625.8220825195312,702.2277221679688,626.4931030273438
203,6.766649022164277,744.4282836914062,447.35546875,752.3689575195312,440.2762451171875,736.1997680664062,439.3086242675781,761.83984375,445.9986877441406,719.8494262695312,443.28326416015625,770.639404296875,486.1354064941406,699.5160522460938,482.99908447265625,789.7442016601562,535.330322265625,676.9498291015625,529.270263671875,782.4514770507812,563.5360717773438,666.1777954101562,561.0115966796875,755.9609375,568.475341796875,707.9708862304688,567.5895385742188,778.153564453125,589.4970703125,707.2509155273438,588.2384033203125,782.5138549804688,624.4207763671875,708.7960815429688,623.518310546875
204,6.799982268578879,744.277587890625,447.3509216308594,752.3870849609375,440.3753967285156,736.2355346679688,439.11199951171875,762.0071411132812,446.2426452636719,720.0263671875,442.79522705078125,770.4244995117188,487.00018310546875,699.9268188476562,482.2048034667969,787.7495727539062,538.3282470703125,677.6705932617188,528.1240844726562,773.82861328125,567.10888671875,666.1588745117188,560.736572265625,754.4215087890625,568.9755249023438,706.9480590820312,567.223388671875,773.653564453125,594.3141479492188,706.052490234375,592.2075805664062,778.7067260742188,626.5379638671875,710.395751953125,624.6013793945312
205,6.833315514993481,744.7388305664062,446.99200439453125,752.5391235351562,440.0783996582031,736.61474609375,438.8752746582031,761.8106689453125,446.1597595214844,720.0975952148438,442.8232421875,770.1404418945312,487.0386657714844,699.9224243164062,481.61737060546875,783.8038940429688,539.9580078125,676.5166015625,528.3464965820312,766.510986328125,567.8146362304688,666.2662353515625,561.5772094726562,750.8053588867188,566.944580078125,703.8469848632812,564.4837646484375,766.0869750976562,593.9453735351562,701.6073608398438,591.2288208007812,765.2294311523438,628.2550048828125,704.0847778320312,625.7759399414062
206,6.866648761408084,744.0850830078125,446.58880615234375,751.570556640625,439.5003967285156,735.400390625,439.22076416015625,760.6614990234375,445.616455078125,718.931640625,444.9851379394531,772.4094848632812,486.1265869140625,699.111572265625,483.9806213378906,784.6842041015625,540.6305541992188,674.7500610351562,530.6547241210938,762.5599365234375,572.5604858398438,668.844970703125,562.3310546875,755.7652587890625,563.783935546875,705.4948120117188,562.9625854492188,780.3848876953125,592.4691772460938,706.8767700195312,591.431640625,775.5256958007812,633.1754760742188,704.68115234375,632.7725219726562
207,6.899982007822686,742.4725952148438,447.31097412109375,751.0452270507812,441.4237365722656,735.4487915039062,439.728759765625,761.3246459960938,445.6789245605469,720.15625,441.3463439941406,772.2188720703125,484.91632080078125,697.3280639648438,482.1914978027344,783.1456298828125,539.78857421875,675.4016723632812,533.1260986328125,764.43017578125,578.3621215820312,666.109130859375,562.2423095703125,755.5887451171875,566.97705078125,705.8720092773438,565.5860595703125,777.70068359375,586.0521850585938,707.5723266601562,580.0619506835938,769.3037719726562,631.8727416992188,713.0491333007812,628.1023559570312
208,6.9333152542372884,741.09912109375,447.2053527832031,750.158935546875,441.4049377441406,734.3875122070312,439.8004455566406,761.1065063476562,445.6898193359375,719.8310546875,441.2766418457031,771.8077392578125,484.6789245605469,696.6178588867188,482.14080810546875,782.0576782226562,540.0072021484375,675.367919921875,533.2553100585938,763.4183959960938,579.5830078125,667.2473754882812,562.9181518554688,756.0021362304688,565.94287109375,706.4044189453125,564.8927001953125,775.5703735351562,585.5706176757812,707.2313232421875,579.9241943359375,773.3662109375,629.8805541992188,721.1134643554688,626.4845581054688
209,6.966648500651891,740.4310302734375,446.9422912597656,749.6389770507812,441.2890625,733.764404296875,439.58453369140625,760.7116088867188,445.79510498046875,719.3501586914062,441.076416015625,770.8532104492188,485.38482666015625,696.6029663085938,481.79681396484375,779.0101318359375,540.671875,677.2651977539062,531.888671875,759.9852294921875,578.1517333984375,667.6257934570312,561.7631225585938,755.366455078125,567.4105834960938,706.45458984375,565.7803955078125,774.2357788085938,586.6796875,708.0230712890625,579.0108642578125,774.7049560546875,628.6232299804688,725.9419555664062,622.8519287109375
210,6.999981747066493,739.8419189453125,446.46075439453125,749.084716796875,440.7208557128906,733.3021240234375,439.2025146484375,759.9454345703125,445.3818359375,718.772216796875,440.76422119140625,768.920166015625,485.8062744140625,696.3563842773438,481.6611633300781,775.8995361328125,543.14501953125,677.2824096679688,531.0845947265625,758.3299560546875,585.2167358398438,668.1414184570312,561.8934936523438,754.6759643554688,568.1370849609375,706.6320190429688,566.6055908203125,769.3765258789062,585.7246704101562,703.4627075195312,579.30126953125,775.3132934570312,623.0474853515625,724.70458984375,618.1943359375
211,7.0333149934810955,738.6300659179688,446.4020690917969,747.9871826171875,440.8753662109375,732.2130737304688,439.139404296875,759.120849609375,445.7022705078125,718.114501953125,440.6562805175781,768.4656982421875,486.1827392578125,695.36279296875,481.4045715332031,775.8382568359375,543.3018798828125,676.1622314453125,530.88671875,758.8253173828125,584.8049926757812,667.2676391601562,562.5054321289062,752.9884643554688,568.3748168945312,705.0280151367188,566.3860473632812,767.627685546875,589.0936279296875,703.9238891601562,581.2664184570312,772.2520141601562,626.10302734375,725.8810424804688,619.4527587890625
212,7.066648239895698,737.8870239257812,445.652587890625,746.85693359375,438.76861572265625,730.177001953125,437.7236022949219,757.692626953125,445.7032470703125,715.6517944335938,443.195556640625,766.070556640625,488.328369140625,695.67138671875,484.0550842285156,777.4849853515625,545.6930541992188,671.3944091796875,531.392822265625,760.356689453125,584.3983154296875,666.2557373046875,567.1890258789062,750.5568237304688,567.596923828125,702.9573974609375,566.4935913085938,771.6936645507812,592.5791015625,709.5139770507812,591.2573852539062,774.1707153320312,629.1654663085938,716.1819458007812,627.6845092773438
213,7.0999814863103,736.9599609375,446.2378234863281,745.8005981445312,439.2544860839844,729.0444946289062,438.3159484863281,756.6200561523438,445.7591552734375,714.5390014648438,443.5605163574219,765.956787109375,487.7860107421875,694.7401733398438,484.3670959472656,778.9395751953125,543.8555297851562,671.3934936523438,532.4039306640625,764.0012817382812,579.7373657226562,666.4934692382812,566.9502563476562,750.4216918945312,567.0892944335938,702.1174926757812,566.3759155273438,776.6683349609375,593.6835327148438,712.0612182617188,592.7171630859375,776.1920776367188,630.1978149414062,714.3075561523438,629.046630859375
214,7.1333147327249025,736.8077392578125,446.05474853515625,745.5237426757812,439.0605773925781,728.7832641601562,438.09576416015625,756.0371704101562,445.6623840332031,714.0802001953125,443.34173583984375,765.97705078125,488.0933532714844,694.4279174804688,484.42877197265625,779.6422729492188,543.7042846679688,671.6403198242188,531.9519653320312,764.0895385742188,578.5517578125,665.856201171875,565.7362670898438,750.478759765625,567.2546997070312,702.3170166015625,566.3875732421875,774.946533203125,596.0894165039062,713.0057983398438,594.9794311523438,772.8568725585938,629.6370239257812,715.423828125,628.2802734375
215,7.166647979139505,736.3922729492188,446.06890869140625,744.8541259765625,438.99676513671875,728.27783203125,438.22119140625,755.153564453125,445.3028564453125,713.4501342773438,443.47845458984375,765.4864501953125,487.5452575683594,694.0347290039062,484.5228271484375,779.2596435546875,543.2659912109375,671.1692504882812,531.813232421875,763.556640625,580.6783447265625,665.6863403320312,565.9065551757812,751.3635864257812,567.329345703125,703.17236328125,566.89013671875,777.0340576171875,596.7770385742188,714.7338256835938,596.164794921875,773.6738891601562,630.7901611328125,715.621826171875,630.1038208007812
216,7.199981225554107,735.8230590820312,446.3280944824219,744.3453979492188,439.2125244140625,727.6700439453125,438.50604248046875,754.8402709960938,445.6927490234375,712.80224609375,444.0089111328125,765.4951171875,488.24853515625,693.7166137695312,485.0177001953125,779.5753784179688,544.810302734375,670.16748046875,531.6134033203125,763.2444458007812,583.5931396484375,665.8754272460938,564.739501953125,752.9781494140625,568.0572509765625,704.7123413085938,567.55419921875,775.615966796875,595.5673217773438,713.7632446289062,594.8240966796875,774.4937744140625,630.2686767578125,718.2989501953125,629.4503173828125
217,7.2333144719687095,735.9323120117188,446.6611328125,744.2989501953125,439.4472961425781,727.769775390625,438.8915710449219,754.5894165039062,445.70025634765625,712.7398071289062,444.3836364746094,765.1852416992188,488.4149475097656,693.4199829101562,485.88897705078125,779.4241333007812,544.805908203125,669.5755615234375,532.7954711914062,763.1752319335938,584.2195434570312,665.5468139648438,565.8836059570312,753.877685546875,569.63720703125,705.8109741210938,569.562744140625,774.110107421875,594.34716796875,713.4182739257812,594.080322265625,773.2687377929688,627.8362426757812,719.0857543945312,627.7105712890625
218,7.266647718383312,736.4741821289062,446.9815368652344,744.6051025390625,439.80615234375,728.2810668945312,439.1895751953125,754.4464721679688,445.8699035644531,712.9226684570312,444.33856201171875,764.8878784179688,488.4504089355469,693.5006713867188,485.6954650878906,779.27880859375,544.6943359375,669.92822265625,532.9139404296875,763.843505859375,584.0971069335938,666.0740966796875,566.8921508789062,753.997314453125,570.6639404296875,706.0333862304688,570.5137329101562,775.2035522460938,596.8833618164062,713.6865844726562,596.550048828125,774.2395629882812,629.6572265625,717.7214965820312,629.4674682617188
219,7.299980964797914,735.5604858398438,446.8580627441406,743.9794921875,439.63006591796875,727.384521484375,438.9830322265625,754.3319091796875,445.82427978515625,712.3362426757812,444.25030517578125,765.0587158203125,488.71893310546875,693.377685546875,485.8688659667969,779.6672973632812,545.2144165039062,669.9964599609375,533.3148803710938,764.2933959960938,584.2310180664062,666.333251953125,567.482421875,754.5493774414062,570.9086303710938,706.4347534179688,570.6280517578125,774.4962768554688,596.4404296875,712.5072021484375,595.8407592773438,775.5919799804688,629.1132202148438,718.8219604492188,628.467041015625
220,7.3333142112125165,736.1156616210938,446.94854736328125,744.343994140625,439.738525390625,727.9616088867188,439.0181884765625,754.2603759765625,445.8977966308594,712.4808349609375,444.0503234863281,764.7600708007812,488.9382629394531,692.8856811523438,485.8851013183594,779.7865600585938,545.7103271484375,669.7026977539062,534.015869140625,765.7374267578125,585.5419311523438,666.7371215820312,569.2650756835938,754.967041015625,571.7340087890625,706.6182861328125,571.5060424804688,776.146484375,597.0988159179688,712.9024047851562,596.5843505859375,778.800048828125,629.7025146484375,719.6574096679688,629.1682739257812
221,7.366647457627119,735.4185791015625,447.2170104980469,743.9075317382812,440.0104064941406,727.4036865234375,439.2222900390625,754.2944946289062,446.0101318359375,712.5089111328125,444.0425109863281,765.1068115234375,489.04071044921875,692.5753784179688,485.81671142578125,780.0044555664062,546.0588989257812,669.4476318359375,534.4740600585938,766.6045532226562,587.1405029296875,666.2378540039062,571.9542846679688,753.3277587890625,571.1091918945312,704.4982299804688,570.6749877929688,775.9710083007812,599.4200439453125,711.7156372070312,598.6640625,778.1423950195312,629.27734375,717.7713623046875,628.29638671875
222,7.399980704041721,735.5050048828125,447.5882568359375,744.011962890625,440.4181213378906,727.5394897460938,439.51812744140625,754.298828125,446.28155517578125,712.5593872070312,444.0054016113281,764.5009155273438,488.9252014160156,692.8430786132812,485.35369873046875,779.3274536132812,545.4874267578125,669.7794799804688,533.4140625,767.0663452148438,587.9378051757812,664.7777099609375,572.2305908203125,753.2838134765625,570.6805419921875,704.7592163085938,570.151611328125,777.05419921875,602.0765991210938,711.5469970703125,601.2432250976562,781.3138427734375,629.3118286132812,716.967529296875,628.1903076171875
223,7.4333139504563235,735.227783203125,448.146728515625,744.0903930664062,440.8065185546875,727.3367309570312,439.7981262207031,754.8685302734375,446.200439453125,712.3447265625,443.64154052734375,764.3007202148438,489.0520935058594,693.0182495117188,485.29669189453125,780.104736328125,546.041259765625,670.3225708007812,533.6283569335938,767.93408203125,590.4249877929688,663.1689453125,573.8757934570312,754.1883544921875,573.6674194335938,705.9261474609375,573.1412353515625,773.6892700195312,602.3529052734375,708.7393188476562,601.5112915039062,783.5280151367188,626.0077514648438,718.1239013671875,624.8438110351562
224,7.466647196870926,734.6260986328125,447.74957275390625,744.1204833984375,440.8937072753906,727.3550415039062,439.34478759765625,755.77685546875,446.67218017578125,712.9920043945312,442.7401123046875,765.154541015625,488.55767822265625,692.2359008789062,483.3617248535156,779.649658203125,546.09228515625,668.2593994140625,531.912353515625,768.9921875,590.896240234375,664.5552368164062,573.9130249023438,754.7620849609375,573.2606201171875,705.7822265625,572.1871337890625,773.8935546875,595.7449951171875,711.25732421875,594.2443237304688,786.4342041015625,631.087646484375,726.3861083984375,628.51123046875
225,7.499980443285528,734.10107421875,448.4017028808594,743.8497924804688,441.3860778808594,726.8026123046875,439.9311828613281,756.1370849609375,446.8066711425781,712.9320678710938,443.2939147949219,765.9080810546875,488.2840576171875,692.3858642578125,483.7653503417969,781.2904663085938,545.0299682617188,668.900390625,532.1322021484375,770.015380859375,589.9301147460938,664.7796630859375,574.5623168945312,752.9268798828125,572.005126953125,703.6569213867188,571.1641845703125,776.3897094726562,596.3515625,714.2643432617188,595.1091918945312,786.3003540039062,630.5880737304688,728.2755737304688,628.2702026367188
226,7.5333136897001305,734.3531494140625,448.51007080078125,743.9381103515625,441.607666015625,727.0888671875,440.17559814453125,756.1467895507812,446.87762451171875,713.4067993164062,443.43121337890625,766.384765625,487.4712829589844,692.5696411132812,483.23297119140625,781.55810546875,543.174072265625,668.5798950195312,531.7821044921875,771.4712524414062,589.04248046875,663.7093505859375,577.6034545898438,752.8284912109375,569.2096557617188,703.3526000976562,568.3916015625,778.4481201171875,599.6176147460938,715.4063720703125,598.3655395507812,786.9189453125,632.9961547851562,727.7134399414062,630.6588745117188
227,7.566646936114733,734.2799682617188,448.8588562011719,743.8447875976562,441.89764404296875,726.76904296875,440.3797302246094,756.1470336914062,446.80963134765625,712.8820190429688,443.15179443359375,767.8800659179688,487.77374267578125,693.1397705078125,482.8117980957031,784.5320434570312,544.4389038085938,670.000244140625,531.2784423828125,772.2561645507812,590.8423461914062,662.5147705078125,577.2908935546875,754.9022827148438,572.6621704101562,704.6646728515625,571.1819458007812,776.1277465820312,602.1773071289062,710.1360473632812,600.1500244140625,784.8323974609375,634.7216186523438,720.7760009765625,631.5050659179688
228,7.599980182529335,734.5628051757812,449.17230224609375,744.1049194335938,442.1645202636719,726.86767578125,440.7201843261719,756.452880859375,447.17120361328125,712.6842041015625,443.72955322265625,768.9192504882812,488.10247802734375,692.624755859375,483.7641296386719,786.037841796875,544.2733154296875,668.4633178710938,532.7393188476562,772.3855590820312,591.0390014648438,660.57421875,580.6349487304688,756.8941040039062,573.7527465820312,705.5156860351562,572.5025634765625,777.4191284179688,603.0899658203125,709.2337036132812,601.2681274414062,784.66845703125,636.6870727539062,718.8007202148438,633.8095092773438
229,7.6333134289439375,735.2417602539062,450.46881103515625,745.2822265625,443.40875244140625,727.65234375,441.61114501953125,757.9562377929688,448.0062255859375,713.2095336914062,443.532958984375,770.5849609375,488.24615478515625,691.343994140625,483.05792236328125,788.985107421875,544.7715454101562,667.8742065429688,533.00341796875,774.3383178710938,588.4050903320312,662.1080322265625,579.8563842773438,758.6563720703125,573.6117553710938,705.7167358398438,572.029541015625,774.5921020507812,602.6583251953125,707.1010131835938,600.3858642578125,784.802734375,636.5499267578125,723.0564575195312,633.0719604492188
230,7.66664667535854,736.0625,451.4754333496094,746.2902221679688,444.5973205566406,728.7461547851562,442.4769287109375,758.9500122070312,449.06976318359375,714.2650146484375,443.63385009765625,771.30126953125,488.556396484375,691.4215698242188,482.2301330566406,789.6260375976562,545.4051513671875,667.7206420898438,532.3357543945312,774.8649291992188,587.75146484375,662.4772338867188,579.6355590820312,760.6385498046875,573.8988037109375,707.060546875,571.7935791015625,773.3487548828125,602.4744262695312,703.07666015625,599.5182495117188,789.3837280273438,639.021728515625,723.3309326171875,634.663818359375
231,7.699979921773142,735.76611328125,451.7543640136719,746.0975952148438,444.9429626464844,728.5571899414062,442.7271423339844,758.9080810546875,449.4862060546875,714.3402709960938,443.8165588378906,771.3524169921875,488.9771728515625,691.8379516601562,482.1870422363281,790.2638549804688,545.9395141601562,668.2299194335938,531.8858642578125,774.6693725585938,588.1978149414062,662.4463500976562,579.1061401367188,760.2329711914062,574.17333984375,707.0735473632812,571.7335815429688,769.7787475585938,600.7996215820312,701.3986206054688,597.4996948242188,786.0210571289062,637.5093383789062,722.9681396484375,632.7470703125
232,7.7333131681877445,738.659912109375,453.2321472167969,748.4451904296875,446.4682922363281,731.2974243164062,444.270263671875,760.0335693359375,450.7266540527344,716.0440673828125,444.95623779296875,771.9451293945312,489.5510559082031,692.3792114257812,482.88079833984375,790.8788452148438,545.8923950195312,667.8019409179688,532.7520751953125,775.2127685546875,587.5823974609375,661.5076293945312,580.6270751953125,761.5292358398438,574.987060546875,708.2800903320312,572.74267578125,771.4485473632812,602.2694702148438,702.3687133789062,599.2802124023438,786.194091796875,639.9629516601562,722.1602172851562,635.8648681640625
233,7.766646414602347,740.49658203125,454.6907043457031,750.2163696289062,447.9270324707031,733.103759765625,445.59979248046875,761.3845825195312,452.10198974609375,717.2288818359375,445.951416015625,772.4602661132812,490.6682434082031,692.2781372070312,483.6479187011719,790.8344116210938,547.1641235351562,667.2840576171875,533.86181640625,774.9043579101562,588.5556640625,661.3165283203125,582.2283935546875,760.6734619140625,575.3409423828125,706.9302368164062,573.0510864257812,773.315673828125,605.4224853515625,703.3803100585938,602.51025390625,786.7874755859375,641.9177856445312,721.8345947265625,638.0340576171875
234,7.799979661016949,742.6486206054688,455.7560119628906,752.0841674804688,448.9034729003906,735.1780395507812,446.68701171875,762.7852172851562,452.924560546875,718.8591918945312,447.05517578125,773.4901123046875,491.34222412109375,693.2835083007812,484.99114990234375,791.7344360351562,547.6124877929688,667.6572265625,536.1497802734375,774.9918823242188,588.72607421875,661.2346801757812,585.6961669921875,760.9611206054688,575.338623046875,707.4041748046875,573.4093017578125,774.2601928710938,605.143798828125,705.9819946289062,602.7453002929688,784.9146118164062,641.0317993164062,723.4075927734375,637.98828125
235,7.8333129074315515,741.9428100585938,458.1548156738281,752.1323852539062,451.14520263671875,734.760009765625,448.7237548828125,764.2127075195312,453.9634094238281,719.4007568359375,447.6032409667969,775.6100463867188,491.1644592285156,693.3882446289062,484.0767517089844,792.9105834960938,549.2140502929688,667.0391845703125,536.3724975585938,774.0448608398438,590.1957397460938,661.0630493164062,587.1160278320312,762.5564575195312,574.788330078125,707.947998046875,572.3718872070312,771.847900390625,605.1448364257812,702.951416015625,602.0227661132812,786.7221069335938,640.9765014648438,726.5863037109375,636.7134399414062
236,7.866646153846154,742.9321899414062,458.22393798828125,753.000732421875,451.2385559082031,735.74560546875,448.738037109375,764.6983032226562,453.9935302734375,720.0762939453125,447.3797912597656,776.2426147460938,491.5171203613281,693.7943725585938,484.0242004394531,793.87060546875,550.4735107421875,667.2569580078125,536.9222412109375,772.9977416992188,591.9781494140625,660.5787353515625,588.6185913085938,763.2754516601562,577.11279296875,708.5103149414062,574.4541015625,769.7056884765625,605.2369384765625,700.697509765625,601.892333984375,784.8174438476562,641.7785034179688,724.8099365234375,637.3363037109375
237,7.899979400260756,743.2659912109375,457.4331359863281,753.4342041015625,450.3515319824219,735.8960571289062,447.9118347167969,765.2777709960938,453.6333923339844,720.067138671875,447.260498046875,776.937255859375,492.370849609375,694.2399291992188,485.2052917480469,794.1805419921875,551.8720092773438,667.1925048828125,538.9754638671875,771.927734375,593.471923828125,658.9432983398438,592.0040893554688,763.7151489257812,579.07275390625,708.6453857421875,576.5031127929688,771.9024658203125,609.3232421875,701.9826049804688,606.058837890625,786.4616088867188,644.1995849609375,724.9994506835938,639.7982177734375
238,7.9333126466753585,744.4196166992188,456.22637939453125,754.1339111328125,449.1632995605469,736.974365234375,447.02020263671875,765.5750122070312,452.57989501953125,721.1270751953125,446.973876953125,777.0982055664062,491.317138671875,695.7890625,485.0895080566406,792.7876586914062,550.0098266601562,668.0890502929688,538.701416015625,771.5348510742188,592.6943359375,659.9462890625,592.6068115234375,764.4683227539062,577.6310424804688,709.7945556640625,575.4574584960938,775.7570190429688,607.5032958984375,702.3180541992188,604.6953735351562,788.60400390625,642.0993041992188,720.330322265625,638.355712890625
239,7.966645893089961,745.6963500976562,454.82342529296875,754.9321899414062,447.6682434082031,737.7582397460938,445.8958435058594,765.8482055664062,451.4033508300781,721.2697143554688,446.7644348144531,776.8339233398438,490.6065979003906,697.2761840820312,485.16070556640625,790.436279296875,549.0130615234375,668.4034423828125,538.49365234375,770.4730834960938,594.3338012695312,659.0676879882812,594.5018920898438,764.018798828125,577.6002807617188,709.9343872070312,575.6181640625,778.5026245117188,608.069091796875,701.8027954101562,605.51953125,787.31396484375,643.2880859375,712.154296875,640.0751953125
240,7.999979139504563,746.1763916015625,453.5794677734375,754.519775390625,446.0089111328125,737.7992553710938,445.0740661621094,764.8544921875,449.7779846191406,721.0303955078125,447.47125244140625,776.3799438476562,489.69610595703125,699.864013671875,487.1776428222656,791.898193359375,547.5775756835938,674.4940795898438,541.7730712890625,772.4366455078125,594.1484375,660.5172119140625,597.3470458984375,763.4421997070312,575.4221801757812,710.5719604492188,574.4740600585938,781.2366943359375,613.4619750976562,698.9774780273438,612.0781860351562,792.190185546875,643.0575561523438,704.8969116210938,641.9578857421875
241,8.033312385919166,744.891845703125,452.76904296875,753.27978515625,445.2103271484375,736.6723022460938,444.3525695800781,764.0488891601562,448.8219909667969,720.6600952148438,446.7449951171875,776.2460327148438,488.7357177734375,700.2793579101562,486.5647888183594,791.9332275390625,547.0536499023438,675.3687133789062,542.0564575195312,773.2918701171875,593.6192016601562,661.5790405273438,598.1710815429688,764.4360961914062,575.4075317382812,712.2295532226562,574.5360717773438,779.337646484375,613.8300170898438,699.3540649414062,612.3994140625,791.6821899414062,645.02099609375,707.5462646484375,643.7523193359375
242,8.066645632333769,745.9424438476562,452.1333923339844,753.8805541992188,444.2703857421875,737.4196166992188,443.70916748046875,764.0104370117188,447.4125671386719,720.761474609375,446.03778076171875,776.4734497070312,487.6047668457031,700.3712158203125,486.2823486328125,793.2994384765625,547.4205322265625,676.7203369140625,542.5719604492188,773.4674072265625,594.98583984375,663.6116333007812,595.5814819335938,765.6263427734375,573.993896484375,713.6201782226562,573.8072509765625,780.5653686523438,611.9269409179688,703.781982421875,611.4271850585938,790.343505859375,641.1053466796875,711.7545166015625,641.2472534179688
243,8.09997887874837,746.5380859375,451.5657958984375,754.3401489257812,443.7428283691406,738.0445556640625,443.19586181640625,764.2174072265625,447.1380920410156,721.2125854492188,445.7774658203125,776.7221069335938,487.5279235839844,700.3948364257812,486.2899475097656,793.5316772460938,547.3438110351562,676.7810668945312,542.8225708007812,773.6959838867188,594.1365966796875,664.0796508789062,595.3358154296875,766.0061645507812,573.5933837890625,713.5658569335938,573.4701538085938,782.5150146484375,612.1913452148438,703.1586303710938,611.7693481445312,793.2643432617188,641.75830078125,710.5473022460938,642.0444946289062
244,8.133312125162973,745.4887084960938,450.6670837402344,753.325927734375,442.8647766113281,737.0491943359375,442.36865234375,763.3915405273438,446.16387939453125,720.6033935546875,444.96588134765625,776.0,486.4121398925781,700.4898681640625,485.17352294921875,793.4080200195312,546.4530029296875,677.995361328125,540.7671508789062,773.7197265625,594.60205078125,664.7385864257812,591.7766723632812,765.4070434570312,572.4888305664062,713.8396606445312,572.4269409179688,780.4954223632812,614.4490966796875,705.5213012695312,614.1331176757812,791.8267822265625,644.7243041992188,715.1732788085938,645.154541015625
245,8.166645371577575,743.90283203125,451.1462097167969,751.588623046875,443.2658386230469,735.2611083984375,443.007568359375,761.8709716796875,445.7880859375,719.2571411132812,445.2251892089844,774.7734375,484.72943115234375,700.894775390625,484.1458435058594,791.9754638671875,543.3421630859375,679.2688598632812,538.0149536132812,774.8509521484375,592.6327514648438,664.3875732421875,587.9436645507812,765.922119140625,569.849609375,715.7704467773438,570.1480102539062,780.992919921875,611.2124633789062,709.80908203125,611.2086791992188,789.8156127929688,642.2057495117188,717.2841796875,642.9570922851562
246,8.199978617992178,738.7625732421875,453.5987854003906,746.1078491210938,445.6231994628906,730.7308959960938,445.76116943359375,757.8875122070312,445.2721252441406,716.821533203125,445.7330322265625,773.558837890625,481.7709655761719,699.6505737304688,481.9543762207031,787.1902465820312,541.2022094726562,677.146728515625,536.2654418945312,780.2001953125,589.8726806640625,663.7457885742188,582.9793090820312,765.0086669921875,570.2467651367188,716.8379516601562,570.8330078125,773.3524780273438,601.1226196289062,710.6358642578125,601.240234375,783.9229125976562,641.0924682617188,724.6925659179688,641.0447387695312
247,8.23331186440678,736.7159423828125,455.90399169921875,744.459228515625,447.4019775390625,728.0442504882812,448.0028076171875,756.7185668945312,446.5641174316406,714.0238037109375,448.25244140625,771.55029296875,482.1810607910156,698.655029296875,484.2434387207031,788.8709716796875,540.4782104492188,677.9130859375,537.7413940429688,775.877685546875,590.3330078125,669.1746826171875,581.6929931640625,767.423828125,568.8666381835938,718.6127319335938,570.5050048828125,776.7279052734375,601.6526489257812,709.5040893554688,602.7625122070312,787.5134887695312,634.336181640625,721.023681640625,636.0345458984375
248,8.266645110821383,734.8027954101562,456.7794189453125,742.722412109375,448.3554992675781,726.125732421875,448.99114990234375,755.4739379882812,447.7736511230469,712.5919799804688,449.6307678222656,770.962646484375,483.113525390625,698.1373901367188,485.2299499511719,788.7029418945312,540.880859375,677.9094848632812,537.434326171875,775.9893798828125,591.0130004882812,669.085693359375,580.3876342773438,767.4791259765625,568.0119018554688,718.8196411132812,569.6654052734375,778.5439453125,603.0171508789062,712.2868041992188,604.0275268554688,789.5535278320312,638.220703125,725.1303100585938,639.6569213867188
249,8.299978357235984,733.439208984375,458.3946533203125,741.19482421875,449.60369873046875,724.3676147460938,450.39306640625,753.9459228515625,447.6933898925781,710.3892822265625,449.9110412597656,769.7322387695312,482.6377258300781,696.7217407226562,485.0539245605469,787.0945434570312,541.3995971679688,677.4532470703125,538.4901733398438,775.0480346679688,591.9500122070312,669.0081787109375,581.0992431640625,766.8707885742188,569.406494140625,718.339111328125,571.2374267578125,777.0164184570312,603.7343139648438,712.2562866210938,604.947509765625,786.0157470703125,635.208740234375,723.464599609375,636.8092651367188
250,8.333311603650587,732.4981079101562,459.23760986328125,740.11376953125,450.3844909667969,723.3729858398438,451.1496887207031,752.56884765625,448.01092529296875,708.9571533203125,450.03619384765625,767.9118041992188,482.7884826660156,695.3109741210938,484.8649597167969,785.328369140625,542.0342407226562,676.7247314453125,538.8244018554688,774.7938842773438,591.3535766601562,668.8273315429688,579.9208374023438,765.7801513671875,571.3062133789062,717.580078125,573.046630859375,773.4898681640625,603.4710693359375,709.2794189453125,604.5852661132812,785.8825073242188,635.796875,722.814697265625,637.2586669921875
251,8.366644850065189,730.2958984375,462.3812255859375,738.2098999023438,453.8251037597656,721.2954711914062,453.9266052246094,750.6928100585938,451.30987548828125,706.4259643554688,451.3377990722656,763.4583129882812,484.32159423828125,692.1617431640625,483.4015197753906,780.9189453125,542.1316528320312,676.6427612304688,533.7954711914062,769.5568237304688,595.3070678710938,668.12451171875,576.3048095703125,759.1580810546875,572.3656616210938,711.4898681640625,572.888427734375,770.9683837890625,605.2667236328125,707.0214233398438,605.1959838867188,782.4612426757812,635.78369140625,718.1590576171875,635.9075927734375
252,8.399978096479792,729.4615478515625,462.9844055175781,737.2406616210938,454.55316162109375,720.4166870117188,454.5798645019531,749.0704345703125,452.2922668457031,705.0645751953125,452.1921691894531,760.5072631835938,484.9687194824219,690.0225830078125,484.36151123046875,777.969970703125,542.1015625,675.251953125,535.0994262695312,768.8394165039062,595.7100219726562,667.2728881835938,578.0520629882812,755.3845825195312,572.654541015625,707.283935546875,573.3881225585938,771.6383056640625,609.3121337890625,700.78369140625,609.6073608398438,782.9796142578125,638.0834350585938,704.4623413085938,638.878662109375
253,8.433311342894394,728.7286376953125,463.8599548339844,736.0079956054688,455.486328125,719.594482421875,455.617919921875,747.0449829101562,452.8668212890625,703.9424438476562,453.1186218261719,758.01708984375,484.6271667480469,688.4505004882812,485.17431640625,776.2290649414062,540.60791015625,673.5287475585938,537.62158203125,769.1510620117188,595.106689453125,665.5887451171875,584.7962646484375,752.8548583984375,572.22607421875,704.903564453125,573.527099609375,773.0729370117188,610.7805786132812,699.13525390625,611.7559204101562,781.8297119140625,636.5653686523438,696.2255859375,638.384765625
254,8.466644589308997,724.8878173828125,463.3043518066406,732.4727783203125,454.9049987792969,715.8526000976562,455.1499938964844,744.3392944335938,453.06451416015625,701.165771484375,453.7278137207031,757.6520385742188,486.3514404296875,686.0534057617188,487.3221740722656,776.5084838867188,542.6912231445312,670.390869140625,539.7841186523438,768.136962890625,596.9542846679688,663.1907348632812,586.4588012695312,752.744140625,572.6257934570312,703.4290161132812,574.0189819335938,776.8761596679688,610.0804443359375,699.7789916992188,610.9999389648438,783.8863525390625,636.2024536132812,696.3070678710938,637.584228515625
255,8.499977835723598,724.3203125,463.3493347167969,732.0098876953125,454.9424133300781,715.3800048828125,455.1927185058594,744.2103271484375,453.1507873535156,701.0589599609375,453.8644714355469,757.9981689453125,486.6187438964844,686.0140380859375,487.6585388183594,776.9690551757812,543.0379638671875,670.3294067382812,540.2174682617188,768.0482788085938,597.1159057617188,662.8656616210938,587.097900390625,752.7359008789062,572.1830444335938,703.4306030273438,573.5853271484375,776.9774169921875,609.9979858398438,701.4381103515625,610.8963623046875,783.6615600585938,636.372314453125,699.4866333007812,637.65625
256,8.533311082138201,720.3214111328125,465.6971435546875,728.2744750976562,456.8192443847656,711.0813598632812,457.4375915527344,741.5433959960938,453.5530700683594,697.457763671875,455.2848815917969,758.0066528320312,486.23724365234375,682.9002685546875,488.88104248046875,777.5707397460938,544.310302734375,666.4784545898438,545.5013427734375,769.8324584960938,597.7495727539062,659.8690185546875,594.49658203125,754.084228515625,575.010498046875,702.3517456054688,576.6943359375,773.7752075195312,604.7002563476562,689.436767578125,605.5521240234375,780.9754028320312,633.0294189453125,685.04150390625,634.0882568359375
257,8.566644328552803,717.3185424804688,467.17620849609375,725.336181640625,457.76361083984375,707.8008422851562,458.8119201660156,739.1411743164062,453.06597900390625,694.20458984375,455.8440856933594,756.1680297851562,485.1250915527344,680.11572265625,489.3431091308594,776.6226806640625,544.1654052734375,663.3646240234375,547.69970703125,767.898193359375,599.364990234375,658.60302734375,596.4381103515625,754.430908203125,577.2689819335938,702.1965942382812,579.6595458984375,764.5392456054688,598.2489624023438,681.16796875,599.86181640625,772.308837890625,625.6253662109375,678.970458984375,627.7918090820312
258,8.599977574967406,715.6976318359375,467.85919189453125,723.7041015625,458.1305236816406,706.0200805664062,459.5287780761719,737.6665649414062,452.88238525390625,692.2888793945312,456.5827331542969,754.9065551757812,484.05865478515625,677.676025390625,490.2682800292969,775.3408203125,542.3538208007812,661.2427368164062,549.3248291015625,767.1697387695312,599.4185791015625,657.2540283203125,598.8638305664062,755.9156494140625,572.5642700195312,703.0745849609375,576.3598022460938,771.093994140625,596.1062622070312,688.0750122070312,599.1553955078125,780.0918579101562,619.8677368164062,689.18359375,623.7000122070312
259,8.633310821382008,713.4439697265625,469.4024658203125,721.9052124023438,459.3751220703125,703.8157958984375,461.0321350097656,737.13720703125,453.46160888671875,690.7250366210938,457.78973388671875,755.234619140625,483.77197265625,676.5027465820312,490.9926452636719,775.4659423828125,542.2173461914062,659.70947265625,550.935791015625,766.4579467773438,599.1940307617188,655.1593627929688,601.4542236328125,757.8817138671875,570.1970825195312,704.8402099609375,574.4258422851562,766.6847534179688,597.102783203125,688.9981079101562,600.3945922851562,781.8125,620.316162109375,702.3380126953125,624.2899780273438
260,8.66664406779661,709.9880981445312,475.29510498046875,717.9754028320312,464.9823913574219,700.2373046875,467.060546875,733.3410034179688,456.4720458984375,687.8167724609375,462.0645446777344,754.0071411132812,483.4165954589844,673.67529296875,492.9627990722656,775.4395751953125,540.9473876953125,658.1259155273438,554.0064086914062,766.3980102539062,600.1337890625,653.6591796875,605.890869140625,758.4505004882812,569.4246215820312,704.3381958007812,574.925537109375,774.0234375,596.6304321289062,692.3270874023438,601.15283203125,786.2839965820312,621.8472290039062,701.34912109375,627.1651000976562
261,8.699977314211212,710.6383056640625,477.1893005371094,717.6881713867188,467.15478515625,701.7659912109375,469.0030517578125,731.5299682617188,457.2952575683594,690.1386108398438,462.1627197265625,752.5975341796875,482.3679504394531,674.5451049804688,492.0144348144531,776.6856079101562,537.4500732421875,660.8170776367188,555.161865234375,772.8341674804688,597.1848754882812,653.5701904296875,612.5113525390625,752.1996459960938,569.9174194335938,698.5146484375,575.3875122070312,778.638671875,600.0335083007812,686.693115234375,604.9973754882812,789.1744384765625,631.6665649414062,687.0314331054688,637.5613403320312
262,8.733310560625815,710.885498046875,482.0626220703125,717.9161376953125,471.375,700.853515625,473.9698791503906,731.9144287109375,460.12322998046875,687.4190673828125,467.09478759765625,752.935546875,483.1070861816406,671.3604736328125,495.72369384765625,777.4017944335938,537.4080200195312,658.09521484375,557.0199584960938,765.9605102539062,599.0169677734375,654.2698974609375,611.4484252929688,757.0850830078125,567.04931640625,702.6114501953125,574.4287719726562,776.218994140625,598.7057495117188,696.9862670898438,605.4110717773438,785.8251342773438,620.8198852539062,707.0770263671875,629.3461303710938
263,8.766643807040417,712.1448974609375,483.8453369140625,718.589599609375,473.10693359375,702.1407470703125,475.9266357421875,731.5347290039062,461.1114196777344,687.8790893554688,468.5596618652344,752.6569213867188,483.12890625,670.0260620117188,497.2314758300781,779.5906372070312,535.9434814453125,657.6621704101562,559.3682861328125,767.1611328125,598.0111083984375,654.6737670898438,614.8428344726562,757.50830078125,570.5385131835938,702.6260375976562,578.7719116210938,771.693603515625,601.5006713867188,694.8030395507812,609.2249755859375,783.0396728515625,623.4069213867188,709.0182495117188,633.627197265625
264,8.79997705345502,715.7285766601562,485.3356018066406,721.0301513671875,474.7633972167969,705.7744140625,477.6546936035156,731.9711303710938,462.52874755859375,690.1470336914062,469.9501953125,752.7966918945312,483.7594909667969,670.3077392578125,498.1561584472656,780.0347900390625,535.1340942382812,657.93505859375,560.3551635742188,767.018310546875,597.4193115234375,655.5911254882812,617.6907958984375,758.0761108398438,571.4469604492188,703.679443359375,580.022216796875,770.2149658203125,603.808837890625,697.4856567382812,612.1344604492188,778.8479614257812,624.7835083007812,711.7929077148438,636.158203125
265,8.833310299869622,713.1419677734375,486.5450744628906,718.9033203125,476.090087890625,703.4725341796875,478.72174072265625,730.9154663085938,463.3649597167969,689.1744995117188,470.3038330078125,753.4185791015625,484.0569152832031,669.7685546875,497.53790283203125,781.61279296875,536.6113891601562,658.2760620117188,560.2986450195312,767.7318725585938,599.9303588867188,656.038330078125,619.8517456054688,756.4644165039062,571.5570678710938,701.450927734375,579.4150390625,769.887939453125,605.2883911132812,696.2804565429688,612.688720703125,777.7385864257812,626.8369140625,710.4490966796875,636.7538452148438
266,8.866643546284225,712.9354858398438,486.8266906738281,718.958984375,476.43572998046875,703.533203125,478.8928527832031,731.3203735351562,463.889404296875,689.6177978515625,470.41717529296875,754.038330078125,484.7616882324219,669.5935668945312,497.7350769042969,782.13525390625,537.462890625,657.382568359375,560.6873779296875,768.6043701171875,600.4287109375,655.5636596679688,621.4838256835938,757.1259155273438,573.9927978515625,700.7216796875,581.4990844726562,773.3862915039062,606.30859375,690.4910278320312,613.1528930664062,785.7362060546875,629.7484130859375,703.5428466796875,638.8590087890625
267,8.899976792698826,713.0223999023438,486.5188293457031,719.0011596679688,476.1912841796875,703.634521484375,478.6553649902344,731.2499389648438,463.9143371582031,689.6904296875,470.4909973144531,753.5450439453125,484.8872375488281,669.8043212890625,497.97930908203125,781.2757568359375,537.1478881835938,657.804443359375,560.5970458984375,768.7119750976562,600.1129760742188,655.6406860351562,621.1756591796875,756.3985595703125,573.437255859375,700.4689331054688,581.0418701171875,774.3847045898438,605.927978515625,692.1207275390625,612.9044799804688,786.123779296875,629.678466796875,704.2747192382812,638.9639282226562
268,8.93331003911343,714.4848022460938,485.2247619628906,720.6553344726562,474.8644104003906,705.0851440429688,477.3238220214844,732.88232421875,463.3543395996094,690.5258178710938,469.737548828125,753.7774047851562,485.38812255859375,670.6639404296875,497.9758605957031,781.1594848632812,539.1539306640625,658.3170166015625,561.1657104492188,768.998779296875,602.6430053710938,655.69140625,621.3095092773438,757.685791015625,572.8517456054688,701.9634399414062,580.2601928710938,771.1287231445312,602.5328369140625,688.2577514648438,609.3074340820312,791.21728515625,627.7211303710938,708.2670288085938,636.9022827148438
269,8.966643285528031,711.6698608398438,485.07763671875,719.0472412109375,474.96856689453125,703.3154296875,476.41436767578125,734.5798950195312,463.72064208984375,692.0452270507812,468.0962829589844,760.3546752929688,486.9065246582031,673.421630859375,495.6339111328125,785.2518920898438,546.1275634765625,657.9962768554688,560.0823974609375,773.3585815429688,605.48193359375,654.617919921875,618.509521484375,760.1431884765625,575.6708374023438,701.8187866210938,580.52685546875,777.8644409179688,603.5569458007812,689.3562622070312,607.5676879882812,793.2100219726562,634.386474609375,704.28466796875,638.703369140625
270,8.999976531942634,715.89599609375,482.9254455566406,723.1799926757812,472.84552001953125,706.9744262695312,474.41912841796875,737.5990600585938,461.3001708984375,694.5079345703125,465.4628601074219,758.5345458984375,485.1216125488281,676.4588623046875,494.26446533203125,782.5780029296875,541.4448852539062,660.1265258789062,560.386962890625,778.3016357421875,605.9271240234375,654.53271484375,626.2824096679688,755.1099243164062,586.2578125,698.8445434570312,591.3109741210938,779.2026977539062,622.1009521484375,685.1669311523438,626.6181030273438,787.7470703125,658.9188842773438,684.3963012695312,664.3795776367188
271,9.033309778357236,726.1864013671875,476.404541015625,732.703369140625,465.6676025390625,716.5416259765625,467.7251281738281,744.7610473632812,455.118896484375,700.931640625,460.77557373046875,762.2330932617188,481.97247314453125,681.0419921875,492.83966064453125,780.525146484375,542.8577880859375,665.7525024414062,562.0071411132812,771.5667724609375,604.5397338867188,658.0909423828125,622.4989013671875,757.07080078125,576.2824096679688,701.0333251953125,582.4760131835938,779.3477783203125,606.0989379882812,686.1812744140625,612.163330078125,792.3736572265625,626.5504760742188,688.1978759765625,634.7088012695312
272,9.066643024771839,729.7415771484375,472.2897644042969,736.6898803710938,462.1155090332031,720.395751953125,463.36114501953125,748.3634033203125,453.67584228515625,704.5303344726562,457.2171630859375,764.5784912109375,482.80377197265625,683.42919921875,490.9367980957031,782.4790649414062,543.4409790039062,667.2387084960938,559.6102294921875,771.5794677734375,600.7055053710938,660.4202270507812,620.3264770507812,756.3526000976562,581.35400390625,699.4818725585938,585.9349365234375,777.5180053710938,613.4664916992188,679.4467163085938,617.8916015625,787.6548461914062,636.17626953125,673.37646484375,642.3361206054688
273,9.09997627118644,731.3417358398438,468.65576171875,738.9829711914062,458.75445556640625,722.1718139648438,459.666015625,751.2553100585938,452.32659912109375,706.3751831054688,454.9974670410156,766.7057495117188,483.34576416015625,685.4962158203125,490.237060546875,785.0396118164062,542.93115234375,667.7970581054688,556.9553833007812,771.1754150390625,597.4240112304688,661.9002685546875,617.3632202148438,759.495849609375,582.3171997070312,702.1221923828125,586.1373291015625,777.4273681640625,613.8404541015625,676.8483276367188,617.266357421875,792.5451049804688,635.9290161132812,675.264892578125,640.8068237304688
274,9.133309517601043,736.3954467773438,466.8821105957031,743.6079711914062,457.4726257324219,727.7364501953125,457.82861328125,754.3011474609375,451.132568359375,711.059814453125,452.14190673828125,767.7967529296875,481.30584716796875,686.8043212890625,486.3915100097656,785.86083984375,542.4188232421875,669.182373046875,553.692626953125,771.9171752929688,596.1344604492188,663.4412231445312,611.985107421875,758.874755859375,580.0128173828125,701.625244140625,583.4024047851562,776.0774536132812,617.4661254882812,677.398193359375,620.9000244140625,792.135009765625,644.0198364257812,675.39208984375,649.2470703125
275,9.166642764015645,741.238037109375,466.2875671386719,750.1290893554688,457.174072265625,732.1769409179688,456.0212707519531,761.4080200195312,454.2062683105469,713.83251953125,450.93475341796875,768.4530639648438,487.1358947753906,689.6365356445312,486.7023620605469,785.5460205078125,546.608154296875,672.6566162109375,552.2345581054688,771.8466796875,588.6445922851562,664.8331298828125,608.0787353515625,756.8870239257812,581.4230346679688,702.3076171875,582.313720703125,770.5010375976562,622.0098876953125,686.7726440429688,622.7009887695312,781.3865966796875,644.2423095703125,687.0952758789062,645.9547729492188
276,9.199976010430248,744.3733520507812,465.183837890625,753.6696166992188,456.27374267578125,735.1171264648438,454.8324279785156,765.1068725585938,454.6686096191406,716.7833862304688,450.64959716796875,770.7420654296875,488.5229187011719,693.1982421875,487.3485107421875,791.1881103515625,543.9218139648438,674.0899658203125,550.4067993164062,787.2871704101562,579.1859130859375,663.5664672851562,602.6220703125,757.4953002929688,582.0441284179688,703.912109375,582.4332885742188,774.0632934570312,615.1360473632812,689.7728881835938,615.21240234375,781.6134643554688,636.9163208007812,683.4146728515625,637.8397216796875
277,9.23330925684485,747.9182739257812,464.71087646484375,756.6979370117188,455.8843078613281,738.7511596679688,454.4375305175781,767.1325073242188,454.9944763183594,719.962158203125,450.7784423828125,772.9423828125,490.40618896484375,695.2781982421875,489.0014953613281,793.4630126953125,546.3324584960938,674.8175659179688,552.8407592773438,793.98095703125,579.009765625,663.3179931640625,602.3172607421875,761.1829833984375,583.688720703125,708.140380859375,584.3218994140625,780.5807495117188,613.4825439453125,699.1846313476562,613.8583984375,787.0612182617188,637.3218383789062,693.3543701171875,638.4485473632812
278,9.266642503259453,750.7738037109375,463.25689697265625,758.5294189453125,454.6304931640625,742.4155883789062,454.18072509765625,768.471435546875,452.1878356933594,725.6762084960938,450.5648498535156,776.9003295898438,487.9505615234375,698.72314453125,489.22308349609375,794.8744506835938,545.4869384765625,671.8370361328125,555.4207153320312,799.5911865234375,582.583984375,658.0983276367188,607.0298461914062,758.80078125,587.75732421875,706.0225830078125,589.3880004882812,782.6770629882812,613.0315551757812,700.5845947265625,614.6430053710938,783.90869140625,652.0198364257812,694.184814453125,654.7435913085938
279,9.299975749674054,750.9124755859375,463.25372314453125,758.5955810546875,454.6173400878906,742.5368041992188,454.1478271484375,768.4148559570312,452.1197204589844,725.5850219726562,450.40496826171875,776.9033203125,487.7926025390625,698.535888671875,488.95391845703125,795.002197265625,545.6021728515625,671.93359375,555.2866821289062,799.5416870117188,582.9456787109375,658.0911254882812,606.9860229492188,759.7158203125,587.7423706054688,706.6842041015625,589.3948974609375,784.1315307617188,614.6558837890625,700.9723510742188,616.2753295898438,787.130859375,653.4567260742188,695.5913696289062,656.1883544921875
280,9.333308996088657,753.052734375,464.117431640625,760.6337280273438,456.14886474609375,744.7886352539062,455.40625,769.5677490234375,454.6651916503906,727.9449462890625,452.5951843261719,781.10888671875,489.26904296875,700.709716796875,490.0061950683594,797.6873779296875,543.1226806640625,674.0318603515625,549.2589111328125,807.4736938476562,586.224609375,652.3973999023438,602.3452758789062,764.7280883789062,579.4711303710938,710.5960083007812,580.8579711914062,789.1380004882812,619.8463134765625,707.2802734375,621.3175048828125,794.1253051757812,649.3792114257812,699.0718383789062,651.3812866210938
281,9.366642242503259,752.2748413085938,463.4693908691406,760.4179077148438,455.69256591796875,744.5867309570312,454.8346252441406,770.486328125,455.0326843261719,729.5919799804688,452.7890930175781,782.158935546875,490.7919616699219,703.1508178710938,491.13409423828125,799.6033935546875,544.4966430664062,675.7793579101562,549.7513427734375,810.4150390625,584.9459228515625,654.6281127929688,599.9944458007812,763.6716918945312,580.7882080078125,710.5578002929688,581.7396240234375,786.0249633789062,619.0238037109375,705.8220825195312,620.0399169921875,790.2513427734375,645.818603515625,696.7972412109375,647.0180053710938
282,9.399975488917862,753.8167114257812,462.1761169433594,761.9705810546875,454.4061584472656,746.1414794921875,453.6881103515625,772.2316284179688,454.2330322265625,731.3690795898438,452.22149658203125,784.2708129882812,491.2550048828125,705.4058227539062,490.958740234375,802.0017700195312,546.120849609375,676.8458862304688,548.220947265625,813.8147583007812,585.625244140625,657.33349609375,593.6563110351562,764.75048828125,581.6318359375,713.2393798828125,582.0712280273438,775.564208984375,618.0189819335938,706.43505859375,618.5706176757812,776.1475219726562,644.6057739257812,702.5097045898438,645.4511108398438
283,9.433308735332464,758.3197631835938,459.234619140625,766.6445922851562,451.0679016113281,749.4920043945312,450.10284423828125,776.1318359375,453.0023193359375,732.535400390625,450.0812683105469,785.8858642578125,493.68682861328125,708.201171875,491.1055908203125,807.0518798828125,549.8323364257812,681.2613525390625,548.24169921875,814.1027221679688,583.5533447265625,666.2998657226562,589.6736450195312,766.8161010742188,586.581787109375,714.6063232421875,585.9088745117188,788.5491333007812,627.9631958007812,711.1792602539062,627.225830078125,787.4017944335938,645.0173950195312,700.278076171875,644.6128540039062
284,9.466641981747067,760.7039794921875,457.13232421875,768.8733520507812,448.9366760253906,751.8320922851562,447.9899597167969,777.6981811523438,451.42315673828125,734.1148681640625,448.3844909667969,785.8641967773438,493.32830810546875,708.6810302734375,490.3859558105469,809.4465942382812,549.9888916015625,681.2373657226562,546.7607421875,825.9160766601562,589.5625,665.2578735351562,587.7796020507812,764.2784423828125,583.8351440429688,713.4632568359375,583.3258666992188,785.0924072265625,623.3916015625,716.1729736328125,623.2540893554688,781.738037109375,640.9600219726562,707.1055908203125,641.58544921875
285,9.499975228161668,761.3406372070312,453.9678039550781,769.436767578125,445.8912658691406,752.4842529296875,445.06695556640625,778.1212158203125,449.48822021484375,734.6981811523438,446.7392883300781,787.0785522460938,492.3985900878906,708.2017822265625,490.2039794921875,810.9595947265625,547.8871459960938,680.59228515625,546.4017944335938,831.6939697265625,583.756591796875,665.6350708007812,583.1220703125,766.5454711914062,581.6243896484375,713.9317016601562,581.597412109375,795.5703125,619.4497680664062,717.601806640625,619.70068359375,794.7051391601562,641.3367309570312,706.3833618164062,642.3250122070312
286,9.533308474576272,759.9000244140625,452.1520080566406,768.3184204101562,444.2705078125,751.4385986328125,443.2745666503906,777.6917724609375,448.1345520019531,734.6114501953125,445.0157470703125,787.4277954101562,491.25048828125,708.1429443359375,488.88873291015625,811.778564453125,546.1272583007812,680.211181640625,544.7538452148438,831.6832275390625,581.7182006835938,665.8350219726562,582.993408203125,769.5023193359375,581.2860107421875,716.3071899414062,581.2767944335938,800.6732177734375,620.6426391601562,719.0735473632812,620.6495971679688,805.1786499023438,642.3042602539062,710.9973754882812,642.6500244140625
287,9.566641720990873,759.6460571289062,449.7083740234375,768.0894165039062,442.2552490234375,751.6325073242188,440.9485168457031,777.3067016601562,447.0151672363281,735.1790771484375,443.0297546386719,787.6224365234375,491.126708984375,708.1119995117188,487.2012023925781,812.5653686523438,546.6239013671875,680.0851440429688,541.6990356445312,832.2843017578125,582.6280517578125,666.5556640625,579.2514038085938,770.7943725585938,582.8826904296875,717.3870239257812,582.1253662109375,799.4191284179688,622.4724731445312,715.9599609375,621.5615844726562,809.4739379882812,647.7511596679688,712.1006469726562,646.8836669921875
288,9.599974967405476,758.2513427734375,449.20355224609375,767.0684814453125,441.56536865234375,750.1267700195312,440.37872314453125,777.1248779296875,446.0500183105469,734.1653442382812,442.47296142578125,787.958740234375,490.29913330078125,708.1170654296875,486.9169921875,813.0701293945312,545.8892211914062,679.7984619140625,541.5971069335938,832.1072387695312,581.2638549804688,666.5166015625,578.4288940429688,771.9222412109375,583.4982299804688,718.2513427734375,582.9228515625,800.3397216796875,621.33740234375,715.8201293945312,620.4705810546875,811.1902465820312,646.9501342773438,712.4359741210938,645.9450073242188
289,9.633308213820078,758.0318603515625,448.67547607421875,766.7025146484375,441.11810302734375,749.7738037109375,439.9410400390625,776.3784790039062,445.7917175292969,733.6866455078125,442.268310546875,786.967529296875,490.0992431640625,707.8215942382812,486.6620178222656,812.4879150390625,545.1802978515625,680.1437377929688,540.686767578125,832.7928466796875,581.4536743164062,665.5853881835938,577.61328125,768.723388671875,582.7940063476562,715.8153076171875,582.1420288085938,798.2540893554688,624.2284545898438,718.0874633789062,623.4342041015625,804.227783203125,649.7516479492188,711.653564453125,648.95751953125
290,9.66664146023468,758.2951049804688,448.18963623046875,766.7047729492188,440.56072998046875,749.9013061523438,439.47406005859375,775.8399658203125,445.0180358886719,733.354248046875,441.68389892578125,785.9559936523438,489.65509033203125,707.3924560546875,486.4603271484375,811.5100708007812,544.3701171875,679.2698974609375,540.5776977539062,832.7247924804688,580.8057250976562,665.7138061523438,577.586669921875,767.1707763671875,584.6281127929688,715.1837768554688,584.1060791015625,793.9110107421875,623.375,718.880126953125,622.8252563476562,795.6583251953125,647.5821533203125,711.4051513671875,647.2058715820312
291,9.699974706649282,758.395751953125,448.3186340332031,766.8046264648438,440.66058349609375,750.0574340820312,439.577392578125,775.9150390625,445.0098571777344,733.477294921875,441.69427490234375,786.061767578125,489.5666809082031,707.288818359375,486.6042785644531,811.9352416992188,544.285888671875,679.606201171875,541.1312866210938,832.1065063476562,580.1322021484375,665.947509765625,577.9793701171875,767.6199951171875,585.1099243164062,715.360107421875,584.7296752929688,794.2511596679688,624.8668212890625,718.18505859375,624.4580688476562,798.073974609375,648.6531982421875,712.1070556640625,648.4708251953125
292,9.733307953063886,757.7748413085938,447.6064453125,765.943359375,440.117919921875,749.537353515625,439.086669921875,774.7674560546875,444.67291259765625,733.19921875,441.4913635253906,785.1574096679688,489.25140380859375,707.1546020507812,486.1844482421875,810.953125,543.354248046875,679.1318969726562,539.7310180664062,831.2821044921875,579.9935913085938,666.4855346679688,577.1312255859375,765.9088745117188,584.0966186523438,714.8395385742188,583.6034545898438,790.380859375,620.382568359375,720.2589111328125,619.8804931640625,790.2886352539062,645.8193359375,714.8222045898438,645.5659790039062
293,9.766641199478487,755.5032348632812,446.54486083984375,763.5875244140625,439.30572509765625,747.5973510742188,438.26959228515625,772.6939697265625,444.1825256347656,731.983154296875,441.0823974609375,784.453125,488.58935546875,706.4368286132812,485.6251220703125,811.3859252929688,541.510986328125,677.9656372070312,537.6243286132812,829.0935668945312,579.3410034179688,666.9605712890625,576.6417236328125,768.0471801757812,583.8101196289062,716.6996459960938,583.3421630859375,792.6314086914062,616.4717407226562,719.3742065429688,615.7815551757812,795.468017578125,644.4747924804688,716.15478515625,643.8956298828125
294,9.79997444589309,753.6112670898438,445.1726379394531,761.7840576171875,438.0631408691406,745.8565673828125,437.03326416015625,771.151611328125,443.33551025390625,730.7813720703125,440.3269958496094,783.0452270507812,487.8368225097656,705.6578369140625,484.8133850097656,809.479248046875,540.5980834960938,677.8563842773438,536.2410888671875,826.8074951171875,577.844970703125,667.7640991210938,574.3438720703125,765.910400390625,581.5084228515625,714.7359619140625,580.9210205078125,792.1259155273438,615.1367797851562,717.709716796875,614.2824096679688,795.7442016601562,644.878173828125,714.3486328125,644.0274047851562
295,9.833307692307692,752.705322265625,444.279296875,760.7890625,437.2162780761719,744.921142578125,436.165283203125,770.007568359375,442.5749816894531,729.675537109375,439.47589111328125,781.8103637695312,486.87603759765625,704.6979370117188,483.65997314453125,807.7974243164062,539.8729248046875,677.4702758789062,535.1341552734375,822.99658203125,575.7919921875,668.5598754882812,572.3855590820312,764.8701171875,580.2479248046875,713.990234375,579.5697631835938,789.4894409179688,616.7520751953125,717.5968017578125,615.8190307617188,792.9795532226562,647.8554077148438,715.9439086914062,646.9542236328125
296,9.866640938722295,748.0242919921875,443.0523681640625,756.680419921875,436.0326232910156,740.4257202148438,434.943359375,767.0999145507812,441.3017272949219,726.5497436523438,438.23321533203125,779.4235229492188,485.85260009765625,703.6378784179688,482.2104187011719,803.246826171875,539.6246948242188,676.4229125976562,533.0785522460938,812.1393432617188,576.049072265625,668.7239990234375,571.8856201171875,763.2922973632812,582.941650390625,713.7296142578125,581.7420654296875,779.3068237304688,626.7147216796875,714.844482421875,625.0087890625,782.609619140625,655.44677734375,717.5414428710938,653.29541015625
297,9.899974185136896,744.7868041992188,441.48675537109375,753.6341552734375,434.60797119140625,737.5234985351562,433.5308837890625,764.8386840820312,440.336669921875,725.0078125,437.4526672363281,778.0256958007812,485.41668701171875,703.21826171875,481.870849609375,801.5296020507812,538.9868774414062,676.6390991210938,532.000732421875,808.1885375976562,576.043701171875,669.38427734375,571.0880126953125,761.89794921875,582.4561157226562,712.7551879882812,581.1609497070312,777.9972534179688,631.1567993164062,713.9657592773438,629.3126831054688,780.5862426757812,658.4021606445312,715.2354125976562,655.8778076171875
298,9.9333074315515,743.830078125,440.9277038574219,752.1798706054688,434.2076110839844,736.8392333984375,433.38726806640625,763.7097778320312,439.0236511230469,724.7376708984375,436.94085693359375,778.9891357421875,482.0328674316406,701.6717529296875,479.6744689941406,799.8171997070312,534.294921875,672.6004028320312,528.4299926757812,811.5866088867188,574.7620849609375,659.9337768554688,568.951904296875,761.380126953125,579.9866943359375,710.501953125,579.206787109375,778.866455078125,627.9928588867188,710.5807495117188,626.8565063476562,779.7299194335938,663.9117431640625,707.1893920898438,662.1119995117188
299,9.966640677966101,742.9420776367188,440.4425964355469,751.1202392578125,433.78338623046875,735.9171142578125,432.87408447265625,762.4411010742188,438.5295715332031,723.6980590820312,436.1871643066406,778.4526977539062,481.41790771484375,700.6627197265625,478.67095947265625,799.2539672851562,534.4910278320312,671.7670288085938,528.3546752929688,811.1107788085938,575.8245239257812,659.1281127929688,570.9715576171875,762.2302856445312,580.4497680664062,710.477294921875,579.5013427734375,783.6314086914062,632.3701171875,710.0999755859375,630.953369140625,786.4323120117188,669.9891357421875,704.8681640625,667.6854248046875
300,9.999973924380704,741.8952026367188,439.69378662109375,750.0186157226562,432.9875793457031,734.6553955078125,432.1355285644531,761.3139038085938,437.7676086425781,722.1128540039062,435.5958251953125,777.4194946289062,480.51422119140625,700.2017822265625,477.95361328125,798.2842407226562,533.237060546875,671.7845458984375,527.348388671875,809.7581176757812,574.8626708984375,659.0531616210938,570.3715209960938,763.0773315429688,579.0823974609375,711.6519165039062,578.2300415039062,784.8211059570312,630.0631713867188,711.0834350585938,628.6566162109375,789.4808349609375,667.8241577148438,707.2764282226562,665.4525756835938
301,10.033307170795306,741.1217651367188,438.938720703125,749.8401489257812,431.8310852050781,733.1416625976562,430.2651672363281,760.8074340820312,436.5160217285156,718.7039794921875,432.1260986328125,772.3875122070312,481.25115966796875,698.18310546875,475.1655578613281,797.7789306640625,536.99658203125,676.027587890625,526.113037109375,801.3400268554688,580.0006713867188,667.281494140625,570.3460083007812,758.0639038085938,585.6297607421875,709.20751953125,583.4793090820312,780.1765747070312,631.7233276367188,714.771240234375,628.7311401367188,784.7932739257812,667.8248291015625,717.9332275390625,664.0732421875
302,10.066640417209909,739.19482421875,437.1426696777344,748.2335815429688,430.60076904296875,731.7346801757812,429.7485656738281,760.5972900390625,435.5206298828125,718.968994140625,432.8232421875,772.2842407226562,478.8204040527344,699.8590087890625,477.03594970703125,796.7526245117188,532.4777221679688,675.4987182617188,529.419189453125,802.8960571289062,577.5834350585938,666.9635009765625,576.61572265625,758.6074829101562,580.3952026367188,709.8265380859375,580.9680786132812,784.349853515625,634.87890625,716.3692016601562,632.5187377929688,791.294921875,660.4901733398438,724.5704956054688,655.2940673828125
303,10.09997366362451,739.1452026367188,437.12249755859375,748.234130859375,430.55743408203125,731.609375,429.6898193359375,760.7279663085938,435.49798583984375,718.771484375,432.79315185546875,772.430419921875,478.8471984863281,699.721435546875,477.175537109375,796.9390869140625,532.5154418945312,675.562255859375,529.8494873046875,802.9418334960938,577.7992553710938,666.9442749023438,577.337890625,758.5393676757812,580.424560546875,709.574951171875,581.0354614257812,784.77294921875,635.0230712890625,716.4812622070312,632.837890625,790.5787963867188,661.9168701171875,723.7339477539062,657.2047119140625
304,10.133306910039114,738.8652954101562,437.2044982910156,747.17529296875,430.0996398925781,730.6495361328125,428.79327392578125,757.78466796875,434.8178405761719,716.2250366210938,431.1930847167969,770.2963256835938,480.03692626953125,696.4913940429688,474.8450622558594,796.4398803710938,536.3411865234375,674.8395385742188,526.8837280273438,801.668701171875,581.2413940429688,666.9688110351562,572.3532104492188,755.9078369140625,586.9015502929688,707.1506958007812,585.0970458984375,782.400146484375,637.8345336914062,716.0823974609375,635.2272338867188,782.8666381835938,674.0618896484375,713.4605102539062,670.8073120117188
305,10.166640156453715,737.6206665039062,435.86175537109375,745.7002563476562,428.9681701660156,729.4674682617188,427.6382141113281,755.7420043945312,434.78009033203125,714.9658203125,431.13714599609375,768.87451171875,481.17938232421875,694.5941162109375,476.21636962890625,796.5164184570312,536.5178833007812,673.1407470703125,527.6624145507812,801.4553833007812,580.0208129882812,664.8187866210938,572.0902709960938,754.5867309570312,585.7577514648438,705.7796630859375,584.2689819335938,785.3780517578125,638.2965087890625,721.0700073242188,636.0966796875,784.691162109375,674.3406982421875,719.185546875,671.5281372070312
306,10.199973402868318,736.3595581054688,435.6009521484375,744.5945434570312,428.6814270019531,728.1871337890625,427.38055419921875,754.756103515625,435.2320251464844,713.7789306640625,431.6730041503906,767.885009765625,482.42401123046875,693.4534912109375,477.7721862792969,796.429931640625,536.16748046875,672.2018432617188,528.3023071289062,801.5181884765625,578.2116088867188,663.0901489257812,572.1912231445312,753.3502197265625,583.5699462890625,704.9921875,582.1600341796875,779.2732543945312,628.0638427734375,718.4840087890625,625.9534912109375,777.98974609375,662.5130004882812,719.504150390625,659.9263305664062
307,10.23330664928292,735.7532958984375,435.5555114746094,743.6288452148438,428.51129150390625,727.3203735351562,427.6887512207031,753.3060302734375,435.3500061035156,712.3496704101562,432.99542236328125,767.9198608398438,482.75689697265625,691.9559326171875,480.2842102050781,798.5978393554688,535.1592407226562,671.0960693359375,531.7098388671875,803.6770629882812,573.5315551757812,661.2456665039062,572.443115234375,756.4999389648438,583.689208984375,707.1666870117188,583.2760009765625,778.1190795898438,621.7372436523438,714.8499145507812,620.5504760742188,782.8021850585938,657.9212646484375,722.0193481445312,656.5838623046875
308,10.266639895697523,735.1339721679688,436.9205322265625,742.739013671875,429.8035583496094,726.3444213867188,429.5917663574219,751.9118041992188,438.2022705078125,710.82080078125,437.5778503417969,767.9572143554688,485.5001220703125,689.9962768554688,486.94171142578125,797.9447631835938,532.7764892578125,667.5869750976562,537.8165283203125,811.756591796875,563.2145385742188,660.6203002929688,572.74951171875,761.103515625,579.56494140625,709.0018920898438,581.1283569335938,790.5747680664062,618.7210693359375,714.74169921875,619.5523681640625,795.331298828125,647.4802856445312,712.6904907226562,648.3710327148438
309,10.299973142112124,735.6661376953125,437.2701416015625,742.7261352539062,429.890625,726.5741577148438,430.0778503417969,751.2786865234375,438.005615234375,710.087646484375,438.4212951660156,767.428466796875,484.5894775390625,689.4141845703125,488.1167297363281,798.2745971679688,529.4854125976562,666.8844604492188,539.0726928710938,812.1158447265625,558.5987548828125,661.0017700195312,573.40283203125,763.1605834960938,577.8396606445312,710.8868408203125,580.5086669921875,793.5184936523438,608.9202270507812,715.4916381835938,610.9486083984375,796.7550659179688,638.475341796875,711.9689331054688,641.114501953125
310,10.333306388526728,734.7058715820312,437.59490966796875,741.5391845703125,430.05108642578125,725.5263671875,430.603271484375,750.24072265625,437.70721435546875,709.3984985351562,439.0971374511719,767.392333984375,484.09539794921875,689.6397705078125,488.7518310546875,798.1074829101562,528.8489990234375,666.9199829101562,540.0665893554688,813.2286987304688,557.3325805664062,662.0354614257812,572.7180786132812,763.6114501953125,577.7113037109375,712.032958984375,580.7416381835938,790.7810668945312,602.4365844726562,715.4400634765625,604.7896728515625,791.0216674804688,632.7350463867188,711.6363525390625,635.80078125
311,10.366639634941329,733.1388549804688,437.5743408203125,740.3640747070312,430.1932373046875,724.3296508789062,430.5421447753906,749.732421875,437.8367919921875,709.113037109375,438.75299072265625,766.0308837890625,483.6139831542969,689.8407592773438,487.65228271484375,797.7064819335938,527.680419921875,668.2538452148438,537.4871215820312,815.4925537109375,558.3455810546875,662.3933715820312,570.6710205078125,761.7318115234375,575.787841796875,711.0582885742188,578.60498046875,789.06982421875,605.6188354492188,715.141845703125,607.7782592773438,793.0324096679688,633.7797241210938,712.6773071289062,636.4745483398438
312,10.399972881355932,731.659912109375,437.8572082519531,739.2081909179688,430.4942932128906,723.06201171875,430.78240966796875,749.2418823242188,438.12347412109375,708.6373291015625,438.86431884765625,766.2442626953125,484.163818359375,689.3003540039062,487.8751525878906,798.824462890625,528.357177734375,667.8045043945312,537.2991333007812,818.2192993164062,560.0870361328125,662.7587280273438,570.468017578125,762.0891723632812,576.8130493164062,711.2514038085938,579.4412231445312,786.6246948242188,608.191650390625,714.2017822265625,610.0635375976562,792.05419921875,634.96435546875,714.5465087890625,637.1293334960938
313,10.433306127770534,730.4156494140625,438.927978515625,738.3456420898438,431.5470275878906,722.0399169921875,431.79083251953125,749.182373046875,438.8018798828125,708.5430908203125,439.4697265625,766.2440795898438,484.57049560546875,689.4129028320312,487.9919738769531,799.0003051757812,528.7886962890625,668.142333984375,536.4222412109375,820.07958984375,561.5267333984375,662.78857421875,568.333984375,761.0220947265625,576.5867309570312,710.5191040039062,579.0994262695312,785.3546142578125,612.035400390625,715.5730590820312,613.8069458007812,790.8724365234375,636.6380004882812,716.6314697265625,638.492919921875
314,10.466639374185137,731.7341918945312,439.9209289550781,739.3412475585938,432.4648742675781,723.2359008789062,432.76763916015625,749.4575805664062,439.2353515625,708.8004760742188,439.9295654296875,765.7454223632812,484.354248046875,689.0892944335938,487.8867492675781,798.3875122070312,528.5225219726562,668.022705078125,536.482177734375,820.4252319335938,562.0819702148438,663.3411254882812,568.2297973632812,760.7069702148438,576.7023315429688,710.45654296875,579.34814453125,782.381103515625,608.1682739257812,713.480712890625,610.1976928710938,788.1795043945312,633.452880859375,715.57763671875,635.8809814453125
315,10.499972620599738,731.2978515625,439.9822692871094,739.099853515625,432.53155517578125,722.8488159179688,432.7706298828125,749.5789794921875,439.34521484375,708.5414428710938,439.9446716308594,765.7313842773438,484.3689270019531,689.1211547851562,487.7372131347656,798.1492309570312,528.5911865234375,668.0958251953125,536.1467895507812,819.7344970703125,561.7319946289062,663.2396240234375,567.551513671875,760.5173950195312,576.432861328125,709.93408203125,578.9826049804688,784.5104370117188,605.9104614257812,712.5072631835938,607.7928466796875,792.4031372070312,632.54443359375,714.5723266601562,634.6827392578125
316,10.533305867014342,730.9996337890625,440.91802978515625,738.8978881835938,433.3321838378906,722.4487915039062,433.78582763671875,749.7589111328125,439.8953552246094,708.4871826171875,441.0716247558594,765.8958129882812,484.53656005859375,689.6198120117188,488.6727294921875,797.0671997070312,528.55615234375,668.5645751953125,537.2932739257812,819.0238037109375,561.5806274414062,663.594482421875,568.4005737304688,760.532958984375,575.25732421875,710.1790161132812,578.1041870117188,784.6863403320312,608.6961059570312,713.4334106445312,610.8680419921875,791.3255004882812,632.9755249023438,714.6848754882812,635.4203491210938
317,10.566639113428943,731.5934448242188,441.3817443847656,739.3960571289062,433.60009765625,722.8626708984375,434.2017517089844,750.1939697265625,439.8482971191406,708.4815063476562,441.3715515136719,766.0294189453125,484.3648376464844,689.8948974609375,489.0183410644531,797.1030883789062,528.5729370117188,669.4301147460938,538.3250732421875,820.4749145507812,561.579833984375,664.9473266601562,568.5889892578125,761.18408203125,574.8818359375,710.721923828125,577.995849609375,785.4808349609375,605.6135864257812,712.1353759765625,608.0955200195312,793.2445678710938,629.3897094726562,712.8541259765625,632.2854614257812
318,10.599972359843546,732.2044067382812,441.3976135253906,739.8602905273438,433.6758117675781,723.3973999023438,434.28997802734375,750.4341430664062,440.01580810546875,708.6477661132812,441.539794921875,765.928955078125,484.2573547363281,690.7979125976562,488.60400390625,796.7356567382812,527.8356323242188,669.5120849609375,536.4061889648438,818.6228637695312,560.18701171875,665.251953125,565.5487670898438,762.4562377929688,575.4677734375,712.5077514648438,578.4030151367188,784.8162231445312,603.9061889648438,711.19091796875,606.1712036132812,793.9551391601562,629.08203125,712.7391357421875,631.793701171875
319,10.633305606258148,732.1485595703125,441.3537902832031,739.9224853515625,433.7696533203125,723.4976196289062,434.275634765625,750.7926635742188,440.182861328125,709.0949096679688,441.4585876464844,766.7380981445312,484.2250061035156,691.47998046875,488.150390625,797.0750732421875,528.1939086914062,669.7530517578125,536.158203125,817.7935791015625,560.3614501953125,665.3304443359375,566.5303955078125,763.6851806640625,575.7899169921875,713.631103515625,578.3738403320312,784.472412109375,601.7333984375,709.7526245117188,603.4976196289062,795.0982666015625,629.9262084960938,712.9077758789062,631.9407348632812
320,10.666638852672751,733.865234375,441.2322082519531,741.5638427734375,433.9709167480469,725.3563232421875,434.2042541503906,752.0198974609375,440.70361328125,710.6771240234375,441.24530029296875,767.1422119140625,484.0685729980469,692.9627685546875,486.678466796875,797.7607421875,527.7091064453125,671.7518920898438,532.6277465820312,817.6646728515625,560.2088012695312,666.1651000976562,562.3075561523438,763.5052490234375,573.8956298828125,714.0763549804688,575.910400390625,784.7266235351562,600.9820556640625,710.7846069335938,602.20703125,797.288330078125,633.215087890625,715.2540893554688,634.727294921875
321,10.699972099087352,734.3388061523438,441.11199951171875,742.1880493164062,433.884765625,725.9163818359375,433.9927673339844,752.7612915039062,440.6301574707031,711.4208374023438,440.868408203125,767.5276489257812,484.0727844238281,693.5695190429688,486.31719970703125,797.7551879882812,528.2445068359375,672.5286865234375,532.7344970703125,817.9126586914062,561.6368408203125,665.5819091796875,563.9633178710938,763.1411743164062,573.3471069335938,713.8082885742188,575.19580078125,785.3380737304688,602.2967529296875,711.3421020507812,603.3629760742188,798.2373657226562,633.3147583007812,715.2968139648438,634.5760498046875
322,10.733305345501956,734.3264770507812,441.2454528808594,742.3992919921875,434.0413513183594,726.0740356445312,434.05364990234375,753.3766479492188,440.6076354980469,712.19091796875,440.6530456542969,767.68115234375,483.9985656738281,694.5031127929688,485.9750671386719,797.456787109375,528.5899047851562,673.5360717773438,532.7816162109375,818.2691040039062,561.8071899414062,666.02783203125,564.3673095703125,762.124755859375,573.3355102539062,713.280517578125,575.041015625,785.5577392578125,604.4069213867188,712.3723754882812,605.3379516601562,797.9865112304688,633.3270874023438,714.9321899414062,634.3101196289062
323,10.766638591916559,734.9166870117188,441.4685363769531,743.012451171875,434.2510070800781,726.7364501953125,434.17730712890625,753.970703125,440.6593322753906,712.9761352539062,440.4276428222656,768.521484375,484.45501708984375,694.7517700195312,486.15264892578125,798.3306274414062,529.9944458007812,673.8970336914062,534.117431640625,819.0430908203125,563.405517578125,666.2999267578125,566.7137451171875,762.9304809570312,575.0523681640625,713.9569702148438,576.6533203125,784.662841796875,609.9832763671875,713.3638305664062,610.8165283203125,796.6071166992188,636.4695434570312,716.5200805664062,637.2884521484375
324,10.79997183833116,735.23779296875,441.5549621582031,743.4134521484375,434.3677673339844,727.1395874023438,434.2680969238281,754.4956665039062,440.8845520019531,713.7449340820312,440.5998229980469,768.7390747070312,484.93072509765625,695.71142578125,486.5766906738281,797.6388549804688,530.57177734375,675.0460205078125,535.1361083984375,817.6640014648438,563.9363403320312,667.6195678710938,569.5511474609375,762.5635986328125,575.5836791992188,714.2350463867188,577.0645751953125,782.5397338867188,612.9915161132812,713.6973266601562,613.664306640625,793.5931396484375,637.7765502929688,717.0725708007812,638.3768310546875
325,10.833305084745763,735.49072265625,441.54144287109375,743.9190063476562,434.4113464355469,727.5116577148438,434.10467529296875,755.3018188476562,441.1907958984375,714.3146362304688,440.39508056640625,769.27099609375,485.708740234375,696.1083374023438,487.0605773925781,797.9812622070312,531.9974365234375,675.687255859375,537.3612670898438,819.1857299804688,564.8534545898438,667.4608154296875,573.9960327148438,763.2649536132812,576.7882080078125,714.7533569335938,578.1696166992188,784.8165283203125,616.9613037109375,715.04638671875,617.46630859375,798.0509033203125,640.8578491210938,718.9179077148438,641.0292358398438
326,10.866638331160365,735.6759643554688,441.7095031738281,744.1259765625,434.5734558105469,727.7091064453125,434.2475280761719,755.5724487304688,441.2558288574219,714.6349487304688,440.42315673828125,769.0640258789062,485.7923278808594,696.8262329101562,487.0400085449219,797.7855834960938,531.9915161132812,675.9883422851562,537.3955688476562,820.3015747070312,564.855224609375,667.4125366210938,574.4899291992188,762.7085571289062,578.00537109375,714.7637329101562,579.292724609375,784.2306518554688,617.7454833984375,714.893798828125,618.1642456054688,796.6926879882812,640.7184448242188,716.8876342773438,640.7816772460938
327,10.899971577574968,735.8261108398438,441.56695556640625,744.274658203125,434.4929504394531,727.870849609375,434.120849609375,755.70068359375,441.3245849609375,714.7409057617188,440.3797607421875,769.2318115234375,485.88201904296875,697.0677490234375,486.85955810546875,798.0833129882812,532.2393798828125,676.0274658203125,536.9284057617188,820.077880859375,565.6348266601562,666.8628540039062,574.5791625976562,763.1984252929688,578.1795043945312,715.0431518554688,579.314208984375,785.4243774414062,618.6253051757812,713.933349609375,618.8489990234375,799.7103881835938,642.8184814453125,716.149658203125,642.6529541015625
328,10.93330482398957,735.7876586914062,441.84747314453125,744.4033813476562,434.70843505859375,727.857666015625,434.326904296875,756.1153564453125,441.4017028808594,714.8984985351562,440.41632080078125,769.6221313476562,485.9081726074219,697.0116577148438,486.6799621582031,797.9175415039062,532.6621704101562,675.3846435546875,536.7299194335938,820.0119018554688,566.0214233398438,666.8963012695312,573.9143676757812,762.799560546875,577.4708862304688,714.4564819335938,578.4749145507812,784.401611328125,616.8211669921875,713.2048950195312,616.9188232421875,797.7748413085938,640.0457153320312,715.51806640625,639.6701049804688
329,10.966638070404173,735.8786010742188,441.8476867675781,744.4822998046875,434.85418701171875,728.2627563476562,434.3974609375,756.2257690429688,441.5614318847656,715.8195190429688,440.38623046875,769.9278564453125,485.8814697265625,697.1871948242188,486.32794189453125,798.115234375,532.3817749023438,674.89501953125,535.8667602539062,821.73583984375,566.638671875,665.6971435546875,573.7966918945312,761.5572509765625,576.01416015625,713.4568481445312,576.836669921875,783.3549194335938,616.730224609375,713.9337158203125,616.69287109375,795.9110717773438,640.5648193359375,716.6837158203125,639.981689453125
330,10.999971316818774,736.5462646484375,441.8367919921875,745.1276245117188,434.83721923828125,728.8512573242188,434.3179931640625,756.6658935546875,441.4566650390625,716.1723022460938,440.1111145019531,769.6896362304688,485.7486877441406,697.375732421875,485.869873046875,797.60009765625,532.0620727539062,674.165283203125,535.0292358398438,823.4494018554688,567.3856811523438,664.190673828125,573.6970825195312,760.2349853515625,576.0165405273438,712.3165893554688,576.736328125,785.123046875,616.0457153320312,715.0653076171875,615.9842529296875,795.2849731445312,639.5264282226562,713.974853515625,638.9000854492188
331,11.033304563233377,737.2717895507812,441.9385070800781,745.822509765625,435.1013488769531,729.706787109375,434.49188232421875,757.24755859375,442.0569763183594,717.0617065429688,440.4732666015625,770.3713989257812,486.5907897949219,697.4598388671875,486.1905822753906,798.0075073242188,532.8237915039062,672.373291015625,534.6702880859375,823.601806640625,566.99365234375,660.7465209960938,572.8798217773438,760.0000610351562,576.1154174804688,711.7329711914062,576.5391235351562,785.004150390625,615.9710693359375,713.802978515625,615.6209716796875,795.7852172851562,640.5083618164062,712.8992309570312,639.5648803710938
332,11.066637809647979,737.7216796875,441.800048828125,746.1466064453125,434.9559020996094,730.1126098632812,434.39739990234375,757.274658203125,441.9083251953125,717.3137817382812,440.4704895019531,770.2005615234375,486.41839599609375,697.5020141601562,486.3777160644531,797.8924560546875,532.3735961914062,671.9324951171875,535.007568359375,823.791015625,566.524169921875,659.3095092773438,573.42431640625,759.8162231445312,576.1107788085938,711.6317138671875,576.7710571289062,786.452392578125,615.9157104492188,715.0537719726562,615.863525390625,796.1990966796875,640.1344604492188,712.5438842773438,639.6069946289062
333,11.099971056062582,737.6498413085938,441.8802185058594,746.0684814453125,435.0448303222656,730.0862426757812,434.49658203125,757.2764892578125,441.95062255859375,717.3651733398438,440.54132080078125,770.7484741210938,486.4259033203125,697.360107421875,486.2940673828125,798.7847290039062,532.8204956054688,671.4476928710938,534.9760131835938,824.0257568359375,566.7576293945312,658.690185546875,572.9215087890625,760.3333740234375,575.941650390625,711.6959838867188,576.5018920898438,786.3809204101562,614.2738647460938,713.6326293945312,614.0859985351562,797.2380981445312,639.95849609375,712.3054809570312,639.2870483398438
334,11.133304302477184,737.4146728515625,442.073486328125,745.9688110351562,435.178955078125,729.7762451171875,434.6445007324219,757.3995971679688,442.1359558105469,717.1057739257812,440.7824401855469,770.8995361328125,486.7904052734375,697.3367919921875,486.6344299316406,798.307861328125,533.7112426757812,671.0648193359375,535.6083374023438,822.4768676757812,567.7913818359375,658.0208129882812,573.85546875,760.0909423828125,575.9383544921875,711.5696411132812,576.4361572265625,784.8104248046875,612.2642211914062,713.9884033203125,612.0100708007812,794.1531372070312,637.90478515625,713.1821899414062,637.120361328125
335,11.166637548891787,738.002197265625,442.1665344238281,746.3965454101562,435.1844787597656,730.2294921875,434.7035827636719,757.4880981445312,441.9364929199219,717.1940307617188,440.6429138183594,770.751953125,486.8252258300781,697.2340087890625,486.4447937011719,797.3396606445312,534.529296875,670.4351806640625,535.4456176757812,820.830810546875,568.8773193359375,657.34521484375,572.9907836914062,759.58935546875,576.2755126953125,711.3831787109375,576.6966552734375,782.3167724609375,613.7036743164062,714.3292846679688,613.4655151367188,789.5494995117188,637.5186767578125,713.2697143554688,636.85498046875
336,11.199970795306388,738.2555541992188,442.1953430175781,746.5200805664062,435.2105712890625,730.3973999023438,434.716552734375,757.3453369140625,442.0231628417969,717.0768432617188,440.6669921875,770.5701904296875,487.1159362792969,697.1700439453125,486.3506774902344,796.9149780273438,535.3557739257812,670.4174194335938,534.8582763671875,819.884521484375,571.4120483398438,657.0756225585938,572.8133544921875,759.6859741210938,575.9835815429688,711.3860473632812,576.305908203125,784.3465576171875,613.9111328125,715.2565307617188,613.6012573242188,791.5438842773438,637.5032348632812,713.3309936523438,636.7738647460938
337,11.233304041720992,737.702880859375,442.0877380371094,746.1381225585938,435.0841064453125,729.8493041992188,434.56170654296875,757.2647705078125,441.95745849609375,716.602294921875,440.5755310058594,771.0027465820312,487.044677734375,696.5868530273438,486.2185363769531,797.6964111328125,535.395751953125,670.1580200195312,534.5240478515625,819.6974487304688,572.9326171875,656.5476684570312,573.788818359375,759.894287109375,574.8640747070312,710.9327392578125,575.1372680664062,785.6177978515625,610.2864990234375,715.1153564453125,609.8504028320312,793.9801025390625,636.2557373046875,715.2884521484375,635.3321533203125
338,11.266637288135593,737.4617309570312,441.8834228515625,745.9866333007812,435.0159912109375,729.7185668945312,434.33575439453125,757.1583862304688,442.15106201171875,716.32666015625,440.3276672363281,771.0912475585938,487.1937561035156,696.1595458984375,485.7932434082031,799.502685546875,535.3886108398438,670.6395874023438,533.3209228515625,821.9515380859375,574.312744140625,657.33056640625,573.03759765625,761.1314697265625,574.930908203125,711.691650390625,574.9894409179688,785.6912231445312,609.2073974609375,713.076904296875,608.4714965820312,799.3925170898438,637.3060913085938,717.4151611328125,636.0271606445312
339,11.299970534550196,737.6638793945312,442.1331481933594,746.0699462890625,435.26153564453125,729.7904052734375,434.6125793457031,756.9910278320312,442.3601989746094,716.2208862304688,440.61895751953125,770.8576049804688,487.3131408691406,696.1570434570312,485.9910583496094,799.29443359375,535.233154296875,670.6920776367188,533.358154296875,822.547607421875,574.2007446289062,656.9560546875,572.846435546875,760.143798828125,574.906494140625,710.9434814453125,574.9947509765625,785.9954223632812,609.9185791015625,714.5725708007812,609.28125,796.5593872070312,637.8703002929688,716.124267578125,636.7476806640625
340,11.333303780964798,736.9551391601562,442.2376708984375,745.4744873046875,435.33740234375,729.1438598632812,434.7028503417969,756.6630249023438,442.2490539550781,715.8742065429688,440.55072021484375,770.6019287109375,486.8958435058594,695.6355590820312,485.86383056640625,799.4203491210938,534.3043823242188,670.4190063476562,533.297119140625,825.067626953125,574.548828125,656.9172973632812,573.7794799804688,759.9327392578125,574.075927734375,710.55126953125,574.3582763671875,787.2658081054688,610.8931884765625,715.4111328125,610.444091796875,797.8255615234375,637.6751708984375,716.3334350585938,636.6934204101562
341,11.3666370273794,736.60986328125,442.34552001953125,745.1331176757812,435.4100646972656,728.8458251953125,434.83203125,756.392822265625,442.2149658203125,715.6090087890625,440.6073913574219,770.4437866210938,486.86578369140625,695.2037963867188,486.1914978027344,799.9320068359375,533.9222412109375,670.2454223632812,534.006103515625,827.0120849609375,574.6629638671875,657.3753051757812,575.1162719726562,760.6807250976562,575.0287475585938,711.3436889648438,575.4808959960938,784.47509765625,612.5907592773438,713.7860717773438,612.2845458984375,796.945068359375,637.8155517578125,717.3232421875,637.0364379882812
342,11.399970273794002,736.4336547851562,442.3786315917969,744.8805541992188,435.3643493652344,728.5830688476562,434.82574462890625,755.9890747070312,441.99224853515625,715.2280883789062,440.48675537109375,770.169921875,486.76531982421875,694.7428588867188,486.2943115234375,800.4025268554688,533.96435546875,670.1195068359375,534.5431518554688,828.5693969726562,575.2200927734375,657.1546630859375,575.7171630859375,760.0078125,575.4612426757812,710.5830078125,576.0499267578125,785.123779296875,613.2935791015625,714.5924682617188,613.1779174804688,796.1463012695312,637.9097290039062,716.5425415039062,637.3790283203125
343,11.433303520208606,736.1287841796875,442.3932189941406,744.5211181640625,435.3788757324219,728.3257446289062,434.90264892578125,755.6226806640625,441.9706726074219,715.0731201171875,440.6011962890625,770.0194091796875,486.7182312011719,694.54541015625,486.45269775390625,800.3673706054688,534.1704711914062,670.0716552734375,534.960205078125,829.0706176757812,575.4620971679688,657.5020751953125,575.5992431640625,760.6923828125,575.7225341796875,711.0881958007812,576.4472045898438,785.939697265625,616.0556030273438,714.1160888671875,616.0496215820312,799.01025390625,640.260009765625,716.8947143554688,639.8427734375
344,11.466636766623207,736.7532348632812,442.2494812011719,744.7339477539062,435.2100830078125,728.728759765625,434.7789611816406,755.0990600585938,441.6156005859375,714.8421630859375,440.35919189453125,769.2872314453125,486.09527587890625,694.663818359375,486.0368957519531,799.508544921875,533.3081665039062,670.9774780273438,534.891845703125,827.1716918945312,574.6539916992188,658.6749877929688,576.4360961914062,760.353271484375,575.7472534179688,710.7589111328125,576.636474609375,790.617431640625,617.9360961914062,716.0721435546875,618.1497192382812,801.5609130859375,641.9527587890625,714.1549682617188,641.8721923828125
345,11.49997001303781,736.2977905273438,442.1634216308594,744.4448852539062,435.1472473144531,728.3135986328125,434.6383972167969,755.1293334960938,441.609619140625,714.6958618164062,440.21240234375,769.2735595703125,485.9884338378906,694.9122314453125,485.760498046875,799.4244384765625,533.1748657226562,671.7205810546875,534.532958984375,826.63330078125,574.7081909179688,659.1420288085938,576.6333618164062,760.1741333007812,575.2120971679688,710.5638427734375,575.988037109375,791.5709228515625,617.2811889648438,716.0912475585938,617.3477783203125,802.5330810546875,641.4227905273438,713.1490478515625,641.08837890625
346,11.533303259452412,736.2083740234375,442.16778564453125,744.3239135742188,435.1480407714844,728.267822265625,434.63824462890625,755.0377197265625,441.4889831542969,714.7520141601562,440.0976257324219,769.2643432617188,485.796142578125,695.0263671875,485.6172790527344,799.2781372070312,533.0591430664062,671.881591796875,534.7118530273438,825.9366455078125,574.4636840820312,659.3521118164062,577.306884765625,760.1986694335938,575.3741455078125,710.7772827148438,576.139404296875,790.3832397460938,617.3099975585938,716.0078125,617.3684692382812,800.712158203125,640.94775390625,713.0962524414062,640.6112060546875
347,11.566636505867015,735.9385986328125,442.1324768066406,744.0880126953125,435.13885498046875,728.0739135742188,434.6118469238281,754.8765258789062,441.53582763671875,714.6629028320312,440.1108093261719,769.36376953125,485.879150390625,694.4290771484375,485.71563720703125,799.1112060546875,533.3780517578125,671.0619506835938,535.184814453125,825.9032592773438,574.5185546875,658.64111328125,577.79931640625,759.866943359375,575.3232421875,710.0159912109375,576.0926513671875,790.7684326171875,616.8993530273438,715.7526245117188,616.9522705078125,801.100830078125,641.8037109375,713.1675415039062,641.4226684570312
348,11.599969752281616,735.8612060546875,442.2416687011719,744.0737915039062,435.2514953613281,728.0142211914062,434.65740966796875,754.9308471679688,441.56622314453125,714.6329345703125,439.9368896484375,769.252685546875,485.92919921875,694.3942260742188,485.3895568847656,799.0194702148438,533.571533203125,671.0169677734375,534.691162109375,826.0136108398438,574.6553955078125,658.7241821289062,577.0382080078125,759.2990112304688,575.3103637695312,709.7439575195312,575.8811645507812,788.0127563476562,617.2109375,715.3368530273438,617.1004028320312,797.6148681640625,640.98046875,713.2161254882812,640.3951416015625
349,11.63330299869622,735.7302856445312,442.4840087890625,743.9808349609375,435.42889404296875,727.8842163085938,434.9079895019531,755.0150146484375,441.5082702636719,714.655029296875,440.0740661621094,769.4591064453125,485.81427001953125,694.5761108398438,485.4491882324219,799.231201171875,533.5096435546875,670.8132934570312,534.687255859375,826.5059814453125,574.9515991210938,658.2453002929688,577.09521484375,759.5860595703125,575.7333374023438,710.0859985351562,576.350341796875,787.478515625,618.2266235351562,714.9224853515625,618.13232421875,797.675537109375,641.572998046875,713.4829711914062,641.009765625
350,11.666636245110821,735.1102905273438,442.7691345214844,743.4832763671875,435.6867370605469,727.379150390625,435.14404296875,754.921630859375,441.4308166503906,714.6692504882812,439.9669189453125,769.7988891601562,485.65447998046875,694.6640014648438,485.1090393066406,799.3919677734375,534.0083618164062,670.7526245117188,534.6798706054688,827.1497192382812,575.5927124023438,658.6873779296875,576.8052368164062,759.3400268554688,576.5282592773438,709.6980590820312,577.0118408203125,788.0511474609375,619.1969604492188,715.2630004882812,618.9404296875,797.042724609375,642.3004760742188,712.5576782226562,641.4052734375
351,11.699969491525424,735.0426025390625,442.5783386230469,743.47314453125,435.516845703125,727.4458618164062,434.95501708984375,755.0289306640625,441.2696533203125,714.9566040039062,439.77056884765625,769.9609375,485.5465087890625,694.8121948242188,485.0920104980469,799.4782104492188,533.8374633789062,670.8668823242188,534.88427734375,827.0314331054688,575.4555053710938,658.48046875,577.6571044921875,759.866455078125,576.7975463867188,710.13427734375,577.3262939453125,788.364501953125,620.1702270507812,714.7144775390625,619.9204711914062,799.109375,642.6029052734375,713.0537719726562,641.669677734375
352,11.733302737940026,735.5391845703125,442.7372741699219,743.9240112304688,435.6551208496094,727.8215942382812,435.0683288574219,755.2178955078125,441.3392028808594,714.9163818359375,439.741943359375,769.731201171875,485.5177307128906,694.6571655273438,484.99896240234375,799.2757568359375,533.615966796875,670.5150756835938,534.7361450195312,827.2716064453125,575.3682861328125,657.8472290039062,577.80419921875,759.7991943359375,576.8369140625,710.0722045898438,577.3929443359375,788.795166015625,620.7025756835938,714.9175415039062,620.5082397460938,799.5598754882812,643.1668701171875,712.835693359375,642.338623046875
353,11.766635984354629,735.4157104492188,442.915771484375,743.8832397460938,435.8310852050781,727.7203369140625,435.20660400390625,755.2931518554688,441.4664306640625,714.8588256835938,439.78057861328125,769.7562255859375,485.51470947265625,694.646484375,484.8891906738281,799.7198486328125,533.4249877929688,670.6765747070312,534.3321533203125,828.0399780273438,575.766357421875,658.1387329101562,577.7305297851562,759.7274780273438,576.6942749023438,709.976806640625,577.2169189453125,789.18798828125,619.5851440429688,715.15966796875,619.3429565429688,800.415771484375,642.3416748046875,713.6029052734375,641.42724609375
354,11.79996923076923,735.7400512695312,443.01220703125,744.1215209960938,435.96514892578125,727.975341796875,435.3141174316406,755.3246459960938,441.650390625,714.9766845703125,439.898681640625,769.6170043945312,485.6944885253906,694.8616333007812,484.94451904296875,799.5087280273438,533.6237182617188,670.7935791015625,534.495849609375,827.9031372070312,575.8132934570312,657.7703857421875,578.20166015625,758.9859008789062,577.0289306640625,709.5324096679688,577.4722900390625,788.965576171875,620.1961059570312,716.1609497070312,619.9191284179688,798.1806640625,643.09765625,712.8893432617188,642.1655883789062
355,11.833302477183834,735.6694946289062,443.1054992675781,744.0438232421875,435.9983215332031,727.8692016601562,435.3902587890625,755.272705078125,441.554931640625,714.8396606445312,439.923583984375,769.5382080078125,485.56109619140625,694.8939819335938,484.9838562011719,799.3861083984375,533.4999389648438,670.8950805664062,534.5958862304688,827.0491333007812,575.4929809570312,657.772705078125,578.1759643554688,759.2880249023438,577.3164672851562,709.8049926757812,577.8555297851562,789.451171875,620.8729858398438,716.0839233398438,620.6806030273438,799.333984375,643.1118774414062,712.97216796875,642.2901000976562
356,11.866635723598435,735.9351806640625,443.181396484375,744.2339477539062,436.0245056152344,728.0363159179688,435.4591064453125,755.3046875,441.44287109375,714.7330322265625,439.91387939453125,769.5179443359375,485.2507629394531,694.8222045898438,484.79742431640625,799.4122314453125,533.4085693359375,670.9642944335938,534.584716796875,826.6149291992188,575.565673828125,657.5459594726562,578.1845092773438,759.6331787109375,577.0233764648438,709.9910278320312,577.638427734375,790.0770874023438,620.7918701171875,715.653564453125,620.6720581054688,800.8351440429688,643.1729736328125,712.744140625,642.508544921875
357,11.899968970013038,736.1324462890625,443.20623779296875,744.4696655273438,436.06256103515625,728.2163696289062,435.4540100097656,755.5134887695312,441.5490417480469,714.7803344726562,439.900390625,769.640625,485.2705993652344,694.6395874023438,484.6787109375,799.2593383789062,533.5792236328125,670.7412719726562,534.6075439453125,826.0855712890625,575.4410400390625,657.4387817382812,578.28125,759.558837890625,576.4899291992188,709.703857421875,577.038330078125,790.0778198242188,620.0479736328125,715.3627319335938,619.8538208007812,800.9291381835938,643.3802490234375,712.8441162109375,642.6331787109375
358,11.93330221642764,736.1300659179688,443.3847351074219,744.4121704101562,436.1951599121094,728.1674194335938,435.61663818359375,755.4114990234375,441.52130126953125,714.73193359375,439.94927978515625,769.6473999023438,485.32415771484375,694.6400146484375,484.7272644042969,799.270263671875,534.0529174804688,670.7464599609375,534.9030151367188,826.4649658203125,575.8878784179688,657.184326171875,577.97900390625,759.0001831054688,577.2432861328125,709.2877807617188,577.7783813476562,789.417236328125,620.7594604492188,716.0108642578125,620.600341796875,798.5582275390625,643.81884765625,712.3566284179688,643.1216430664062
359,11.966635462842243,736.15966796875,443.4679260253906,744.42333984375,436.1969909667969,728.1860961914062,435.6960754394531,755.4173583984375,441.34136962890625,714.7178344726562,439.96527099609375,769.5472412109375,485.037841796875,694.7518310546875,484.7814636230469,798.9862670898438,533.4679565429688,670.6836547851562,534.8442993164062,825.7755737304688,575.5491943359375,657.0518798828125,578.196044921875,759.8237915039062,577.1548461914062,710.1968383789062,577.8955688476562,789.9130859375,620.1176147460938,715.964599609375,620.1349487304688,800.3092041015625,642.0868530273438,713.2265625,641.611572265625
360,11.999968709256844,736.1331176757812,443.3990783691406,744.3685913085938,436.1384582519531,728.1578979492188,435.6408996582031,755.3380126953125,441.31243896484375,714.7678833007812,439.9495849609375,769.5330810546875,485.2049560546875,694.9036254882812,484.8981018066406,799.0448608398438,533.8505859375,670.8004760742188,535.1463623046875,825.7796020507812,575.6759033203125,657.2350463867188,578.3285522460938,759.4298095703125,577.8158569335938,710.0180053710938,578.495849609375,788.9212646484375,621.2933959960938,716.2059936523438,621.2709350585938,798.1907958984375,642.5635375976562,712.906982421875,642.0415649414062
361,12.033301955671448,736.2625732421875,443.3774719238281,744.478759765625,436.17578125,728.3046264648438,435.6344299316406,755.4010620117188,441.4349670410156,714.849853515625,439.9579772949219,769.3721923828125,485.2503967285156,695.0867919921875,484.74993896484375,798.8213500976562,533.8820190429688,671.1427001953125,534.7783203125,825.6749267578125,575.889892578125,657.7680053710938,577.9546508789062,759.350830078125,578.0848999023438,710.0946655273438,578.6770629882812,788.8544921875,621.156982421875,715.9879760742188,621.0477905273438,798.4190063476562,643.7379150390625,712.515869140625,643.1377563476562
362,12.066635202086049,736.3946533203125,443.36236572265625,744.6563110351562,436.1974182128906,728.4752807617188,435.6269836425781,755.60107421875,441.5204772949219,715.0596313476562,439.98095703125,769.4309692382812,485.2984619140625,695.11767578125,484.7486572265625,798.700439453125,533.8621215820312,670.8416748046875,534.7611694335938,825.6304321289062,575.7732543945312,657.2649536132812,578.2005004882812,759.0977783203125,577.8074340820312,709.8096923828125,578.381103515625,789.2418212890625,620.7620849609375,716.2047729492188,620.6326293945312,798.903564453125,643.6712646484375,712.81884765625,643.0302124023438
363,12.099968448500652,736.0961303710938,443.4703369140625,744.4641723632812,436.2942199707031,728.269287109375,435.7411804199219,755.5971069335938,441.6678466796875,714.9456176757812,440.1614685058594,769.2247314453125,485.41900634765625,695.0301513671875,485.0364074707031,798.447265625,533.5530395507812,670.5565185546875,534.7489624023438,825.5869140625,575.706298828125,657.1647338867188,578.3483276367188,759.7374877929688,577.6473999023438,710.6719360351562,578.3109130859375,787.0419311523438,619.3432006835938,714.811767578125,619.2714233398438,798.9871826171875,642.1573486328125,714.3644409179688,641.5945434570312
364,12.133301694915254,736.0748901367188,443.634033203125,744.3477783203125,436.3787841796875,728.1746215820312,435.89678955078125,755.4345703125,441.55474853515625,714.7804565429688,440.2130432128906,769.4022827148438,485.4313659667969,694.9567260742188,485.1788330078125,798.5860595703125,534.0060424804688,670.5786743164062,535.2741088867188,825.3357543945312,575.7222290039062,657.676513671875,578.08984375,760.2490234375,578.51123046875,710.9236450195312,579.2273559570312,787.7835693359375,620.7387084960938,714.5245971679688,620.7188110351562,799.3226318359375,642.8629150390625,713.1891479492188,642.3658447265625
365,12.166634941329857,736.0697021484375,443.66485595703125,744.3613891601562,436.4433288574219,728.2034912109375,435.9145812988281,755.4230346679688,441.70062255859375,714.8142700195312,440.2657470703125,769.1061401367188,485.4742736816406,695.0311279296875,485.2102966308594,798.257080078125,533.7809448242188,670.8088989257812,535.23779296875,824.8446044921875,574.9669799804688,657.7390747070312,577.9849243164062,760.007080078125,578.3317260742188,710.7144775390625,579.0881958007812,789.3452758789062,621.7158203125,715.1264038085938,621.7446899414062,801.5234985351562,644.0069580078125,713.1447143554688,643.535400390625
366,12.199968187744458,736.145751953125,443.5762634277344,744.4129638671875,436.32952880859375,728.25341796875,435.86053466796875,755.5211791992188,441.6120300292969,714.8856201171875,440.3232421875,769.4995727539062,485.4744567871094,695.1079711914062,485.41339111328125,798.5869140625,533.7244262695312,670.5574340820312,535.5758056640625,825.0369873046875,574.8169555664062,657.5671997070312,578.4821166992188,760.669677734375,578.3070068359375,711.2718505859375,579.1134033203125,788.8084106445312,621.0210571289062,714.777587890625,621.080322265625,800.4927978515625,643.273681640625,713.032958984375,642.8599853515625
367,12.233301434159062,736.1351928710938,443.5592956542969,744.4141235351562,436.3097229003906,728.1934204101562,435.85784912109375,755.5548095703125,441.64471435546875,714.9046630859375,440.41302490234375,769.7303466796875,485.673583984375,695.2816162109375,485.593994140625,798.6985473632812,534.0213623046875,670.5980834960938,535.767578125,824.6888427734375,574.8062744140625,657.5325927734375,578.5884399414062,760.5504760742188,578.5406494140625,711.2067260742188,579.2828369140625,788.5507202148438,621.3990478515625,715.277587890625,621.3800659179688,798.8079833984375,643.618896484375,712.9192504882812,643.10107421875
368,12.266634680573663,736.2056884765625,443.5943298339844,744.4613037109375,436.3565368652344,728.2424926757812,435.9005432128906,755.520263671875,441.69671630859375,714.8472900390625,440.4526672363281,769.5100708007812,485.58941650390625,695.227294921875,485.5776062011719,798.588623046875,533.5922241210938,670.7130126953125,535.6576538085938,824.6201171875,574.147216796875,657.5423583984375,578.5928344726562,760.3866577148438,578.3942260742188,711.14013671875,579.1836547851562,788.4725952148438,621.3045654296875,715.4020385742188,621.3370361328125,798.9180297851562,643.4631958007812,713.1585083007812,643.0352172851562
369,12.299967926988266,736.2574462890625,443.593505859375,744.4522705078125,436.3981018066406,728.3436889648438,435.9273376464844,755.3911743164062,441.747802734375,714.8788452148438,440.4618835449219,769.2672119140625,485.4248046875,695.1911010742188,485.3934326171875,798.5699462890625,533.2273559570312,671.0292358398438,535.2387084960938,824.7058715820312,574.1133422851562,658.0089111328125,578.2280883789062,760.373291015625,577.8987426757812,711.111328125,578.7102661132812,788.989501953125,621.0049438476562,714.8743286132812,621.0658569335938,800.759033203125,643.614501953125,712.9841918945312,643.2521362304688
370,12.333301173402868,736.6016845703125,443.738525390625,744.7343139648438,436.5203552246094,728.6251220703125,436.0452575683594,755.4686279296875,441.83624267578125,714.9351196289062,440.52093505859375,769.0823364257812,485.47412109375,695.166748046875,485.4061279296875,798.4180297851562,533.1620483398438,670.9598388671875,535.0375366210938,824.641845703125,574.272216796875,657.697509765625,577.937255859375,760.2525634765625,577.841064453125,711.0442504882812,578.7012329101562,789.7469482421875,620.783935546875,715.54638671875,620.9334106445312,801.1151123046875,642.8640747070312,712.927734375,642.642822265625
371,12.366634419817471,736.5506591796875,443.6449890136719,744.7079467773438,436.4294738769531,728.5916137695312,435.9660949707031,755.5169677734375,441.74072265625,714.9138793945312,440.4490661621094,769.1834106445312,485.38165283203125,695.1067504882812,485.310302734375,798.4666137695312,533.2178955078125,670.8492431640625,535.0173950195312,824.5509033203125,574.3133544921875,657.6919555664062,577.7662963867188,760.1005249023438,577.6553344726562,711.0308837890625,578.4683837890625,787.3749389648438,619.7162475585938,714.9303588867188,619.8294067382812,798.6478271484375,642.3582153320312,713.75732421875,642.1283569335938
372,12.399967666232072,736.5114135742188,443.5450744628906,744.6868896484375,436.36456298828125,728.6185913085938,435.8723449707031,755.5146484375,441.7095642089844,714.971923828125,440.34246826171875,769.0604248046875,485.2547302246094,695.174560546875,485.160888671875,798.258544921875,532.9019775390625,670.9354248046875,534.7304077148438,824.4468994140625,574.3140869140625,657.5177001953125,577.9192504882812,760.4965209960938,577.6334838867188,711.4887084960938,578.456787109375,787.4630126953125,619.9562377929688,714.5604248046875,620.060302734375,800.1188354492188,642.6561889648438,714.1202392578125,642.3993530273438
373,12.433300912646676,736.6787109375,443.650634765625,744.8538208007812,436.403564453125,728.747314453125,435.94158935546875,755.723876953125,441.5826721191406,715.0101318359375,440.27423095703125,769.1689453125,485.11248779296875,695.3695068359375,485.03472900390625,798.0059204101562,532.9910888671875,670.7487182617188,534.9183349609375,823.9492797851562,573.8817749023438,657.4295654296875,578.0121459960938,760.7459106445312,577.720703125,711.88720703125,578.5042724609375,785.9796142578125,618.4861450195312,713.529052734375,618.5393676757812,798.91455078125,640.637451171875,713.7952270507812,640.3251953125
374,12.466634159061277,736.6920776367188,443.7120056152344,744.906494140625,436.45611572265625,728.744140625,435.953369140625,755.7628784179688,441.5658264160156,715.0352783203125,440.1701354980469,769.0275268554688,485.0726623535156,695.3274536132812,484.96466064453125,797.9750366210938,532.8491821289062,670.9957885742188,534.9140625,823.9232177734375,573.6343994140625,657.4369506835938,578.1107788085938,760.0655517578125,577.7484741210938,711.2356567382812,578.5636596679688,786.9237670898438,619.6640625,714.8408813476562,619.7838745117188,798.6962890625,641.0798950195312,713.757080078125,640.8192749023438
375,12.49996740547588,736.5458984375,443.76800537109375,744.7682495117188,436.4513244628906,728.5387573242188,435.9801330566406,755.7306518554688,441.5011291503906,714.9017944335938,440.18365478515625,769.2289428710938,485.2078552246094,695.2223510742188,485.08563232421875,797.7431030273438,533.3193969726562,670.7119140625,535.4173583984375,823.9467163085938,573.38330078125,657.6422729492188,578.0033569335938,759.5260620117188,577.7544555664062,710.6386108398438,578.4873046875,786.0260620117188,618.5582275390625,714.6429443359375,618.6129760742188,795.2691040039062,639.7369384765625,712.009521484375,639.3764038085938
376,12.533300651890482,736.4012451171875,443.8381652832031,744.59228515625,436.49786376953125,728.3505249023438,436.0968322753906,755.6043701171875,441.5386047363281,714.7250366210938,440.3865051269531,769.3088989257812,485.2119445800781,695.3724365234375,485.2255859375,797.7381591796875,533.5166625976562,670.7400512695312,535.5546875,823.6697387695312,573.3936157226562,657.84765625,577.6327514648438,760.6434326171875,577.8146362304688,711.6355590820312,578.600341796875,786.8418579101562,619.791259765625,713.9921264648438,619.845703125,797.623291015625,640.9564208984375,711.8872680664062,640.59228515625
377,12.566633898305085,736.3995361328125,443.792236328125,744.5745239257812,436.455810546875,728.3831176757812,436.0532531738281,755.5630493164062,441.48541259765625,714.7391967773438,440.3287353515625,769.3430786132812,485.12451171875,695.2572631835938,485.2059631347656,797.8886108398438,533.29541015625,670.5543212890625,535.5827026367188,823.5685424804688,573.0034790039062,657.9534912109375,577.7828369140625,760.8967895507812,577.9866943359375,711.7938232421875,578.8153686523438,786.9963989257812,619.5697631835938,713.9483032226562,619.6548461914062,798.186767578125,641.0625,712.456787109375,640.7310791015625
378,12.599967144719686,736.4801635742188,443.709228515625,744.6021728515625,436.36590576171875,728.3493041992188,435.9666748046875,755.4894409179688,441.5143127441406,714.5894775390625,440.3672180175781,769.2741088867188,485.3713684082031,695.2645874023438,485.3760986328125,797.5506591796875,533.6822509765625,670.5099487304688,535.9800415039062,823.511962890625,573.0578002929688,657.9385986328125,578.1209106445312,760.2012329101562,578.0353393554688,711.160888671875,578.7667236328125,786.7114868164062,618.9219360351562,713.9481811523438,618.9434204101562,795.3701782226562,640.0818481445312,710.07763671875,639.685791015625
379,12.63330039113429,736.1549682617188,443.6129150390625,744.3596801757812,436.32281494140625,728.1123046875,435.8880310058594,755.4262084960938,441.5330810546875,714.5958251953125,440.3228759765625,769.2866821289062,485.3957824707031,695.3661499023438,485.35614013671875,797.724609375,533.6737670898438,670.8847045898438,535.8943481445312,823.6509399414062,573.1500244140625,658.0474853515625,578.1937866210938,760.246337890625,578.3341064453125,711.2039794921875,579.0452880859375,787.2420654296875,621.0618286132812,714.2825927734375,621.0355224609375,797.0257568359375,642.3870239257812,710.9683837890625,641.87451171875
380,12.666633637548891,736.1763916015625,443.3330993652344,744.3099975585938,436.12664794921875,728.1688842773438,435.7043151855469,755.2576293945312,441.6105041503906,714.7115478515625,440.4335632324219,769.373291015625,485.65924072265625,695.2210083007812,485.6118469238281,797.6909790039062,533.9210815429688,670.7216186523438,536.0095825195312,823.7230224609375,573.2308349609375,657.6993408203125,577.862548828125,759.619140625,577.7908935546875,710.6117553710938,578.4705810546875,786.5989379882812,620.9395141601562,714.91357421875,620.9175415039062,795.0306396484375,643.8147583007812,711.6021728515625,643.3385009765625
381,12.699966883963494,735.9620971679688,443.2097473144531,744.1929931640625,435.98773193359375,727.9666137695312,435.544189453125,755.2987060546875,441.50103759765625,714.662109375,440.302001953125,769.4451293945312,485.6743469238281,695.3218383789062,485.5889892578125,797.94775390625,533.7774047851562,670.898193359375,535.7249755859375,823.7435302734375,573.1282348632812,657.610595703125,577.6514282226562,759.6240844726562,577.689453125,710.5533447265625,578.3743286132812,788.0675659179688,621.037353515625,715.8518676757812,620.9977416992188,796.72412109375,643.09375,712.2797241210938,642.5228881835938
382,12.733300130378096,736.2147216796875,443.1330871582031,744.3400268554688,435.9675598144531,728.2056274414062,435.5345153808594,755.24072265625,441.61871337890625,714.7485961914062,440.43115234375,769.2451171875,485.7331848144531,695.3308715820312,485.6646423339844,797.6300659179688,533.6815795898438,670.773193359375,535.7132568359375,823.6867065429688,572.90478515625,657.4159545898438,577.561767578125,759.4053344726562,577.4020385742188,710.5616455078125,578.080810546875,786.8328857421875,620.35205078125,715.525390625,620.3369750976562,795.0371704101562,643.0997314453125,711.963623046875,642.6369018554688
383,12.766633376792699,736.0784301757812,443.1398010253906,744.1805419921875,435.99951171875,728.1008911132812,435.5770263671875,755.1077270507812,441.6341552734375,714.7408447265625,440.485107421875,769.2874145507812,485.621826171875,695.4193115234375,485.5741882324219,797.6810302734375,533.5401000976562,670.8465576171875,535.45654296875,823.9073486328125,573.2608032226562,657.2977905273438,577.5015869140625,759.5897216796875,577.1016845703125,710.7714233398438,577.7899169921875,787.5574340820312,619.8242797851562,716.0098266601562,619.8062133789062,795.7457275390625,643.3278198242188,712.3468017578125,642.84130859375
384,12.7999666232073,736.1799926757812,443.13470458984375,744.255126953125,435.979736328125,728.2116088867188,435.5730285644531,755.1229248046875,441.5954895019531,714.8698120117188,440.477294921875,769.2748413085938,485.6707458496094,695.4247436523438,485.66583251953125,797.76123046875,533.4537353515625,670.7147216796875,535.3571166992188,824.1296997070312,573.2660522460938,657.5924072265625,577.1176147460938,759.663818359375,577.3143920898438,710.8235473632812,578.0641479492188,788.0961303710938,619.9938354492188,716.3716430664062,620.0572509765625,795.7776489257812,642.56640625,712.0653076171875,642.1806640625
385,12.833299869621904,736.203125,443.0606384277344,744.2695922851562,435.9423828125,728.3251953125,435.5082092285156,755.1019287109375,441.5315246582031,715.0565795898438,440.36260986328125,769.0033569335938,485.43377685546875,695.4925537109375,485.4578857421875,797.3109741210938,532.9601440429688,670.9190063476562,535.0426025390625,823.4160766601562,572.7823486328125,657.7229614257812,577.0911254882812,759.3057861328125,576.94287109375,710.5870361328125,577.7520141601562,788.84716796875,619.648681640625,716.830322265625,619.784912109375,797.0496215820312,642.0903930664062,712.4998779296875,641.779541015625
386,12.866633116036505,735.960205078125,443.0003356933594,744.0816650390625,435.8739013671875,728.1087646484375,435.4587707519531,755.0543212890625,441.47808837890625,714.9779052734375,440.3721008300781,769.2129516601562,485.4270324707031,695.3074340820312,485.5146789550781,797.58447265625,532.995849609375,670.8212890625,535.0999755859375,823.5302124023438,572.7577514648438,657.5631713867188,576.9334716796875,759.040283203125,576.7982177734375,710.2181396484375,577.5917358398438,787.7556762695312,618.90625,716.550048828125,619.0215454101562,795.5538940429688,641.7919921875,712.9431762695312,641.4620361328125
387,12.899966362451108,736.1058959960938,442.8551940917969,744.2195434570312,435.76007080078125,728.254150390625,435.2949523925781,755.082275390625,441.4524841308594,714.9749755859375,440.2188720703125,769.0912475585938,485.3983154296875,695.2156372070312,485.425537109375,797.6847534179688,532.8461303710938,670.9166259765625,535.0586547851562,823.5380859375,572.6358642578125,657.3115234375,577.3204956054688,759.1194458007812,576.680419921875,710.2717895507812,577.485595703125,788.294189453125,618.6151123046875,716.800537109375,618.7418823242188,796.8619384765625,642.0983276367188,713.62646484375,641.78955078125
388,12.93329960886571,735.9326171875,442.77203369140625,744.0460815429688,435.7261962890625,728.1630859375,435.222412109375,754.943603515625,441.41943359375,714.9953002929688,440.09173583984375,768.8720703125,485.2378234863281,695.3499755859375,485.1410827636719,797.5493774414062,532.530029296875,671.096923828125,534.5333862304688,823.4928588867188,572.7282104492188,657.5783081054688,577.1989135742188,759.1629638671875,576.7255249023438,710.519287109375,577.4728393554688,787.8741455078125,618.7682495117188,716.5465698242188,618.8294067382812,797.0297241210938,642.1632080078125,713.5790405273438,641.7608032226562
389,12.966632855280313,735.8849487304688,442.9269104003906,743.996337890625,435.765869140625,728.0393676757812,435.3539733886719,754.9641723632812,441.21405029296875,714.81494140625,440.1104431152344,769.050537109375,485.0091552734375,695.1371459960938,485.16363525390625,797.55615234375,532.5390625,670.6163940429688,534.7713012695312,823.7380981445312,572.9618530273438,658.0462646484375,576.8580932617188,759.262939453125,576.6717529296875,710.4531860351562,577.5309448242188,787.48388671875,616.35107421875,716.2463989257812,616.5472412109375,795.1953735351562,639.707275390625,712.7783813476562,639.4805908203125
390,12.999966101694914,735.741943359375,442.8941650390625,743.9302368164062,435.7393493652344,727.909912109375,435.29266357421875,755.0257568359375,441.2662048339844,714.7394409179688,440.0941162109375,768.990478515625,485.0733947753906,695.3310546875,485.2474060058594,797.4921875,532.4121704101562,670.9680786132812,534.8944091796875,822.9092407226562,572.31201171875,658.1343994140625,577.2476196289062,759.855712890625,576.9613647460938,711.0010986328125,577.83837890625,788.4519653320312,617.7652587890625,716.063232421875,617.938720703125,797.6406860351562,640.2286376953125,712.8053588867188,639.9256591796875
391,13.033299348109518,735.7682495117188,442.8331298828125,743.9310302734375,435.7302551269531,727.9207153320312,435.2493591308594,754.9566040039062,441.38763427734375,714.6932983398438,440.125244140625,768.9754028320312,485.1952209472656,695.214111328125,485.1622009277344,797.5321044921875,532.6104736328125,670.7903442382812,534.6065673828125,823.0654907226562,572.5712280273438,657.7310180664062,576.8240966796875,759.5208129882812,576.6358642578125,710.61865234375,577.408935546875,788.5667724609375,617.5633544921875,716.3041381835938,617.6448364257812,797.2225952148438,640.9635009765625,712.6268920898438,640.5621337890625
392,13.066632594524119,735.8370971679688,442.79656982421875,743.9855346679688,435.65008544921875,727.9697875976562,435.2208251953125,754.9931030273438,441.268798828125,714.6972045898438,440.12042236328125,768.9862060546875,485.18353271484375,695.06298828125,485.3712463378906,797.5198364257812,532.5056762695312,670.5340576171875,535.0101318359375,823.480224609375,572.4911499023438,658.0772705078125,577.1782836914062,759.5792236328125,577.0175170898438,710.6680297851562,577.9015502929688,787.7393798828125,617.8631591796875,716.0699462890625,618.0699462890625,796.04736328125,640.8619384765625,712.6861572265625,640.6368408203125
393,13.099965840938722,736.0604248046875,442.876708984375,744.1748046875,435.74627685546875,728.2145385742188,435.2984619140625,755.0700073242188,441.3177795410156,714.8319702148438,440.1028137207031,768.816650390625,485.08709716796875,695.0198974609375,485.2369079589844,797.4115600585938,532.2125854492188,670.6248168945312,534.70361328125,823.4468994140625,572.6583862304688,658.3020629882812,577.2302856445312,759.4879150390625,576.8490600585938,710.6324462890625,577.7647094726562,787.7200317382812,618.0359497070312,716.1268310546875,618.2957763671875,796.5973510742188,640.7776489257812,713.1464233398438,640.6474609375
394,13.133299087353324,735.9752197265625,442.7453308105469,744.078125,435.59368896484375,728.1279296875,435.17144775390625,754.989990234375,441.1910705566406,714.8284301757812,440.052734375,768.848388671875,485.09521484375,695.0191650390625,485.3677673339844,797.4331665039062,532.1575317382812,670.5107421875,534.9261474609375,823.52392578125,572.2516479492188,658.236328125,577.210693359375,759.4173583984375,576.8311767578125,710.5450439453125,577.8043823242188,788.1524047851562,617.9408569335938,716.582763671875,618.2696533203125,796.2116088867188,640.343994140625,712.8038940429688,640.2776489257812
395,13.166632333767927,736.1216430664062,442.7917175292969,744.1989135742188,435.6347961425781,728.2285766601562,435.2237548828125,755.0274658203125,441.2664489746094,714.85546875,440.173583984375,768.7221069335938,485.1466369628906,695.1030883789062,485.4954528808594,797.1905517578125,532.08251953125,670.6008911132812,535.05029296875,822.878662109375,572.0098876953125,658.1903686523438,577.427978515625,758.887451171875,576.546875,710.1775512695312,577.5466918945312,787.9131469726562,617.1278076171875,717.0010375976562,617.5145874023438,794.7487182617188,639.4285278320312,712.4758911132812,639.469482421875
396,13.199965580182528,735.6272583007812,442.81951904296875,743.8666381835938,435.6468811035156,727.807373046875,435.21063232421875,755.0169677734375,441.27960205078125,714.6390991210938,440.1334533691406,768.8594970703125,485.18560791015625,694.964111328125,485.4380187988281,797.3434448242188,532.3038330078125,670.5172119140625,534.9928588867188,823.3411254882812,572.3927001953125,657.8050537109375,577.3636474609375,759.0660400390625,576.1259155273438,710.2899169921875,577.04443359375,786.8518676757812,615.8073120117188,716.0789794921875,616.0663452148438,795.3024291992188,638.48583984375,713.5570678710938,638.311279296875
397,13.233298826597132,735.6687622070312,442.7666015625,743.8421630859375,435.596435546875,727.81982421875,435.1979064941406,754.931640625,441.23736572265625,714.6141357421875,440.1752624511719,768.9312133789062,485.2010803222656,694.9353637695312,485.4967346191406,797.2243041992188,532.5264282226562,670.4007568359375,535.2825317382812,823.1062622070312,572.1791381835938,658.1092529296875,577.3258666992188,759.1018676757812,576.5281982421875,710.2980346679688,577.4199829101562,786.1776733398438,616.0451049804688,715.529052734375,616.2667846679688,794.12451171875,639.1127319335938,712.8861694335938,638.9224853515625
398,13.266632073011733,735.6177368164062,442.8710021972656,743.8233032226562,435.7147521972656,727.7644653320312,435.2673645019531,754.908203125,441.3758544921875,714.527099609375,440.2046813964844,768.7632446289062,485.172119140625,694.7398681640625,485.424560546875,796.9879150390625,532.4313354492188,670.31103515625,535.3627319335938,823.043212890625,571.7538452148438,658.060302734375,577.5037841796875,758.8023681640625,576.0869140625,709.786865234375,576.9946899414062,787.9715576171875,615.8818969726562,715.96337890625,616.1209716796875,795.7584228515625,639.3829956054688,712.0948486328125,639.1768188476562
399,13.299965319426336,735.699462890625,442.7655029296875,743.8136596679688,435.6539306640625,727.8697509765625,435.21673583984375,754.77783203125,441.31787109375,714.5673217773438,440.186279296875,768.7922973632812,484.9431457519531,694.7617797851562,485.32159423828125,797.3388671875,531.931396484375,670.2567749023438,535.1519165039062,822.9574584960938,571.5270385742188,657.4644165039062,577.9537353515625,759.2189331054688,576.0481567382812,710.1879272460938,577.0208129882812,788.6033935546875,616.292236328125,716.359375,616.5807495117188,797.1535034179688,640.9129028320312,713.2024536132812,640.80126953125
400,13.333298565840938,735.6546630859375,442.7019348144531,743.8041381835938,435.5954895019531,727.8602905273438,435.150634765625,754.8334350585938,441.32415771484375,714.6845092773438,440.17926025390625,768.6865234375,485.0977478027344,695.0001220703125,485.39202880859375,796.9500122070312,532.1594848632812,670.5471801757812,535.13232421875,822.20849609375,571.4081420898438,657.9710693359375,577.4696044921875,758.8013916015625,576.2153930664062,709.9879150390625,577.1255493164062,787.64208984375,616.7880249023438,715.9740600585938,617.0355834960938,795.8624267578125,640.6670532226562,712.5243530273438,640.5001831054688
401,13.366631812255541,735.8447265625,442.69805908203125,743.9735717773438,435.5967102050781,728.0280151367188,435.1532897949219,754.928955078125,441.3352355957031,714.7319946289062,440.1779479980469,768.8164672851562,485.0247497558594,694.9583740234375,485.311279296875,797.1715698242188,531.869384765625,670.3280029296875,534.7984008789062,822.336181640625,571.1255493164062,657.4666748046875,577.2176513671875,759.253173828125,575.7908325195312,710.3590087890625,576.7091064453125,787.7704467773438,615.8099975585938,715.88330078125,616.0465087890625,796.564208984375,640.0233154296875,713.1864013671875,639.8672485351562
402,13.399965058670144,735.755859375,442.7092590332031,743.9054565429688,435.6128234863281,727.96533203125,435.16741943359375,754.9149169921875,441.3233337402344,714.7649536132812,440.1751403808594,768.8734130859375,484.97650146484375,694.9822387695312,485.27862548828125,797.1514282226562,531.9257202148438,670.3466186523438,534.917724609375,822.1358642578125,570.8603515625,657.5963134765625,577.178466796875,759.110107421875,575.7855834960938,710.1455078125,576.6941528320312,788.1204223632812,616.0111694335938,715.8272094726562,616.2303466796875,796.8883056640625,640.4066772460938,712.87744140625,640.2040405273438
403,13.433298305084746,735.5259399414062,442.79876708984375,743.7503051757812,435.6844482421875,727.7669677734375,435.2259826660156,754.95361328125,441.3575134277344,714.7473754882812,440.1841125488281,768.978515625,485.1063232421875,695.0234985351562,485.27813720703125,797.0305786132812,532.2299194335938,670.1824951171875,534.9917602539062,822.063232421875,570.8937377929688,657.7264404296875,577.154052734375,758.7625732421875,576.1019287109375,709.8114624023438,576.886962890625,787.10986328125,615.9722900390625,715.1520385742188,616.0568237304688,795.2073974609375,639.8382568359375,711.8419799804688,639.438232421875
404,13.466631551499349,735.3802490234375,442.8572998046875,743.6525268554688,435.77972412109375,727.62890625,435.3077392578125,754.9659423828125,441.55572509765625,714.6597900390625,440.3872985839844,769.1605834960938,485.15740966796875,695.0353393554688,485.3818054199219,797.4095458984375,532.17431640625,670.3792114257812,535.009033203125,821.5155029296875,570.3468627929688,657.9463500976562,576.9540405273438,759.0507202148438,575.9498901367188,709.7944946289062,576.7412719726562,788.5778198242188,615.359375,714.995849609375,615.4127197265625,797.4328002929688,640.8096923828125,711.7989501953125,640.3623657226562
405,13.49996479791395,735.5531616210938,442.85992431640625,743.8062133789062,435.7289123535156,727.8002319335938,435.29937744140625,755.0723266601562,441.4322509765625,714.7316284179688,440.34429931640625,768.9321899414062,485.0429992675781,695.172119140625,485.4269104003906,797.0783081054688,531.8504638671875,670.4473266601562,534.9312133789062,821.4757690429688,570.2838745117188,657.9991455078125,576.9013061523438,759.5411376953125,575.8453369140625,710.550537109375,576.7680053710938,787.8818969726562,615.0142822265625,714.7070922851562,615.2075805664062,798.1302490234375,639.2735595703125,712.7199096679688,639.0244750976562
406,13.533298044328554,735.608154296875,442.8388671875,743.8067016601562,435.7005615234375,727.8700561523438,435.2823791503906,754.97119140625,441.3296813964844,714.79296875,440.248291015625,768.7807006835938,484.9538269042969,695.2015991210938,485.3221435546875,796.9702758789062,531.7503051757812,670.6550903320312,534.7208251953125,821.7351684570312,570.599609375,658.1551513671875,576.7371215820312,759.5648193359375,575.8036499023438,710.7182006835938,576.7542724609375,787.7948608398438,615.7678833007812,714.9523315429688,615.9990234375,798.3197021484375,639.1517944335938,713.087890625,638.95654296875
407,13.566631290743155,735.4984130859375,442.85546875,743.6633911132812,435.7156982421875,727.74267578125,435.3341369628906,754.8521728515625,441.3475646972656,714.7425537109375,440.35943603515625,768.934326171875,484.9963073730469,695.1365356445312,485.4375,796.9141845703125,531.9534301757812,670.2627563476562,535.0181274414062,822.0855102539062,570.6051635742188,657.89697265625,576.6824340820312,759.4026489257812,576.0255737304688,710.5430908203125,576.9539184570312,787.0218505859375,615.5910034179688,714.869140625,615.8140258789062,795.7322387695312,639.78662109375,711.93798828125,639.5867919921875
408,13.599964537157758,735.7496948242188,442.921630859375,743.8247680664062,435.7270812988281,727.87841796875,435.37481689453125,754.8130493164062,441.2901611328125,714.6015625,440.3565368652344,768.7716064453125,484.9798278808594,695.1048583984375,485.5628662109375,796.8341674804688,531.9644775390625,670.6151733398438,535.3063354492188,822.0960083007812,570.6583251953125,657.88330078125,576.745361328125,759.8401489257812,576.1656494140625,710.943115234375,577.2401123046875,788.5123291015625,616.8766479492188,715.7586669921875,617.2758178710938,797.373779296875,640.0508422851562,712.0328979492188,640.081298828125
409,13.63329778357236,735.8480224609375,442.6930236816406,743.884521484375,435.5420227050781,728.0015869140625,435.16729736328125,754.7803955078125,441.2292175292969,714.700439453125,440.2221984863281,768.6986083984375,485.0722351074219,695.1578369140625,485.51519775390625,796.7515258789062,531.968994140625,670.6398315429688,535.0372314453125,822.228271484375,570.8453979492188,657.8270263671875,576.5556640625,759.718017578125,576.3639526367188,710.9388427734375,577.3750610351562,788.1421508789062,618.2031860351562,715.867431640625,618.5523681640625,796.9822998046875,641.2432250976562,712.17333984375,641.2154541015625
410,13.666631029986963,735.7994995117188,442.5881652832031,743.9078369140625,435.47235107421875,728.0307006835938,435.0704345703125,754.9255981445312,441.2024841308594,714.9117431640625,440.1401672363281,768.7939453125,485.0255432128906,695.304443359375,485.41778564453125,796.7581787109375,531.8555908203125,670.775390625,534.9290161132812,822.1849975585938,570.7434692382812,658.0226440429688,576.7195434570312,759.3993530273438,575.976318359375,710.7472534179688,576.9348754882812,787.1976928710938,617.5660400390625,715.732666015625,617.8611450195312,796.0003051757812,640.6734619140625,712.60205078125,640.5636596679688
411,13.699964276401564,735.3741455078125,442.5829772949219,743.5594482421875,435.46124267578125,727.6717529296875,435.0723876953125,754.8284301757812,441.17791748046875,714.80322265625,440.15899658203125,769.0572509765625,485.0809020996094,695.245361328125,485.44769287109375,796.857421875,532.1822509765625,670.29052734375,535.1228637695312,822.06494140625,570.6343994140625,657.64697265625,576.6631469726562,759.6024780273438,576.1241455078125,710.8439331054688,576.9808959960938,785.7200317382812,617.1736450195312,714.3964233398438,617.3275756835938,794.7831420898438,640.47509765625,712.1216430664062,640.1561279296875
412,13.733297522816168,735.5623779296875,442.592041015625,743.6456909179688,435.4117431640625,727.8079833984375,435.1143798828125,754.7864990234375,441.0562438964844,714.8062133789062,440.2538757324219,769.1099853515625,485.04156494140625,695.296142578125,485.72900390625,797.042236328125,531.9765625,670.2499389648438,535.4309692382812,822.237548828125,570.5275268554688,657.6084594726562,576.8485107421875,760.2116088867188,576.32861328125,711.5377197265625,577.345703125,785.1834106445312,616.6743774414062,714.3052978515625,617.0003662109375,794.3157958984375,639.0774536132812,712.5719604492188,639.025390625
413,13.766630769230769,735.7107543945312,442.6036376953125,743.8267822265625,435.42047119140625,727.921875,435.0957336425781,754.9266967773438,441.0992126464844,714.7447509765625,440.22418212890625,769.0838012695312,485.108154296875,695.1237182617188,485.71826171875,796.8445434570312,532.153564453125,670.0695190429688,535.3970336914062,821.5291748046875,570.612060546875,657.46484375,576.552001953125,760.1039428710938,576.2678833007812,711.3737182617188,577.27734375,784.8814697265625,616.0357055664062,714.3790893554688,616.3755493164062,794.0303955078125,639.1610717773438,713.210693359375,639.1363525390625
414,13.799964015645372,735.49072265625,442.5756530761719,743.706298828125,435.37677001953125,727.7460327148438,435.0321350097656,754.98583984375,441.0229187011719,714.7568969726562,440.1006164550781,769.295166015625,485.0669250488281,694.95654296875,485.6442565917969,797.3402709960938,532.2144165039062,670.0325317382812,535.380126953125,822.8065795898438,570.9514770507812,657.4149780273438,576.4247436523438,760.016357421875,575.9130249023438,711.06689453125,576.9246826171875,785.3812255859375,615.8907470703125,714.6145629882812,616.2308959960938,794.480712890625,638.7210083007812,713.3804321289062,638.6530151367188
415,13.833297262059974,735.4192504882812,442.5971374511719,743.637939453125,435.4544372558594,727.7088623046875,435.08319091796875,754.9190673828125,441.2183532714844,714.7388916015625,440.2442932128906,769.3330688476562,485.1838073730469,694.9398803710938,485.65277099609375,797.6668090820312,532.3330688476562,670.10791015625,535.1882934570312,822.8018798828125,571.3235473632812,657.58203125,576.4094848632812,760.0545043945312,575.7266845703125,710.9194946289062,576.671142578125,786.1611938476562,615.4458618164062,714.0242919921875,615.6927490234375,796.2781372070312,639.451416015625,713.1262817382812,639.2789916992188
416,13.866630508474577,735.7322998046875,442.6492919921875,743.9000244140625,435.4863586425781,727.917236328125,435.10235595703125,754.9968872070312,441.284423828125,714.6698608398438,440.2363586425781,769.2130126953125,485.3916320800781,694.8327026367188,485.7201232910156,797.4759521484375,532.7286987304688,670.0300903320312,535.4119873046875,823.292724609375,571.8140869140625,657.561279296875,576.572265625,759.8895874023438,575.935302734375,710.8119506835938,576.8347778320312,785.81884765625,615.5598754882812,714.1491088867188,615.7909545898438,795.1688232421875,639.2601928710938,712.58251953125,639.0943603515625
417,13.899963754889178,735.9754028320312,442.6583251953125,744.0755615234375,435.50372314453125,728.141357421875,435.13232421875,755.02783203125,441.3017883300781,714.758056640625,440.271484375,769.0752563476562,485.3677673339844,694.8093872070312,485.7223205566406,797.46533203125,532.5682983398438,670.09912109375,535.2799072265625,823.3307495117188,571.6476440429688,657.5936279296875,576.2218627929688,759.5336303710938,575.828369140625,710.6448974609375,576.7567749023438,784.7171630859375,615.3296508789062,714.2587890625,615.632568359375,793.7102661132812,639.268310546875,712.990478515625,639.2620239257812
418,13.933297001303782,735.8663330078125,442.734375,744.0029296875,435.5715637207031,728.0588989257812,435.1793518066406,754.9910278320312,441.3341064453125,714.6926879882812,440.2388000488281,768.8922729492188,485.4275207519531,694.7904052734375,485.6883544921875,797.2420654296875,532.7557373046875,669.9562377929688,535.300048828125,822.9996948242188,571.720458984375,657.762451171875,576.2041015625,759.7379150390625,576.4014892578125,710.8857421875,577.299560546875,784.40234375,615.6986083984375,713.547119140625,615.9497680664062,794.4357299804688,639.0800170898438,712.7799072265625,638.9874877929688
419,13.966630247718383,735.9992065429688,442.75640869140625,744.132568359375,435.6072998046875,728.1852416992188,435.2307434082031,755.1080932617188,441.4042663574219,714.7802734375,440.3554382324219,768.7422485351562,485.30120849609375,694.9793090820312,485.6930236816406,796.865478515625,532.18212890625,670.0730590820312,535.0901489257812,822.6179809570312,571.0839233398438,657.8236694335938,576.2454223632812,759.6361694335938,575.8948974609375,711.00634765625,576.8477172851562,783.9583740234375,615.1342163085938,713.5609130859375,615.4493408203125,793.8963623046875,638.4677124023438,712.800048828125,638.4815673828125
420,13.999963494132986,736.04052734375,442.7740783691406,744.1607666015625,435.5946350097656,728.1929931640625,435.2330627441406,755.1063842773438,441.3834533691406,714.7155151367188,440.3680725097656,768.8973999023438,485.3854675292969,694.7828369140625,485.8710632324219,797.1551513671875,532.3702392578125,669.8485717773438,535.52197265625,822.7952270507812,570.8946533203125,657.7161254882812,576.4415283203125,760.0453491210938,576.135009765625,711.052734375,577.156982421875,785.3988037109375,615.5905151367188,713.5167236328125,615.9617919921875,795.7933349609375,638.6426391601562,712.4989624023438,638.7062377929688
421,14.033296740547588,735.6317138671875,442.90484619140625,743.80712890625,435.742431640625,727.8095092773438,435.3564147949219,754.9053344726562,441.50177001953125,714.5402221679688,440.4535217285156,768.9712524414062,485.4166259765625,694.738037109375,485.8421630859375,797.3651123046875,532.4598999023438,669.8859252929688,535.52734375,823.5238037109375,571.38720703125,657.4503173828125,576.9066162109375,759.984375,576.133056640625,710.8216552734375,577.1083984375,787.0717163085938,615.89892578125,714.125732421875,616.1849365234375,797.1895751953125,639.4398193359375,712.0996704101562,639.3184204101562
422,14.066629986962191,735.773193359375,442.8996887207031,743.967529296875,435.7352600097656,727.9584350585938,435.3383483886719,755.05126953125,441.514892578125,714.6353759765625,440.43603515625,769.0927734375,485.4280700683594,694.7145385742188,485.7995300292969,797.4590454101562,532.4697875976562,669.8836669921875,535.37353515625,823.2063598632812,571.46337890625,657.4539184570312,576.821044921875,760.0330200195312,575.8565063476562,710.7715454101562,576.8037109375,786.8837890625,615.20654296875,713.6834716796875,615.4570922851562,797.4735717773438,638.8603515625,712.3482666015625,638.7167358398438
423,14.099963233376792,736.1647338867188,442.7383117675781,744.2035522460938,435.6348876953125,728.3439331054688,435.2696838378906,755.0374755859375,441.59539794921875,714.8384399414062,440.5539855957031,769.0693359375,485.5396728515625,694.9256591796875,485.914306640625,797.4339599609375,532.4788208007812,670.0435791015625,535.2464599609375,823.2235717773438,571.698974609375,657.5440673828125,576.635986328125,760.7544555664062,575.3736572265625,711.6975708007812,576.3377685546875,786.1815795898438,615.2545776367188,713.4650268554688,615.5318603515625,797.7691650390625,639.3532104492188,713.2806396484375,639.3219604492188
424,14.133296479791396,736.2440185546875,442.7353820800781,744.2603149414062,435.64990234375,728.4479370117188,435.2555847167969,755.0376586914062,441.5772705078125,714.8334350585938,440.42095947265625,769.131103515625,485.4678039550781,694.7588500976562,485.7077941894531,797.7420654296875,532.4782104492188,669.813232421875,535.0574951171875,823.4303588867188,571.892578125,657.9296875,576.5787963867188,761.3309326171875,575.7952880859375,712.1860961914062,576.7036743164062,785.0663452148438,614.7237548828125,712.5180053710938,614.9326171875,797.4337768554688,639.2743530273438,713.5732421875,639.1819458007812
425,14.166629726205997,736.2259521484375,442.7415771484375,744.2625732421875,435.654052734375,728.3880615234375,435.2676086425781,755.0547485351562,441.6325988769531,714.7635498046875,440.50946044921875,769.2612915039062,485.53070068359375,694.6113891601562,485.8121337890625,797.9267578125,532.61572265625,669.58154296875,535.2288208007812,823.6600952148438,572.00341796875,657.348876953125,576.7803344726562,761.3011474609375,575.5054931640625,711.8607177734375,576.4353637695312,786.483154296875,615.1522827148438,712.7586669921875,615.3712158203125,798.8494262695312,639.4763793945312,713.221923828125,639.38525390625
426,14.1999629726206,736.163818359375,442.763671875,744.177734375,435.6682434082031,728.3339233398438,435.3016052246094,754.98046875,441.60089111328125,714.752197265625,440.5373840332031,769.292724609375,485.5414733886719,694.6865234375,485.8710021972656,797.9559326171875,532.690673828125,669.3458862304688,535.3717651367188,823.554931640625,572.09619140625,656.89599609375,577.1173706054688,761.30126953125,575.9862670898438,712.02001953125,576.9111938476562,785.732666015625,614.9146118164062,712.9539794921875,615.1258544921875,797.6484375,639.6297607421875,713.6563720703125,639.5283813476562
427,14.233296219035202,736.2631225585938,442.8044738769531,744.267333984375,435.68988037109375,728.4061279296875,435.31854248046875,755.0175170898438,441.6089172363281,714.7387084960938,440.51708984375,769.369873046875,485.5520324707031,694.690673828125,485.84417724609375,798.0863647460938,532.697998046875,669.5911865234375,535.3578491210938,823.40966796875,572.1231079101562,657.2394409179688,577.2491455078125,761.6043701171875,575.7898559570312,712.26171875,576.69580078125,785.73046875,614.3961791992188,712.6914672851562,614.5703125,797.978759765625,638.6714477539062,713.8145141601562,638.5328369140625
428,14.266629465449805,736.7191772460938,442.8183898925781,744.6368408203125,435.68768310546875,728.7985229492188,435.3385314941406,755.17236328125,441.5632629394531,714.954833984375,440.5220642089844,769.214599609375,485.52423095703125,694.8026123046875,485.921875,797.6524047851562,532.5424194335938,669.69580078125,535.4589233398438,822.9645385742188,571.8671264648438,657.180419921875,577.2471313476562,761.023193359375,575.8440551757812,711.913818359375,576.8474731445312,786.0323486328125,615.1643676757812,714.1171875,615.501953125,796.6017456054688,639.0051879882812,713.9901733398438,639.1087646484375
429,14.299962711864406,736.3118286132812,442.7713928222656,744.4155883789062,435.6563415527344,728.4537353515625,435.2560729980469,755.3081665039062,441.62420654296875,714.971435546875,440.4931945800781,769.5138549804688,485.72845458984375,694.9602661132812,485.9728088378906,797.7698974609375,532.9263305664062,669.7720336914062,535.6373291015625,823.1253662109375,571.7327880859375,657.2528686523438,577.33935546875,760.9044799804688,576.0817260742188,711.6076049804688,576.9571533203125,786.895751953125,615.7996826171875,714.0520629882812,615.9562377929688,797.452880859375,639.4415283203125,713.3026733398438,639.2057495117188
430,14.33329595827901,736.275390625,442.76104736328125,744.4765014648438,435.6934814453125,728.4560546875,435.2254943847656,755.44970703125,441.7427978515625,714.9557495117188,440.4572448730469,769.4824829101562,485.7262268066406,694.8448486328125,485.7965087890625,797.8865356445312,532.9072875976562,669.7498779296875,535.3663330078125,822.9502563476562,571.9043579101562,657.1530151367188,577.4411010742188,760.4080200195312,576.0137939453125,711.0816040039062,576.7899780273438,786.1124267578125,614.6972045898438,713.4877319335938,614.748046875,797.3505859375,639.681396484375,713.8019409179688,639.3239135742188
431,14.366629204693611,736.2952880859375,442.9005126953125,744.5571899414062,435.7608642578125,728.4039916992188,435.3095703125,755.6085205078125,441.83087158203125,714.8480834960938,440.5746765136719,769.4096069335938,486.005615234375,695.0270385742188,486.12274169921875,797.8873291015625,532.950927734375,669.8471069335938,535.489501953125,822.9644775390625,571.9866943359375,657.4224243164062,577.5506591796875,760.8348999023438,576.2911376953125,711.69189453125,577.119140625,785.82373046875,614.263916015625,713.7579956054688,614.36865234375,796.9530639648438,637.4788818359375,714.0702514648438,637.1714477539062
432,14.399962451108214,736.1116333007812,443.01434326171875,744.4600219726562,435.89239501953125,728.2284545898438,435.3991394042969,755.6741943359375,441.99603271484375,714.7920532226562,440.6699523925781,769.417236328125,486.19171142578125,695.1076049804688,486.1642761230469,797.8530883789062,533.2713623046875,669.9252319335938,535.697998046875,822.9072875976562,571.7445068359375,657.2963256835938,577.8323364257812,760.0946044921875,576.5955200195312,710.9886474609375,577.2936401367188,785.6915893554688,615.1178588867188,713.744873046875,615.074951171875,796.4955444335938,638.738037109375,713.6259155273438,638.2206420898438
433,14.433295697522816,736.1704711914062,442.8892517089844,744.4313354492188,435.75799560546875,728.28173828125,435.29278564453125,755.5233154296875,441.77679443359375,714.8002319335938,440.51385498046875,769.4067993164062,485.95556640625,695.0567016601562,486.0492858886719,798.1142578125,533.0718994140625,670.0673217773438,535.626220703125,823.6613159179688,572.0638427734375,657.0835571289062,577.688720703125,760.2960815429688,576.4817504882812,711.1168823242188,577.2794189453125,786.6640014648438,616.0689697265625,714.2500610351562,616.1572265625,797.4505615234375,639.3934936523438,713.5426025390625,639.049560546875
434,14.466628943937419,736.2916259765625,442.7171936035156,744.3682861328125,435.6197204589844,728.4304809570312,435.1891784667969,755.2221069335938,441.5926818847656,714.9047241210938,440.4044189453125,769.1873779296875,485.7445068359375,695.1781616210938,485.9104919433594,797.9451904296875,532.9156494140625,670.1110229492188,535.5547485351562,823.8053588867188,572.042724609375,657.1378784179688,577.5144653320312,760.4093627929688,576.7088012695312,711.5159912109375,577.55712890625,786.4249267578125,616.1823120117188,714.6796264648438,616.3510131835938,796.7662353515625,639.7234497070312,713.5211791992188,639.5169677734375
435,14.49996219035202,735.97802734375,442.7569274902344,744.1148681640625,435.60968017578125,728.136474609375,435.2048034667969,755.1708984375,441.505859375,714.790283203125,440.3924865722656,769.1403198242188,485.7192687988281,695.2650756835938,485.9786682128906,797.2933959960938,533.0400390625,670.1766967773438,535.9275512695312,823.0305786132812,571.5708618164062,657.85546875,577.5264892578125,760.4796752929688,576.9461669921875,711.604248046875,577.79736328125,786.0704345703125,616.1087036132812,713.8726196289062,616.2617797851562,796.04833984375,639.0419921875,712.0114135742188,638.7664184570312
436,14.533295436766624,736.0050048828125,442.8710021972656,744.141845703125,435.7005920410156,728.1402587890625,435.3232116699219,755.1842651367188,441.55889892578125,714.759033203125,440.5140686035156,769.2086181640625,485.7656555175781,695.0580444335938,486.1365051269531,797.5403442382812,533.0975952148438,670.0325927734375,536.1259155273438,823.6217041015625,571.8551635742188,657.7771606445312,577.5320434570312,760.1876220703125,576.7525024414062,711.2772216796875,577.6688232421875,785.5697021484375,614.8907470703125,714.2044067382812,615.1355590820312,794.8590698242188,638.2484130859375,712.643798828125,638.1146240234375
437,14.566628683181225,736.054443359375,442.87408447265625,744.1773681640625,435.7462158203125,728.2623291015625,435.3403015136719,755.2117919921875,441.60565185546875,714.8966674804688,440.47406005859375,769.0469970703125,485.68896484375,695.19921875,485.9605407714844,797.2073364257812,532.970947265625,670.2186279296875,535.8380126953125,823.1544799804688,571.681396484375,657.827392578125,577.2921752929688,760.394287109375,576.77392578125,711.6229248046875,577.6585693359375,785.0922241210938,615.9600830078125,713.6273193359375,616.1703491210938,795.8438110351562,639.5498046875,712.8888549804688,639.3814086914062
438,14.599961929595828,735.9995727539062,443.0567932128906,744.0933837890625,435.90338134765625,728.2056274414062,435.5185546875,755.1139526367188,441.5733337402344,714.85595703125,440.4940185546875,768.9623413085938,485.48077392578125,695.066162109375,485.8128967285156,797.0224609375,532.8076782226562,670.0584716796875,535.7078247070312,823.2492065429688,571.5778198242188,657.8778076171875,576.8839721679688,760.2018432617188,576.5071411132812,711.3569946289062,577.4459228515625,785.7964477539062,616.2561645507812,713.9407348632812,616.5384521484375,796.0896606445312,639.558837890625,712.4594116210938,639.4725341796875
439,14.63329517601043,736.0555419921875,443.0768737792969,744.1835327148438,435.9010009765625,728.2299194335938,435.5218200683594,755.2427368164062,441.5384826660156,714.8065795898438,440.4633483886719,769.0714721679688,485.4143981933594,695.0360107421875,485.7166442871094,797.1245727539062,532.9173583984375,670.1958618164062,535.622802734375,823.318603515625,571.7520751953125,658.0758666992188,576.5244750976562,760.3857421875,576.4039916992188,711.4730834960938,577.3236694335938,785.299072265625,615.720947265625,713.4285888671875,615.972412109375,796.1493530273438,639.6948852539062,712.70556640625,639.5947265625
440,14.666628422425033,735.8674926757812,443.0990295410156,744.0060424804688,435.9200744628906,728.0512084960938,435.5406494140625,755.1491088867188,441.52569580078125,714.814697265625,440.47021484375,769.188232421875,485.4910888671875,695.21044921875,485.7637023925781,797.2933349609375,532.958984375,670.3716430664062,535.693115234375,823.3328857421875,571.2975463867188,658.1292114257812,576.5032348632812,760.104736328125,576.6829833984375,711.2568359375,577.541748046875,785.5443725585938,616.6094970703125,713.9691772460938,616.7874755859375,795.3246459960938,639.8386840820312,712.2708129882812,639.6024780273438
441,14.699961668839634,735.8946533203125,443.22064208984375,744.041259765625,436.03839111328125,728.0440673828125,435.6467590332031,755.1354370117188,441.5860595703125,714.724609375,440.4979553222656,768.9500732421875,485.3509521484375,695.1099853515625,485.62945556640625,796.9783325195312,532.7286987304688,670.3594360351562,535.5177001953125,823.1934814453125,571.3865356445312,658.0486450195312,576.6574096679688,759.8804321289062,576.5047607421875,711.0845947265625,577.4044799804688,786.0318603515625,617.7398071289062,714.6450805664062,617.9671630859375,795.6692504882812,641.0313720703125,712.6386108398438,640.8603515625
442,14.733294915254238,736.1785888671875,443.064697265625,744.2344970703125,435.87786865234375,728.2874145507812,435.5115966796875,755.1198120117188,441.4681396484375,714.8311767578125,440.4492492675781,769.0118408203125,485.3159484863281,695.05224609375,485.7535095214844,797.1829833984375,532.5735473632812,670.2723388671875,535.6657104492188,823.0508422851562,571.1459350585938,657.7467041015625,576.7996215820312,760.0603637695312,576.38134765625,711.1351318359375,577.4026489257812,787.484619140625,617.6640014648438,715.5964965820312,618.0296630859375,796.6177368164062,641.022705078125,712.9948120117188,641.0472412109375
443,14.766628161668839,736.0451049804688,443.1077880859375,744.1941528320312,435.9207763671875,728.1908569335938,435.5468444824219,755.2649536132812,441.5873718261719,714.8147583007812,440.5476379394531,769.1563720703125,485.5047302246094,695.11962890625,485.9033508300781,797.2011108398438,532.873046875,670.227783203125,535.8780517578125,823.0636596679688,571.4373168945312,658.01025390625,577.066650390625,760.439697265625,576.5582275390625,711.494873046875,577.52685546875,786.5827026367188,616.8046264648438,714.6367797851562,617.0825805664062,796.7745971679688,640.3681030273438,713.3671264648438,640.2630615234375
444,14.799961408083442,736.0901489257812,443.06353759765625,744.236572265625,435.9088439941406,728.23486328125,435.5032653808594,755.2434692382812,441.7040100097656,714.7914428710938,440.58013916015625,768.986328125,485.6323547363281,695.1140747070312,485.927978515625,797.1295776367188,532.813232421875,670.42626953125,535.6583862304688,822.7445678710938,571.2673950195312,658.2793579101562,576.7501831054688,760.2593383789062,576.4700927734375,711.3491821289062,577.4031982421875,786.6234741210938,616.9127807617188,714.5140380859375,617.1644897460938,797.0571899414062,640.4942016601562,713.1829833984375,640.3704223632812
445,14.833294654498044,735.8547973632812,443.2429504394531,744.0553588867188,436.0933532714844,727.9886474609375,435.6922912597656,755.1839599609375,441.82489013671875,714.6463623046875,440.7250061035156,768.9393310546875,485.6109313964844,695.0928955078125,485.9101867675781,797.15625,532.7679443359375,670.596923828125,535.5519409179688,823.3182983398438,571.3360595703125,658.1849365234375,576.4639282226562,759.8208618164062,576.3596801757812,711.030029296875,577.2666015625,785.9144287109375,617.6344604492188,714.752685546875,617.8614501953125,795.9491577148438,641.6270141601562,713.4276123046875,641.4721069335938
446,14.866627900912647,735.5867919921875,443.2745666503906,743.9680786132812,436.140380859375,727.7881469726562,435.69720458984375,755.3787841796875,441.9821472167969,714.7252197265625,440.80242919921875,769.1759643554688,485.8878173828125,695.1419067382812,486.0728759765625,797.2390747070312,533.092041015625,670.4529418945312,535.6801147460938,823.5509033203125,571.547119140625,657.8311767578125,576.7100219726562,759.5198974609375,576.1912841796875,710.69873046875,577.0128173828125,785.7325439453125,617.114990234375,715.016357421875,617.2252807617188,795.7362060546875,640.98095703125,714.2758178710938,640.601806640625
447,14.899961147327248,735.9629516601562,443.135498046875,744.1942138671875,435.97760009765625,728.1091918945312,435.606689453125,755.3209228515625,441.8329772949219,714.7947998046875,440.8296203613281,769.0696411132812,485.73211669921875,695.0487670898438,486.20404052734375,797.2030029296875,532.8067016601562,670.1932373046875,535.9000244140625,823.5958251953125,571.296142578125,657.7960815429688,576.8549194335938,759.7765502929688,575.7998046875,710.8333129882812,576.8026123046875,787.0626220703125,615.3032836914062,714.9295654296875,615.6112670898438,797.3743896484375,639.446533203125,713.850830078125,639.3720703125
448,14.933294393741852,735.8097534179688,443.0848388671875,744.0838623046875,435.9730224609375,728.0055541992188,435.5520324707031,755.267822265625,441.9460754394531,714.7713623046875,440.8277587890625,769.0110473632812,485.85260009765625,695.0733032226562,486.1932373046875,797.3328857421875,532.8820190429688,670.3424072265625,535.7769165039062,823.6495971679688,571.2597045898438,657.613525390625,576.7872314453125,759.8334350585938,575.7232666015625,710.8607177734375,576.6721801757812,787.5781860351562,615.850341796875,714.9506225585938,616.0888671875,798.8248901367188,639.852294921875,714.13232421875,639.661865234375
449,14.966627640156453,735.5615844726562,443.1356506347656,743.929443359375,435.97930908203125,727.80419921875,435.5811767578125,755.3524780273438,441.8149719238281,714.854248046875,440.7768249511719,769.3175048828125,485.7121887207031,695.1448364257812,486.177001953125,797.3925170898438,532.7660522460938,670.1558227539062,535.91552734375,823.3160400390625,570.865234375,657.8190307617188,576.9254760742188,759.9107666015625,575.8330688476562,710.8342895507812,576.8059692382812,787.6333618164062,615.1387939453125,715.0869140625,615.3760375976562,797.9451904296875,638.7608642578125,713.9640502929688,638.5071411132812
450,14.999960886571056,735.62646484375,443.136962890625,743.9960327148438,436.04376220703125,727.8451538085938,435.5814208984375,755.3492431640625,441.98052978515625,714.8482666015625,440.7859802246094,769.0816040039062,485.8743896484375,695.2908325195312,486.109130859375,797.3319091796875,532.8695678710938,670.47509765625,535.74658203125,823.1936645507812,570.857666015625,657.5443115234375,577.0195922851562,759.1390380859375,576.1920166015625,710.398193359375,577.03466796875,786.5259399414062,617.4169921875,715.6650390625,617.55419921875,796.0591430664062,641.1214599609375,714.0785522460938,640.7669677734375
451,15.033294132985658,735.7765502929688,443.0419006347656,743.9823608398438,435.9132080078125,727.9876708984375,435.55462646484375,755.1493530273438,441.77838134765625,714.9111328125,440.8232727050781,769.1181640625,485.70550537109375,695.2128295898438,486.2292175292969,797.53466796875,532.5995483398438,670.4222412109375,535.7095947265625,823.4921875,571.0481567382812,658.14697265625,576.482421875,759.583740234375,576.0494995117188,710.7596435546875,577.0575561523438,786.6442260742188,616.3195190429688,715.3262939453125,616.6536865234375,795.9203491210938,640.0332641601562,713.5812377929688,639.9912109375
452,15.066627379400261,735.9259643554688,442.9107360839844,744.101318359375,435.81427001953125,728.1181640625,435.422119140625,755.1595458984375,441.7842102050781,714.9524536132812,440.740966796875,769.1800537109375,485.7960205078125,695.1692504882812,486.1882019042969,797.7162475585938,532.7809448242188,670.39501953125,535.6702270507812,823.5885009765625,571.1410522460938,657.9729614257812,576.4172973632812,759.5962524414062,576.024169921875,710.7142944335938,576.9910278320312,787.3426513671875,615.5311279296875,716.00341796875,615.8257446289062,796.266357421875,639.818115234375,714.01806640625,639.72216796875
453,15.099960625814862,735.8097534179688,443.0594482421875,744.0681762695312,435.9490051269531,728.0220947265625,435.5425720214844,755.276611328125,441.8791809082031,714.91357421875,440.8023681640625,769.2353515625,485.833251953125,695.21435546875,486.2356872558594,797.7412719726562,532.795166015625,670.4009399414062,535.8116455078125,823.45947265625,570.89306640625,658.2020874023438,576.6294555664062,760.0269165039062,576.5172729492188,711.0345458984375,577.4751586914062,787.3019409179688,616.3792724609375,715.1005249023438,616.6259765625,797.38330078125,640.4795532226562,713.6373291015625,640.3007202148438
454,15.133293872229466,735.7747802734375,443.00250244140625,744.0720825195312,435.919189453125,728.0200805664062,435.4921875,755.3076171875,441.8800964355469,714.9367065429688,440.7548828125,769.0276489257812,485.79119873046875,695.267822265625,486.1217346191406,797.4752807617188,532.61572265625,670.386474609375,535.51123046875,823.3452758789062,570.8474731445312,657.9746704101562,576.5859375,759.6839599609375,576.4722900390625,710.9107055664062,577.3936767578125,786.5467529296875,616.306396484375,714.9390869140625,616.508544921875,797.3433837890625,640.6932373046875,714.3074340820312,640.4647827148438
455,15.166627118644067,735.7505493164062,443.0352478027344,743.9925537109375,435.9512634277344,728.0175170898438,435.53118896484375,755.179931640625,441.8578186035156,714.97900390625,440.7417297363281,769.0331420898438,485.8035583496094,695.334228515625,486.1506042480469,797.4078979492188,532.7234497070312,670.4341430664062,535.7259521484375,823.1962890625,570.8145141601562,657.887451171875,576.8665771484375,759.8826904296875,576.70703125,711.2239379882812,577.625,786.0076293945312,617.0457153320312,715.0006713867188,617.2484741210938,796.50439453125,640.740966796875,714.2886352539062,640.507568359375
456,15.19996036505867,735.591796875,443.0471496582031,743.8474731445312,435.9884338378906,727.9066772460938,435.5594177246094,755.0947875976562,441.96551513671875,714.9752197265625,440.8274841308594,769.140625,485.8955993652344,695.3832397460938,486.1929931640625,797.6306762695312,532.7403564453125,670.5067138671875,535.6129150390625,823.2279052734375,570.75927734375,657.8567504882812,576.7793579101562,760.2324829101562,576.3423461914062,711.523193359375,577.2113647460938,785.9157104492188,616.5907592773438,714.4835205078125,616.7135620117188,797.1946411132812,640.5390625,714.4706420898438,640.1962280273438
457,15.233293611473272,735.850341796875,443.0253601074219,744.0528564453125,435.9616394042969,728.1073608398438,435.5312805175781,755.1683959960938,441.9978332519531,714.9837036132812,440.851318359375,769.0162353515625,486.0477294921875,695.3605346679688,486.2513732910156,797.3411865234375,533.1123046875,670.3902587890625,535.7288208007812,823.3565063476562,571.1946411132812,657.7781982421875,576.62158203125,759.8085327148438,576.6011352539062,711.1226196289062,577.4308471679688,786.0106811523438,615.6348266601562,714.2940673828125,615.7517700195312,796.66259765625,639.9105224609375,713.3125,639.5988159179688
458,15.266626857887875,735.6768188476562,442.904541015625,744.0072631835938,435.8485412597656,727.959228515625,435.385986328125,755.3214721679688,441.9358825683594,714.950439453125,440.73052978515625,769.0828857421875,486.0317077636719,695.390625,486.1932373046875,797.5112915039062,533.10009765625,670.6198120117188,535.6008911132812,823.2792358398438,571.1917724609375,657.9271240234375,576.3795776367188,759.5349731445312,576.6119384765625,710.9198608398438,577.4261474609375,785.437255859375,616.0115966796875,714.852783203125,616.1199951171875,796.1512451171875,640.6448974609375,714.6608276367188,640.2939453125
459,15.299960104302476,735.8379516601562,442.8482971191406,744.1350708007812,435.7557373046875,728.0914306640625,435.3133850097656,755.383056640625,441.8177490234375,715.0557861328125,440.6517028808594,769.371826171875,486.0973815917969,695.3432006835938,486.3682861328125,797.7476806640625,533.3517456054688,670.4080810546875,536.1804809570312,823.266357421875,571.024169921875,657.7583618164062,576.9022827148438,760.1434936523438,576.753173828125,711.2720947265625,577.6350708007812,786.4220581054688,616.5352783203125,715.064208984375,616.7025756835938,796.81005859375,640.44970703125,714.3374633789062,640.1494140625
460,15.33329335071708,735.9411010742188,442.8228759765625,744.1939697265625,435.716064453125,728.1589965820312,435.2939453125,755.3870849609375,441.7626647949219,715.0231323242188,440.62176513671875,769.290771484375,486.09393310546875,695.27880859375,486.3235778808594,797.4785766601562,533.51953125,670.4452514648438,536.2267456054688,823.67529296875,571.3567504882812,658.11865234375,576.6468505859375,759.7837524414062,576.5927124023438,711.0707397460938,577.4324340820312,784.713623046875,615.820068359375,714.5237426757812,615.9822387695312,794.2626342773438,639.5917358398438,713.6879272460938,639.3347778320312
461,15.366626597131681,735.9442749023438,442.8936767578125,744.2000732421875,435.8006591796875,728.146484375,435.3833312988281,755.380615234375,441.8416748046875,715.0084838867188,440.7308654785156,769.230224609375,486.0395812988281,695.3421630859375,486.3218078613281,797.4310913085938,533.2760620117188,670.4549560546875,535.9805908203125,823.2815551757812,571.3533325195312,657.769775390625,576.5883178710938,759.5773315429688,576.3974609375,711.0682373046875,577.2744750976562,784.5241088867188,615.9102172851562,715.7311401367188,616.12353515625,793.348388671875,640.1790771484375,715.1218872070312,639.99560546875
462,15.399959843546284,736.3388061523438,442.8580322265625,744.4684448242188,435.7470703125,728.491943359375,435.3486022949219,755.3912963867188,441.7030334472656,715.11474609375,440.6163330078125,769.0982666015625,485.9134826660156,695.297607421875,486.22430419921875,797.3948364257812,533.2703857421875,670.4524536132812,536.0809936523438,823.8682861328125,571.6503295898438,658.0321044921875,576.7684936523438,759.571044921875,576.8010864257812,710.9219360351562,577.732421875,785.9027709960938,616.2763671875,715.4368286132812,616.5637817382812,794.9385986328125,640.2779541015625,713.64208984375,640.2255249023438
463,15.433293089960886,736.2059936523438,442.78851318359375,744.3589477539062,435.6522216796875,728.3927612304688,435.2771911621094,755.359375,441.592041015625,715.1295166015625,440.58502197265625,769.115234375,485.9334716796875,695.2969970703125,486.37548828125,797.258544921875,533.2548828125,670.3272705078125,536.3135986328125,823.2528686523438,571.3856811523438,657.9467163085938,576.9362182617188,759.43701171875,577.0990600585938,710.8114013671875,578.0838012695312,785.65771484375,615.5010375976562,715.429443359375,615.8449096679688,794.3831787109375,639.0524291992188,713.7060546875,639.04931640625
464,15.466626336375489,736.1931762695312,442.7803039550781,744.4505615234375,435.6817321777344,728.341796875,435.2460632324219,755.592041015625,441.8173828125,715.0755615234375,440.6619873046875,769.3077392578125,486.2480773925781,695.3881225585938,486.4139709472656,797.2615356445312,533.6990966796875,670.5358276367188,536.3124389648438,823.076416015625,571.1787109375,657.8679809570312,576.5962524414062,759.0900268554688,576.8943481445312,710.457763671875,577.6824340820312,784.7202758789062,615.34228515625,715.0615234375,615.4788818359375,793.0518798828125,640.0913696289062,713.38037109375,639.8236694335938
465,15.49995958279009,736.05029296875,442.7076110839844,744.325439453125,435.6484375,728.2825317382812,435.19708251953125,755.5140380859375,441.82232666015625,715.14501953125,440.6551208496094,769.2494506835938,486.1258544921875,695.4009399414062,486.3604736328125,797.4212646484375,533.2778930664062,670.6142578125,536.0451049804688,823.1713256835938,571.0181884765625,657.718017578125,576.6702880859375,759.1184692382812,576.416015625,710.4401245117188,577.2628784179688,785.761474609375,615.0620727539062,715.3679809570312,615.2494506835938,795.0358276367188,640.1103515625,714.0328979492188,639.8818969726562
466,15.533292829204694,736.1187744140625,442.7557678222656,744.37060546875,435.6502380371094,728.2593994140625,435.2232666015625,755.5339965820312,441.7496643066406,715.041748046875,440.6326599121094,769.2118530273438,486.0557861328125,695.52587890625,486.272705078125,796.9789428710938,533.3057861328125,670.5274658203125,536.0269165039062,823.110595703125,571.2733764648438,657.52734375,576.9093017578125,759.0999755859375,576.2930908203125,710.5582885742188,577.1017456054688,785.557373046875,614.4407958984375,715.4304809570312,614.5914916992188,793.4071655273438,638.9158325195312,712.7279663085938,638.6434936523438
467,15.566626075619295,736.1444091796875,442.79730224609375,744.3560791015625,435.664794921875,728.3085327148438,435.28729248046875,755.5054321289062,441.745361328125,715.1073608398438,440.7381591796875,769.3065795898438,486.10137939453125,695.5092163085938,486.4490966796875,797.1026000976562,533.3232421875,670.2520141601562,536.199951171875,823.3751831054688,571.3158569335938,657.6825561523438,576.9839477539062,759.6773071289062,576.541015625,711.0016479492188,577.4166870117188,785.8610229492188,614.1624145507812,714.760498046875,614.3551025390625,794.63818359375,638.1793823242188,712.6326904296875,637.96337890625
468,15.599959322033898,736.32861328125,442.9232177734375,744.5194091796875,435.79351806640625,728.5086059570312,435.43048095703125,755.5565185546875,441.84332275390625,715.1752319335938,440.8536682128906,769.1664428710938,486.07208251953125,695.3901977539062,486.5157165527344,797.1923217773438,533.0921630859375,670.1876831054688,536.0222778320312,823.2349853515625,571.1361694335938,657.7032470703125,576.5640869140625,760.0784912109375,576.5272216796875,711.3997802734375,577.519287109375,785.8634033203125,614.4747314453125,714.6806640625,614.7784423828125,796.4199829101562,638.5562133789062,714.3077392578125,638.5219116210938
469,15.6332925684485,736.230224609375,443.0093994140625,744.3240966796875,435.7860107421875,728.231201171875,435.5101318359375,755.2401123046875,441.6619567871094,714.59521484375,440.9090270996094,768.6904296875,485.70343017578125,695.1588134765625,486.5339050292969,796.7124633789062,532.6659545898438,670.3480834960938,536.3804321289062,822.7005615234375,570.8087768554688,657.5711059570312,576.9526977539062,759.6497802734375,576.1444702148438,711.13916015625,577.3193969726562,785.4025268554688,614.0181884765625,714.9044189453125,614.5617065429688,794.6934204101562,637.4864501953125,713.3263549804688,637.8211059570312
470,15.666625814863103,736.20703125,443.010498046875,744.3758544921875,435.7795715332031,728.2205810546875,435.4926452636719,755.3810424804688,441.68414306640625,714.590576171875,440.9114685058594,768.8485717773438,485.7145080566406,695.1453247070312,486.5829162597656,797.079833984375,532.5899047851562,670.6461181640625,536.3463745117188,822.4840698242188,570.6265869140625,657.4814453125,576.8844604492188,759.9508666992188,575.8796997070312,711.3311157226562,577.0817260742188,785.306884765625,614.4009399414062,714.7539672851562,614.9517211914062,796.0214233398438,637.8397216796875,714.7424926757812,638.1853637695312
471,15.699959061277704,736.4738159179688,442.8927001953125,744.5964965820312,435.6575927734375,728.4791870117188,435.3868713378906,755.5332641601562,441.6479797363281,714.9058227539062,440.9035339355469,769.309814453125,485.891845703125,695.2161865234375,486.73382568359375,797.2449951171875,532.9369506835938,670.3919677734375,536.6761474609375,822.7059326171875,570.4481201171875,657.8580932617188,576.8368530273438,760.1787719726562,575.913818359375,711.2037963867188,577.0802612304688,786.83447265625,613.75244140625,714.8370971679688,614.2555541992188,795.992431640625,637.11767578125,713.0527954101562,637.3765869140625
472,15.733292307692308,735.89208984375,443.32489013671875,744.1397705078125,436.0067138671875,727.810791015625,435.755859375,755.3435668945312,441.8471984863281,714.280029296875,441.1615905761719,769.21484375,486.0567321777344,695.001220703125,486.8929138183594,797.4328002929688,533.2726440429688,670.1851196289062,536.8645629882812,823.3893432617188,571.3232421875,657.4392700195312,577.215087890625,759.9290161132812,576.3240966796875,711.0552978515625,577.428466796875,785.1398315429688,613.7628784179688,714.4000244140625,614.1865844726562,793.8588256835938,637.066162109375,713.0778198242188,637.2092895507812
473,15.76662555410691,735.9802856445312,443.217041015625,744.142578125,435.9338684082031,727.9105834960938,435.6855163574219,755.16162109375,441.8424987792969,714.3161010742188,441.1543273925781,768.9513549804688,486.0671081542969,694.8201904296875,486.9304504394531,797.1277465820312,533.2474975585938,670.0479125976562,536.8795166015625,823.5980834960938,571.42578125,657.5267333984375,577.0267333984375,759.6510620117188,576.02685546875,710.7837524414062,577.2048950195312,786.1182861328125,614.0504150390625,715.1962280273438,614.5814819335938,794.4178466796875,637.3469848632812,713.12890625,637.6286010742188
474,15.799958800521512,735.984375,443.0238037109375,744.3037109375,435.826171875,728.0787353515625,435.4787292480469,755.549560546875,441.88232421875,714.8716430664062,440.971435546875,769.1718139648438,486.242919921875,695.3253784179688,486.78375244140625,797.1817016601562,533.3057250976562,670.3795776367188,536.4164428710938,823.2122802734375,571.153076171875,657.7972412109375,576.734375,759.2512817382812,576.3245849609375,710.5594482421875,577.3307495117188,786.0343627929688,614.4618530273438,715.4823608398438,614.798095703125,794.5877685546875,637.6268310546875,713.6355590820312,637.58935546875
475,15.833292046936114,735.8961791992188,443.29156494140625,744.1906127929688,436.0616455078125,727.9784545898438,435.7379455566406,755.4519653320312,441.9844055175781,714.7689208984375,441.1266174316406,769.0634155273438,486.21484375,695.2780151367188,486.83575439453125,796.9389038085938,533.1785888671875,670.205078125,536.4693603515625,823.1671142578125,571.0073852539062,657.6544799804688,576.7976684570312,759.37255859375,576.4817504882812,710.7186889648438,577.5261840820312,785.8628540039062,614.95751953125,715.3261108398438,615.335205078125,794.1956176757812,637.6484985351562,713.07568359375,637.6633911132812
476,15.866625293350717,735.8801879882812,443.3521423339844,744.2080078125,436.12799072265625,727.9374389648438,435.7707824707031,755.4915161132812,442.0513000488281,714.671875,441.1154479980469,768.9520874023438,486.1856689453125,695.2803344726562,486.6275634765625,796.7741088867188,533.2174682617188,670.4871826171875,536.0667114257812,822.8997802734375,571.030517578125,657.8850708007812,576.0801391601562,758.8732299804688,576.0997924804688,710.2163696289062,577.055419921875,786.0953369140625,614.0944213867188,715.2131958007812,614.3943481445312,794.3447875976562,637.2373046875,712.5467529296875,637.1597900390625
477,15.899958539765318,735.79638671875,443.39178466796875,744.1630249023438,436.14874267578125,727.8477783203125,435.80902099609375,755.5219116210938,442.08734130859375,714.6970825195312,441.2224426269531,769.1343383789062,486.3046569824219,695.4298095703125,486.9224853515625,797.0308227539062,533.2537231445312,670.5771484375,536.4661865234375,822.7528076171875,570.9859008789062,657.372314453125,576.8154907226562,759.3165893554688,576.3538208007812,710.6815185546875,577.4032592773438,786.9246826171875,615.5101318359375,716.444091796875,615.8795166015625,795.1024780273438,638.4141235351562,713.9761962890625,638.3853149414062
478,15.933291786179922,735.96337890625,443.2724609375,744.2527465820312,436.0362854003906,727.9873657226562,435.718505859375,755.4984130859375,442.03619384765625,714.7305297851562,441.2081298828125,769.2227783203125,486.36859130859375,695.439697265625,486.9637756347656,797.0523681640625,533.4703369140625,670.456298828125,536.6075439453125,822.7630615234375,570.94580078125,657.5923461914062,576.6385498046875,759.506591796875,576.6849975585938,710.7752685546875,577.6937866210938,786.72900390625,615.4599609375,715.6909790039062,615.7879638671875,794.8428344726562,638.4410400390625,712.9602661132812,638.3865966796875
479,15.966625032594523,735.9671020507812,443.31072998046875,744.37109375,436.0234680175781,727.9639892578125,435.6676025390625,755.7749633789062,441.9378356933594,714.7740478515625,441.0165100097656,769.5245971679688,486.4093017578125,695.38818359375,486.8827819824219,797.3206176757812,533.839111328125,670.2135620117188,536.9422607421875,823.2142333984375,571.0491333007812,657.6046752929688,577.0867919921875,759.3194580078125,577.1151123046875,710.334228515625,578.0489501953125,787.1830444335938,615.777587890625,715.6610107421875,616.021728515625,794.3612670898438,638.2481079101562,711.9187622070312,638.0340576171875
480,15.999958279009126,736.192626953125,443.2514953613281,744.591552734375,435.9531555175781,728.1870727539062,435.5994567871094,755.947021484375,441.8503112792969,714.9408569335938,440.93475341796875,769.4230346679688,486.3356018066406,695.4946899414062,486.8695983886719,796.972412109375,533.6466674804688,670.3175048828125,537.0142822265625,823.040771484375,570.8986206054688,657.7579956054688,577.4031982421875,758.9481811523438,577.0816040039062,710.1639404296875,578.05029296875,786.5401000976562,615.1176147460938,715.7857666015625,615.4234008789062,793.1575317382812,637.57958984375,711.8649291992188,637.4646606445312
481,16.033291525423728,736.3335571289062,443.1921081542969,744.7030029296875,435.9176330566406,728.3035278320312,435.5431823730469,755.9737548828125,441.9093017578125,714.8554077148438,440.91876220703125,769.3601684570312,486.4303894042969,695.3274536132812,486.85693359375,797.0899047851562,533.8468627929688,670.1827392578125,536.9678344726562,823.131591796875,570.906005859375,657.7096557617188,576.9549560546875,759.2377319335938,577.2907104492188,710.3392944335938,578.2371215820312,786.4628295898438,614.8787841796875,715.2691650390625,615.166015625,794.1726684570312,638.0274658203125,712.1245727539062,637.926513671875
482,16.06662477183833,736.2112426757812,443.02154541015625,744.5604248046875,435.7652893066406,728.2077026367188,435.36474609375,755.7614135742188,441.7903137207031,714.771240234375,440.74395751953125,769.20654296875,486.3131408691406,695.1265869140625,486.7267761230469,796.9679565429688,533.7621459960938,670.1991577148438,536.9596557617188,823.1138916015625,571.0123291015625,657.2540283203125,577.2227783203125,758.9635620117188,576.8958740234375,709.949951171875,577.8594360351562,787.4447631835938,614.7025146484375,715.5213012695312,615.0176391601562,795.2073364257812,638.0466918945312,711.7999877929688,637.9573974609375
483,16.099958018252934,736.0689697265625,443.28411865234375,744.4194946289062,435.9441223144531,728.0258178710938,435.62109375,755.6984252929688,441.81732177734375,714.6063842773438,440.9599609375,769.3646850585938,486.3922424316406,695.0726318359375,486.98333740234375,797.123046875,534.0248413085938,669.90869140625,537.3499755859375,823.1801147460938,571.3829345703125,657.5244140625,577.4652709960938,759.5166015625,577.4110717773438,710.4089965820312,578.4315185546875,787.00830078125,613.8551025390625,714.8143920898438,614.1889038085938,794.9949340820312,636.4519653320312,711.7067260742188,636.3847045898438
484,16.133291264667537,736.3079833984375,443.1690673828125,744.7125854492188,435.860595703125,728.251953125,435.5047302246094,755.9691772460938,441.89453125,714.6945190429688,440.939208984375,769.2088623046875,486.4691467285156,695.3013305664062,486.94427490234375,796.7989501953125,533.90771484375,670.295654296875,537.0188598632812,822.5274047851562,571.1097412109375,657.4662475585938,577.190185546875,759.6608276367188,576.9334716796875,710.8894653320312,577.908935546875,785.5103759765625,614.0767211914062,714.5856323242188,614.3573608398438,795.0092163085938,636.2957763671875,713.456787109375,636.199462890625
485,16.166624511082137,736.2738037109375,443.1126403808594,744.658935546875,435.7713317871094,728.1615600585938,435.4530334472656,755.9349365234375,441.8514099121094,714.6104125976562,440.9764709472656,769.3789672851562,486.6582946777344,695.3303833007812,487.13275146484375,797.0574340820312,534.1737670898438,670.1987915039062,537.1564331054688,823.2302856445312,571.7828369140625,657.7870483398438,577.3240966796875,759.7888793945312,577.2740478515625,711.029296875,578.2138671875,784.9028930664062,613.0222778320312,714.4224243164062,613.2662963867188,793.1202392578125,635.2200317382812,712.6776733398438,635.0884399414062
486,16.19995775749674,736.0299682617188,442.9712829589844,744.5264892578125,435.68804931640625,728.0343017578125,435.31378173828125,756.0352783203125,441.87310791015625,714.8206176757812,440.8821105957031,769.5847778320312,486.73028564453125,695.5394287109375,486.997802734375,797.1785888671875,534.2611694335938,670.3090209960938,536.8366088867188,823.2615356445312,571.60888671875,657.5924682617188,576.9212646484375,759.4747924804688,577.0597534179688,710.7350463867188,577.858154296875,784.6527099609375,613.9615478515625,714.4231567382812,614.050537109375,793.00537109375,635.873291015625,712.7763671875,635.4879150390625
487,16.233291003911344,736.01025390625,442.8985595703125,744.401611328125,435.58685302734375,727.9736328125,435.2649841308594,755.7682495117188,441.7022399902344,714.6283569335938,440.84112548828125,769.3511352539062,486.49957275390625,695.3497924804688,486.98974609375,797.0337524414062,534.0386352539062,670.1953125,537.1038818359375,823.2466430664062,571.5634155273438,657.7029418945312,577.3884887695312,759.427001953125,576.8592529296875,710.7366333007812,577.7767333984375,784.6273803710938,613.0767211914062,714.5529174804688,613.3048706054688,792.5918579101562,635.0816040039062,712.7020874023438,634.9041748046875
488,16.266624250325947,735.7673950195312,442.9661560058594,744.1578369140625,435.6645812988281,727.7423706054688,435.3533020019531,755.5659790039062,441.75921630859375,714.4479370117188,440.9277648925781,769.3848266601562,486.4608154296875,695.127197265625,487.049560546875,797.2825317382812,533.8334350585938,670.2515869140625,537.0671997070312,823.6801147460938,571.5608520507812,657.4929809570312,577.3428955078125,759.6051025390625,576.528076171875,710.8395385742188,577.5071411132812,784.75830078125,613.7254028320312,715.2059936523438,614.0112915039062,792.8723754882812,636.0263061523438,714.00927734375,635.9082641601562
489,16.299957496740547,735.5911865234375,442.96734619140625,744.0049438476562,435.5892333984375,727.517333984375,435.34814453125,755.4630126953125,441.6296081542969,714.1968383789062,440.98492431640625,769.1907348632812,486.31463623046875,694.923828125,487.3027648925781,796.9384765625,533.3723754882812,669.9066162109375,537.3788452148438,823.72314453125,571.2633666992188,657.1575317382812,577.7717895507812,760.0468139648438,576.452880859375,711.1400146484375,577.6748046875,786.1593017578125,614.2827758789062,715.5070190429688,614.8048706054688,794.6022338867188,635.584228515625,713.848388671875,635.7325439453125
490,16.33329074315515,735.6401977539062,443.0395202636719,744.0414428710938,435.6752624511719,727.5739135742188,435.4263610839844,755.476806640625,441.70086669921875,714.24609375,441.0272521972656,769.3735961914062,486.4115905761719,694.803955078125,487.2825622558594,797.3470458984375,533.7647705078125,669.9923095703125,537.4400634765625,824.0982666015625,571.4741821289062,657.6708984375,577.3106079101562,759.8911743164062,576.443603515625,710.8428955078125,577.60009765625,785.9073486328125,613.5780639648438,715.2952880859375,614.0316162109375,794.3685302734375,635.737548828125,714.15771484375,635.8220825195312
491,16.366623989569753,735.5855102539062,442.99383544921875,744.015869140625,435.6843566894531,727.5452880859375,435.4005432128906,755.4490966796875,441.7725524902344,714.2564697265625,441.0362854003906,769.2291259765625,486.358642578125,694.7371826171875,487.2311706542969,797.3358764648438,533.5234985351562,670.1246337890625,537.3948974609375,824.32177734375,571.2608642578125,657.4439086914062,577.6262817382812,759.236572265625,576.3512573242188,710.2078857421875,577.5103149414062,786.4194946289062,613.908203125,715.8079223632812,614.367431640625,794.8407592773438,637.0165405273438,714.453857421875,637.1024780273438
492,16.399957235984356,735.2567138671875,442.8043518066406,743.787353515625,435.534423828125,727.2539672851562,435.2196350097656,755.4573364257812,441.83233642578125,714.2123413085938,441.06170654296875,769.3536376953125,486.5689392089844,694.9354858398438,487.33270263671875,797.1434326171875,533.6585083007812,670.0878295898438,537.3400268554688,823.9261474609375,571.137451171875,657.33251953125,577.680908203125,758.8802490234375,576.224365234375,709.9243774414062,577.2589721679688,786.3527221679688,613.0438232421875,716.00244140625,613.3605346679688,793.5582885742188,637.0325927734375,713.7734985351562,636.8846435546875
493,16.433290482398956,735.34033203125,442.7412109375,743.8717651367188,435.46563720703125,727.3492431640625,435.1690673828125,755.5438842773438,441.7500305175781,714.2998046875,441.0157165527344,769.5073852539062,486.4896545410156,694.955810546875,487.3303527832031,797.4397583007812,533.58984375,670.1721801757812,537.4072875976562,824.1716918945312,571.1653442382812,657.4444580078125,577.7847290039062,759.123779296875,576.1090087890625,710.1954956054688,577.170654296875,785.37451171875,612.5601196289062,715.6694946289062,612.9009399414062,793.0343627929688,636.600341796875,714.596923828125,636.508056640625
494,16.46662372881356,735.37841796875,443.0190124511719,743.8795166015625,435.67620849609375,727.2871704101562,435.4010009765625,755.4718627929688,441.80828857421875,714.078857421875,441.0946044921875,769.5663452148438,486.6171569824219,694.7115478515625,487.3735656738281,797.8021850585938,533.9806518554688,670.0986938476562,537.3517456054688,824.5608520507812,571.7743530273438,657.7691040039062,577.0198974609375,759.155029296875,576.4353637695312,710.0906372070312,577.485595703125,785.2420043945312,613.5394897460938,715.961181640625,613.896728515625,792.0194702148438,636.8455200195312,714.5253295898438,636.7948608398438
495,16.499956975228162,735.4895629882812,443.04962158203125,744.0220336914062,435.7076110839844,727.3744506835938,435.41180419921875,755.6466674804688,441.8692932128906,714.0956420898438,441.0956115722656,769.6790161132812,486.7172546386719,694.7435913085938,487.31304931640625,797.904296875,534.215576171875,670.0512084960938,537.2457885742188,824.5382080078125,571.8790893554688,657.8112182617188,576.7223510742188,758.9663696289062,576.48828125,709.8944702148438,577.431396484375,784.296630859375,612.9513549804688,715.35205078125,613.2085571289062,791.0400390625,636.3849487304688,714.2032470703125,636.2236938476562
496,16.533290221642766,735.2874145507812,443.0705871582031,743.8050537109375,435.74627685546875,727.2996826171875,435.478759765625,755.4653930664062,441.8278503417969,714.277587890625,441.1475524902344,769.3508911132812,486.43817138671875,694.9481201171875,487.3591613769531,797.1966552734375,533.49169921875,670.1398315429688,537.3281860351562,823.501220703125,570.6316528320312,657.9437866210938,577.0255126953125,759.481689453125,576.23779296875,710.6243896484375,577.3981323242188,785.6822509765625,614.6181030273438,716.2692260742188,615.0628051757812,793.7186279296875,637.00732421875,715.496337890625,637.0180053710938
497,16.566623468057365,735.3006591796875,443.10919189453125,743.8369140625,435.7536315917969,727.2774047851562,435.4995422363281,755.493896484375,441.8233947753906,714.1480102539062,441.1676330566406,769.2932739257812,486.50604248046875,694.7216186523438,487.4563293457031,797.2576293945312,533.5863037109375,670.0003051757812,537.3890991210938,823.4569702148438,570.9833374023438,657.8243408203125,577.03173828125,759.262451171875,576.4747314453125,710.3684692382812,577.6561889648438,784.60107421875,614.86279296875,715.8405151367188,615.3508911132812,792.7605590820312,636.8396606445312,715.7469482421875,636.94384765625
498,16.59995671447197,735.1477661132812,443.0417785644531,743.7060546875,435.681396484375,727.1674194335938,435.4348449707031,755.4482421875,441.7593994140625,714.1314697265625,441.1353759765625,769.3353271484375,486.438232421875,694.7886962890625,487.4753112792969,797.281005859375,533.6205444335938,670.090576171875,537.609619140625,823.3322143554688,570.843017578125,657.7028198242188,577.2158813476562,759.6312255859375,576.3287353515625,710.6668090820312,577.541015625,784.8439331054688,614.082763671875,715.1883544921875,614.5833740234375,794.0662841796875,635.9540405273438,715.4522094726562,636.050048828125
499,16.63328996088657,735.2296752929688,443.1582336425781,743.7485961914062,435.8408508300781,727.2089233398438,435.5719909667969,755.4229125976562,441.93035888671875,714.193115234375,441.27630615234375,769.4793701171875,486.470703125,695.037841796875,487.4300842285156,797.4357299804688,533.6386108398438,670.3460083007812,537.5100708007812,823.29833984375,570.7261352539062,657.3738403320312,577.2679443359375,759.4639282226562,576.1319580078125,710.51123046875,577.2754516601562,786.1878662109375,615.3074951171875,716.2777709960938,615.7379760742188,794.0386962890625,637.9259643554688,714.8095703125,637.917236328125
500,16.666623207301175,735.4763793945312,443.05889892578125,743.8690795898438,435.7303771972656,727.414306640625,435.50537109375,755.3478393554688,441.8404846191406,714.248046875,441.278076171875,769.3568115234375,486.4259338378906,695.0341186523438,487.5166015625,797.146728515625,533.474365234375,670.2233276367188,537.6690673828125,823.2344970703125,570.5616455078125,657.5006103515625,577.4717407226562,759.5543823242188,575.9873657226562,710.6364135742188,577.2008666992188,786.2823486328125,614.4327392578125,716.0006713867188,614.9589233398438,793.4714965820312,636.5830078125,713.5888061523438,636.7391967773438
501,16.699956453715775,735.514892578125,443.9048767089844,743.9957275390625,436.56036376953125,727.5025634765625,436.29107666015625,755.5306396484375,442.4029235839844,714.4786987304688,441.7439880371094,769.5228271484375,486.6180725097656,694.98486328125,487.6449279785156,798.0460815429688,533.2327880859375,670.5225830078125,537.660888671875,824.5792846679688,570.0226440429688,658.0667724609375,577.6431884765625,758.3357543945312,576.0877685546875,709.3836059570312,577.2706298828125,786.9695434570312,614.195556640625,717.2881469726562,614.682861328125,793.5235595703125,636.5411987304688,715.2039184570312,636.5975341796875
502,16.733289700130378,735.43115234375,443.80938720703125,743.9096069335938,436.46478271484375,727.4302368164062,436.2109069824219,755.4859619140625,442.3527526855469,714.455078125,441.7212219238281,769.3941040039062,486.67889404296875,695.1282958984375,487.6498107910156,797.7091064453125,533.3543090820312,670.643798828125,537.4920043945312,824.1638793945312,570.142822265625,658.4141235351562,577.0524291992188,758.1875,576.2295532226562,709.5880737304688,577.3524169921875,784.6492919921875,613.7867431640625,716.719970703125,614.23681640625,790.6372680664062,635.7164916992188,715.0574951171875,635.7638549804688
503,16.76662294654498,735.3795776367188,443.85888671875,743.836181640625,436.4970397949219,727.4007568359375,436.27667236328125,755.4260864257812,442.3472900390625,714.4876708984375,441.8094177246094,769.54931640625,486.6514892578125,695.1380615234375,487.8330993652344,797.8312377929688,533.3644409179688,670.70751953125,537.8643188476562,823.9666748046875,570.0429077148438,658.5576782226562,577.3155517578125,758.9506225585938,576.0909423828125,710.2265625,577.3504028320312,785.8178100585938,613.32666015625,717.3572998046875,613.89501953125,792.2290649414062,635.0701904296875,716.0346069335938,635.2328491210938
504,16.799956192959584,735.2799682617188,443.7292785644531,743.7924194335938,436.4121398925781,727.3364868164062,436.15057373046875,755.454345703125,442.3298645019531,714.53466796875,441.7069091796875,769.57470703125,486.5997009277344,695.0930786132812,487.6329040527344,797.7379150390625,533.4561157226562,670.671630859375,537.624755859375,823.9314575195312,570.1333618164062,658.33056640625,576.9713745117188,758.3349609375,575.8240966796875,709.5701904296875,577.0010375976562,786.0103149414062,613.387939453125,717.7413940429688,613.8837890625,791.8193969726562,636.062744140625,715.9510498046875,636.11572265625
505,16.833289439374184,735.1902465820312,443.74072265625,743.7168579101562,436.3751220703125,727.226318359375,436.14697265625,755.437744140625,442.2898254394531,714.3564453125,441.73944091796875,769.419921875,486.642822265625,695.0318603515625,487.8102722167969,797.3453979492188,533.6233520507812,670.5680541992188,538.06689453125,823.7333374023438,570.2445068359375,658.3908081054688,577.3969116210938,758.8209838867188,575.9441528320312,710.0421142578125,577.2039794921875,785.9666748046875,613.2199096679688,716.997314453125,613.7835083007812,793.1029052734375,635.3890991210938,715.8619995117188,635.5155639648438
506,16.866622685788787,735.5178833007812,443.4037170410156,743.958740234375,436.0638732910156,727.5429077148438,435.8709411621094,755.4705200195312,442.1858215332031,714.4391479492188,441.7006530761719,769.4466552734375,486.6695251464844,694.8912353515625,487.9903869628906,797.5587158203125,533.48583984375,670.3552856445312,538.2263793945312,823.8364868164062,570.5247802734375,658.2894897460938,578.030029296875,759.54248046875,575.5660400390625,710.5453491210938,576.9175415039062,786.0980834960938,611.7222290039062,715.6365966796875,612.3579711914062,795.2418823242188,634.3042602539062,715.981201171875,634.59228515625
507,16.89995593220339,735.5392456054688,443.1532287597656,744.0491333007812,435.9034729003906,727.5845336914062,435.63629150390625,755.5762939453125,442.2762145996094,714.513671875,441.62213134765625,769.4429931640625,486.79010009765625,694.91259765625,487.8601989746094,797.937255859375,533.3119506835938,670.4869995117188,537.6144409179688,824.1631469726562,570.3433837890625,658.1937866210938,577.5621337890625,758.9400024414062,575.2293701171875,709.942138671875,576.4453125,786.1096801757812,612.1072998046875,715.8348388671875,612.6012573242188,795.3259887695312,635.55078125,716.3161010742188,635.6786499023438
508,16.933289178617994,736.059326171875,443.1709899902344,744.3692016601562,435.8677062988281,728.0059814453125,435.6762390136719,755.5529174804688,442.1576232910156,714.5717163085938,441.6372375488281,769.2572021484375,486.7931823730469,694.91259765625,487.9669494628906,797.4051513671875,533.6100463867188,670.2453002929688,537.978271484375,823.8180541992188,570.6161499023438,658.2720947265625,577.5643920898438,759.5054321289062,575.8016967773438,710.56103515625,577.104248046875,785.9776611328125,612.2107543945312,715.0762329101562,612.8137817382812,795.4656982421875,634.9483642578125,715.1703491210938,635.2975463867188
509,16.966622425032593,736.0188598632812,443.2402038574219,744.291015625,435.94012451171875,727.9500732421875,435.7628173828125,755.4496459960938,442.1810607910156,714.5335693359375,441.6832275390625,769.36669921875,486.8463439941406,694.87255859375,487.9667663574219,797.6181030273438,533.8665161132812,670.163330078125,538.0632934570312,823.7948608398438,570.4442749023438,658.4373779296875,577.1473388671875,759.5026245117188,576.2874145507812,710.5418701171875,577.5252685546875,785.0025024414062,612.963623046875,714.6712646484375,613.499267578125,793.9580688476562,635.5460815429688,714.7399291992188,635.8304443359375
510,16.999955671447196,735.9905395507812,443.5091247558594,744.1544799804688,436.154541015625,727.823974609375,436.0667419433594,755.2564697265625,442.2580871582031,714.286865234375,441.98797607421875,769.333251953125,486.8175048828125,694.8515014648438,488.1227111816406,797.5850219726562,533.9215087890625,670.0895385742188,538.2299194335938,823.7552490234375,570.4733276367188,658.9765625,576.8385009765625,759.6878051757812,576.4781494140625,710.5597534179688,577.77685546875,786.0155639648438,612.1451416015625,714.0842895507812,612.7362060546875,794.4571533203125,635.1533203125,712.8488159179688,635.5518188476562
511,17.0332889178618,736.5215454101562,443.640380859375,744.5114135742188,436.2436828613281,728.256591796875,436.18798828125,755.237060546875,442.26300048828125,714.3585815429688,442.04302978515625,769.0542602539062,486.8006896972656,694.9119873046875,488.2171325683594,797.3282470703125,533.8583984375,670.1879272460938,538.4500122070312,823.735107421875,570.5361328125,658.873291015625,577.1021728515625,759.923095703125,576.5005493164062,710.8677978515625,577.9285278320312,787.406982421875,612.4358520507812,714.6319580078125,613.2009887695312,795.7581787109375,634.174560546875,712.1759643554688,634.833984375
512,17.066622164276403,736.3624877929688,444.0013427734375,744.4059448242188,436.5738220214844,728.090087890625,436.52313232421875,755.2037963867188,442.4175109863281,714.1131591796875,442.20458984375,768.8848876953125,486.6297607421875,694.6802978515625,488.14349365234375,797.5358276367188,533.5478515625,670.4550170898438,538.2398681640625,823.7120361328125,570.654296875,658.7503662109375,576.9483032226562,759.8671264648438,576.1146240234375,710.9380493164062,577.6187133789062,785.85546875,612.5208740234375,714.6454467773438,613.3751220703125,795.385498046875,634.6309204101562,714.4046630859375,635.4507446289062
513,17.099955410691003,735.9655151367188,443.8025207519531,744.0700073242188,436.3312072753906,727.682861328125,436.2942810058594,755.0731201171875,442.12811279296875,713.9357299804688,441.9811706542969,769.1717529296875,486.5989074707031,694.6837768554688,488.09423828125,797.211181640625,534.2005615234375,670.2838134765625,538.7186279296875,823.1026000976562,570.9824829101562,658.3759155273438,577.1624755859375,759.87158203125,576.5427856445312,710.7744140625,577.9835815429688,786.6744995117188,613.2404174804688,715.2107543945312,614.005859375,794.7477416992188,635.5263061523438,713.6731567382812,636.1375122070312
514,17.133288657105606,736.0988159179688,443.8921813964844,744.1473999023438,436.4586181640625,727.8161010742188,436.4029846191406,755.0118408203125,442.2418212890625,714.0086669921875,442.0413513183594,768.9212646484375,486.5912170410156,694.7312622070312,488.0111083984375,796.8610229492188,534.1880493164062,670.4381103515625,538.6679077148438,822.9813232421875,570.7893676757812,658.4339599609375,577.0676879882812,759.3933715820312,576.5023803710938,710.4407958984375,577.9098510742188,786.6944580078125,613.4058837890625,715.1903686523438,614.15380859375,794.46435546875,635.8121337890625,712.925537109375,636.427978515625
515,17.16662190352021,736.215087890625,443.8990783691406,744.2163696289062,436.45477294921875,727.8868408203125,436.4322204589844,755.0082397460938,442.2516784667969,713.8773803710938,442.1106872558594,768.91552734375,486.4823913574219,694.6780395507812,488.01898193359375,797.4179077148438,533.7356567382812,670.4901733398438,538.3970947265625,823.7365112304688,570.9782104492188,658.3121337890625,577.20068359375,760.0015869140625,576.2588500976562,711.0628662109375,577.7192993164062,785.6087036132812,613.001708984375,714.2418823242188,613.7985229492188,794.747802734375,635.4569702148438,713.4613037109375,636.212890625
516,17.199955149934812,736.197998046875,444.1336669921875,744.2507934570312,436.7036437988281,727.9496459960938,436.6451110839844,755.1141357421875,442.4272766113281,714.0402221679688,442.1897888183594,769.0383911132812,486.4609069824219,694.672119140625,487.9534912109375,797.559326171875,533.517578125,670.5364379882812,538.1791381835938,823.79345703125,570.767822265625,658.2937622070312,577.18505859375,760.4595336914062,575.7907104492188,711.34326171875,577.2725219726562,786.7935180664062,613.1731567382812,714.3726196289062,613.9608764648438,797.2465209960938,635.4410400390625,714.3046264648438,636.1382446289062
517,17.233288396349412,736.2972412109375,443.9328308105469,744.3388061523438,436.50286865234375,728.0015869140625,436.4296875,755.1390380859375,442.3507995605469,713.9536743164062,442.0780944824219,769.18359375,486.5829162597656,694.3795776367188,488.0100402832031,797.75537109375,533.8421630859375,670.1878662109375,538.4334106445312,823.8097534179688,570.71533203125,657.8394165039062,577.1455688476562,760.0313720703125,575.9100952148438,710.6849975585938,577.3399047851562,786.535888671875,613.01708984375,714.2809448242188,613.78076171875,796.1066284179688,636.119873046875,713.873779296875,636.8062744140625
518,17.266621642764015,735.8173828125,443.97705078125,743.9279174804688,436.521484375,727.5702514648438,436.4655456542969,754.9345703125,442.2890930175781,713.8095703125,442.0770263671875,769.062255859375,486.6660461425781,694.3108520507812,488.1369323730469,797.3535766601562,534.2116088867188,669.9835815429688,538.862060546875,823.4385986328125,570.6821899414062,658.18359375,577.015869140625,759.3145751953125,576.7647094726562,710.1873168945312,578.1595458984375,784.3414306640625,613.456787109375,713.8794555664062,614.2125244140625,792.1522827148438,636.1097412109375,712.7756958007812,636.7530517578125
519,17.29995488917862,735.8148803710938,444.0963134765625,743.923095703125,436.63360595703125,727.5935668945312,436.61065673828125,754.979736328125,442.3392333984375,713.9226684570312,442.203857421875,769.3040161132812,486.58221435546875,694.3848266601562,488.1314392089844,797.7932739257812,533.8916015625,669.9511108398438,538.5862426757812,824.0230712890625,570.627197265625,658.4710693359375,576.8568725585938,759.7713012695312,576.4384765625,710.53564453125,577.855224609375,784.5863037109375,612.8843994140625,713.5985107421875,613.6281127929688,792.7943115234375,635.3238525390625,713.0447998046875,635.959228515625
520,17.33328813559322,735.8587646484375,443.9539794921875,743.963623046875,436.5480651855469,727.6528930664062,436.4774475097656,754.977783203125,442.40289306640625,714.0016479492188,442.1630859375,769.2565307617188,486.6735534667969,694.5035400390625,488.0160217285156,797.504638671875,534.0194091796875,670.0028076171875,538.3009033203125,823.4346923828125,570.594482421875,658.14208984375,576.6533203125,759.5328979492188,576.1033325195312,710.2278442382812,577.4217529296875,786.0643310546875,613.5994262695312,713.959716796875,614.237060546875,794.4342041015625,636.1063842773438,712.5346069335938,636.5733642578125
521,17.36662138200782,735.9995727539062,443.8630676269531,744.0653076171875,436.43035888671875,727.7999267578125,436.37921142578125,754.9943237304688,442.2854309082031,714.1223754882812,442.0830993652344,769.3729248046875,486.6802062988281,694.4911499023438,488.1338806152344,797.7771606445312,533.947021484375,670.10107421875,538.4640502929688,823.0858154296875,570.4484252929688,658.488037109375,576.8240966796875,759.9450073242188,576.1253051757812,710.5457763671875,577.5289306640625,786.34033203125,613.7232666015625,714.116943359375,614.4522705078125,794.8626098632812,635.3455200195312,713.057861328125,635.9327392578125
522,17.399954628422424,735.8649291992188,443.3847961425781,743.951171875,436.0589904785156,727.7114868164062,435.947509765625,754.9140625,442.26409912109375,714.14208984375,441.9139709472656,769.2344970703125,486.96197509765625,694.6900024414062,488.05938720703125,797.5171508789062,534.2523803710938,670.0842895507812,538.1419067382812,822.8370971679688,570.4255981445312,658.4202270507812,576.5579223632812,759.2989501953125,576.477783203125,710.2560424804688,577.6183471679688,784.0523071289062,613.2538452148438,713.2456665039062,613.7083740234375,792.0873413085938,635.78271484375,712.3619995117188,636.0474243164062
523,17.433287874837028,736.040771484375,443.36297607421875,744.1395874023438,436.03271484375,727.863525390625,435.9259948730469,755.0640258789062,442.28204345703125,714.2212524414062,441.9290466308594,769.1134643554688,487.08673095703125,694.7987060546875,488.1778259277344,797.4345092773438,534.326171875,670.2055053710938,538.1046752929688,823.4114379882812,570.9052734375,658.4602661132812,576.4169311523438,759.3031616210938,576.7322998046875,710.4039306640625,577.9080810546875,783.9288940429688,613.7543334960938,713.3312377929688,614.2622680664062,792.3840942382812,635.8305053710938,712.5429077148438,636.1762084960938
524,17.46662112125163,734.9917602539062,443.1105651855469,743.4081420898438,435.6952819824219,726.836181640625,435.5932312011719,755.0457153320312,441.9579772949219,713.8186645507812,441.6849365234375,769.6030883789062,487.16473388671875,694.9058837890625,488.2366638183594,797.5349731445312,534.856689453125,670.1288452148438,538.4164428710938,823.3615112304688,570.8980712890625,658.42724609375,576.3048095703125,759.2501220703125,576.9727783203125,710.2124633789062,578.0389404296875,784.0595092773438,614.6395874023438,714.0716552734375,614.9685668945312,791.0906982421875,635.7716064453125,712.64501953125,635.6996459960938
525,17.49995436766623,734.66259765625,443.1505432128906,743.126220703125,435.7239990234375,726.529052734375,435.6312255859375,754.9332885742188,441.9386901855469,713.70703125,441.7038879394531,769.7647094726562,487.1635437011719,694.8421630859375,488.2366027832031,797.9466552734375,534.8927001953125,670.0477294921875,538.3336791992188,824.2283935546875,571.17333984375,658.5054931640625,575.9963989257812,759.0260620117188,577.14697265625,709.942138671875,578.181396484375,783.7506103515625,614.601806640625,714.2955932617188,614.9035034179688,789.7232666015625,636.2886962890625,712.399658203125,636.159423828125
526,17.533287614080834,734.9922485351562,442.8882751464844,743.39306640625,435.51202392578125,726.8739013671875,435.38018798828125,754.9971313476562,441.861083984375,713.88916015625,441.49713134765625,769.826416015625,487.189697265625,694.6934204101562,488.13720703125,798.2155151367188,535.0049438476562,670.155517578125,538.3138427734375,824.6320190429688,571.44482421875,658.5755615234375,576.0884399414062,759.15185546875,577.107666015625,709.9598999023438,578.1226196289062,783.7243041992188,615.3519897460938,714.4037475585938,615.6494140625,790.3041381835938,637.2345581054688,713.1942749023438,637.1294555664062
527,17.566620860495437,734.97216796875,442.848876953125,743.4091796875,435.52142333984375,726.8982543945312,435.3558654785156,755.007080078125,441.96533203125,713.9392700195312,441.5487365722656,769.4817504882812,487.1372375488281,694.9111938476562,488.1332092285156,797.8443603515625,534.6317138671875,670.5400390625,538.1106567382812,824.3179931640625,571.34228515625,658.3172607421875,576.4462890625,759.2174682617188,576.6636962890625,710.2044677734375,577.7536010742188,785.2117919921875,615.5425415039062,714.9712524414062,615.8975830078125,793.4052124023438,637.4388427734375,714.00048828125,637.3809814453125
528,17.59995410691004,735.2569580078125,442.5470886230469,743.54736328125,435.2011413574219,727.1589965820312,435.0816955566406,754.88525390625,441.6966552734375,714.0585327148438,441.3553771972656,769.6309814453125,487.26788330078125,694.7964477539062,488.3606262207031,798.2698364257812,534.9718627929688,670.4473266601562,538.530029296875,825.0234375,571.9533081054688,658.165771484375,576.5565185546875,759.716552734375,577.2760009765625,710.734619140625,578.445068359375,784.3333129882812,615.4876708984375,715.2278442382812,615.960693359375,791.8934936523438,636.609375,714.56982421875,636.746337890625
529,17.63328735332464,735.3843383789062,442.59796142578125,743.654541015625,435.2151184082031,727.2428588867188,435.13995361328125,754.9332885742188,441.636962890625,714.03564453125,441.4056091308594,769.65380859375,487.17596435546875,694.6182250976562,488.4542236328125,798.0599975585938,534.9136352539062,669.9968872070312,538.8023071289062,824.5279541015625,571.8765258789062,657.9666748046875,576.843017578125,759.6787719726562,577.2832641601562,710.6235961914062,578.5471801757812,784.0584716796875,614.6275024414062,715.2406005859375,615.2099609375,790.9585571289062,635.6032104492188,714.6126708984375,635.8970947265625
530,17.666620599739243,735.386474609375,442.55419921875,743.7002563476562,435.14056396484375,727.2127685546875,435.09027099609375,755.0807495117188,441.5245361328125,714.0947265625,441.39990234375,769.792236328125,487.06512451171875,694.8336181640625,488.5263671875,797.82421875,534.7985229492188,670.0249633789062,539.1975708007812,823.7777709960938,571.0361938476562,657.8131103515625,577.28857421875,759.366943359375,577.416015625,710.3467407226562,578.7308959960938,784.8530883789062,614.65380859375,716.1719970703125,615.2792358398438,790.5950927734375,635.8731079101562,714.595458984375,636.1769409179688
531,17.699953846153846,735.7105712890625,442.48974609375,743.8631591796875,435.0650939941406,727.5218505859375,435.05828857421875,755.005126953125,441.43133544921875,714.2220458984375,441.3726501464844,769.720458984375,486.97454833984375,694.8198852539062,488.5266418457031,797.8084716796875,534.6448974609375,670.1314697265625,539.2640991210938,823.9490356445312,570.8018798828125,658.4847412109375,577.0535278320312,759.6827392578125,577.2728881835938,710.6183471679688,578.6417236328125,784.4928588867188,614.1768798828125,715.0548706054688,614.8876953125,790.356201171875,634.9971313476562,713.0322265625,635.4830932617188
532,17.73328709256845,735.7537841796875,442.4760437011719,743.8486938476562,435.0735168457031,727.5614624023438,435.0821533203125,754.9383544921875,441.4211120605469,714.3016967773438,441.4026794433594,769.8989868164062,486.91259765625,694.8936157226562,488.4293518066406,798.12451171875,534.7083740234375,670.2881469726562,539.0866088867188,824.5663452148438,571.3539428710938,658.4122924804688,576.9891967773438,759.739990234375,577.1100463867188,710.577392578125,578.4461669921875,785.2825317382812,614.8475341796875,715.353271484375,615.5175170898438,790.9141235351562,636.1212158203125,712.8065795898438,636.5681762695312
533,17.76662033898305,735.7860107421875,442.3407897949219,743.9290771484375,434.9601135253906,727.6118774414062,434.9140625,755.0087890625,441.4073181152344,714.3416137695312,441.2547607421875,769.8128051757812,487.0463562011719,694.8977661132812,488.40423583984375,798.3090209960938,534.8441162109375,670.49658203125,538.9268188476562,824.7435913085938,571.323486328125,658.5640869140625,576.5384521484375,759.6099243164062,577.241455078125,710.4367065429688,578.5596923828125,786.2617797851562,615.6123657226562,716.1360473632812,616.2709350585938,792.5557861328125,636.6477661132812,713.7979736328125,637.0435180664062
534,17.799953585397652,735.9089965820312,442.262939453125,744.01171875,434.8682861328125,727.7188110351562,434.86334228515625,755.025634765625,441.33526611328125,714.3942260742188,441.26873779296875,769.9505004882812,487.0480651855469,694.8643798828125,488.506103515625,798.2855224609375,534.926513671875,670.4905395507812,539.0836791992188,824.6167602539062,571.2994995117188,658.7285766601562,576.4060668945312,760.0836181640625,577.0660400390625,710.8226318359375,578.4421997070312,786.4188232421875,615.1886596679688,716.0912475585938,615.8887329101562,793.1634521484375,636.3006591796875,714.4677734375,636.7598266601562
535,17.833286831812256,735.6647338867188,442.5103759765625,743.7578125,435.0741882324219,727.4840087890625,435.0971984863281,754.8285522460938,441.3677673339844,714.1886596679688,441.3551330566406,769.8236694335938,486.969482421875,694.65966796875,488.501708984375,798.3712768554688,534.9420776367188,670.327392578125,539.1653442382812,825.215576171875,571.7025146484375,658.9485473632812,576.3117065429688,760.0762329101562,577.2138061523438,710.8831176757812,578.6194458007812,784.8865356445312,614.7086181640625,715.3692626953125,615.462890625,791.3096313476562,635.3035278320312,713.9680786132812,635.8563842773438
536,17.86662007822686,735.6109008789062,442.5562744140625,743.7317504882812,435.14532470703125,727.4434204101562,435.11749267578125,754.818603515625,441.40130615234375,714.1810302734375,441.2823791503906,769.5743408203125,486.8584899902344,694.7639770507812,488.315185546875,798.0118408203125,534.7811889648438,670.5731811523438,539.0949096679688,824.9511108398438,571.4667358398438,658.43701171875,576.702392578125,759.6109619140625,577.0928955078125,710.4911499023438,578.4752807617188,785.9192504882812,616.3401489257812,715.7694702148438,617.0801391601562,792.6136474609375,636.6406860351562,713.3070678710938,637.1397094726562
537,17.89995332464146,735.7286987304688,442.43304443359375,743.7426147460938,435.0220031738281,727.56005859375,435.0358581542969,754.674560546875,441.33612060546875,714.21923828125,441.3056945800781,769.5573120117188,486.9074401855469,694.6327514648438,488.4731140136719,798.00537109375,534.7216186523438,670.188232421875,539.2030639648438,824.7764892578125,571.2589111328125,658.4915161132812,576.6530151367188,759.8714599609375,577.1975708007812,710.7205200195312,578.6416625976562,785.7489013671875,615.3204956054688,715.6361694335938,616.1283569335938,792.0682373046875,635.5071411132812,713.266357421875,636.130615234375
538,17.933286571056062,735.8197021484375,442.4573669433594,743.8289794921875,435.05938720703125,727.6549072265625,435.0467529296875,754.6895141601562,441.3680419921875,714.2147216796875,441.2608337402344,769.3870849609375,486.8893737792969,694.5476684570312,488.40301513671875,797.8783569335938,534.7120971679688,670.2510375976562,539.1229248046875,824.7020874023438,571.3289794921875,658.4022216796875,576.5348510742188,759.841796875,577.2880249023438,710.7291870117188,578.7484130859375,785.7428588867188,615.5352783203125,715.6962890625,616.3731079101562,792.6473388671875,635.8211669921875,713.6998291015625,636.4952392578125
539,17.966619817470665,735.7830200195312,442.4960021972656,743.776123046875,435.1164245605469,727.5800170898438,435.1065368652344,754.6525268554688,441.4501037597656,714.121826171875,441.3427429199219,769.4268798828125,486.8550109863281,694.5953369140625,488.3078918457031,797.6656494140625,534.5931396484375,670.1095581054688,538.9312744140625,824.5003662109375,571.1309204101562,658.3389282226562,576.4378051757812,759.6837768554688,576.9118041992188,710.6998901367188,578.2872924804688,784.7005615234375,615.3324584960938,715.729248046875,616.0921630859375,790.2422485351562,636.081298828125,713.2137451171875,636.6638793945312
540,17.99995306388527,735.5155639648438,442.5498352050781,743.5762939453125,435.1412658691406,727.3562622070312,435.1700439453125,754.6678466796875,441.44256591796875,714.0782470703125,441.44970703125,769.6298217773438,486.8290100097656,694.5607299804688,488.4004821777344,797.6024169921875,534.5935668945312,669.6564331054688,539.0886840820312,823.7794799804688,570.67578125,658.4732055664062,576.4675903320312,759.887451171875,577.076416015625,710.7924194335938,578.4385986328125,783.582275390625,614.208984375,714.54052734375,614.9152221679688,789.2509765625,635.36279296875,712.8729248046875,635.8743286132812
541,18.033286310299868,735.5673217773438,442.2987365722656,743.6574096679688,434.9482421875,727.3873291015625,434.9171142578125,754.70849609375,441.44171142578125,714.0706787109375,441.300048828125,769.6271362304688,486.9906921386719,694.577880859375,488.3135986328125,797.9060668945312,534.806884765625,669.924560546875,538.8373413085938,824.7222290039062,571.4614868164062,658.450439453125,576.4982299804688,759.4395751953125,577.0753173828125,710.3759765625,578.3104858398438,783.6270141601562,614.4396362304688,714.8472290039062,615.0289306640625,788.8453369140625,635.9291381835938,712.6680908203125,636.2973022460938
542,18.06661955671447,735.632568359375,442.3382568359375,743.6952514648438,434.9437561035156,727.4602661132812,434.9557800292969,754.6740112304688,441.3991394042969,714.1116943359375,441.370849609375,769.379150390625,486.9527893066406,694.608642578125,488.4929504394531,797.7872314453125,534.380615234375,670.0318603515625,538.6375732421875,824.681640625,571.3624267578125,658.3057250976562,576.132080078125,759.5624389648438,576.72900390625,710.6499633789062,578.1563720703125,784.4617919921875,614.4378051757812,715.7064819335938,615.2437744140625,790.4412231445312,635.3284301757812,713.9510498046875,635.9749755859375
543,18.099952803129074,735.7129516601562,442.4005126953125,743.7340087890625,435.0614318847656,727.5770874023438,435.02545166015625,754.6078491210938,441.5071716308594,714.2391967773438,441.3681335449219,769.3727416992188,486.916259765625,694.7779541015625,488.3150329589844,797.9503784179688,534.3666381835938,670.4274291992188,538.3790283203125,824.556884765625,571.3958740234375,658.1129760742188,576.0995483398438,759.6964721679688,576.5960693359375,710.7120971679688,577.9819946289062,786.4595336914062,615.3609008789062,716.345458984375,616.10791015625,793.2335205078125,636.5957641601562,714.1248168945312,637.13916015625
544,18.133286049543678,735.9107666015625,442.54608154296875,743.8178100585938,435.1463623046875,727.6857299804688,435.1712646484375,754.5166625976562,441.47430419921875,714.1255493164062,441.46160888671875,769.232177734375,486.954345703125,694.5848999023438,488.537109375,797.6895751953125,534.6238403320312,670.14453125,539.0968627929688,824.640380859375,571.251220703125,658.2420043945312,576.4026489257812,759.6226196289062,577.1978149414062,710.6192016601562,578.6791381835938,786.0260620117188,615.7764282226562,716.0203247070312,616.6563720703125,791.9769287109375,636.5833129882812,712.9588012695312,637.3367309570312
545,18.166619295958277,735.6792602539062,442.8074645996094,743.643798828125,435.3516845703125,727.4818725585938,435.37677001953125,754.4703979492188,441.4841613769531,714.022216796875,441.4696350097656,769.2112426757812,486.85260009765625,694.4143676757812,488.4827575683594,797.7037963867188,534.6301879882812,669.8206176757812,539.1926879882812,824.8330078125,571.387939453125,657.9151000976562,576.4891967773438,759.6522216796875,577.3042602539062,710.6586303710938,578.8325805664062,785.4974365234375,615.689208984375,716.2363891601562,616.6285400390625,791.1475830078125,635.87890625,713.3793334960938,636.6724853515625
546,18.19995254237288,735.6943359375,442.63482666015625,743.6173706054688,435.18096923828125,727.5171508789062,435.2239990234375,754.3981323242188,441.3314208984375,714.1179809570312,441.37109375,769.3421630859375,486.7892150878906,694.4570922851562,488.49981689453125,797.8983764648438,534.4989624023438,669.7115478515625,539.1825561523438,825.04638671875,571.5997924804688,657.5077514648438,576.9121704101562,759.9734497070312,577.40673828125,710.7871704101562,578.9918212890625,787.4202270507812,616.1439208984375,716.7604370117188,617.1198120117188,793.272216796875,636.3455810546875,713.26025390625,637.1503295898438
547,18.233285788787484,735.789794921875,442.4100341796875,743.7487182617188,435.0123291015625,727.6115112304688,435.0194396972656,754.5589599609375,441.35833740234375,714.22021484375,441.3264465332031,769.30517578125,486.87646484375,694.6898803710938,488.50927734375,797.6828002929688,534.463134765625,669.9113159179688,539.0943603515625,825.0299682617188,571.5563354492188,657.3546752929688,577.10546875,759.9004516601562,577.2294311523438,710.788818359375,578.7766723632812,788.1912841796875,616.4634399414062,717.1121215820312,617.3963012695312,794.2262573242188,637.1049194335938,713.0452880859375,637.8387451171875
548,18.266619035202087,735.7267456054688,442.3543395996094,743.6607055664062,434.919677734375,727.5518188476562,434.9839172363281,754.4918823242188,441.23590087890625,714.1517333984375,441.34442138671875,769.2965698242188,486.87689208984375,694.4962768554688,488.70037841796875,797.4473266601562,534.5390014648438,669.5748291015625,539.505615234375,824.7197265625,571.4833374023438,657.744384765625,577.2245483398438,759.7794799804688,577.6839599609375,710.6573486328125,579.2991333007812,786.8775024414062,615.4232177734375,716.4144897460938,616.4392700195312,792.3966064453125,636.2804565429688,712.7515258789062,637.1442260742188
549,18.299952281616687,735.583984375,442.0943603515625,743.6404418945312,434.6592712402344,727.406005859375,434.6795654296875,754.6265258789062,441.046875,714.1543579101562,441.0606994628906,769.4763793945312,486.8603515625,694.563232421875,488.592041015625,797.5824584960938,534.5973510742188,669.9481201171875,539.5143432617188,824.8284301757812,571.3495483398438,657.79736328125,577.283447265625,759.5584106445312,577.343505859375,710.3558959960938,578.9185791015625,787.7835083007812,616.845703125,717.49609375,617.814453125,792.906005859375,637.03466796875,713.4691162109375,637.75439453125
550,18.33328552803129,735.4710693359375,442.05126953125,743.5555419921875,434.6870422363281,727.3289794921875,434.65936279296875,754.61572265625,441.1818542480469,714.153076171875,441.0776062011719,769.5391235351562,487.0220031738281,694.5751953125,488.4543151855469,797.4302978515625,535.1691284179688,669.82275390625,539.57080078125,824.7378540039062,571.6146850585938,658.0387573242188,577.2332763671875,758.9008178710938,577.75341796875,709.7415771484375,579.0751342773438,785.82421875,615.5498046875,715.9161376953125,616.2512817382812,790.2720947265625,637.3289794921875,711.7164306640625,637.7395629882812
551,18.366618774445893,735.4800415039062,441.9752197265625,743.6293334960938,434.6235046386719,727.3623046875,434.5671691894531,754.7124633789062,441.21771240234375,714.1802978515625,441.0410461425781,769.577392578125,487.0750732421875,694.53662109375,488.5207214355469,797.8860473632812,534.9049072265625,669.8985595703125,539.3727416992188,824.95166015625,571.3716430664062,657.9575805664062,577.19482421875,759.4398803710938,577.4996337890625,710.2538452148438,578.8836059570312,786.1768798828125,615.6182250976562,716.438720703125,616.3556518554688,792.0675048828125,637.0326538085938,713.8573608398438,637.4701538085938
552,18.399952020860496,735.1654663085938,442.0128479003906,743.37060546875,434.62646484375,727.074951171875,434.5924377441406,754.6760864257812,441.1983642578125,714.0745239257812,441.0940856933594,769.7567138671875,487.1885681152344,694.5762939453125,488.650146484375,797.8499755859375,535.1458740234375,669.51025390625,539.6109008789062,824.7987670898438,571.5056762695312,657.8367919921875,577.5133056640625,759.4224243164062,578.0213623046875,710.2239990234375,579.3385620117188,785.256591796875,614.9588012695312,715.7622680664062,615.6107788085938,790.515625,636.5745239257812,713.1152954101562,636.8714599609375
553,18.433285267275096,735.1602172851562,442.1348876953125,743.40869140625,434.74591064453125,727.08935546875,434.6850280761719,754.7408447265625,441.2622985839844,714.1276245117188,441.1039733886719,769.6735229492188,487.1059875488281,694.6030883789062,488.56982421875,797.7232666015625,535.0576782226562,669.8919677734375,539.5800170898438,824.30908203125,571.0427856445312,658.1148681640625,577.1519775390625,759.1611938476562,577.7306518554688,709.9434204101562,579.0789184570312,785.826416015625,615.7483520507812,716.12353515625,616.447021484375,791.2439575195312,637.2265014648438,713.1914672851562,637.5655517578125
554,18.4666185136897,735.169189453125,442.11865234375,743.414794921875,434.7267761230469,727.09765625,434.6529235839844,754.7394409179688,441.18817138671875,714.2220458984375,440.9953308105469,769.6121826171875,487.07244873046875,694.6260375976562,488.4333801269531,797.4212036132812,535.1370239257812,669.7841186523438,539.48193359375,824.5384521484375,571.4063720703125,658.3241577148438,577.15380859375,758.4996337890625,577.9566650390625,709.3317260742188,579.2578125,786.2898559570312,615.9956665039062,716.8244018554688,616.676025390625,789.6880493164062,637.3408203125,711.9361572265625,637.6348876953125
555,18.499951760104302,735.3467407226562,442.0284423828125,743.6331787109375,434.7166442871094,727.2664794921875,434.5637512207031,754.9229736328125,441.376953125,714.2721557617188,440.9788513183594,769.5521850585938,487.2096862792969,694.7490234375,488.259033203125,797.4331665039062,535.1146240234375,669.9598999023438,538.9127197265625,824.8360595703125,571.9288940429688,657.7304077148438,577.2324829101562,758.3506469726562,577.325439453125,709.2327880859375,578.4755859375,786.446044921875,616.0692749023438,716.6144409179688,616.5919189453125,790.8949584960938,637.9158935546875,712.1021728515625,638.0214233398438
556,18.533285006518906,735.3812255859375,442.24761962890625,743.6556396484375,434.9132995605469,727.3112182617188,434.74951171875,754.9183959960938,441.4221496582031,714.2789916992188,440.9770202636719,769.4947509765625,487.1422119140625,694.7232055664062,488.163330078125,797.4017944335938,535.1546630859375,670.0690307617188,539.027099609375,824.7406005859375,571.7808837890625,657.982421875,577.3339233398438,758.4901733398438,577.300537109375,709.4310302734375,578.4459228515625,785.748291015625,616.272705078125,716.2271118164062,616.7926635742188,790.6094970703125,637.343505859375,712.2141723632812,637.4503784179688
557,18.566618252933505,735.572509765625,442.442138671875,743.7379150390625,435.1015930175781,727.509521484375,434.93634033203125,754.785888671875,441.4945983886719,714.290283203125,441.0123291015625,769.4828491210938,487.15118408203125,694.4288940429688,488.16143798828125,797.797119140625,535.25244140625,669.8719482421875,539.1798706054688,825.209716796875,571.9497680664062,658.0276489257812,577.5628662109375,758.974365234375,577.7687377929688,709.6436767578125,578.9629516601562,786.7393798828125,616.948486328125,715.9741821289062,617.502197265625,792.950439453125,638.2907104492188,712.67578125,638.4646606445312
558,18.59995149934811,735.9469604492188,442.5092468261719,743.9437866210938,435.1314697265625,727.7994384765625,435.02618408203125,754.6813354492188,441.4344177246094,714.2647705078125,441.08251953125,769.1195068359375,487.0328369140625,694.2493896484375,488.201171875,797.3253784179688,535.2698974609375,669.6968383789062,539.4173583984375,825.1259765625,572.0684204101562,658.0911254882812,577.380126953125,758.4711303710938,577.72509765625,709.2103881835938,579.0332641601562,786.6564331054688,615.487548828125,715.6856689453125,616.2258911132812,791.9814453125,636.9066772460938,711.1874389648438,637.4093627929688
559,18.63328474576271,736.0894775390625,442.58111572265625,744.0525512695312,435.232421875,727.955322265625,435.1082763671875,754.700927734375,441.52984619140625,714.3304443359375,441.11358642578125,769.2972412109375,487.0151062011719,693.979248046875,488.1685791015625,797.6636962890625,535.2386474609375,669.5345458984375,539.4862060546875,825.297607421875,571.995361328125,658.0452270507812,577.5118408203125,758.4761352539062,577.2318115234375,709.0667114257812,578.5421142578125,786.1486206054688,614.5328979492188,715.8683471679688,615.2890014648438,791.0811157226562,637.0228881835938,712.1158447265625,637.57861328125
560,18.666617992177315,735.833984375,442.84912109375,743.911376953125,435.4140319824219,727.6663208007812,435.31280517578125,754.7919311523438,441.5160217285156,714.154541015625,441.15838623046875,769.4657592773438,487.0028381347656,693.8871459960938,488.1534729003906,797.81591796875,535.450927734375,669.3238525390625,539.5632934570312,825.4172973632812,572.261962890625,658.094970703125,577.4590454101562,758.3110961914062,577.34130859375,708.8314819335938,578.6185302734375,785.3142700195312,614.2398071289062,715.5535888671875,614.94775390625,789.8134155273438,635.7793579101562,712.1148681640625,636.2456665039062
561,18.699951238591915,735.295654296875,443.1002502441406,743.4906616210938,435.6202697753906,727.1577758789062,435.560546875,754.707275390625,441.5896911621094,713.9317626953125,441.38531494140625,769.638671875,486.92138671875,693.9838256835938,488.3020324707031,797.8052978515625,535.2384643554688,669.3245849609375,539.6312255859375,824.5897827148438,571.6856689453125,658.0546875,577.3700561523438,758.9033813476562,577.4508666992188,709.3092041015625,578.80322265625,786.0225830078125,614.5380859375,715.6162719726562,615.2591552734375,791.0912475585938,635.8983764648438,712.61083984375,636.3123168945312
562,18.733284485006518,735.09765625,443.167236328125,743.4412231445312,435.7106018066406,727.0106201171875,435.5909423828125,754.89697265625,441.72564697265625,713.9824829101562,441.3850402832031,769.71142578125,487.0222473144531,694.1942138671875,488.21356201171875,797.6420288085938,535.24072265625,669.5227661132812,539.363525390625,824.37109375,571.5595092773438,658.1737670898438,577.3719482421875,758.9154052734375,577.3868408203125,709.3660278320312,578.6275634765625,786.1962890625,615.1951293945312,715.640869140625,615.7615966796875,791.8050537109375,636.2994384765625,712.8956909179688,636.4512939453125
563,18.76661773142112,735.08154296875,443.2584228515625,743.4503173828125,435.80010986328125,727.0112915039062,435.65716552734375,754.8901977539062,441.79669189453125,713.9488525390625,441.4022216796875,769.5556640625,486.9789123535156,694.1458129882812,488.2015686035156,797.71484375,535.1021728515625,669.716796875,539.3827514648438,824.1245727539062,571.18701171875,658.1859130859375,577.3812866210938,759.0738525390625,577.11376953125,709.4497680664062,578.4169311523438,787.0777587890625,615.5697021484375,715.6141967773438,616.1915283203125,794.1192016601562,636.4442138671875,713.413818359375,636.6549682617188
564,18.799950977835724,734.9054565429688,443.63616943359375,743.3322143554688,436.16265869140625,726.7940673828125,436.0173034667969,754.855224609375,442.0179443359375,713.7509765625,441.6286926269531,769.3048095703125,486.9208984375,694.2320556640625,488.1923828125,797.5235595703125,534.8087158203125,670.0847778320312,539.1016235351562,824.16748046875,571.2872314453125,657.8637084960938,577.215087890625,758.8604125976562,577.0062866210938,709.5122680664062,578.3614501953125,787.0003662109375,617.66845703125,716.7767333984375,618.3548583984375,793.9223022460938,638.328125,714.5745849609375,638.611083984375
565,18.833284224250328,734.7483520507812,443.4128723144531,743.1829223632812,435.9045104980469,726.6666870117188,435.8089904785156,754.8165283203125,441.7787170410156,713.6940307617188,441.5126953125,769.400146484375,486.85870361328125,694.3091430664062,488.25640869140625,797.4061279296875,534.898681640625,669.9761352539062,539.2544555664062,823.7022094726562,571.1519775390625,658.2930908203125,577.0687866210938,759.8223266601562,577.3084106445312,710.348876953125,578.718505859375,787.3484497070312,616.8641357421875,715.7551879882812,617.552490234375,795.9164428710938,636.9420776367188,714.5707397460938,637.203369140625
566,18.866617470664927,734.9112548828125,443.40606689453125,743.2796020507812,435.9259033203125,726.8431396484375,435.8205871582031,754.7916870117188,441.8337707519531,713.9017944335938,441.5390625,769.5244140625,486.94158935546875,694.3401489257812,488.24090576171875,797.43359375,535.1306762695312,669.96875,539.3031616210938,824.0496826171875,571.3657836914062,658.1954345703125,576.9954833984375,759.4969482421875,577.013671875,709.9093627929688,578.36376953125,788.1318359375,615.9451293945312,715.8134765625,616.5902709960938,795.573486328125,636.1732788085938,713.1409912109375,636.381591796875
567,18.89995071707953,734.9198608398438,443.28656005859375,743.2902221679688,435.7816467285156,726.8281860351562,435.6844787597656,754.7633666992188,441.7752685546875,713.780029296875,441.4978942871094,769.5745239257812,487.05987548828125,694.0831909179688,488.5098876953125,797.763427734375,535.0779418945312,669.7929077148438,539.6195678710938,824.3017578125,571.3688354492188,658.1197509765625,577.3768920898438,760.0050659179688,577.2490234375,710.2166748046875,578.726318359375,788.8671875,616.7115478515625,716.35302734375,617.4854125976562,796.8377685546875,637.0617065429688,714.28759765625,637.4158325195312
568,18.933283963494134,734.970458984375,443.2479553222656,743.3239135742188,435.7471618652344,726.8801879882812,435.6744384765625,754.8067016601562,441.7475280761719,713.7813720703125,441.52545166015625,769.4395751953125,486.912353515625,694.26513671875,488.37811279296875,797.5198974609375,534.8209228515625,670.1239013671875,539.2308349609375,823.7446899414062,571.1870727539062,658.6975708007812,576.834228515625,760.1146240234375,577.0228271484375,710.499755859375,578.4849853515625,787.7703247070312,616.2908935546875,715.3060913085938,617.0431518554688,796.7449951171875,636.6231079101562,714.1051635742188,637.00634765625
569,18.966617209908737,734.9248046875,443.2029113769531,743.3035278320312,435.7381286621094,726.867919921875,435.6331481933594,754.82373046875,441.8023681640625,713.8492431640625,441.5126647949219,769.4251098632812,486.9595642089844,694.3837890625,488.34454345703125,797.6027221679688,534.6759643554688,670.213134765625,539.0531616210938,823.8997802734375,570.9361572265625,658.4707641601562,576.8548583984375,759.8429565429688,576.8662109375,710.3479614257812,578.2691650390625,787.5370483398438,615.7600708007812,715.3995971679688,616.4530639648438,796.3327026367188,636.2291870117188,714.0687255859375,636.5277099609375
570,18.999950456323337,734.905517578125,443.21063232421875,743.316162109375,435.749267578125,726.8392944335938,435.63323974609375,754.8857421875,441.8089599609375,713.8709716796875,441.50286865234375,769.3764038085938,487.03643798828125,694.4491577148438,488.4048156738281,797.4679565429688,534.7982177734375,670.140869140625,539.2989501953125,824.0540771484375,570.7078247070312,658.1962890625,577.0955200195312,759.3399047851562,577.4020385742188,710.0067749023438,578.7728271484375,786.8825073242188,616.7247314453125,715.7349853515625,617.3977661132812,794.878173828125,637.0477294921875,713.935791015625,637.310302734375
571,19.03328370273794,735.1950073242188,443.1168518066406,743.5095825195312,435.67022705078125,727.0983276367188,435.54254150390625,754.8794555664062,441.7737731933594,713.9938354492188,441.4218444824219,769.3076782226562,487.10150146484375,694.451416015625,488.3824462890625,797.1869506835938,534.960693359375,670.0386962890625,539.422119140625,823.6432495117188,570.64306640625,658.1270141601562,577.2952270507812,759.192138671875,577.6607666015625,709.7720336914062,578.9971313476562,787.6288452148438,617.6331787109375,715.6194458007812,618.2926025390625,795.0396118164062,637.3838500976562,712.409912109375,637.6441650390625
572,19.066616949152543,734.93408203125,443.4132995605469,743.3388061523438,435.9486083984375,726.8768920898438,435.7962951660156,754.904052734375,441.9018249511719,713.9324951171875,441.49041748046875,769.4990844726562,487.1606140136719,694.4048461914062,488.3012390136719,797.5084838867188,535.3595581054688,669.89990234375,539.4906005859375,824.3955688476562,571.3386840820312,658.1915283203125,577.4440307617188,759.2635498046875,578.0822143554688,709.7066040039062,579.3267822265625,787.6146240234375,617.4573974609375,715.211669921875,617.9908447265625,795.3143920898438,637.4751586914062,712.2679443359375,637.5311889648438
573,19.099950195567146,734.8565673828125,443.3773193359375,743.2769165039062,435.9221496582031,726.8157958984375,435.76129150390625,754.8698120117188,441.85498046875,713.919921875,441.4169006347656,769.6021728515625,487.0809631347656,694.2481689453125,488.1977844238281,797.6005249023438,535.320068359375,669.7992553710938,539.4020385742188,824.5992431640625,571.5830078125,658.322021484375,577.4266357421875,759.0933837890625,577.8955688476562,709.5062866210938,579.1251831054688,787.0759887695312,616.572509765625,715.5513305664062,617.1012573242188,793.7769165039062,637.2706298828125,712.6634521484375,637.3162231445312
574,19.133283441981746,735.0152587890625,443.2902526855469,743.4421997070312,435.8255615234375,726.9699096679688,435.6646728515625,754.9583740234375,441.79754638671875,713.9071044921875,441.346435546875,769.4528198242188,487.0191345214844,694.0922241210938,488.23333740234375,797.4348754882812,535.230712890625,669.679443359375,539.5554809570312,824.4063720703125,571.5245361328125,658.0004272460938,577.747802734375,759.546142578125,577.7689819335938,709.9102172851562,579.1090698242188,787.3895263671875,616.3281860351562,715.4230346679688,616.9542236328125,795.9715576171875,637.0338745117188,714.0783081054688,637.2153930664062
575,19.16661668839635,734.9834594726562,443.1982116699219,743.3807373046875,435.717041015625,726.9642333984375,435.5701599121094,754.9159545898438,441.6513977050781,713.9773559570312,441.2406311035156,769.4829711914062,486.928955078125,694.1773071289062,488.1370544433594,797.2761840820312,535.199951171875,669.6251831054688,539.4453125,824.2325439453125,571.722412109375,658.2547607421875,577.7470703125,759.5634765625,577.611083984375,709.8726806640625,578.9398803710938,787.9510498046875,615.2391967773438,715.1203002929688,615.8582763671875,796.11328125,635.46728515625,712.8392944335938,635.6243896484375
576,19.199949934810952,735.0244750976562,443.123779296875,743.3767700195312,435.63714599609375,726.9708251953125,435.51544189453125,754.8408203125,441.58367919921875,713.8516845703125,441.21905517578125,769.4616088867188,486.83746337890625,694.051025390625,488.13580322265625,797.480712890625,535.1445922851562,669.603759765625,539.4682006835938,824.4509887695312,571.7705078125,658.3263549804688,577.4965209960938,759.9890747070312,577.613037109375,710.2968139648438,579.00048828125,787.2451782226562,614.8167114257812,714.8545532226562,615.5045776367188,795.76513671875,635.4155883789062,713.298583984375,635.7031860351562
577,19.233283181225556,735.32080078125,443.04931640625,743.5640258789062,435.57257080078125,727.2384643554688,435.4587097167969,754.8523559570312,441.5122375488281,714.1046752929688,441.16143798828125,769.5509643554688,486.8883972167969,694.2673950195312,488.0895690917969,797.4708251953125,535.2257080078125,669.3992309570312,539.396728515625,824.4906005859375,571.8936767578125,658.1392822265625,577.7127685546875,759.6951904296875,578.0106811523438,709.9794311523438,579.3245239257812,788.2000122070312,615.572998046875,715.0546264648438,616.2037353515625,795.0442504882812,635.3675537109375,711.163818359375,635.5931396484375
578,19.266616427640155,735.355712890625,443.09210205078125,743.5814819335938,435.582763671875,727.2263793945312,435.4923400878906,754.8643188476562,441.4830017089844,714.00244140625,441.185546875,769.8001708984375,486.8935852050781,694.2877197265625,488.1123962402344,798.0321655273438,535.253662109375,669.4083862304688,539.303955078125,824.7925415039062,572.0817260742188,658.2791137695312,577.4613647460938,760.1558837890625,577.906494140625,710.3790283203125,579.2010498046875,787.69482421875,613.4641723632812,714.6000366210938,614.0645751953125,794.3466186523438,634.0985717773438,711.21728515625,634.3153686523438
579,19.29994967405476,735.500732421875,442.9554748535156,743.6927490234375,435.5174255371094,727.3877563476562,435.39410400390625,754.8650512695312,441.5960693359375,714.0799560546875,441.193115234375,769.5921630859375,486.9927062988281,694.3532104492188,488.11126708984375,797.825927734375,535.0951538085938,669.530029296875,538.9437866210938,825.2020874023438,572.2850952148438,657.6417846679688,577.1676025390625,760.2296142578125,577.6033935546875,710.7847290039062,578.8900756835938,786.6719360351562,614.7374877929688,715.2872924804688,615.364013671875,793.6351318359375,635.396484375,712.592529296875,635.673583984375
580,19.33328292046936,735.4564208984375,442.8587646484375,743.629150390625,435.3900146484375,727.334228515625,435.2843322753906,754.8004150390625,441.4154968261719,714.0567016601562,441.05987548828125,769.60595703125,486.9047546386719,694.3507080078125,488.0533447265625,797.5704956054688,535.2465209960938,669.5072631835938,539.1322021484375,824.8795166015625,572.207275390625,657.6207275390625,577.1821899414062,760.2664794921875,577.7177124023438,710.7006225585938,579.0180053710938,787.5595703125,615.3161010742188,715.2269897460938,615.9511108398438,794.4410400390625,635.438232421875,711.7001342773438,635.6939697265625
581,19.366616166883965,735.497802734375,442.9877014160156,743.7078247070312,435.5111999511719,727.3922119140625,435.404052734375,754.9135131835938,441.5050048828125,714.0420532226562,441.1346740722656,769.6170043945312,486.9086608886719,694.1580810546875,488.0940856933594,797.8880004882812,535.10400390625,669.3187866210938,538.99462890625,825.2138061523438,572.4330444335938,657.8216552734375,577.0840454101562,760.5253295898438,577.6632690429688,710.8256225585938,579.0258178710938,787.4988403320312,614.1741333007812,714.8897094726562,614.86767578125,795.5877075195312,634.7334594726562,712.7683715820312,635.0838012695312
582,19.399949413298565,735.3394775390625,442.9969177246094,743.6097412109375,435.48028564453125,727.2662963867188,435.3947448730469,754.9456176757812,441.4189758300781,714.0197143554688,441.1011047363281,769.7743530273438,486.8763732910156,694.0337524414062,488.2040100097656,798.0677490234375,535.1943359375,669.3411254882812,539.3152465820312,825.0357055664062,571.9638061523438,658.055908203125,576.7056274414062,760.9366455078125,577.5404052734375,711.017822265625,578.9884643554688,787.493896484375,614.0943603515625,714.3285522460938,614.867919921875,796.5111694335938,634.003662109375,712.990234375,634.427001953125
583,19.433282659713168,735.2252197265625,442.9491882324219,743.5220947265625,435.5096130371094,727.209716796875,435.35955810546875,754.8743286132812,441.5377197265625,714.065673828125,441.08001708984375,769.4768676757812,486.9218444824219,694.1041259765625,488.0843505859375,797.7601318359375,535.0370483398438,669.4275512695312,539.0477294921875,824.9014282226562,571.7402954101562,657.8522338867188,576.7410278320312,759.9888916015625,577.692138671875,710.3966064453125,579.0394287109375,786.4495849609375,614.2806396484375,714.7114868164062,614.9808959960938,794.5151977539062,634.4716186523438,712.7846069335938,634.8035888671875
584,19.46661590612777,735.4265747070312,443.005126953125,743.6970825195312,435.5935363769531,727.3939819335938,435.4198913574219,754.9327392578125,441.6495666503906,714.125244140625,441.1236572265625,769.4942626953125,487.0068359375,693.9312744140625,488.1260070800781,798.0821533203125,535.0176391601562,669.4297485351562,539.039794921875,825.4573974609375,571.9165649414062,657.9694213867188,576.8054809570312,759.6470336914062,577.8055419921875,710.0324096679688,579.1608276367188,786.3607177734375,614.201904296875,715.4208374023438,614.9361572265625,793.822265625,635.396728515625,713.6295166015625,635.8026123046875
585,19.499949152542374,735.337890625,443.04541015625,743.6572875976562,435.61212158203125,727.3374633789062,435.4254150390625,754.9562377929688,441.626220703125,714.1135864257812,441.0560302734375,769.712158203125,487.0538635253906,693.6456298828125,488.11126708984375,798.3103637695312,535.3606567382812,669.1698608398438,539.24951171875,825.3209228515625,572.0422973632812,658.1670532226562,576.7101440429688,759.5711059570312,577.8810424804688,709.7400512695312,579.1983032226562,785.5601196289062,613.625,715.0087890625,614.3187866210938,792.8693237304688,635.3494262695312,714.0606689453125,635.6934814453125
586,19.533282398956974,735.2561645507812,443.5116271972656,743.6636962890625,436.0385437011719,727.1708984375,435.8586730957031,755.10595703125,441.9255065917969,713.8799438476562,441.3836669921875,769.7584228515625,487.01702880859375,693.6399536132812,488.097900390625,798.2504272460938,535.4296875,669.0887451171875,539.2792358398438,825.407470703125,572.1028442382812,658.12646484375,576.721923828125,759.8627319335938,577.5875854492188,709.848388671875,578.9151000976562,786.8948364257812,613.401611328125,715.0444946289062,614.0620727539062,794.7901611328125,635.6377563476562,713.9478149414062,635.9177856445312
587,19.566615645371577,735.5462646484375,443.6287536621094,743.8823852539062,436.1187438964844,727.372314453125,435.9464416503906,755.1583251953125,441.9334716796875,713.81787109375,441.37896728515625,769.6638793945312,487.01593017578125,693.6561889648438,488.0241394042969,798.093017578125,535.5393676757812,669.1709594726562,539.2338256835938,824.9432983398438,572.2860107421875,658.196044921875,576.7875366210938,760.133056640625,577.6554565429688,710.115478515625,578.9552612304688,786.6782836914062,613.8468017578125,714.3848266601562,614.4842529296875,794.89697265625,635.2011108398438,713.1423950195312,635.5052490234375
588,19.59994889178618,735.6024780273438,443.6058044433594,743.91064453125,436.0730285644531,727.4811401367188,435.9561767578125,755.2203979492188,441.7931213378906,713.9851684570312,441.35308837890625,769.9169921875,486.9333801269531,693.7412109375,488.0331726074219,798.3585815429688,535.588134765625,668.8485107421875,539.1976928710938,825.159912109375,572.3720703125,657.98291015625,576.38330078125,760.8442993164062,577.9349365234375,710.8881225585938,579.26416015625,785.1690063476562,613.5960693359375,713.5413208007812,614.2469482421875,794.5377807617188,635.1021118164062,714.2393188476562,635.4481201171875
589,19.633282138200784,736.0529174804688,443.6523132324219,744.1331176757812,436.1910095214844,727.9471435546875,436.0903625488281,755.0121459960938,442.05267333984375,714.2039184570312,441.6181335449219,769.5738525390625,487.08612060546875,693.7885131835938,488.2743835449219,798.073486328125,535.2784423828125,668.877197265625,539.2713623046875,824.9851684570312,571.888427734375,658.3383178710938,576.6486206054688,761.209228515625,577.9307250976562,711.3724975585938,579.3423461914062,785.8378295898438,613.230224609375,713.3341064453125,613.9739990234375,795.660400390625,634.6570434570312,713.7053833007812,635.194580078125
590,19.666615384615383,736.0112915039062,443.8883056640625,744.2240600585938,436.3719787597656,727.8275756835938,436.261962890625,755.2822265625,442.23577880859375,714.0147705078125,441.7837219238281,769.5287475585938,487.22283935546875,693.8717041015625,488.41302490234375,797.8771362304688,535.3696899414062,668.9877319335938,539.4545288085938,824.583984375,571.5023193359375,658.4534912109375,576.7234497070312,761.3675537109375,577.7080078125,711.4694213867188,579.10888671875,785.929443359375,612.7432250976562,712.5205688476562,613.4498291015625,796.6344604492188,633.5018920898438,713.016845703125,633.9819946289062
591,19.699948631029987,736.8355712890625,444.0879821777344,744.8231201171875,436.63226318359375,728.6381225585938,436.4923400878906,755.3307495117188,442.41644287109375,714.4306030273438,441.8889465332031,768.9633178710938,486.9796447753906,693.97509765625,488.19378662109375,797.4629516601562,534.59619140625,669.4773559570312,538.8643188476562,823.99755859375,571.4325561523438,658.2965698242188,576.8025512695312,760.3171997070312,577.1661376953125,710.6863403320312,578.6976318359375,787.7957763671875,613.6395874023438,714.3311157226562,614.5819091796875,797.853759765625,634.6513061523438,713.31640625,635.5314331054688
592,19.73328187744459,737.3407592773438,444.39178466796875,745.2059326171875,436.8693542480469,729.05078125,436.8396301269531,755.5320434570312,442.5020446777344,714.664306640625,442.2390441894531,769.2769775390625,487.0414733886719,694.103271484375,488.6273193359375,797.66845703125,534.4892578125,669.2028198242188,539.4784545898438,824.0867919921875,571.364990234375,657.9462280273438,577.6925048828125,760.5560302734375,577.3663330078125,710.993408203125,579.0523681640625,787.2716064453125,613.1763305664062,714.8386840820312,614.2908325195312,796.0396118164062,634.1282958984375,713.9163818359375,635.2931518554688
593,19.766615123859193,739.1315307617188,444.446044921875,746.4799194335938,436.8883056640625,730.5076293945312,436.93817138671875,755.66748046875,442.55767822265625,714.7225952148438,442.3817443847656,768.60009765625,486.95489501953125,693.606689453125,488.73583984375,797.4636840820312,534.0697631835938,668.99853515625,539.5927734375,824.5120239257812,571.5440063476562,657.7267456054688,577.72314453125,759.87060546875,577.3223876953125,710.4047241210938,579.2459716796875,787.2960815429688,613.438232421875,715.5590209960938,614.9847412109375,794.7766723632812,635.0594482421875,713.5214233398438,637.0902709960938
594,19.799948370273793,740.6718139648438,444.371337890625,747.5289306640625,436.7768859863281,731.9385986328125,436.9217224121094,755.7899780273438,442.39959716796875,715.3115234375,442.3592834472656,768.3902587890625,486.87908935546875,693.4268188476562,488.90478515625,797.5786743164062,533.9467163085938,668.8467407226562,540.005859375,825.0557861328125,571.7032470703125,658.0247802734375,577.64453125,759.682861328125,577.3598022460938,710.3048706054688,579.5240478515625,787.1015014648438,612.137451171875,715.94091796875,614.1006469726562,793.2843627929688,633.6198120117188,713.1505126953125,636.420166015625
595,19.833281616688396,741.1559448242188,444.8295593261719,747.9888916015625,437.1644287109375,732.31884765625,437.3195495605469,756.13720703125,442.5623779296875,715.4349365234375,442.52740478515625,768.37060546875,486.8753356933594,693.4473266601562,488.9359130859375,797.3858642578125,533.9888916015625,668.901123046875,540.194580078125,825.0593872070312,571.658203125,658.1527099609375,577.608642578125,759.2496948242188,577.6157836914062,709.9069213867188,579.826904296875,787.0936889648438,612.5264892578125,716.4223022460938,614.5939331054688,791.8986206054688,633.5763549804688,712.5068969726562,636.5631713867188
596,19.866614863103,742.002685546875,444.8182373046875,748.653564453125,437.0867919921875,733.0285034179688,437.26806640625,756.4015502929688,442.42138671875,715.585205078125,442.39239501953125,768.2704467773438,486.8046569824219,693.2879638671875,488.91827392578125,797.2369384765625,534.0928955078125,668.5830078125,540.5466918945312,825.2106323242188,571.6446533203125,658.3740234375,577.6520385742188,759.3055419921875,577.8748168945312,709.8115844726562,580.1922607421875,788.0543212890625,611.9557495117188,716.6503295898438,614.2130737304688,791.9490356445312,632.58837890625,711.3897094726562,635.9053344726562
597,19.899948109517602,743.9244995117188,444.5886535644531,750.3284301757812,437.00482177734375,734.9302368164062,436.9710998535156,757.2532958984375,442.746826171875,716.6438598632812,442.05865478515625,768.37109375,487.3204040527344,693.3717651367188,488.60467529296875,797.3763427734375,534.5732421875,668.4057006835938,540.0333862304688,825.27734375,571.9467163085938,658.209228515625,577.579833984375,759.0068969726562,578.346435546875,709.3826293945312,580.3883666992188,789.141357421875,611.55908203125,717.2310180664062,613.6527709960938,792.1458129882812,633.6766967773438,710.7691040039062,636.9415283203125
598,19.933281355932202,745.9437866210938,444.9943542480469,751.6788940429688,437.37298583984375,736.7939453125,437.419189453125,757.4482421875,443.059326171875,717.2456665039062,442.42108154296875,768.0775756835938,487.3198547363281,693.2334594726562,488.76055908203125,797.2100830078125,534.1792602539062,668.3150024414062,540.1351318359375,825.4367065429688,572.0791015625,658.1482543945312,577.6185913085938,759.4408569335938,577.686767578125,709.80712890625,579.9444580078125,789.9960327148438,611.1157836914062,717.4888305664062,613.6399536132812,792.0693359375,633.1378173828125,709.7598876953125,637.2808837890625
599,19.966614602346805,747.9445190429688,445.3127136230469,753.38916015625,437.7301330566406,738.8096313476562,437.658935546875,758.428466796875,443.3779602050781,718.4759521484375,442.34130859375,768.1432495117188,487.23333740234375,693.7151489257812,488.2798767089844,797.24853515625,533.9627685546875,668.8182373046875,539.4714965820312,825.512939453125,572.8806762695312,657.6689453125,577.9657592773438,759.7251586914062,577.1231689453125,710.0846557617188,579.372314453125,792.429931640625,611.6793212890625,718.557373046875,614.3336181640625,795.5858764648438,633.5257568359375,710.29150390625,638.0003051757812
600,19.99994784876141,748.6370849609375,446.0966491699219,754.1522827148438,438.46893310546875,739.6815185546875,438.3011169433594,759.1957397460938,443.6198425292969,719.3858642578125,442.2838439941406,768.534423828125,486.9858703613281,693.7588500976562,487.79388427734375,797.19921875,533.985107421875,668.4779052734375,539.4177856445312,825.38916015625,572.8787231445312,657.7584228515625,578.3685302734375,759.80712890625,577.0748291015625,710.0054931640625,579.2957763671875,791.9600830078125,611.475341796875,718.2361450195312,614.1317138671875,795.9232788085938,632.8281860351562,711.1488647460938,637.2726440429688
601,20.03328109517601,750.2922973632812,445.4649658203125,755.5281982421875,438.0152893066406,741.3695068359375,437.7547607421875,759.9480590820312,443.6584167480469,720.773681640625,442.0495300292969,769.0690307617188,487.4009094238281,694.8074340820312,487.5977783203125,797.5481567382812,534.3394775390625,668.9985961914062,538.702880859375,825.4215698242188,573.1900634765625,657.6146850585938,578.1136474609375,759.280029296875,577.0682373046875,709.8277587890625,578.9444580078125,791.9711303710938,611.2627563476562,718.7930297851562,613.64599609375,794.1001586914062,633.1786499023438,709.991943359375,637.4138793945312
602,20.06661434159061,750.6619873046875,445.4393310546875,755.8557739257812,438.0086364746094,741.8233032226562,437.70245361328125,760.1575927734375,443.5573425292969,721.2789306640625,441.7939453125,769.0875854492188,487.4056701660156,695.0574951171875,487.32177734375,797.1658325195312,534.5238647460938,669.2071533203125,538.4345703125,825.508544921875,573.643798828125,657.79296875,578.0357055664062,758.78857421875,577.1502685546875,709.7704467773438,578.908203125,790.05419921875,612.0537719726562,719.3558959960938,614.3621826171875,791.3140258789062,633.258056640625,710.9419555664062,637.395263671875
603,20.099947588005215,755.2244873046875,446.080078125,759.30029296875,438.6540832519531,746.3434448242188,438.3282165527344,761.6366577148438,444.021728515625,723.7430419921875,441.9398193359375,769.26025390625,487.412841796875,695.443359375,486.98785400390625,797.1376953125,534.4674072265625,669.1016845703125,538.5279541015625,825.5780639648438,573.525390625,658.1032104492188,578.077880859375,758.3168334960938,577.4495849609375,709.3499755859375,579.276123046875,790.5267333984375,610.0103149414062,719.7280883789062,612.8114013671875,789.7802734375,632.306884765625,709.435546875,637.6406860351562
604,20.133280834419818,756.255859375,446.7049865722656,760.15576171875,439.1839904785156,747.2962646484375,438.910888671875,762.1983032226562,444.4881896972656,724.1682739257812,442.4806823730469,769.4765014648438,487.82049560546875,695.52294921875,487.630859375,797.1912841796875,534.7734985351562,668.9033203125,539.3517456054688,825.3277587890625,573.296630859375,658.0486450195312,578.1464233398438,759.0299682617188,577.9237060546875,709.9505004882812,579.9555053710938,790.9673461914062,610.9122924804688,720.2692260742188,614.0263671875,789.9888916015625,632.7059936523438,709.9739379882812,638.5413208007812
605,20.16661408083442,756.47119140625,447.33935546875,760.4362182617188,439.8381652832031,747.6348266601562,439.5615234375,762.600341796875,444.92022705078125,724.9246826171875,442.9224853515625,770.1426391601562,487.9246826171875,695.9368896484375,487.6829833984375,797.2902221679688,534.89111328125,668.8162231445312,539.3665771484375,825.55859375,573.1688842773438,658.6100463867188,578.1488647460938,758.9087524414062,577.9625854492188,709.79736328125,579.9165649414062,790.9131469726562,610.7984008789062,720.8096923828125,613.7966918945312,788.1626586914062,632.6622314453125,709.7442016601562,638.2742919921875
606,20.19994732724902,757.8646240234375,447.86138916015625,761.553466796875,440.42816162109375,749.2144165039062,439.9861145019531,763.0820922851562,445.3588562011719,725.9443359375,442.8187255859375,769.72314453125,487.896728515625,695.7848510742188,487.0667724609375,797.0529174804688,534.87060546875,668.6455688476562,538.6642456054688,825.9152221679688,573.2124633789062,658.5306396484375,577.1690063476562,758.1417236328125,577.8121948242188,709.0753173828125,579.6700439453125,790.49853515625,611.38037109375,720.2711181640625,614.474609375,788.8209228515625,632.5905151367188,709.2009887695312,638.4683837890625
607,20.233280573663624,759.0200805664062,447.78179931640625,762.2459106445312,440.3445739746094,750.2703857421875,440.01202392578125,763.1159057617188,445.40997314453125,726.2825927734375,443.06939697265625,769.6315307617188,487.9872741699219,696.045166015625,487.433349609375,797.2213134765625,534.4859619140625,668.8663330078125,538.8126831054688,825.9566040039062,573.3632202148438,658.76318359375,577.5797729492188,759.0305786132812,578.0861206054688,710.0265502929688,580.0969848632812,791.068603515625,611.0742797851562,719.5289916992188,614.4136962890625,789.6414794921875,632.2457885742188,707.8963012695312,638.6828002929688
608,20.266613820078227,760.0324096679688,447.5606689453125,763.0570678710938,440.2109680175781,751.3192749023438,439.8044738769531,763.47705078125,445.4120788574219,727.013916015625,442.8590393066406,769.5704956054688,487.8814697265625,696.4215087890625,487.02838134765625,797.0728759765625,534.256591796875,669.1436157226562,538.1441650390625,825.7339477539062,573.331298828125,658.1564331054688,577.321533203125,758.51806640625,577.5234985351562,709.6798095703125,579.4583129882812,792.55810546875,611.8527221679688,720.9371948242188,615.1986694335938,790.861083984375,633.5307006835938,708.368408203125,640.05810546875
609,20.29994706649283,761.6829833984375,446.0496826171875,764.3385620117188,438.86712646484375,752.9758911132812,438.4311828613281,763.9798583984375,444.9051818847656,728.1712036132812,442.2476501464844,769.9988403320312,488.27105712890625,697.1953125,487.1435241699219,797.1759033203125,534.5693359375,669.3900756835938,538.0347290039062,825.6874389648438,573.58935546875,657.9275512695312,577.6423950195312,758.6760864257812,577.5377197265625,710.0944213867188,579.3145141601562,793.1900634765625,610.7301635742188,721.7617797851562,613.9813232421875,790.2337646484375,633.2408447265625,708.3404541015625,639.7953491210938
610,20.33328031290743,761.9719848632812,445.8901062011719,764.655517578125,438.6920166015625,753.2388305664062,438.26983642578125,764.3038330078125,444.8450622558594,728.4202270507812,442.21820068359375,770.2350463867188,488.50848388671875,697.4310913085938,487.4037780761719,797.1305541992188,534.9071044921875,669.4071655273438,538.45654296875,825.149658203125,573.3593139648438,658.090087890625,577.8312377929688,758.7587280273438,577.9515380859375,710.205078125,579.7091674804688,792.4955444335938,611.1629638671875,721.3678588867188,614.39501953125,789.33447265625,633.0523681640625,708.094970703125,639.5945434570312
611,20.366613559322033,762.1184692382812,446.1890869140625,764.8358154296875,439.00836181640625,753.468017578125,438.522705078125,764.5182495117188,444.9637451171875,728.8257446289062,442.1654052734375,770.413330078125,488.4141845703125,697.6720581054688,486.99029541015625,796.95263671875,535.1470947265625,669.5048828125,538.20361328125,824.8949584960938,573.2281494140625,658.2381591796875,577.5123901367188,758.1446533203125,577.8084716796875,709.7806396484375,579.365478515625,790.761474609375,611.3092041015625,720.9223022460938,614.3526611328125,786.4873657226562,633.1192626953125,707.2469482421875,639.4056396484375
612,20.399946805736636,762.6328735351562,446.28668212890625,765.3864135742188,439.1681213378906,754.1394653320312,438.581787109375,765.0094604492188,445.01336669921875,729.5219116210938,441.9492492675781,770.4052734375,488.011962890625,697.8434448242188,486.4223937988281,796.6739501953125,534.4982299804688,669.4830322265625,537.5238037109375,824.9671630859375,572.9230346679688,657.6858520507812,577.5265502929688,758.0930786132812,576.8892211914062,709.6268310546875,578.4708862304688,792.6993408203125,611.0411376953125,721.3679809570312,614.1310424804688,790.060302734375,633.441650390625,707.86572265625,639.7557983398438
613,20.43328005215124,763.90771484375,446.14794921875,766.2677612304688,439.2205505371094,755.5935668945312,438.52349853515625,765.1283569335938,445.5615539550781,730.6307983398438,442.1629943847656,770.233642578125,488.6458435058594,698.2673950195312,486.67529296875,797.1306762695312,534.2936401367188,669.6808471679688,537.0343017578125,825.2485961914062,572.5735473632812,657.5419311523438,577.5880737304688,757.871337890625,577.2101440429688,709.6693725585938,578.6679077148438,792.9926147460938,612.726318359375,721.6275024414062,615.8025512695312,790.261474609375,634.5358276367188,707.3017578125,641.0048217773438
614,20.46661329856584,764.3743286132812,446.0025634765625,766.533203125,439.0384521484375,756.0319213867188,438.4520568847656,765.137451171875,445.4432678222656,730.8832397460938,442.3037414550781,770.6622924804688,488.7606506347656,698.0967407226562,487.103759765625,797.5621948242188,534.5773315429688,669.2679443359375,537.6904907226562,826.7603149414062,573.4242553710938,657.395263671875,577.9478149414062,758.3767700195312,577.24072265625,709.8079833984375,578.8698120117188,794.5950927734375,611.10986328125,722.0443725585938,614.3834228515625,791.2431030273438,634.023193359375,707.2897338867188,640.7926025390625
615,20.499946544980443,765.75634765625,445.86083984375,767.595458984375,438.9962463378906,757.532470703125,438.3489990234375,765.5786743164062,445.5868835449219,731.9013061523438,442.2203369140625,770.32080078125,488.7601318359375,698.46337890625,486.9118957519531,797.2058715820312,534.193115234375,669.5862426757812,537.3067626953125,826.5179443359375,573.2415161132812,657.3101196289062,578.049072265625,757.9133911132812,576.86279296875,709.6709594726562,578.5023193359375,794.5006103515625,612.4065551757812,722.109130859375,615.8336791992188,792.2981567382812,634.7088012695312,707.6677856445312,641.8467407226562
616,20.533279791395046,766.6441650390625,446.0340881347656,768.34423828125,439.1746520996094,758.446533203125,438.5240173339844,766.0684204101562,445.7472839355469,732.5777587890625,442.34637451171875,770.5010375976562,488.8856201171875,698.8057861328125,486.97149658203125,797.1719360351562,534.2905883789062,669.703857421875,537.3273315429688,826.4381103515625,573.2594604492188,657.6776733398438,577.9901123046875,757.8286743164062,577.1602783203125,709.7335815429688,578.7991943359375,794.4119873046875,610.9512329101562,722.3631591796875,614.4278564453125,791.7973022460938,633.7388305664062,707.92138671875,641.0259399414062
617,20.56661303780965,767.382568359375,446.32989501953125,768.8436889648438,439.54925537109375,759.2860107421875,438.887451171875,766.1997680664062,446.256591796875,733.256103515625,442.78546142578125,770.520751953125,489.2384948730469,699.0278930664062,487.2290954589844,797.0869750976562,534.3114013671875,669.3908081054688,537.2779541015625,826.8375854492188,573.2637939453125,657.0953369140625,577.9724731445312,757.7869262695312,576.8665161132812,709.8637084960938,578.4676513671875,793.686767578125,610.7626342773438,721.92626953125,614.2786254882812,790.5322875976562,633.265380859375,706.9249267578125,640.71240234375
618,20.59994628422425,767.5514526367188,446.0750427246094,768.9313354492188,439.34967041015625,759.4639282226562,438.6857604980469,766.1557006835938,446.1492004394531,733.573486328125,442.6960144042969,770.6649780273438,489.3298034667969,699.4733276367188,487.2456359863281,797.2645263671875,534.472412109375,669.8565063476562,537.2932739257812,826.63671875,573.173583984375,657.4032592773438,577.9659423828125,757.4015502929688,577.4711303710938,709.7254028320312,578.9931640625,793.658203125,612.3024291992188,722.9478759765625,615.7520141601562,788.6527709960938,634.374267578125,706.3870239257812,641.7275390625
619,20.633279530638852,767.8237915039062,445.92352294921875,769.1529541015625,439.1804504394531,759.6331176757812,438.4985656738281,766.2068481445312,446.063232421875,733.365234375,442.5464782714844,770.3856201171875,489.35552978515625,699.269287109375,487.19476318359375,797.1267700195312,534.45361328125,669.7850341796875,537.1539306640625,826.8893432617188,573.8250732421875,657.5371704101562,578.0765380859375,756.9766235351562,577.3055419921875,709.2611083984375,578.8446044921875,794.77978515625,610.5846557617188,723.5460205078125,614.1041259765625,789.1771240234375,633.8818359375,706.2266845703125,641.3701782226562
620,20.666612777053455,767.9053955078125,445.8428649902344,769.1034545898438,439.119873046875,759.734619140625,438.4525451660156,765.9852905273438,446.0491638183594,733.2483520507812,442.5658264160156,769.9046630859375,489.2925109863281,699.183837890625,487.281494140625,796.8244018554688,534.0966186523438,669.64404296875,537.2068481445312,826.8348999023438,573.8900756835938,656.9949340820312,578.6852416992188,757.063232421875,577.8478393554688,709.5203247070312,579.4968872070312,794.7587890625,611.7676391601562,723.2614135742188,615.4315185546875,790.4502563476562,634.9591064453125,706.3697509765625,642.6915893554688
621,20.69994602346806,768.1192626953125,445.42828369140625,769.246337890625,438.76336669921875,759.9889526367188,438.1109313964844,766.01513671875,445.86065673828125,733.5841674804688,442.4371337890625,770.1141357421875,489.140625,699.3760375976562,487.16607666015625,796.9180297851562,533.9724731445312,669.7122802734375,537.1148681640625,826.34326171875,572.9132080078125,656.8317260742188,578.0694580078125,756.84765625,577.8186645507812,709.1942749023438,579.42724609375,794.8942260742188,613.0965576171875,722.8043212890625,616.7182006835938,790.4093017578125,636.8629760742188,705.334716796875,644.5811157226562
622,20.733279269882658,768.1906127929688,445.328857421875,769.4347534179688,438.58526611328125,759.8937377929688,437.9777526855469,766.3964233398438,445.5987548828125,733.3883666992188,442.2889404296875,770.4090576171875,489.01507568359375,699.6293334960938,487.1300964355469,796.9788208007812,533.9562377929688,669.6228637695312,537.1348266601562,826.2398681640625,573.0172119140625,656.7779541015625,578.1991577148438,757.38818359375,577.884521484375,709.7103271484375,579.4955444335938,795.0791625976562,612.5504150390625,722.7130126953125,616.1365356445312,790.2696533203125,636.712890625,705.05712890625,644.37451171875
623,20.76661251629726,768.2971801757812,445.0168151855469,769.5255737304688,438.2422180175781,759.977783203125,437.6805419921875,766.4834594726562,445.40087890625,733.4365844726562,442.2164001464844,770.7498168945312,489.1112365722656,699.5660400390625,487.3671569824219,797.3101196289062,534.2616577148438,669.7364501953125,537.5266723632812,826.1914672851562,573.1139526367188,656.679443359375,578.1622314453125,757.7014770507812,577.44970703125,709.822509765625,579.1268920898438,795.2167358398438,612.3521728515625,722.8992919921875,616.007568359375,790.85205078125,636.203125,706.2274169921875,643.9598999023438
624,20.799945762711864,768.6464233398438,445.1939392089844,769.827392578125,438.4270324707031,760.4058837890625,437.8416748046875,766.7022705078125,445.5645446777344,733.7948608398438,442.2935791015625,770.8470458984375,489.18035888671875,699.518798828125,487.3572692871094,797.3555297851562,534.437744140625,669.4248657226562,537.6217651367188,826.3067626953125,572.90283203125,656.9708862304688,577.8106689453125,757.8695068359375,577.3819580078125,709.8193969726562,579.0546264648438,795.2984008789062,611.3071899414062,722.0510864257812,614.984130859375,791.5733642578125,635.35009765625,705.6527709960938,643.166748046875
625,20.833279009126468,768.1691284179688,444.6572570800781,769.4473876953125,437.966064453125,759.9328002929688,437.3876647949219,766.492431640625,445.27618408203125,733.572998046875,442.0567932128906,770.6597900390625,488.9562683105469,699.8096313476562,487.08245849609375,797.2743530273438,533.9654541015625,669.8932495117188,536.8673706054688,826.568115234375,573.003173828125,656.7040405273438,577.5218505859375,757.2620239257812,576.8297729492188,709.8298950195312,578.3690795898438,792.1693725585938,611.441650390625,721.6139526367188,614.9500732421875,788.395263671875,635.8526611328125,706.45703125,643.4691162109375
626,20.866612255541067,767.9099731445312,444.8570556640625,769.2677001953125,438.1665954589844,759.7288818359375,437.547607421875,766.4630126953125,445.369873046875,733.4887084960938,442.0372314453125,770.5083618164062,488.8300476074219,699.9331665039062,486.8633117675781,797.0515747070312,533.6209716796875,670.2775268554688,536.4019775390625,825.7396240234375,572.3778686523438,657.0843505859375,577.0249633789062,757.8750610351562,576.6671142578125,710.5136108398438,578.1842041015625,792.023681640625,612.3456420898438,721.013427734375,615.7950439453125,789.7959594726562,635.5064697265625,706.578857421875,643.008544921875
627,20.89994550195567,767.9874267578125,444.80169677734375,769.3167114257812,438.1460266113281,759.7947387695312,437.5332946777344,766.4676513671875,445.40045166015625,733.6046142578125,442.10040283203125,770.4908447265625,488.8259582519531,700.205078125,486.81793212890625,796.7495727539062,533.5296630859375,670.2672119140625,536.1921997070312,825.41162109375,572.2003784179688,657.296630859375,576.9530029296875,757.739990234375,576.9019165039062,710.4713745117188,578.3564453125,792.680908203125,611.8963623046875,721.0419311523438,615.255126953125,789.5230712890625,635.6947021484375,705.2676391601562,643.0877075195312
628,20.933278748370274,767.8597412109375,444.61395263671875,769.2032470703125,437.96771240234375,759.7203369140625,437.349609375,766.42626953125,445.25927734375,733.5383911132812,441.9356994628906,770.5167236328125,488.7411804199219,700.2134399414062,486.75994873046875,796.9967041015625,533.4239501953125,670.4329833984375,536.0919799804688,825.2734375,572.2611694335938,657.4397583007812,577.027099609375,758.6815795898438,576.7545166015625,711.4417724609375,578.2420654296875,792.1505126953125,611.1980590820312,720.335205078125,614.5512084960938,791.2448120117188,635.3486938476562,706.8092651367188,642.7498168945312
629,20.966611994784877,768.1530151367188,444.8304748535156,769.4610595703125,438.109619140625,759.928466796875,437.5394287109375,766.620849609375,445.2952575683594,733.5269165039062,442.0722961425781,770.6951904296875,488.7227478027344,699.7975463867188,486.89117431640625,797.1176147460938,533.56103515625,669.9214477539062,536.5245361328125,826.1450805664062,572.477294921875,657.19677734375,577.013427734375,758.0331420898438,576.45556640625,710.4100952148438,578.0174560546875,792.2899169921875,610.1455688476562,720.0579223632812,613.646240234375,789.818603515625,634.7918090820312,705.3606567382812,642.4330444335938
630,20.999945241199477,768.3366088867188,445.0486145019531,769.6998291015625,438.3287353515625,760.0903930664062,437.7064514160156,766.8910522460938,445.4618835449219,733.5899047851562,442.091796875,770.7494506835938,488.8991394042969,699.7797241210938,486.8056640625,796.9645385742188,534.0413818359375,669.7737426757812,536.6185302734375,826.1688842773438,572.6629028320312,657.4923095703125,576.9237670898438,757.5540161132812,577.1013793945312,709.9922485351562,578.511474609375,791.0115966796875,609.0742797851562,719.4959716796875,612.4248657226562,787.88623046875,634.7774047851562,704.8235473632812,642.2424926757812
631,21.03327848761408,768.3370361328125,444.8701171875,769.695556640625,438.1623840332031,760.124755859375,437.5342712402344,766.8350830078125,445.3908386230469,733.5836791992188,442.01666259765625,770.6092529296875,488.8067626953125,699.6688232421875,486.8600769042969,797.1112060546875,533.7081909179688,669.8363647460938,536.55126953125,825.8892822265625,572.4688720703125,657.1705322265625,576.9005126953125,757.8427734375,576.7184448242188,710.2138061523438,578.2716064453125,791.93798828125,609.7557373046875,720.1493530273438,613.2725830078125,789.9559326171875,635.1697387695312,706.239990234375,642.84765625
632,21.066611734028683,768.0300903320312,444.9749755859375,769.44287109375,438.2420959472656,759.8930053710938,437.6062316894531,766.727783203125,445.2630920410156,733.5008544921875,441.8647766113281,770.5083618164062,488.51959228515625,699.60888671875,486.5821838378906,797.0894165039062,533.552978515625,669.9996337890625,536.3388061523438,825.6345825195312,572.33251953125,657.7674560546875,576.4528198242188,758.2189331054688,576.5534057617188,710.6233520507812,578.1596069335938,791.8824462890625,609.59033203125,720.1646728515625,613.14501953125,791.1187133789062,634.5775146484375,707.4297485351562,642.2550659179688
633,21.099944980443286,765.9193115234375,444.26544189453125,767.8071899414062,437.4460144042969,757.6238403320312,436.8720397949219,765.9632568359375,444.61688232421875,731.8001098632812,441.4774169921875,770.54736328125,488.3945007324219,698.9364013671875,486.7767639160156,797.1766357421875,533.9025268554688,669.9816284179688,537.0821533203125,825.3276977539062,571.9126586914062,657.8402709960938,576.7896118164062,758.9730224609375,576.187744140625,710.8460083007812,577.8304443359375,792.6820678710938,608.6682739257812,719.1378173828125,612.0375366210938,793.8665771484375,634.0834350585938,707.8299560546875,641.2802734375
634,21.133278226857886,763.9674682617188,444.2376708984375,766.4684448242188,437.3612365722656,755.58154296875,436.75286865234375,765.5606689453125,444.3948669433594,730.6022338867188,441.2821350097656,770.6497192382812,488.3129577636719,698.6644287109375,486.6240234375,797.067626953125,534.1555786132812,669.7272338867188,536.9475708007812,825.3261108398438,572.2628173828125,657.557861328125,576.90087890625,758.5429077148438,576.4921875,710.3644409179688,577.9746704101562,792.1210327148438,609.2991333007812,719.7786254882812,612.3192749023438,791.8148193359375,634.5584716796875,708.0310668945312,640.9984130859375
635,21.16661147327249,762.7562866210938,444.5105285644531,765.6681518554688,437.54345703125,754.3493041992188,436.915771484375,765.4725341796875,444.1451721191406,729.9441528320312,441.0497131347656,770.8363647460938,487.8287353515625,698.4266967773438,486.23663330078125,797.08642578125,534.0682983398438,669.8338012695312,537.0357055664062,825.191650390625,571.9661865234375,657.5910034179688,576.9908447265625,758.6473388671875,576.6470336914062,710.1699829101562,578.1470336914062,792.5784912109375,611.2634887695312,720.022705078125,614.1950073242188,792.3805541992188,635.9481201171875,708.041015625,642.05908203125
636,21.199944719687092,761.716552734375,445.0047607421875,764.9552001953125,437.79644775390625,753.1004638671875,437.23321533203125,765.3699340820312,443.90869140625,728.7340698242188,440.9748840332031,770.8564453125,487.5862121582031,697.6595458984375,486.24188232421875,796.9993286132812,534.501220703125,669.293212890625,537.7745361328125,824.98974609375,572.0481567382812,657.8578491210938,576.9375,759.2594604492188,577.1421508789062,710.2935180664062,578.776123046875,792.5055541992188,610.4069213867188,719.413818359375,613.40234375,792.6039428710938,634.3040161132812,708.0595092773438,640.3743896484375
637,21.233277966101696,760.12890625,445.63568115234375,763.7559204101562,438.3150939941406,751.50146484375,437.795654296875,764.8968505859375,443.9728088378906,727.897216796875,441.21630859375,770.91748046875,487.4197082519531,697.0669555664062,486.299560546875,796.9887084960938,534.6357421875,668.768798828125,538.1953735351562,825.3799438476562,571.791748046875,658.31689453125,576.7243041992188,758.5360717773438,577.2859497070312,709.3783569335938,578.963134765625,791.4102172851562,610.161376953125,719.7611083984375,613.1138916015625,789.2093505859375,633.4893798828125,707.6533813476562,639.2958984375
638,21.266611212516295,760.3126831054688,445.5531311035156,763.9030151367188,438.2288818359375,751.6151733398438,437.7194519042969,765.0147094726562,443.985595703125,727.86669921875,441.22943115234375,771.2715454101562,487.6314392089844,697.2587280273438,486.35986328125,797.4804077148438,534.884033203125,668.9457397460938,538.0416870117188,825.4712524414062,572.0908203125,658.2980346679688,576.73779296875,759.1572265625,577.5022583007812,709.9776000976562,579.0350952148438,790.5538330078125,610.5322265625,719.0090942382812,613.299560546875,788.766357421875,633.677490234375,707.8399047851562,639.2997436523438
639,21.2999444589309,757.448486328125,445.2012939453125,761.9259033203125,437.9018859863281,748.78369140625,437.2841796875,764.4884033203125,443.57177734375,726.3262939453125,440.7127990722656,771.1050415039062,487.1705322265625,697.0664672851562,485.6654968261719,797.4688110351562,534.8744506835938,669.3921508789062,537.3386840820312,825.8394775390625,572.406494140625,658.3795776367188,576.7620239257812,758.5621948242188,577.24853515625,709.3773193359375,578.5083618164062,789.7599487304688,611.6177978515625,718.1417236328125,613.8154907226562,790.5111694335938,635.6414184570312,708.8859252929688,640.15234375
640,21.333277705345502,755.6217041015625,444.5534362792969,760.3883666992188,437.28961181640625,746.8258056640625,436.6823425292969,763.4971923828125,443.3492431640625,724.8289794921875,440.61981201171875,770.699951171875,487.4569091796875,696.7632446289062,486.05108642578125,797.8284301757812,535.0993041992188,669.8340454101562,537.48095703125,826.2191162109375,572.8095703125,658.1141357421875,576.90625,758.4965209960938,577.4885864257812,709.3092041015625,578.6902465820312,790.1375732421875,612.4649047851562,718.1100463867188,614.4826049804688,791.0572509765625,637.091064453125,708.236083984375,641.2357788085938
641,21.366610951760105,751.0050659179688,443.354736328125,756.7324829101562,436.146484375,742.2986450195312,435.6561279296875,761.7177734375,442.68035888671875,722.4279174804688,440.55828857421875,770.7425537109375,487.3793640136719,696.3724365234375,486.66986083984375,798.3557739257812,534.7476196289062,669.96923828125,537.3735961914062,825.8062133789062,572.6712646484375,658.9271850585938,576.6524658203125,759.3258056640625,577.0549926757812,709.923828125,578.3106079101562,790.1063842773438,610.3074951171875,717.3466186523438,611.9414672851562,792.3927612304688,635.6572875976562,709.4493408203125,638.8270874023438
642,21.399944198174705,746.470703125,442.82452392578125,753.3955688476562,435.6157531738281,737.8952026367188,435.1038513183594,760.6460571289062,442.3623962402344,720.1281127929688,440.4586181640625,770.8986206054688,487.368896484375,695.9201049804688,486.8582458496094,798.4583129882812,534.9686279296875,669.795166015625,537.3671875,825.3886108398438,572.4058837890625,658.9964599609375,576.6893310546875,759.6599731445312,576.51513671875,709.9319458007812,577.582275390625,788.5477905273438,610.2371826171875,715.4158325195312,611.2637329101562,793.5818481445312,635.25146484375,710.4977416992188,637.1063842773438
643,21.433277444589308,742.6588745117188,442.7528381347656,750.649169921875,435.6879577636719,734.519775390625,434.9393310546875,759.9535522460938,442.5036315917969,719.0503540039062,440.2023010253906,771.1687622070312,487.6393737792969,696.2171020507812,486.36407470703125,798.3740234375,535.5643920898438,669.9224243164062,536.3657836914062,825.18798828125,572.1908569335938,659.0958251953125,576.06591796875,759.243896484375,576.660400390625,709.586669921875,577.102783203125,787.2130737304688,612.5438842773438,714.1841430664062,612.5921020507812,794.469970703125,636.2991333007812,710.8864135742188,636.3043212890625
644,21.46661069100391,739.4024047851562,442.5330810546875,748.0443725585938,435.5809020996094,731.8350830078125,434.72515869140625,759.0441284179688,442.3782043457031,718.4808349609375,439.987548828125,771.7772216796875,487.6333312988281,696.3591918945312,486.0940246582031,798.6219482421875,535.91064453125,670.1237182617188,535.9921875,825.0333251953125,572.09228515625,659.2750854492188,575.8218383789062,759.0925903320312,576.5822143554688,709.36962890625,576.66162109375,785.9036865234375,613.1685180664062,713.6104736328125,612.6278076171875,794.5313720703125,636.9517211914062,712.4494018554688,635.7490844726562
645,21.499943937418514,733.7503051757812,443.84991455078125,743.3106689453125,436.8251953125,726.9430541992188,435.9134216308594,757.1530151367188,442.9958190917969,716.4508056640625,440.7262878417969,772.0369873046875,487.5609436035156,696.121337890625,486.099853515625,798.5740966796875,535.9090576171875,670.1841430664062,535.8894653320312,823.8970947265625,571.3286743164062,659.2144165039062,575.9478149414062,759.4981689453125,576.6422119140625,709.4908447265625,576.3790893554688,784.8179321289062,613.2716064453125,711.3179931640625,612.0625,796.7546997070312,636.5016479492188,713.3384399414062,633.8605346679688
646,21.533277183833118,730.2244873046875,443.81048583984375,740.3666381835938,436.7723693847656,724.047607421875,435.767822265625,756.228515625,442.9648132324219,715.4884643554688,440.5888977050781,772.6276245117188,487.8300476074219,696.2549438476562,486.06231689453125,799.0560913085938,536.4059448242188,669.78125,535.7427368164062,823.7186889648438,571.3531494140625,658.7963256835938,576.2318115234375,760.1541748046875,577.2730102539062,709.9664916992188,576.5735473632812,783.2545776367188,613.2313842773438,709.360595703125,611.4129028320312,797.7830810546875,636.1325073242188,714.5261840820312,632.3457641601562
647,21.566610430247717,727.3106689453125,443.3973388671875,737.7685546875,436.4262390136719,721.5684204101562,435.36175537109375,755.0607299804688,443.20928955078125,714.464599609375,440.81414794921875,772.7682495117188,488.7544860839844,696.32080078125,486.87054443359375,798.883056640625,537.1403198242188,669.6090087890625,536.3431396484375,823.1985473632812,571.09765625,658.2471923828125,576.7275390625,760.1456909179688,578.0567626953125,709.9473266601562,577.0630493164062,783.5428466796875,614.790283203125,709.88037109375,612.6094360351562,797.1563720703125,637.8289794921875,714.5196533203125,633.3027954101562
648,21.59994367666232,725.2625122070312,443.4407043457031,735.77978515625,436.4407043457031,719.8269653320312,435.4017028808594,753.8931274414062,443.15863037109375,713.5775146484375,440.8693542480469,772.6896362304688,488.87921142578125,695.9854125976562,486.9959411621094,799.0288696289062,537.5316162109375,669.326171875,536.5803833007812,823.496337890625,571.0324096679688,658.12548828125,576.2737426757812,760.3790283203125,578.5524291992188,710.0327758789062,577.4432373046875,783.4520263671875,615.8231811523438,709.2901611328125,613.4969482421875,798.0504150390625,638.6290283203125,714.6436157226562,633.7564697265625
649,21.633276923076924,722.62060546875,444.0778503417969,733.3201904296875,437.0650329589844,717.9092407226562,435.9030456542969,753.0374145507812,443.30914306640625,713.2710571289062,440.76861572265625,773.0831909179688,488.7503662109375,696.4241333007812,486.2940368652344,798.807373046875,537.7514038085938,669.300048828125,535.9783935546875,823.373291015625,571.1060791015625,657.7872314453125,576.3135375976562,759.8621215820312,578.927978515625,709.7805786132812,577.2852172851562,782.0691528320312,615.7510986328125,708.9812622070312,612.8995971679688,796.3682250976562,638.4097290039062,714.987060546875,632.6119384765625
650,21.666610169491527,722.6199340820312,444.1743469238281,733.2921142578125,437.156982421875,717.9268188476562,435.9508972167969,752.953857421875,443.3382873535156,713.3162231445312,440.6754455566406,773.2424926757812,488.8199462890625,696.2364501953125,486.177001953125,799.3411254882812,537.930908203125,669.3187866210938,535.8309936523438,823.9077758789062,571.4146118164062,657.9943237304688,576.1076049804688,759.7101440429688,578.98779296875,709.3966674804688,577.290771484375,783.2686767578125,616.3618774414062,709.9636840820312,613.4740600585938,796.510986328125,638.4150390625,715.0303344726562,632.54541015625
651,21.699943415906127,721.0748291015625,444.9658508300781,731.8165283203125,437.87042236328125,716.6369018554688,436.67095947265625,752.1609497070312,443.5950622558594,712.547607421875,440.96392822265625,772.9811401367188,488.6050720214844,696.0292358398438,485.8739013671875,799.4365844726562,537.9581298828125,669.3855590820312,535.5338745117188,823.8025512695312,571.6663208007812,658.18603515625,575.795166015625,759.7051391601562,579.1634521484375,709.5626831054688,577.3167724609375,781.144775390625,615.6769409179688,708.4304809570312,612.6072387695312,796.7324829101562,637.9367065429688,716.4611206054688,631.7814331054688
652,21.73327666232073,719.4151000976562,445.0166015625,729.9754028320312,437.8681335449219,715.2657470703125,436.8251037597656,750.7960205078125,443.3806457519531,711.9500732421875,441.1542053222656,772.8469848632812,488.5038757324219,695.9622192382812,486.0594177246094,799.7138671875,538.2737426757812,669.5509033203125,535.7406005859375,824.1824951171875,572.4759521484375,658.6499633789062,574.9984741210938,760.3346557617188,579.5519409179688,710.2640380859375,577.7465209960938,780.2268676757812,615.392822265625,707.1519165039062,612.3814086914062,796.9246826171875,636.6480102539062,715.9502563476562,630.5132446289062
653,21.766609908735333,718.8091430664062,444.14703369140625,729.2442016601562,437.171142578125,714.9257202148438,436.10546875,750.171142578125,443.2423095703125,712.15771484375,441.0115661621094,772.9490966796875,488.6412048339844,695.9663696289062,486.1994323730469,799.8587646484375,537.942626953125,669.3851928710938,535.4642944335938,824.0781860351562,572.2824096679688,658.5343017578125,575.0675048828125,759.6268310546875,578.934814453125,709.5404663085938,577.0701293945312,781.4210815429688,614.8915405273438,708.7839965820312,611.8735961914062,795.3483276367188,637.7846069335938,715.6731567382812,631.6123046875
654,21.799943155149936,717.115234375,444.0028381347656,727.5348510742188,437.0760803222656,713.694091796875,436.00225830078125,749.23046875,443.19085693359375,711.8639526367188,440.9815979003906,773.0596313476562,488.6601257324219,696.0082397460938,486.2139587402344,800.156005859375,537.9249877929688,669.2114868164062,535.523681640625,823.8750610351562,572.77392578125,657.9608764648438,576.2224731445312,760.048828125,579.5302734375,710.0498657226562,577.5355224609375,780.614501953125,615.8101196289062,708.5922241210938,612.6512451171875,795.8494873046875,639.0658569335938,717.4480590820312,632.6038208007812
655,21.833276401564536,716.2152099609375,443.8130798339844,726.506103515625,436.9288024902344,712.8931884765625,435.8968811035156,748.2691040039062,442.9812316894531,711.325439453125,440.9090270996094,772.7576904296875,488.2325134277344,695.5961303710938,485.9434509277344,800.2136840820312,537.7488403320312,669.1448974609375,535.4664306640625,824.35546875,573.3112182617188,657.8760375976562,576.2706298828125,759.9464721679688,579.3598022460938,709.72900390625,577.4155883789062,782.02197265625,615.9025268554688,708.5133666992188,612.7943115234375,797.2025146484375,640.994873046875,716.2703247070312,634.5713500976562
656,21.86660964797914,713.7620239257812,444.1307678222656,723.7640380859375,437.232177734375,711.2631225585938,436.3148193359375,746.4312744140625,442.96221923828125,711.2955932617188,441.19244384765625,772.6240234375,488.0776672363281,695.7827758789062,486.0395812988281,799.8689575195312,537.7974243164062,668.9634399414062,535.8909301757812,823.6028442382812,573.1544189453125,658.9029541015625,576.46923828125,760.603759765625,580.4803466796875,710.7485961914062,578.4783935546875,779.5156860351562,615.3209228515625,706.8247680664062,612.20166015625,795.052490234375,638.744873046875,715.62744140625,632.20361328125
657,21.899942894393742,709.98876953125,443.1701965332031,719.5130004882812,436.5295104980469,708.7061157226562,435.7330017089844,743.212890625,442.87884521484375,711.1375732421875,441.49224853515625,772.466552734375,488.479248046875,695.4287109375,486.8828125,800.2083740234375,538.115234375,668.6150512695312,536.7760009765625,822.6220092773438,572.9902954101562,659.4970703125,576.7967529296875,761.4124145507812,581.8477172851562,711.3505859375,579.8616943359375,779.98046875,616.7813720703125,706.1979370117188,613.72998046875,796.07666015625,640.8140869140625,715.4901123046875,634.2222290039062
658,21.933276140808346,709.1098022460938,443.35205078125,718.6827392578125,436.6201477050781,707.8319091796875,435.89447021484375,742.82275390625,442.82421875,710.513916015625,441.6302185058594,772.4384155273438,488.4957275390625,695.46923828125,487.07269287109375,800.2686767578125,538.2604370117188,668.3632202148438,537.129638671875,822.4769287109375,573.205810546875,659.46435546875,577.1668090820312,761.9772338867188,582.4673461914062,711.91015625,580.4918212890625,779.8699951171875,616.3028564453125,705.6435546875,613.240966796875,796.2445678710938,640.4761962890625,715.1297607421875,633.8104248046875
659,21.966609387222945,709.68115234375,443.4870300292969,719.2666625976562,436.7479553222656,708.0824584960938,436.0527038574219,742.9303588867188,442.9740295410156,710.1880493164062,441.85430908203125,772.0556030273438,488.47332763671875,695.1837768554688,487.2235107421875,800.3297729492188,537.951416015625,668.342529296875,537.1504516601562,822.6608276367188,573.1522216796875,659.3095092773438,577.5315551757812,761.9672241210938,582.5003662109375,711.7803344726562,580.653076171875,780.2171020507812,617.7229614257812,704.912841796875,614.7346801757812,797.3646850585938,641.3228759765625,714.0743408203125,634.8240966796875
660,21.99994263363755,709.0264892578125,443.5326843261719,718.601806640625,436.7303161621094,707.3692626953125,436.1151428222656,742.310302734375,442.84967041015625,709.5121459960938,441.9338684082031,771.52392578125,488.41650390625,694.8544921875,487.4252014160156,800.0438842773438,537.904052734375,667.9918823242188,537.460693359375,821.64501953125,572.5647583007812,659.4655151367188,577.2842407226562,761.9361572265625,583.1152954101562,711.8814086914062,581.3726196289062,778.96484375,618.480224609375,704.115478515625,615.583251953125,796.47412109375,641.5326538085938,714.02880859375,635.154541015625
661,22.03327588005215,708.5316162109375,443.5814208984375,718.127685546875,436.7618103027344,706.9815063476562,436.14837646484375,742.032958984375,442.8045959472656,709.3397216796875,441.8762512207031,771.4911499023438,488.4092102050781,694.7800903320312,487.3420715332031,800.2263793945312,538.0399169921875,667.8988037109375,537.2819213867188,821.8829345703125,572.968994140625,659.27001953125,577.0187377929688,762.4122314453125,583.2615966796875,712.3567504882812,581.4892578125,778.7642211914062,617.9389038085938,703.8095092773438,614.9889526367188,797.7514038085938,640.8257446289062,715.2269287109375,634.3432006835938
662,22.066609126466755,707.8212280273438,443.62591552734375,717.4471435546875,436.7813720703125,706.4249267578125,436.1474914550781,741.8101196289062,442.8313903808594,709.1812744140625,441.8744812011719,771.6242065429688,488.53680419921875,695.0405883789062,487.38421630859375,800.202880859375,538.299560546875,668.0487060546875,537.4953002929688,821.9490356445312,573.156982421875,658.9420166015625,577.4423828125,762.623779296875,583.2511596679688,712.5684814453125,581.3641967773438,779.1849975585938,617.6443481445312,703.5386352539062,614.5996704101562,798.0994262695312,640.5704956054688,714.0809326171875,633.8963623046875
663,22.099942372881355,707.34326171875,443.5750427246094,716.9021606445312,436.7005615234375,706.1160278320312,436.1022033691406,741.457275390625,442.65673828125,709.2262573242188,441.8023376464844,771.5575561523438,488.3838195800781,695.1991577148438,487.3415832519531,799.9531860351562,538.1500854492188,668.2567749023438,537.5054321289062,821.298828125,572.749755859375,659.1806640625,577.2310180664062,762.5368041992188,583.4092407226562,712.6925048828125,581.5506591796875,778.8820190429688,618.2877197265625,704.0628662109375,615.3029174804688,797.3228759765625,639.9336547851562,714.5499267578125,633.3070068359375
664,22.133275619295958,707.1065673828125,443.56781005859375,716.62109375,436.68109130859375,705.9271850585938,436.10064697265625,741.2479248046875,442.5757751464844,709.1575927734375,441.7937316894531,771.6973266601562,488.25128173828125,695.1300048828125,487.2956237792969,800.169921875,538.2348022460938,668.3886108398438,537.6568603515625,821.400390625,572.7603759765625,659.325439453125,577.1983642578125,762.76513671875,583.1756591796875,712.61865234375,581.3681640625,781.2415161132812,617.9364013671875,704.4768676757812,614.9841918945312,800.0194091796875,640.1288452148438,714.3067016601562,633.5092163085938
665,22.16660886571056,706.9656372070312,443.26239013671875,716.4594116210938,436.4977111816406,705.8683471679688,435.8544616699219,741.0376586914062,442.6199951171875,709.2114868164062,441.71075439453125,771.3932495117188,488.2119445800781,695.2658081054688,487.1422424316406,799.9059448242188,537.8646240234375,668.764404296875,537.2261352539062,820.975830078125,572.2952270507812,658.9090576171875,577.2081298828125,762.2200317382812,582.6158447265625,712.3229370117188,580.7366333007812,781.42041015625,619.0751342773438,704.9503784179688,616.0546264648438,800.2877197265625,641.72314453125,714.4431762695312,635.0361328125
666,22.199942112125164,707.1136474609375,443.4681396484375,716.6378173828125,436.6325988769531,705.9722900390625,436.0230407714844,741.2938842773438,442.5619812011719,709.2573852539062,441.7032165527344,771.4693603515625,488.0604553222656,695.4076538085938,487.0035705566406,799.7012939453125,537.7565307617188,668.4825439453125,537.1119995117188,821.1729125976562,572.422607421875,659.1077880859375,577.1470947265625,762.6272583007812,582.8695678710938,712.845458984375,580.9869384765625,780.0708618164062,617.79833984375,704.2098388671875,614.77099609375,798.9158935546875,640.2136840820312,714.1093139648438,633.5203857421875
667,22.233275358539764,707.2070922851562,443.31280517578125,716.7616577148438,436.5290832519531,706.0635986328125,435.8780212402344,741.337890625,442.6526794433594,709.27392578125,441.71832275390625,771.3697509765625,488.1735534667969,695.2977294921875,487.1014099121094,799.95166015625,537.532470703125,668.8908081054688,536.9256591796875,821.408447265625,572.278076171875,659.1053466796875,577.1097412109375,762.0459594726562,581.9776611328125,712.2005004882812,580.1204223632812,781.284912109375,617.7216186523438,704.8861083984375,614.7244262695312,800.5961303710938,640.1163940429688,714.9320678710938,633.479248046875
668,22.266608604954367,707.5927734375,443.18084716796875,717.1652221679688,436.35980224609375,706.2218627929688,435.7413635253906,741.5828247070312,442.530517578125,709.1202392578125,441.6888732910156,771.4917602539062,488.2389831542969,695.3161010742188,487.2083740234375,800.3260498046875,537.5782470703125,668.738525390625,536.8418579101562,821.7080688476562,572.4677734375,659.0090942382812,576.7434692382812,761.791015625,582.5825805664062,711.9124145507812,580.7366333007812,781.36669921875,617.8833618164062,705.34228515625,614.9055786132812,799.0053100585938,640.6287231445312,714.2291870117188,634.0540161132812
669,22.29994185136897,708.0997314453125,443.0611877441406,717.7109375,436.2216796875,706.5393676757812,435.6097717285156,741.9505004882812,442.4623718261719,709.1627197265625,441.643310546875,771.38818359375,488.2764892578125,695.4702758789062,487.3080749511719,799.906494140625,537.5625610351562,668.8543090820312,536.9697875976562,821.5562744140625,572.27197265625,659.0081787109375,576.7266235351562,761.5621337890625,582.3966674804688,711.8056030273438,580.6142578125,781.8702392578125,618.7501220703125,705.9710693359375,615.8475341796875,798.3994140625,640.909912109375,713.3342895507812,634.4474487304688
670,22.333275097783574,707.741943359375,442.53155517578125,717.3987426757812,435.8105773925781,706.3547973632812,435.1336975097656,741.8504638671875,442.3817138671875,709.2817993164062,441.403564453125,771.2271118164062,488.3797302246094,695.6060791015625,487.24334716796875,799.7860717773438,537.3523559570312,668.8140258789062,536.5552978515625,822.3713989257812,572.6741943359375,658.4985961914062,576.8300170898438,761.25927734375,582.2515258789062,711.7354125976562,580.379638671875,781.3938598632812,619.0513916015625,706.1676025390625,616.0923461914062,798.1254272460938,642.190185546875,713.5703735351562,635.6361083984375
671,22.366608344198173,707.7571411132812,442.079833984375,717.4715576171875,435.4130554199219,706.4151000976562,434.69439697265625,741.9940795898438,442.22705078125,709.3705444335938,441.1373596191406,771.2919311523438,488.4072570800781,695.4614868164062,487.07269287109375,799.7218627929688,537.57421875,668.5574340820312,536.189208984375,823.0870361328125,573.6629028320312,657.8921508789062,576.4985961914062,761.0897827148438,581.945556640625,711.4126586914062,579.9953002929688,781.2970581054688,618.4210815429688,705.7421264648438,615.4025268554688,798.3164672851562,642.215087890625,713.1279907226562,635.6039428710938
672,22.399941590612777,707.931884765625,441.98004150390625,717.5323486328125,435.2955627441406,706.7093505859375,434.5785827636719,742.0277709960938,441.8548583984375,709.8717651367188,440.7654724121094,771.5321044921875,488.0689392089844,695.7096557617188,486.6759338378906,799.6572875976562,537.766357421875,668.4535522460938,536.2791748046875,823.0728759765625,573.5731201171875,657.5900268554688,576.3873901367188,760.799560546875,582.4842529296875,711.1535034179688,580.5069580078125,782.0678100585938,619.950927734375,706.470703125,616.9515380859375,797.7207641601562,643.4286499023438,712.2192993164062,636.8284301757812
673,22.43327483702738,708.5716552734375,441.4991455078125,718.2244262695312,434.7695007324219,707.06201171875,434.0547790527344,742.3535766601562,441.4439392089844,709.7345581054688,440.3674621582031,771.3956298828125,487.99810791015625,695.416259765625,486.79681396484375,799.5128784179688,537.8221435546875,668.0577392578125,537.0255737304688,823.8070068359375,573.8646850585938,656.4276733398438,577.9307250976562,760.4822387695312,582.6255493164062,710.8165893554688,580.808349609375,782.63427734375,620.2543334960938,707.639404296875,617.4127197265625,796.975341796875,643.51220703125,712.1885375976562,637.1118774414062
674,22.466608083441983,708.4876708984375,441.5595397949219,718.1022338867188,434.793701171875,707.0440063476562,434.1136779785156,742.1986083984375,441.283447265625,709.7774658203125,440.2441101074219,771.0787353515625,487.6891174316406,695.6382446289062,486.4895324707031,799.4695434570312,537.3587036132812,668.3915405273438,536.385986328125,823.5408935546875,573.815673828125,657.5423583984375,577.1365356445312,761.239013671875,582.7689819335938,711.7833862304688,580.97802734375,781.053466796875,620.0899658203125,705.5927124023438,617.2634887695312,797.7373046875,641.5021362304688,711.4920043945312,635.13623046875
675,22.499941329856583,708.6485595703125,441.1703186035156,718.1502075195312,434.3818664550781,707.33447265625,433.7279357910156,742.218017578125,440.8139343261719,710.31005859375,439.8413391113281,771.4315185546875,487.5773010253906,695.9004516601562,486.425048828125,799.4613037109375,537.8659057617188,668.1470336914062,537.0725708007812,823.3953247070312,573.92041015625,656.966064453125,577.8109130859375,761.0530395507812,583.7214965820312,711.699462890625,581.9017333984375,780.0408935546875,620.2822875976562,705.5675659179688,617.47509765625,794.9992065429688,641.1901245117188,710.4061279296875,634.8576049804688
676,22.533274576271186,709.9619750976562,441.5032043457031,719.5463256835938,434.67852783203125,708.1782836914062,433.99188232421875,743.0703735351562,441.0235595703125,710.2570190429688,439.9763488769531,771.3369750976562,487.7652282714844,695.7763061523438,486.54705810546875,799.3380737304688,538.138671875,668.1414794921875,537.339599609375,824.0546875,574.1596069335938,656.3391723632812,578.0361938476562,759.87451171875,583.776611328125,710.485595703125,581.998779296875,781.46875,621.245849609375,706.95166015625,618.4913940429688,794.7921752929688,642.9679565429688,709.8590087890625,636.7535400390625
677,22.56660782268579,711.7542724609375,441.82598876953125,721.5864868164062,434.9173583984375,709.3156127929688,434.2130126953125,744.5064086914062,441.2265319824219,710.1193237304688,440.10498046875,771.227294921875,487.9521179199219,695.884033203125,486.7077331542969,799.7190551757812,537.896484375,668.1351928710938,536.9771728515625,824.8529052734375,573.9446411132812,655.7540283203125,577.40283203125,759.9373779296875,583.7308959960938,710.7296142578125,582.0618896484375,780.628173828125,620.732177734375,706.9722900390625,618.0425415039062,795.2979736328125,642.2484741210938,711.2741088867188,636.205078125
678,22.599941069100392,714.5283203125,441.9400329589844,724.3721313476562,434.940185546875,711.048828125,434.39013671875,745.8050537109375,441.3228454589844,709.95458984375,440.5726013183594,770.6795043945312,487.9809875488281,695.5414428710938,487.45172119140625,799.2315063476562,537.3101806640625,667.9175415039062,537.4354248046875,825.59423828125,574.24609375,654.7006225585938,577.7841796875,759.5339965820312,583.1616821289062,710.4080810546875,582.0794677734375,782.2243041992188,621.8572387695312,709.1036987304688,619.7432861328125,794.9063110351562,642.9984741210938,711.0831909179688,637.8900146484375
679,22.633274315514992,715.7728271484375,442.2620544433594,725.7744750976562,435.1983642578125,711.9603271484375,434.5888671875,746.91357421875,441.5426940917969,710.1468505859375,440.6443176269531,770.8153686523438,488.22100830078125,695.4942626953125,487.6376037597656,799.1018676757812,537.3157348632812,667.5870361328125,537.7427368164062,825.65673828125,573.7066650390625,653.9078369140625,578.3209228515625,758.74462890625,583.2055053710938,709.5358276367188,582.1678466796875,782.991455078125,621.24169921875,710.2928466796875,619.19091796875,794.4560546875,642.43408203125,711.4384765625,637.4199829101562
680,22.666607561929595,716.6224975585938,442.0686950683594,726.5440673828125,435.0518798828125,712.5708618164062,434.4730224609375,747.1687622070312,441.4111633300781,710.355712890625,440.5718078613281,771.31982421875,488.1540222167969,695.3724365234375,487.5462341308594,801.1730346679688,537.22998046875,667.3343505859375,537.0845947265625,829.4221801757812,575.39404296875,651.739990234375,577.966064453125,758.8896484375,582.9600830078125,709.3727416992188,581.964599609375,784.39404296875,622.5532836914062,711.1475219726562,620.534423828125,795.91064453125,644.6090698242188,711.93017578125,639.7467041015625
681,22.6999408083442,719.4174194335938,441.77008056640625,729.3827514648438,434.44903564453125,714.2108154296875,433.9619140625,748.4817504882812,440.6537170410156,709.8456420898438,440.0380859375,771.6962280273438,488.2637634277344,693.255615234375,488.3182373046875,802.3989868164062,539.1146850585938,665.6500244140625,540.7739868164062,832.943115234375,576.1378784179688,648.3038330078125,580.9698486328125,757.418701171875,583.56005859375,705.8723754882812,583.2122802734375,793.0648803710938,621.7886962890625,714.20751953125,620.4010620117188,802.423828125,645.25146484375,710.1378173828125,641.2504272460938
682,22.7332740547588,721.0916137695312,441.2997131347656,730.9971313476562,433.9532470703125,715.2608032226562,433.5650634765625,749.1188354492188,440.4900817871094,709.5965576171875,440.1389465332031,771.4528198242188,488.1279296875,692.8535766601562,488.7794494628906,802.3463134765625,538.3806762695312,666.1162719726562,541.1215209960938,832.5435180664062,575.9591064453125,648.4744262695312,581.9036254882812,758.2352294921875,582.9065551757812,705.9574584960938,583.0117797851562,797.9059448242188,620.7666015625,714.1707763671875,619.7352294921875,809.1533813476562,645.4271240234375,708.9198608398438,642.01953125
683,22.7666073011734,721.8697509765625,440.9216003417969,731.7188110351562,433.6202697753906,715.9812622070312,433.1981506347656,749.4624633789062,440.2705993652344,709.9705200195312,439.7806091308594,771.760986328125,487.93475341796875,692.6793212890625,488.42022705078125,802.806396484375,538.2637329101562,665.8782348632812,540.495849609375,833.3916625976562,576.8660278320312,648.4141845703125,581.5165405273438,759.0572509765625,582.7095336914062,706.4021606445312,582.8335571289062,799.11328125,619.8317260742188,714.1404418945312,618.8037109375,811.0150756835938,645.7901611328125,709.2205810546875,642.4238891601562
684,22.799940547588005,721.834228515625,441.32598876953125,731.7756958007812,434.06097412109375,716.1480102539062,433.5103454589844,749.80615234375,440.4934997558594,710.45263671875,439.6722412109375,771.9689331054688,488.0043029785156,692.9209594726562,487.9971008300781,802.828369140625,538.7847900390625,665.6360473632812,540.206298828125,834.31689453125,577.4865112304688,648.1580200195312,581.2037963867188,758.7437744140625,583.2489624023438,705.9204711914062,583.1795654296875,801.0145263671875,620.9140625,714.5252685546875,619.7228393554688,813.30712890625,647.2546997070312,708.252685546875,643.5718994140625
685,22.833273794002608,722.6357421875,441.2896423339844,732.4134521484375,434.0194396972656,716.8800048828125,433.48931884765625,749.9547729492188,440.2877197265625,710.8807373046875,439.4869079589844,771.688720703125,487.597900390625,693.0681762695312,487.66790771484375,802.1767578125,538.4169311523438,665.7037963867188,540.037109375,834.26123046875,577.698974609375,648.047119140625,581.4396362304688,758.5445556640625,582.8627319335938,706.01318359375,582.9093017578125,801.0105590820312,620.6651000976562,715.1302490234375,619.6417846679688,812.1527099609375,646.16845703125,707.35595703125,642.755859375
686,22.86660704041721,721.9205932617188,441.28662109375,731.7106323242188,434.0840759277344,716.4093017578125,433.4903564453125,749.5642700195312,440.30694580078125,710.9518432617188,439.38165283203125,771.47900390625,487.5027770996094,693.2927856445312,487.36456298828125,802.0537109375,538.2462158203125,666.17919921875,539.5252075195312,834.6253662109375,578.0548706054688,647.735595703125,581.422119140625,757.5823364257812,582.928466796875,705.3578491210938,582.8521728515625,801.6055297851562,622.212890625,716.5593872070312,621.10205078125,812.30908203125,648.112548828125,708.138671875,644.5193481445312
687,22.89994028683181,722.8865966796875,440.6813049316406,732.706298828125,433.52838134765625,717.1140747070312,432.9228210449219,750.0869140625,440.31683349609375,711.1103515625,439.35137939453125,771.6322021484375,487.98846435546875,693.1109008789062,487.9214172363281,802.2136840820312,538.4260864257812,666.0720825195312,539.9271850585938,834.3224487304688,577.7528686523438,647.6867065429688,581.5684204101562,757.7545166015625,582.4780883789062,705.2507934570312,582.4983520507812,802.30810546875,621.1942749023438,716.9409790039062,620.1724243164062,812.227783203125,647.23486328125,708.0514526367188,643.8193359375
688,22.933273533246414,724.9339599609375,440.4068298339844,734.5195922851562,433.2814636230469,718.5823974609375,432.7419738769531,750.6159057617188,440.1728210449219,711.1505126953125,439.3405456542969,771.0132446289062,487.6295471191406,692.9760131835938,487.81805419921875,801.8491821289062,537.5567626953125,666.1442260742188,539.513671875,833.7210693359375,577.5257568359375,647.990234375,581.8428955078125,757.6854248046875,582.8801879882812,705.2862548828125,583.1368408203125,803.0790405273438,620.2156372070312,716.7774047851562,619.39599609375,812.6395874023438,648.1839599609375,706.7738037109375,645.2839965820312
689,22.966606779661017,725.6873779296875,440.1068420410156,735.1167602539062,432.974609375,719.1839599609375,432.4779052734375,750.702392578125,439.8132019042969,711.2584838867188,439.0509338378906,770.951416015625,487.1611328125,692.8815307617188,487.5770263671875,801.7296752929688,537.1337890625,666.5433349609375,539.5953979492188,832.9395751953125,577.162841796875,648.6559448242188,582.0131225585938,758.6024169921875,582.1212158203125,706.0148315429688,582.54638671875,803.2410278320312,620.0167846679688,715.609375,619.3651123046875,813.7520751953125,647.2061157226562,705.5595092773438,644.6085815429688
690,22.99994002607562,726.4816284179688,440.0516357421875,735.7098388671875,432.9099426269531,719.8554077148438,432.51824951171875,750.8515625,439.6475524902344,711.5699462890625,439.1216125488281,770.8576049804688,486.7203674316406,693.1541137695312,487.4822692871094,801.4476318359375,536.3736572265625,666.7196655273438,539.4083862304688,832.497802734375,577.16552734375,648.9110717773438,582.4220581054688,758.7386474609375,581.5100708007812,706.5581665039062,582.0855712890625,800.9816284179688,619.9482421875,715.145263671875,619.493896484375,810.31787109375,646.7283935546875,705.0842895507812,644.54345703125
691,23.03327327249022,726.9075927734375,440.1820373535156,736.1414794921875,432.98223876953125,720.199951171875,432.5992736816406,751.0965576171875,439.5481262207031,711.49853515625,439.0191955566406,770.7289428710938,486.6174011230469,692.6144409179688,487.5766906738281,801.0864868164062,536.6268920898438,665.8085327148438,540.310302734375,831.370361328125,576.8209838867188,648.8916625976562,583.3387451171875,759.16552734375,582.5638427734375,706.72119140625,583.2869873046875,799.5679931640625,619.6482543945312,713.4638061523438,619.3431396484375,809.9561157226562,646.7069702148438,704.72705078125,644.76953125
692,23.066606518904823,727.8280639648438,440.0270690917969,736.7215576171875,432.75299072265625,720.8919067382812,432.550048828125,750.9363403320312,439.0712585449219,711.5170288085938,438.9281005859375,770.4188232421875,485.97894287109375,692.5090942382812,487.4676513671875,800.9652709960938,535.992431640625,665.6317749023438,540.417724609375,831.5720825195312,577.0999755859375,649.4220581054688,583.4688110351562,760.1193237304688,582.751708984375,707.7907104492188,583.7672729492188,798.1034545898438,618.3488159179688,711.5574340820312,618.361083984375,808.6683349609375,644.4290161132812,702.7008666992188,643.0973510742188
693,23.099939765319426,729.9166870117188,440.17755126953125,738.3245849609375,432.8885192871094,722.5518798828125,432.822265625,751.1880493164062,439.040283203125,711.9216918945312,439.1648864746094,769.9205932617188,485.5417175292969,692.19384765625,487.392822265625,800.4990234375,535.392333984375,665.7694091796875,540.4139404296875,831.3626708984375,577.0474853515625,649.4718017578125,583.2377319335938,758.7334594726562,582.0535888671875,706.4929809570312,583.3704833984375,798.799072265625,619.937255859375,713.082763671875,620.3997802734375,806.676513671875,646.4485473632812,701.9249267578125,645.9768676757812
694,23.13327301173403,729.7573852539062,439.8932800292969,738.2568969726562,432.6589660644531,722.4427490234375,432.5566101074219,751.2372436523438,439.1005859375,711.888427734375,439.1222839355469,770.3164672851562,485.89813232421875,692.02587890625,487.5860900878906,801.3202514648438,535.8678588867188,665.4334716796875,540.3042602539062,832.0509643554688,577.882568359375,648.84130859375,582.967041015625,759.4853515625,582.22265625,707.0284423828125,583.4711303710938,798.3782958984375,621.2378540039062,713.23291015625,621.6011352539062,807.6762084960938,648.94921875,704.4574584960938,648.3258666992188
695,23.16660625814863,731.73486328125,439.7911071777344,739.7387084960938,432.4311828613281,723.999267578125,432.5003356933594,751.4542236328125,438.66845703125,711.9550170898438,439.0088195800781,769.9216918945312,485.3550109863281,691.5255126953125,487.64117431640625,801.1957397460938,535.479248046875,665.0569458007812,540.9716796875,831.7147827148438,577.4506225585938,649.4153442382812,582.8068237304688,761.0252685546875,582.2713012695312,708.2880859375,584.0079956054688,799.443603515625,617.4611206054688,712.05810546875,618.3812866210938,809.9130249023438,645.1000366210938,703.35888671875,645.4622802734375
696,23.199939504563233,732.0527954101562,439.5918884277344,739.9614868164062,432.2245788574219,724.2455444335938,432.2906799316406,751.433837890625,438.4591979980469,712.0494995117188,438.7549133300781,769.8296508789062,485.4299011230469,691.55224609375,487.5774230957031,801.0797729492188,535.8563232421875,665.1422729492188,541.243408203125,831.5978393554688,577.5632934570312,649.1895141601562,583.05712890625,760.0946655273438,582.8690185546875,707.7977905273438,584.494384765625,796.2830200195312,619.8799438476562,712.4246826171875,620.7588500976562,804.3612060546875,646.7030029296875,703.284423828125,647.0848999023438
697,23.233272750977836,732.2584228515625,439.4378662109375,740.0840454101562,432.13037109375,724.5570678710938,432.1968994140625,751.4276733398438,438.4151916503906,712.386962890625,438.69183349609375,769.67431640625,485.31121826171875,691.6530151367188,487.4424743652344,800.5955810546875,535.7234497070312,664.9843139648438,541.0298461914062,831.6812744140625,577.6701049804688,649.2814331054688,582.7520141601562,760.083984375,582.276611328125,708.08740234375,583.9153442382812,794.9589233398438,618.9577026367188,712.1884155273438,619.886962890625,803.1934814453125,645.859130859375,703.704833984375,646.3369140625
698,23.26660599739244,732.44482421875,439.323486328125,740.2396240234375,431.9959411621094,724.7037963867188,432.0996398925781,751.4895629882812,438.21014404296875,712.4983520507812,438.5787658691406,769.3621826171875,484.8316955566406,691.8585815429688,487.1430969238281,799.798095703125,534.8805541992188,665.2396850585938,540.56689453125,831.3021240234375,577.1306762695312,649.0643310546875,582.5911865234375,759.5693359375,581.0543212890625,707.8728637695312,582.7997436523438,795.0842895507812,620.2059936523438,712.93798828125,621.2859497070312,802.467529296875,646.3324584960938,703.3159790039062,647.0166015625
699,23.29993924380704,732.5419311523438,439.3359375,740.3007202148438,431.964111328125,724.8141479492188,432.1153564453125,751.5572509765625,438.0454406738281,712.6361694335938,438.5232849121094,769.5833740234375,484.8015441894531,691.9551391601562,487.16876220703125,799.9496459960938,534.9882202148438,665.0172729492188,540.6062622070312,831.0150146484375,577.153076171875,649.349365234375,582.3978271484375,759.8137817382812,581.888916015625,708.2178955078125,583.6416625976562,793.9592895507812,620.09033203125,712.94677734375,621.1697387695312,800.954833984375,645.9039916992188,704.2113647460938,646.6016235351562
700,23.333272490221642,733.4506225585938,439.215576171875,741.053466796875,431.85345458984375,725.5382690429688,431.9994812011719,751.8207397460938,438.01605224609375,712.7576293945312,438.4384460449219,769.5586547851562,484.78076171875,691.8140258789062,487.1558532714844,800.1539916992188,535.0570068359375,664.8184204101562,540.8540649414062,831.6571044921875,577.4581909179688,648.63037109375,582.8937377929688,760.0416259765625,581.719482421875,708.2236328125,583.550048828125,795.37451171875,620.802490234375,713.2523803710938,622.010986328125,802.2615966796875,647.1148681640625,703.3838500976562,648.0645141601562
701,23.366605736636245,733.9700927734375,439.29638671875,741.4442138671875,431.9206848144531,725.9736328125,432.05938720703125,751.8267822265625,437.99847412109375,712.816162109375,438.3467712402344,769.2374267578125,484.6507568359375,691.6234130859375,486.9836120605469,799.9563598632812,534.6766967773438,664.7322998046875,540.6166381835938,831.32470703125,577.0857543945312,648.9813232421875,582.980712890625,760.0051879882812,581.7628784179688,708.32763671875,583.6278076171875,794.5303955078125,621.7042846679688,713.298828125,622.9705810546875,801.048828125,646.8468017578125,703.54931640625,647.9598999023438
702,23.39993898305085,734.5651245117188,439.200927734375,741.9451904296875,431.7778015136719,726.445556640625,431.97161865234375,752.0762329101562,437.8709716796875,712.9119262695312,438.34405517578125,769.2206420898438,484.562255859375,691.7174682617188,487.0190124511719,799.7395629882812,534.4605102539062,664.6879272460938,540.5626831054688,831.1407470703125,576.8379516601562,648.8878784179688,582.8555908203125,759.9747924804688,581.9111328125,708.2919921875,583.8496704101562,795.4074096679688,620.8765869140625,713.4073486328125,622.2191772460938,802.1199340820312,646.8323974609375,703.6422119140625,648.1044921875
703,23.433272229465448,734.888427734375,439.3433532714844,742.3919677734375,431.9581604003906,726.6956787109375,432.07208251953125,752.5264892578125,438.1499938964844,713.0408935546875,438.41162109375,769.2471313476562,484.7342529296875,691.7810668945312,486.9810485839844,799.754150390625,534.512451171875,664.869140625,540.403076171875,831.2608032226562,576.9917602539062,648.8526000976562,583.1168823242188,759.7774047851562,581.7762451171875,708.0145874023438,583.6598510742188,796.3305053710938,623.1463623046875,714.2637329101562,624.4307861328125,803.0886840820312,649.0232543945312,704.1050415039062,650.205322265625
704,23.46660547588005,735.4628295898438,439.3761901855469,742.8306884765625,431.9665832519531,727.189697265625,432.1047058105469,752.6597900390625,438.04864501953125,713.3477783203125,438.3372802734375,769.1925048828125,484.60546875,691.9382934570312,486.89227294921875,799.6578979492188,534.1972045898438,664.9857788085938,540.427978515625,831.6011962890625,576.708740234375,648.8544921875,583.4542236328125,758.8805541992188,581.461669921875,707.5780029296875,583.345947265625,794.159423828125,624.236328125,715.3128051757812,625.6111450195312,797.7763671875,648.8215942382812,703.8941040039062,650.1979370117188
705,23.499938722294655,735.3314819335938,439.7633972167969,742.8507080078125,432.3921203613281,727.204833984375,432.4889221191406,753.0086059570312,438.39422607421875,713.7116088867188,438.5968933105469,769.4302978515625,484.7215881347656,692.4798583984375,486.8793029785156,799.7720336914062,534.0192260742188,665.2511596679688,539.9386596679688,831.7974853515625,576.3812255859375,649.0435791015625,582.9487915039062,759.3740844726562,581.7267456054688,708.355224609375,583.5208129882812,793.2369995117188,624.6615600585938,715.0564575195312,625.8905029296875,798.3299560546875,649.2816162109375,705.2221069335938,650.4246215820312
706,23.533271968709258,735.8369140625,439.7177429199219,743.1676635742188,432.327880859375,727.6668701171875,432.4455261230469,752.9857177734375,438.2277526855469,713.7940063476562,438.4132080078125,769.4769287109375,484.62811279296875,692.3638305664062,486.728515625,800.0283813476562,534.2833251953125,665.0436401367188,540.0577392578125,831.7578735351562,576.4907836914062,649.7002563476562,582.4697265625,760.0123901367188,582.4222412109375,709.0642700195312,584.1995849609375,791.0350952148438,623.3550415039062,713.881103515625,624.6101684570312,795.874755859375,648.1488037109375,704.8933715820312,649.4292602539062
707,23.566605215123857,735.439697265625,439.53729248046875,742.9361572265625,432.2199401855469,727.4229125976562,432.2577209472656,753.0614624023438,438.2758483886719,713.8837890625,438.2725830078125,769.4434204101562,484.6335754394531,692.4513549804688,486.42828369140625,799.5127563476562,534.1746826171875,665.0478515625,539.2113037109375,831.2430419921875,576.3383178710938,650.1044311523438,581.2102661132812,759.8245849609375,581.8109130859375,708.89013671875,583.4390258789062,790.9470825195312,622.0478515625,713.3983764648438,623.1338500976562,796.35009765625,647.3564453125,704.6900634765625,648.3428344726562
708,23.59993846153846,735.6578979492188,439.50567626953125,743.0951538085938,432.2291259765625,727.6137084960938,432.2459411621094,753.0984497070312,438.3565979003906,713.9426879882812,438.2923889160156,769.4503784179688,484.7050476074219,692.6393432617188,486.32177734375,799.6467895507812,534.29931640625,665.2517700195312,538.93212890625,831.4707641601562,576.5780639648438,650.2923583984375,580.9320678710938,759.9446411132812,582.1220092773438,709.0279541015625,583.6407470703125,791.2334594726562,621.3864135742188,712.7796630859375,622.345703125,796.9951171875,647.6741333007812,703.7216186523438,648.5413818359375
709,23.633271707953064,735.7301635742188,439.5498352050781,743.111083984375,432.2207946777344,727.6487426757812,432.2767028808594,752.9983520507812,438.3225402832031,713.8203735351562,438.34521484375,769.2877807617188,484.736572265625,692.4739379882812,486.5694274902344,799.8536376953125,534.1533203125,664.97900390625,539.2416381835938,831.524169921875,576.685791015625,650.394287109375,581.5072021484375,760.495361328125,582.4005126953125,709.4539184570312,584.0771484375,791.9159545898438,621.15283203125,712.4923095703125,622.2774658203125,798.3576049804688,646.244873046875,703.4946899414062,647.3440551757812
710,23.666604954367667,735.9630126953125,439.5589599609375,743.3165893554688,432.2235412597656,727.8324584960938,432.28057861328125,753.0777587890625,438.33746337890625,713.803955078125,438.3541564941406,769.1121215820312,484.70672607421875,692.4628295898438,486.5549621582031,799.958740234375,533.9033813476562,665.07470703125,538.9677734375,831.3823852539062,576.9058837890625,650.3734741210938,581.58642578125,760.546875,582.7337646484375,709.4920654296875,584.4461669921875,792.0097045898438,622.3095703125,712.0714111328125,623.4776000976562,799.281494140625,647.1104736328125,703.2979125976562,648.3295288085938
711,23.699938200782267,735.8779296875,439.6241455078125,743.2742309570312,432.3736877441406,727.7741088867188,432.30462646484375,753.0865478515625,438.5612487792969,713.8035278320312,438.2078857421875,769.1487426757812,485.02203369140625,692.8228759765625,486.13250732421875,800.2581787109375,534.5706176757812,665.8242797851562,538.2268676757812,831.8323974609375,577.44091796875,651.1063232421875,580.550537109375,760.510986328125,583.1571044921875,709.82373046875,584.4378051757812,789.1304321289062,624.193359375,710.8619384765625,624.9097290039062,796.623046875,648.2304077148438,702.630615234375,648.8822021484375
712,23.73327144719687,735.690673828125,439.6859436035156,743.1045532226562,432.4756774902344,727.6958618164062,432.3980407714844,752.9722900390625,438.64739990234375,713.9349365234375,438.2989501953125,769.0284423828125,484.9555969238281,692.8291625976562,486.1524963378906,800.127197265625,534.3036499023438,665.6493530273438,538.1058959960938,831.6144409179688,577.302978515625,650.6293334960938,580.5945434570312,760.2933349609375,583.0093383789062,709.7030639648438,584.35986328125,789.4484252929688,624.628662109375,711.5560913085938,625.4276733398438,797.1173095703125,648.539794921875,703.5382080078125,649.26025390625
713,23.766604693611473,735.6626586914062,439.66302490234375,743.1092529296875,432.40521240234375,727.6755981445312,432.3673400878906,753.1019287109375,438.4872741699219,713.9380493164062,438.21649169921875,769.243408203125,484.8763732910156,692.8010864257812,486.16119384765625,799.9567260742188,534.4158935546875,665.3670043945312,538.3605346679688,831.085693359375,577.0173950195312,651.5352783203125,580.4197998046875,760.779296875,583.022705078125,710.3134765625,584.389404296875,787.2119750976562,621.5657958984375,711.0653076171875,622.36865234375,794.303466796875,645.9017333984375,704.6512451171875,646.6304931640625
714,23.799937940026076,735.8812255859375,439.5962829589844,743.30224609375,432.30438232421875,727.9075317382812,432.2898254394531,753.1959228515625,438.35003662109375,714.078369140625,438.1273498535156,769.2994384765625,484.6863098144531,692.521484375,486.0853271484375,800.1239624023438,534.1029052734375,664.9595947265625,538.0841064453125,831.7013549804688,577.4746704101562,651.2599487304688,580.3045654296875,761.0012817382812,582.1401977539062,710.2355346679688,583.6588134765625,789.0946655273438,620.4066772460938,711.7801513671875,621.3756713867188,796.7783203125,644.4894409179688,705.6098022460938,645.43115234375
715,23.833271186440676,735.603515625,439.6491394042969,743.1368408203125,432.34552001953125,727.6039428710938,432.32763671875,753.2047729492188,438.443359375,713.8411865234375,438.2369689941406,769.4891357421875,484.92498779296875,692.2254028320312,486.38153076171875,800.5507202148438,534.387939453125,664.7876586914062,538.4680786132812,831.8880004882812,577.6489868164062,651.1254272460938,580.6392211914062,760.8849487304688,582.3096313476562,709.9141235351562,583.8508911132812,789.166748046875,620.058837890625,712.32861328125,621.0271606445312,796.6886596679688,644.8905639648438,707.01611328125,645.8038940429688
716,23.86660443285528,735.4798583984375,439.66839599609375,743.0200805664062,432.35772705078125,727.4840698242188,432.35504150390625,753.099609375,438.4705810546875,713.75634765625,438.3101501464844,769.3729858398438,484.8365173339844,692.0490112304688,486.4120788574219,800.2991333007812,534.0974731445312,664.6185302734375,538.4050903320312,831.6945190429688,577.2205810546875,651.2591552734375,580.2971801757812,760.7180786132812,581.7943725585938,709.67431640625,583.4088134765625,789.5097045898438,619.2113647460938,712.5352172851562,620.2689208984375,796.3607788085938,643.8888549804688,706.5955810546875,644.9053344726562
717,23.899937679269883,735.5751342773438,439.985595703125,743.1229858398438,432.67779541015625,727.5899047851562,432.6206970214844,753.206298828125,438.5725402832031,713.8693237304688,438.2701721191406,769.2386474609375,484.6388854980469,692.3359985351562,485.9645690917969,800.0938110351562,534.0684204101562,665.354248046875,537.9277954101562,831.3487548828125,577.3638916015625,651.7733154296875,579.983642578125,760.3748168945312,581.787353515625,709.4586791992188,583.2891235351562,789.9539794921875,620.4981079101562,712.4775390625,621.446533203125,797.1926879882812,644.7890625,705.8220825195312,645.6639404296875
718,23.933270925684486,735.67333984375,440.0369873046875,743.2709350585938,432.7402648925781,727.63427734375,432.6496887207031,753.377197265625,438.67938232421875,713.862060546875,438.27972412109375,769.4352416992188,484.7904052734375,692.3932495117188,485.9658508300781,800.4694213867188,534.2136840820312,665.5098876953125,537.9157104492188,831.85791015625,577.416748046875,651.8186645507812,580.1129150390625,760.2591552734375,581.710693359375,709.42578125,583.115478515625,789.1805419921875,621.8533935546875,713.1807250976562,622.7026977539062,795.7387084960938,646.239013671875,706.9447021484375,646.981689453125
719,23.966604172099085,735.5458984375,440.09814453125,743.1607666015625,432.8311462402344,727.6124267578125,432.72540283203125,753.3262329101562,438.6901550292969,713.98876953125,438.28167724609375,769.16162109375,484.5523986816406,692.3612670898438,485.7762451171875,799.83935546875,533.9268798828125,665.3860473632812,537.7716064453125,831.5606689453125,577.4799194335938,651.5224609375,580.3257446289062,759.4530639648438,581.480224609375,708.754150390625,582.9176025390625,789.14697265625,620.7044677734375,713.2019653320312,621.613037109375,795.474365234375,646.1448364257812,706.5291748046875,646.954833984375
720,23.99993741851369,735.7200317382812,440.3038330078125,743.275146484375,433.0089111328125,727.8366088867188,432.9219970703125,753.3377075195312,438.6376647949219,714.19921875,438.2827453613281,768.9744262695312,484.19232177734375,692.4456787109375,485.65850830078125,799.6552124023438,533.2955322265625,665.6298828125,537.7362060546875,831.1867065429688,577.0248413085938,651.8714599609375,580.7467041015625,760.0147705078125,581.6072387695312,709.1661987304688,583.2568359375,791.9364624023438,621.724853515625,713.6810302734375,622.828857421875,799.9324340820312,646.1406860351562,706.6837768554688,647.1742553710938
721,24.033270664928292,735.724365234375,440.5217590332031,743.2512817382812,433.2537841796875,727.8530883789062,433.1376953125,753.3274536132812,438.818359375,714.1973266601562,438.3798828125,769.095703125,484.19964599609375,692.5781860351562,485.4533996582031,799.749267578125,533.4428100585938,665.5547485351562,537.57763671875,831.5396728515625,577.2440795898438,651.6532592773438,580.8986206054688,759.9185180664062,581.59912109375,709.1724243164062,583.0597534179688,790.4454956054688,620.4721069335938,712.5513305664062,621.3797607421875,797.9962158203125,645.425537109375,705.4189453125,646.2283935546875
722,24.066603911342895,735.5771484375,440.6488952636719,743.1343383789062,433.3813781738281,727.7760620117188,433.2571105957031,753.3065185546875,438.7975769042969,714.2764892578125,438.3425598144531,769.076904296875,484.10003662109375,692.5994262695312,485.3517150878906,799.6561279296875,533.5016479492188,665.3536376953125,537.7276000976562,831.46875,577.1477661132812,651.6638793945312,581.0702514648438,759.678466796875,582.0427856445312,709.0708618164062,583.4784545898438,789.1336059570312,619.5865478515625,712.0037231445312,620.4727783203125,796.3662719726562,644.778076171875,705.085205078125,645.5397338867188
723,24.0999371577575,735.568603515625,440.8955993652344,743.0670166015625,433.5773010253906,727.6480712890625,433.5343933105469,753.183349609375,438.8501281738281,714.0655517578125,438.6339416503906,768.9083862304688,483.9151611328125,692.6113891601562,485.49127197265625,799.4361572265625,533.2349853515625,665.7416381835938,537.9443359375,831.0875854492188,576.8665161132812,651.7173461914062,580.9277954101562,758.9028930664062,581.5217895507812,708.4352416992188,583.0899047851562,789.0187377929688,620.0043334960938,712.7212524414062,621.080322265625,794.39501953125,645.5279541015625,704.314208984375,646.5887451171875
724,24.133270404172098,735.5018920898438,440.9239196777344,743.072265625,433.58837890625,727.5975341796875,433.5302734375,753.314208984375,438.7945251464844,714.0320434570312,438.52227783203125,768.9559326171875,483.8078918457031,692.6213989257812,485.2598876953125,799.467041015625,533.2598876953125,665.8569946289062,537.564697265625,831.0162963867188,576.9166870117188,652.3283081054688,580.2373657226562,759.5183715820312,581.4546508789062,708.8418579101562,583.0025634765625,790.0642700195312,620.0612182617188,712.1386108398438,621.06982421875,797.4833984375,645.2621459960938,704.6703491210938,646.2030029296875
725,24.1666036505867,735.6717529296875,441.20245361328125,743.1953125,433.8551330566406,727.7594604492188,433.7976989746094,753.3395385742188,438.9124755859375,714.0152587890625,438.61114501953125,768.9979858398438,483.8480224609375,692.3262329101562,485.26800537109375,799.3548583984375,533.4887084960938,665.303466796875,537.921142578125,830.4810180664062,576.5574340820312,652.3740844726562,580.4793090820312,759.441162109375,582.0575561523438,708.7716674804688,583.5535278320312,787.7392578125,618.5231323242188,711.00634765625,619.4772338867188,794.8834838867188,644.7793579101562,704.8779296875,645.711669921875
726,24.199936897001304,735.8317260742188,441.2364501953125,743.30859375,433.8786926269531,727.890869140625,433.8541564941406,753.3370971679688,438.9692687988281,713.9591674804688,438.7079162597656,769.1583251953125,483.7893371582031,692.0355224609375,485.3175354003906,799.7034912109375,533.4021606445312,665.1400146484375,537.8446044921875,831.3162231445312,576.748046875,652.2817993164062,580.1038208007812,760.8821411132812,581.1251220703125,709.7191772460938,582.7781372070312,790.5723266601562,618.9778442382812,711.4168090820312,620.0394287109375,800.5491943359375,645.3268432617188,706.8336181640625,646.3764038085938
727,24.233270143415908,736.162841796875,441.33306884765625,743.59423828125,433.94659423828125,728.087890625,433.9479675292969,753.4813232421875,439.2366027832031,713.8552856445312,439.0152893066406,769.2520141601562,484.4128723144531,692.0986328125,485.9356994628906,800.3309326171875,533.8903198242188,665.5237426757812,538.2350463867188,832.1021118164062,576.4226684570312,653.1383666992188,579.3427734375,761.4686279296875,581.6123046875,710.2685546875,583.309814453125,791.6045532226562,619.6658935546875,712.3115234375,620.76318359375,802.4198608398438,645.6036376953125,708.48779296875,646.7179565429688
728,24.266603389830507,736.2674560546875,441.2853698730469,743.6290283203125,433.87054443359375,728.1052856445312,433.8384094238281,753.4520263671875,439.3904724121094,713.9048461914062,439.07318115234375,769.9014892578125,485.51708984375,692.4851684570312,486.5127868652344,801.6288452148438,535.828125,665.5921020507812,539.1898803710938,833.0970458984375,576.5357666015625,653.3141479492188,578.9395141601562,761.4083251953125,583.7127685546875,710.1244506835938,584.991455078125,790.4257202148438,618.2779541015625,710.710205078125,618.927490234375,799.1621704101562,643.0464477539062,704.8450927734375,643.59619140625
729,24.29993663624511,735.7653198242188,441.3513488769531,743.60498046875,434.1539001464844,727.6593627929688,433.9814758300781,754.0366821289062,440.7643737792969,713.9583740234375,440.2213134765625,769.2542724609375,486.8441467285156,693.5559692382812,487.7236633300781,799.6650390625,535.0191650390625,666.72119140625,538.5360107421875,830.4274291992188,572.9884033203125,652.5287475585938,577.4554443359375,759.9385375976562,580.5081787109375,709.77685546875,581.67578125,790.2796020507812,615.9735107421875,713.092529296875,616.4783935546875,798.9840698242188,640.845947265625,707.579345703125,641.0796508789062
730,24.333269882659714,736.0809936523438,441.259033203125,743.9879150390625,434.0496520996094,727.917724609375,433.798828125,754.2978515625,440.92132568359375,714.0311889648438,440.1593933105469,768.848876953125,487.35076904296875,693.6074829101562,487.9583435058594,798.7794189453125,535.4186401367188,667.17578125,538.7150268554688,829.222900390625,572.23828125,653.1954956054688,576.9632568359375,758.9566650390625,580.05615234375,709.1549682617188,581.1464233398438,789.3486938476562,616.7623901367188,714.028564453125,617.2479248046875,797.2127685546875,639.60205078125,708.2759399414062,639.7879638671875
731,24.366603129074317,736.2647094726562,441.1690368652344,744.1273193359375,433.9578552246094,728.1082153320312,433.68902587890625,754.3701171875,440.8134460449219,714.1566162109375,439.9922790527344,768.8856811523438,487.2308044433594,693.806396484375,487.7693786621094,798.9276733398438,535.2628173828125,667.659912109375,538.529052734375,828.8801879882812,571.41943359375,654.5833129882812,576.1921997070312,759.405029296875,580.0712280273438,709.6734008789062,581.1401977539062,789.1986694335938,615.1737670898438,713.7471313476562,615.6348266601562,797.1433715820312,638.0111083984375,708.0185546875,638.1792602539062
732,24.399936375488917,736.159423828125,441.08514404296875,743.9678344726562,433.923828125,728.1183471679688,433.6719055175781,754.2066650390625,440.7082824707031,714.4840087890625,439.9382019042969,768.8292846679688,486.9448547363281,694.2503662109375,487.5530700683594,799.1044311523438,534.7225341796875,668.5037231445312,537.970458984375,829.6883544921875,572.0497436523438,655.1043701171875,576.186279296875,759.2794189453125,579.5911254882812,709.9349975585938,580.7001953125,789.1036987304688,617.187255859375,714.7659301757812,617.7119140625,796.619873046875,639.0867309570312,708.5758666992188,639.332763671875
733,24.43326962190352,736.0357055664062,441.07525634765625,743.8441772460938,433.9676818847656,728.02294921875,433.7038269042969,754.133056640625,440.8722229003906,714.4533081054688,440.0722961425781,768.7996215820312,487.0799255371094,694.2678833007812,487.6183166503906,799.3521118164062,534.7102661132812,668.552490234375,537.736083984375,830.9786987304688,573.0000610351562,655.2821655273438,576.2406616210938,759.2220458984375,579.6265869140625,709.8646850585938,580.6968994140625,789.2421875,616.9236450195312,714.54931640625,617.4235229492188,796.6603393554688,639.3204956054688,707.7326049804688,639.5338745117188
734,24.466602868318123,735.9878540039062,441.0458679199219,743.9074096679688,433.9100036621094,727.9410400390625,433.6186828613281,754.2919311523438,440.792236328125,714.4075317382812,439.9147033691406,768.6953735351562,487.0715026855469,694.27783203125,487.4180603027344,799.182861328125,534.619384765625,668.3363037109375,537.2457275390625,831.3089599609375,573.3694458007812,654.84326171875,576.1597900390625,758.5381469726562,579.509033203125,709.3353881835938,580.4768676757812,788.4818725585938,617.7891845703125,714.6925659179688,618.1859741210938,795.4107055664062,639.2511596679688,707.7564086914062,639.3140258789062
735,24.499936114732726,735.5153198242188,441.3404846191406,743.5530395507812,434.2256774902344,727.6165161132812,433.8918762207031,754.2037963867188,440.9852294921875,714.3513793945312,440.0086364746094,768.66064453125,486.92633056640625,694.3869018554688,487.18853759765625,799.644287109375,534.2228393554688,668.7283325195312,536.5672607421875,831.6931762695312,573.6016235351562,655.310302734375,575.8971557617188,759.3806762695312,579.207275390625,710.2381591796875,580.1566162109375,788.2938232421875,617.007080078125,713.9569702148438,617.3103637695312,798.1913452148438,638.56591796875,709.5269775390625,638.4744262695312
736,24.533269361147326,735.3536376953125,441.58428955078125,743.4385986328125,434.5088806152344,727.490478515625,434.1604309082031,754.2723999023438,441.3064270019531,714.4718017578125,440.31634521484375,768.9823608398438,487.1492919921875,694.5653686523438,487.21697998046875,799.6256713867188,534.7621459960938,669.0748901367188,536.4691772460938,831.8240966796875,574.125,655.3572387695312,575.308837890625,758.827880859375,578.4986572265625,709.55908203125,579.3026733398438,789.0884399414062,617.5420532226562,714.425537109375,617.7034912109375,798.0552368164062,640.0535278320312,708.89013671875,639.7455444335938
737,24.56660260756193,735.235595703125,441.78204345703125,743.3584594726562,434.7022705078125,727.4083251953125,434.30279541015625,754.2308349609375,441.5043640136719,714.378173828125,440.36871337890625,769.0008544921875,487.4620666503906,694.3746337890625,487.3296813964844,799.696533203125,535.5034790039062,669.1533813476562,536.7611694335938,831.9393310546875,574.66455078125,655.6978149414062,575.0406494140625,759.3876953125,578.6886596679688,709.9000854492188,579.4514770507812,789.80908203125,617.1927490234375,714.0986328125,617.2921752929688,800.157958984375,639.7078247070312,709.20263671875,639.2821655273438
738,24.599935853976532,735.2882080078125,441.8563537597656,743.43212890625,434.6651611328125,727.3733520507812,434.3215637207031,754.3726196289062,441.3210754394531,714.2752075195312,440.31903076171875,769.2767333984375,487.37506103515625,694.3455810546875,487.4573974609375,799.8515625,535.5956420898438,669.0172729492188,537.3628540039062,831.8219604492188,574.2815551757812,655.7787475585938,575.374755859375,759.6752319335938,578.4944458007812,710.0641479492188,579.3351440429688,789.3453369140625,615.63232421875,713.847412109375,615.8239135742188,798.6322631835938,637.0466918945312,708.5838012695312,636.7216186523438
739,24.633269100391136,735.3956909179688,441.80633544921875,743.5284423828125,434.6840515136719,727.52392578125,434.3000183105469,754.469482421875,441.3912658691406,714.5486450195312,440.3060302734375,769.2583618164062,487.3433837890625,694.774658203125,487.2442932128906,799.505126953125,535.477783203125,669.2333374023438,537.0067749023438,831.9642944335938,574.4410400390625,655.0711669921875,575.7119140625,759.0961303710938,578.552490234375,709.732177734375,579.2451171875,789.412841796875,616.86865234375,713.8935546875,616.9134521484375,798.0487060546875,638.707275390625,707.2068481445312,638.1907958984375
740,24.666602346805735,735.1596069335938,441.9714050292969,743.3731079101562,434.9147644042969,727.3741455078125,434.465576171875,754.4500122070312,441.6670837402344,714.5057373046875,440.4144592285156,769.1461181640625,487.5408020019531,694.635498046875,487.2301025390625,799.8419189453125,535.5266723632812,669.0451049804688,536.7310180664062,832.8333129882812,574.63818359375,655.0496215820312,575.4625854492188,758.6695556640625,578.9883422851562,709.509765625,579.5718383789062,787.3616333007812,617.3211059570312,713.7107543945312,617.263427734375,796.4479370117188,640.20947265625,708.5418090820312,639.571044921875
741,24.69993559322034,734.8311157226562,442.2986145019531,743.1762084960938,435.1913757324219,727.1216430664062,434.7648010253906,754.6002807617188,441.6953125,714.6650390625,440.5473327636719,769.382080078125,487.4017028808594,694.9585571289062,487.2001037597656,799.9264526367188,535.393798828125,669.362060546875,536.5587768554688,833.4712524414062,575.227294921875,654.68505859375,575.4544067382812,758.2819213867188,578.4219360351562,709.2849731445312,579.063720703125,788.1875610351562,617.1783447265625,715.3897094726562,617.1890869140625,796.5484008789062,639.16455078125,709.853271484375,638.5164184570312
742,24.733268839634942,734.8815307617188,442.5372009277344,743.2509155273438,435.42535400390625,727.1414184570312,434.96429443359375,754.6314697265625,441.8515625,714.53955078125,440.6125793457031,769.2019653320312,487.3132629394531,694.8243408203125,487.101318359375,799.8225708007812,535.0538330078125,669.5180053710938,536.39501953125,832.8717041015625,574.9566650390625,654.6947021484375,575.7847900390625,758.3117065429688,578.2158813476562,709.2830200195312,578.8759765625,788.1528930664062,617.8052368164062,715.2262573242188,617.8303833007812,797.0821533203125,639.4918823242188,710.0601806640625,638.8821411132812
743,24.766602086049545,735.0482788085938,442.4913024902344,743.344482421875,435.37908935546875,727.3185424804688,434.9294738769531,754.5835571289062,441.8669738769531,714.571533203125,440.6209716796875,769.1224975585938,487.4825439453125,694.6546630859375,487.2772216796875,799.8678588867188,535.3230590820312,669.2257690429688,536.7063598632812,832.7291870117188,574.78759765625,654.9063720703125,575.5816040039062,758.6135864257812,578.7243041992188,709.5636596679688,579.3980102539062,786.7020263671875,617.462646484375,713.9407348632812,617.5209350585938,796.2963256835938,638.8258666992188,709.6199951171875,638.3148803710938
744,24.799935332464145,735.3934326171875,442.47674560546875,743.5940551757812,435.4054260253906,727.6458740234375,434.9552917480469,754.5672607421875,441.9567565917969,714.6384887695312,440.6919250488281,768.960693359375,487.44927978515625,694.4481811523438,487.2475891113281,799.9163208007812,535.1165161132812,669.1474609375,536.4806518554688,832.3577880859375,574.3294677734375,654.8936767578125,575.042236328125,758.4676513671875,578.4091796875,709.3338012695312,579.1178588867188,786.680419921875,617.41064453125,713.5640869140625,617.5222778320312,797.190673828125,639.5982666015625,710.1198120117188,639.2373046875
745,24.833268578878748,735.4515991210938,442.2590026855469,743.6812133789062,435.20318603515625,727.7472534179688,434.71484375,754.6649169921875,441.8211975097656,714.8390502929688,440.4680480957031,769.0714721679688,487.34954833984375,694.5540771484375,487.0802001953125,799.7471313476562,534.9267578125,669.345458984375,536.1945190429688,832.1126708984375,574.4959716796875,654.9953002929688,575.1008911132812,758.5916748046875,577.87255859375,709.347900390625,578.6014404296875,788.65771484375,617.104736328125,714.8577880859375,617.2403564453125,798.5933837890625,638.81201171875,710.4058227539062,638.4037475585938
746,24.86660182529335,735.3446044921875,442.1897888183594,743.6307373046875,435.1565856933594,727.5988159179688,434.644287109375,754.706298828125,441.9400329589844,714.7041625976562,440.55975341796875,769.01513671875,487.491455078125,694.7240600585938,487.19854736328125,799.7835693359375,534.7069702148438,669.460693359375,536.11767578125,832.4690551757812,574.4041137695312,654.7481689453125,575.5797119140625,758.217041015625,577.777587890625,709.0230102539062,578.445068359375,789.16650390625,616.44970703125,714.8193359375,616.518798828125,798.4750366210938,638.414794921875,709.1192626953125,637.9014892578125
747,24.899935071707954,735.424072265625,442.2682800292969,743.6521606445312,435.22515869140625,727.7127075195312,434.7598876953125,754.6915283203125,441.8133239746094,714.8521118164062,440.5431823730469,769.2630615234375,487.2320556640625,694.650146484375,487.1361083984375,800.2321166992188,534.5086059570312,669.1160278320312,536.1809692382812,832.8684692382812,574.5081176757812,654.5478515625,575.7665405273438,758.9491577148438,578.2147827148438,709.5928955078125,579.0126342773438,789.9153442382812,616.603759765625,715.3016967773438,616.7797241210938,799.8051147460938,639.3070068359375,710.494140625,638.933349609375
748,24.933268318122554,735.4723510742188,442.3928527832031,743.6839599609375,435.329345703125,727.7418212890625,434.867919921875,754.701904296875,441.8462829589844,714.8556518554688,440.5926818847656,769.1781616210938,487.1920471191406,694.5952758789062,487.0406494140625,799.73876953125,534.6746826171875,669.0499877929688,536.3121948242188,832.6160278320312,574.6144409179688,654.4762573242188,576.0389404296875,758.1301879882812,577.931640625,708.6990966796875,578.658935546875,790.025390625,616.3880004882812,714.5802612304688,616.5061645507812,799.256103515625,639.090087890625,708.5428466796875,638.652587890625
749,24.966601564537157,735.27001953125,442.4513854980469,743.5050659179688,435.3602600097656,727.5377807617188,434.9084777832031,754.5942993164062,441.7593078613281,714.7706909179688,440.5240173339844,768.9966430664062,487.0609436035156,694.5213623046875,486.91107177734375,799.2709350585938,534.7071533203125,669.0508422851562,536.4388427734375,832.6591186523438,574.48681640625,654.8075561523438,575.9522094726562,757.3981323242188,577.5359497070312,708.1150512695312,578.2445678710938,789.1475830078125,616.1951293945312,714.58544921875,616.3251342773438,796.9559936523438,638.2911987304688,707.5182495117188,637.8509521484375
750,24.99993481095176,735.153564453125,442.66534423828125,743.443115234375,435.53131103515625,727.4238891601562,435.10626220703125,754.6448974609375,441.7921447753906,714.683349609375,440.620361328125,769.1442260742188,487.02020263671875,694.3816528320312,486.96405029296875,799.525390625,534.79296875,669.0505981445312,536.545654296875,832.5880126953125,574.6862182617188,655.1201782226562,575.9237060546875,757.8768310546875,577.8124389648438,708.3709716796875,578.5799560546875,789.3527221679688,616.39453125,714.11865234375,616.5441284179688,798.4765014648438,638.4254150390625,708.3887939453125,638.00830078125
751,25.033268057366364,735.3475952148438,442.23541259765625,743.6383666992188,435.2416687011719,727.68701171875,434.6918640136719,754.7416381835938,441.8942565917969,715.138671875,440.4222717285156,769.4949340820312,487.5872497558594,694.7142944335938,487.00909423828125,800.2072143554688,535.6259765625,669.5809326171875,536.3148803710938,831.984375,574.5181884765625,654.6893920898438,574.8285522460938,757.2545776367188,578.6451416015625,707.5984497070312,579.1614990234375,790.9625854492188,620.332763671875,715.5963745117188,620.2691040039062,799.0558471679688,642.6028442382812,708.2330322265625,641.86767578125
752,25.066601303780963,735.4068603515625,442.21099853515625,743.63623046875,435.20916748046875,727.7078857421875,434.6633605957031,754.6089477539062,441.8572998046875,715.0371704101562,440.3828430175781,769.3900756835938,487.5563659667969,694.5870361328125,487.0030212402344,800.24853515625,535.6351318359375,669.6625366210938,536.3378295898438,832.3377075195312,574.8847045898438,655.0264892578125,574.7816162109375,757.5242309570312,578.6165771484375,707.737060546875,579.1988525390625,792.344970703125,619.8975830078125,716.056884765625,619.91259765625,800.2333984375,641.9329833984375,707.811767578125,641.2891235351562
753,25.099934550195567,735.163330078125,442.3991394042969,743.4049682617188,435.35302734375,727.4571533203125,434.8165283203125,754.3981323242188,441.8952941894531,714.867431640625,440.44189453125,769.30517578125,487.68438720703125,694.431884765625,487.13104248046875,800.5953979492188,535.747314453125,669.6500854492188,536.401611328125,832.7991943359375,575.406005859375,655.3511962890625,574.9277954101562,757.0791015625,578.7606811523438,707.443115234375,579.35693359375,791.6388549804688,619.975830078125,717.0904541015625,620.0291748046875,798.2130126953125,640.9214477539062,708.90966796875,640.3050537109375
754,25.13326779661017,734.8395385742188,442.4900817871094,743.0987548828125,435.5059814453125,727.20166015625,434.93865966796875,754.2034301757812,442.0561218261719,714.75,440.535888671875,769.2379150390625,487.6681823730469,694.5131225585938,486.9781494140625,800.4868774414062,535.7206420898438,669.6398315429688,536.1299438476562,832.3719482421875,575.2937622070312,655.298828125,574.9147338867188,757.2307739257812,578.80859375,707.718994140625,579.2694702148438,790.39453125,619.9693603515625,715.9392700195312,619.84521484375,797.6982421875,641.6605834960938,708.4901123046875,640.8272094726562
755,25.166601043024773,734.73583984375,442.4332580566406,742.9986572265625,435.44635009765625,727.1273803710938,434.89300537109375,754.2430419921875,441.956787109375,714.8477783203125,440.49359130859375,769.5933837890625,487.633056640625,694.7138061523438,486.8537902832031,800.6583251953125,535.9722900390625,669.6861572265625,536.0963134765625,832.028564453125,575.3465576171875,655.297119140625,574.8683471679688,756.9439086914062,578.879638671875,707.3651123046875,579.1923217773438,789.6608276367188,619.7423706054688,715.0756225585938,619.4544677734375,796.2850341796875,642.0399780273438,707.2470703125,641.0089111328125
756,25.199934289439373,734.812255859375,442.4384460449219,743.0894775390625,435.4382019042969,727.1963500976562,434.87884521484375,754.2422485351562,441.9302062988281,714.7866821289062,440.44818115234375,769.3690795898438,487.4679870605469,694.4358520507812,486.8470764160156,800.5789184570312,535.5755615234375,669.6891479492188,536.144775390625,831.7452392578125,574.8295288085938,655.5333862304688,574.9871215820312,757.1963500976562,578.6259155273438,707.5297241210938,579.1033325195312,790.476318359375,619.7755126953125,715.734619140625,619.6456298828125,798.1244506835938,641.6775512695312,708.8802490234375,640.8474731445312
757,25.233267535853976,734.7058715820312,442.5299987792969,742.9926147460938,435.5155334472656,727.1038208007812,434.9468994140625,754.2391357421875,441.8996887207031,714.7603759765625,440.402587890625,769.2755737304688,487.2788391113281,694.4359130859375,486.5742492675781,800.066650390625,535.4661865234375,669.62353515625,535.994384765625,831.4697875976562,574.6220703125,656.1192016601562,574.7953491210938,756.3124389648438,578.4996948242188,706.7039794921875,578.8861694335938,789.984130859375,617.5240478515625,715.3302612304688,617.3305053710938,795.8287353515625,640.0897827148438,706.9410400390625,639.1695556640625
758,25.26660078226858,734.739013671875,442.4494323730469,742.9752807617188,435.4705505371094,727.1284790039062,434.936279296875,754.1922607421875,441.90338134765625,714.897705078125,440.5253601074219,769.286376953125,487.1617126464844,694.7556762695312,486.5974426269531,800.176025390625,535.0161743164062,670.3477172851562,535.7532958984375,831.7269897460938,574.3944702148438,655.9992065429688,574.7509155273438,755.769775390625,577.8970336914062,706.3662719726562,578.3228759765625,790.6096801757812,618.3935546875,716.4835205078125,618.2545776367188,795.6415405273438,641.3374633789062,707.2435913085938,640.5147094726562
759,25.299934028683182,734.6627197265625,442.4652404785156,742.9762573242188,435.4242858886719,727.0368041992188,434.90081787109375,754.3593139648438,441.7713317871094,714.8221435546875,440.4306335449219,769.3604125976562,486.9578552246094,694.80859375,486.4496765136719,799.7640991210938,534.93310546875,670.2294921875,535.7905883789062,830.698974609375,573.6005859375,656.5958251953125,574.3551635742188,756.1527709960938,577.790771484375,706.4993286132812,578.2271728515625,791.485107421875,617.0269775390625,715.3480224609375,616.865234375,797.0269165039062,640.08984375,705.5917358398438,639.2036743164062
760,25.333267275097782,734.3621826171875,442.234619140625,742.713134765625,435.2677917480469,726.8212890625,434.68670654296875,754.1653442382812,441.77874755859375,714.8182983398438,440.30694580078125,769.3973999023438,487.0621643066406,694.4996337890625,486.4107666015625,799.9093017578125,535.1453247070312,669.9448852539062,535.8175048828125,831.0241088867188,573.7059326171875,656.0147705078125,574.3626098632812,755.572265625,577.5814208984375,705.8153686523438,577.9667358398438,791.7857055664062,617.8146362304688,716.6845703125,617.6212768554688,796.3795166015625,641.8366088867188,706.7388916015625,640.8609619140625
761,25.366600521512385,734.5194091796875,442.2676696777344,742.8121948242188,435.2319030761719,726.921875,434.7127685546875,754.1658935546875,441.5519104003906,714.864990234375,440.21783447265625,769.3265991210938,486.8857727050781,694.6143188476562,486.423583984375,799.6724243164062,534.930419921875,669.8209228515625,535.8018798828125,831.1371459960938,574.0438232421875,655.8905639648438,574.3441162109375,755.8761596679688,577.9699096679688,706.2896728515625,578.4920043945312,791.8983764648438,618.668701171875,717.4794921875,618.6477661132812,795.3511352539062,640.7825317382812,706.5219116210938,640.0170288085938
762,25.39993376792699,734.8230590820312,442.29681396484375,743.0065307617188,435.2143249511719,727.0927734375,434.7664489746094,754.1573486328125,441.5014343261719,714.6829833984375,440.3206481933594,769.1655883789062,486.7786560058594,694.4652709960938,486.4770812988281,799.441162109375,534.8479614257812,669.57861328125,535.936279296875,831.1532592773438,574.023193359375,656.218017578125,574.236083984375,755.9637451171875,577.7427978515625,706.374267578125,578.3394165039062,791.3433227539062,617.2178344726562,716.6511840820312,617.2886962890625,794.5698852539062,639.8276977539062,705.5211181640625,639.2669677734375
763,25.43326701434159,734.8322143554688,442.1638488769531,743.0409545898438,435.1214294433594,727.1033325195312,434.6341857910156,754.1475830078125,441.5819091796875,714.6519775390625,440.29864501953125,769.0686645507812,487.0544738769531,694.3673095703125,486.6676025390625,799.6251220703125,535.0592651367188,669.7041625976562,536.0540161132812,831.3865966796875,573.9913330078125,656.1607055664062,574.1445922851562,755.9769287109375,578.0670166015625,706.3805541992188,578.6729736328125,791.8743286132812,618.3290405273438,717.4191284179688,618.4083251953125,795.7959594726562,640.8419799804688,706.8695678710938,640.2720947265625
764,25.46660026075619,734.7294921875,442.14422607421875,742.949951171875,435.087158203125,726.973388671875,434.63568115234375,754.1416625976562,441.5159606933594,714.6022338867188,440.3338623046875,769.22607421875,486.8852233886719,694.4793701171875,486.5536804199219,799.5422973632812,534.93798828125,669.8276977539062,535.9090576171875,831.1603393554688,574.0664672851562,656.13818359375,574.1148681640625,755.8709716796875,577.5197143554688,706.2452392578125,578.0822143554688,791.4190063476562,617.7994384765625,716.8007202148438,617.8236694335938,794.731689453125,640.2982788085938,705.795166015625,639.6721801757812
765,25.499933507170795,735.294677734375,442.0440673828125,743.3905639648438,435.0231628417969,727.513427734375,434.5376892089844,754.2633666992188,441.53533935546875,714.8411254882812,440.2225036621094,769.1459350585938,487.02789306640625,694.42724609375,486.52484130859375,799.4590454101562,535.0922241210938,669.79833984375,535.9730224609375,830.9241333007812,573.589599609375,656.6950073242188,573.8232421875,755.7124633789062,577.6195068359375,706.2107543945312,578.1175537109375,790.0787963867188,617.4677734375,716.4149169921875,617.470458984375,792.9091186523438,640.0645141601562,705.5640869140625,639.4843139648438
766,25.533266753585398,735.0820922851562,442.1792907714844,743.2140502929688,435.182373046875,727.361328125,434.6974182128906,754.1699829101562,441.7124938964844,714.8589477539062,440.4431457519531,769.0545654296875,487.0079650878906,694.4857788085938,486.7236633300781,799.3399047851562,534.6493530273438,669.8306884765625,536.1080322265625,830.8511962890625,573.1885986328125,656.2431030273438,574.4945678710938,755.8320922851562,577.5811157226562,706.2666625976562,578.2080078125,792.0624389648438,617.964599609375,717.2770385742188,618.0695190429688,795.4149169921875,641.1364135742188,706.0183715820312,640.627685546875
767,25.5666,735.6865844726562,441.9479064941406,743.83984375,435.01812744140625,727.932373046875,434.4205627441406,754.6552124023438,441.7870788574219,715.2132568359375,440.2032775878906,769.1448974609375,487.2923278808594,694.8704833984375,486.4851379394531,799.5067749023438,535.0274658203125,670.1099853515625,535.5848999023438,831.4049682617188,573.9694213867188,656.1449584960938,574.4451293945312,755.7340087890625,577.53955078125,706.2324829101562,577.9185180664062,792.2058715820312,618.5164794921875,716.677734375,618.3867797851562,796.0492553710938,641.6969604492188,704.8017578125,640.916748046875
