frame,time_s,nose_x,nose_y,l_eye_x,l_eye_y,r_eye_x,r_eye_y,l_ear_x,l_ear_y,r_ear_x,r_ear_y,l_shoulder_x,l_shoulder_y,r_shoulder_x,r_shoulder_y,l_elbow_x,l_elbow_y,r_elbow_x,r_elbow_y,l_wrist_x,l_wrist_y,r_wrist_x,r_wrist_y,l_hip_x,l_hip_y,r_hip_x,r_hip_y,l_knee_x,l_knee_y,r_knee_x,r_knee_y,l_ankle_x,l_ankle_y,r_ankle_x,r_ankle_y
1,0.03333324851569126,651.74560546875,284.3994140625,659.4750366210938,273.2284851074219,641.79248046875,276.52606201171875,681.0761108398438,270.4340515136719,637.7841796875,281.4659118652344,720.131591796875,299.13592529296875,640.5054931640625,338.33160400390625,790.3994140625,253.9793243408203,592.0272216796875,386.9864196777344,851.02197265625,203.64576721191406,537.2147216796875,429.0979919433594,749.2344360351562,446.6998291015625,694.1299438476562,460.146240234375,768.4664306640625,559.443115234375,657.531494140625,568.2864990234375,788.2284545898438,666.5064697265625,627.2991943359375,673.8765869140625
2,0.06666649703138253,649.4090576171875,291.864013671875,656.898681640625,280.06353759765625,639.2403564453125,283.8108825683594,679.6943359375,275.2104797363281,636.1293334960938,287.54693603515625,719.4541625976562,301.6501770019531,641.8295288085938,342.16900634765625,788.146240234375,251.97280883789062,593.2110595703125,389.8222961425781,845.4517822265625,196.18479919433594,540.4933471679688,438.1968078613281,751.2844848632812,451.078125,696.6654052734375,465.007568359375,770.8954467773438,560.08642578125,658.0372314453125,570.3344116210938,790.22021484375,665.8560791015625,623.3854370117188,674.9444580078125
3,0.09999974554707379,649.9297485351562,296.4200744628906,657.6947631835938,284.4427490234375,639.2286987304688,287.93878173828125,680.0977172851562,279.4083251953125,634.3340454101562,291.37811279296875,718.3642578125,305.1021423339844,640.1624145507812,347.50860595703125,786.3196411132812,252.14414978027344,592.2296142578125,396.65625,841.7125854492188,191.74899291992188,535.772216796875,444.4367980957031,752.2314453125,454.3446044921875,697.2064819335938,469.07916259765625,772.1685791015625,561.3310546875,658.6681518554688,572.1950073242188,789.7440185546875,665.17138671875,624.4703979492188,675.162841796875
4,0.13333299406276505,650.0459594726562,300.58642578125,656.2284545898438,287.66021728515625,637.9557495117188,293.1694641113281,676.996337890625,280.7284240722656,631.604736328125,297.6485900878906,716.6238403320312,304.6586608886719,639.4834594726562,351.8630065917969,782.4012451171875,254.3027801513672,590.2313842773438,403.76629638671875,834.2378540039062,192.76084899902344,532.6266479492188,450.3498840332031,752.382080078125,451.04132080078125,697.7596435546875,467.9764099121094,770.69091796875,557.5595092773438,658.3753662109375,571.7933349609375,790.85595703125,663.9234008789062,621.768798828125,676.1394653320312
5,0.16666624257845633,641.0189819335938,307.6060791015625,647.7994995117188,294.68017578125,630.3164672851562,299.8759460449219,671.6177368164062,286.4908752441406,626.3021850585938,302.2770690917969,713.1703491210938,306.0380554199219,638.5746459960938,352.5971374511719,782.7365112304688,254.09442138671875,591.0908203125,406.38507080078125,827.8640747070312,194.0998077392578,535.9935302734375,457.2411193847656,751.3200073242188,447.2669982910156,696.305908203125,463.5443115234375,773.4249267578125,552.4512329101562,656.462890625,567.9321899414062,793.77099609375,660.039306640625,619.560546875,676.8194580078125
6,0.19999949109414758,641.2047119140625,307.5112609863281,647.7230834960938,294.611083984375,630.4547119140625,300.0390930175781,671.276123046875,286.592529296875,626.5772094726562,302.92303466796875,713.4052734375,306.16790771484375,638.8646240234375,353.0791931152344,782.94580078125,254.2290496826172,590.60693359375,406.4775085449219,827.7943725585938,194.65476989746094,536.0289306640625,456.9412536621094,751.8311157226562,446.94403076171875,696.88623046875,463.3959655761719,773.6857299804688,552.6476440429688,657.1456909179688,568.3740234375,794.0167236328125,660.4402465820312,619.8720092773438,677.2227783203125
7,0.23333273960983886,640.9065551757812,307.926025390625,647.453369140625,294.8987731933594,630.2109375,300.49444580078125,671.4719848632812,286.5204162597656,626.8812255859375,303.2405700683594,713.743408203125,305.9302978515625,639.4807739257812,352.9187316894531,783.252685546875,253.79173278808594,590.8636474609375,406.1239929199219,828.17822265625,193.80548095703125,536.1553344726562,457.2135009765625,751.0208740234375,446.66217041015625,696.2708129882812,463.0476379394531,772.6658935546875,551.8504638671875,656.636474609375,567.58447265625,793.552978515625,660.0725708007812,619.42041015625,676.9097290039062
8,0.2666659881255301,635.253662109375,313.30963134765625,642.3446044921875,300.3965759277344,624.3446655273438,306.1798095703125,666.553466796875,291.3741760253906,619.727783203125,308.10296630859375,709.6044311523438,305.1606140136719,630.9342041015625,357.23040771484375,778.564453125,249.1595916748047,595.654296875,412.98675537109375,821.7998657226562,188.2025909423828,554.7958984375,456.0186767578125,753.0730590820312,449.9559326171875,698.6259155273438,468.5514221191406,754.9868774414062,519.9915771484375,677.333984375,523.952392578125,780.1185913085938,540.8892211914062,696.6734619140625,527.7560424804688
9,0.29999923664122136,634.693359375,312.542724609375,641.8955688476562,299.6180114746094,623.7997436523438,305.4058837890625,666.2835083007812,290.8606872558594,619.2467041015625,307.60675048828125,709.6266479492188,305.0408935546875,630.6162109375,357.5847473144531,779.4686889648438,248.70460510253906,594.9750366210938,413.865234375,822.4877319335938,187.16526794433594,552.155029296875,457.3688049316406,753.1334228515625,450.096435546875,698.6600952148438,468.77447509765625,753.9337158203125,520.330810546875,676.977294921875,524.203369140625,779.3651123046875,539.4197387695312,697.605224609375,526.1089477539062
10,0.33333248515691266,614.9396362304688,347.17572021484375,616.8215942382812,334.4739074707031,608.0634765625,340.6655578613281,640.927734375,315.9080505371094,617.0376586914062,335.69415283203125,693.282958984375,314.388427734375,632.7232666015625,371.6557312011719,736.2440795898438,248.8782958984375,586.0989990234375,435.6824035644531,768.2195434570312,169.752685546875,550.78125,487.81829833984375,756.6190795898438,452.65704345703125,709.7041625976562,472.09246826171875,765.30419921875,563.466064453125,661.595458984375,575.175048828125,778.2850952148438,669.253662109375,613.6534423828125,671.3802490234375
11,0.3666657336726039,610.369140625,355.75958251953125,612.0176391601562,342.9454040527344,602.7698974609375,349.4234313964844,634.9401245117188,324.4858703613281,610.264892578125,345.2796325683594,685.6402587890625,320.9530029296875,629.123291015625,382.6390075683594,726.075439453125,252.60153198242188,583.1216430664062,447.3092041015625,755.5092163085938,176.65704345703125,548.0169677734375,501.221923828125,757.6697387695312,455.1695251464844,712.9402465820312,477.1181945800781,764.473876953125,565.3862915039062,662.0955810546875,580.842529296875,777.1895751953125,669.156982421875,613.1055297851562,673.8565063476562
12,0.39999898218829516,602.0302124023438,373.42529296875,602.4925537109375,359.91168212890625,595.0272827148438,367.9944763183594,626.1848754882812,338.3904724121094,605.5560302734375,362.95721435546875,680.4577026367188,329.2630615234375,624.2269287109375,398.0943908691406,713.0076904296875,256.3929138183594,584.2783813476562,464.5669860839844,731.1177368164062,180.912353515625,558.2723388671875,520.0110473632812,754.6611328125,468.7371826171875,708.7056274414062,493.46527099609375,765.9954223632812,569.0037231445312,657.2508544921875,584.4562377929688,783.02001953125,664.6785888671875,612.9564208984375,666.3844604492188
13,0.4333322307039864,601.9317016601562,373.1369934082031,602.4564208984375,359.65618896484375,594.7003173828125,367.76739501953125,626.0805053710938,338.4537353515625,604.546875,363.1466979980469,679.4990844726562,328.8883972167969,623.7006225585938,398.5716247558594,712.5755615234375,255.1236572265625,584.60498046875,465.196533203125,731.09765625,180.16127014160156,557.839599609375,520.5263671875,754.1657104492188,464.1158142089844,708.5463256835938,489.3658447265625,766.8704223632812,566.3221435546875,658.28173828125,583.0377197265625,783.2050170898438,663.9563598632812,613.0869140625,667.6552124023438
14,0.4666654792196777,600.4032592773438,382.41705322265625,599.6248779296875,369.19659423828125,592.8682250976562,377.5987854003906,618.4411010742188,347.16754150390625,600.5429077148438,372.5567321777344,669.8917846679688,332.19219970703125,618.84375,406.4437561035156,702.019287109375,253.68142700195312,585.288330078125,474.49078369140625,724.801025390625,181.3294677734375,558.4932861328125,534.0042114257812,752.0000610351562,464.2003479003906,708.799560546875,492.2158203125,767.2007446289062,564.5650634765625,657.7722778320312,583.4059448242188,786.9096069335938,663.8363647460938,614.1485595703125,669.0084838867188
15,0.49999872773536896,590.4817504882812,395.7281188964844,591.4368286132812,382.406982421875,582.480712890625,390.64373779296875,617.1295166015625,359.4768981933594,590.5862426757812,384.63800048828125,662.79931640625,345.9016418457031,619.7562255859375,414.0589294433594,678.7737426757812,269.1642150878906,596.429931640625,481.453369140625,699.1799926757812,198.3895263671875,570.5142822265625,542.0357055664062,741.912841796875,460.0919494628906,702.1321411132812,484.576171875,768.2642822265625,563.484619140625,657.7410888671875,577.2037963867188,793.6995849609375,661.4392700195312,616.2250366210938,664.8410034179688
16,0.5333319762510602,585.6375122070312,403.4606628417969,586.6943359375,391.1280822753906,578.0919799804688,398.46173095703125,613.3045043945312,368.301025390625,586.5794677734375,391.222412109375,659.1893310546875,350.7919006347656,617.6109008789062,417.0563049316406,675.389892578125,273.6085510253906,599.094482421875,485.6175231933594,690.3711547851562,199.13656616210938,577.8187255859375,550.4668579101562,743.7264404296875,456.2736511230469,704.1104125976562,480.2225341796875,771.8613891601562,563.8042602539062,660.759033203125,578.4986572265625,790.4066772460938,660.0396118164062,615.6403198242188,667.5443115234375
17,0.5666652247667515,584.777099609375,406.6093444824219,586.0946044921875,394.6393737792969,577.388427734375,401.2274169921875,612.8741455078125,371.981689453125,585.593994140625,393.13360595703125,657.2930908203125,353.9919128417969,617.9171752929688,417.97015380859375,673.5740966796875,278.83538818359375,601.6845092773438,489.1873779296875,690.8604125976562,200.0170440673828,584.659423828125,555.8575439453125,745.3450927734375,453.3401184082031,706.93017578125,476.58026123046875,772.9358520507812,563.1602783203125,663.4027709960938,577.1493530273438,788.8278198242188,659.4813232421875,616.9573974609375,667.1364135742188
18,0.5999984732824427,584.2415161132812,413.4229736328125,584.5341796875,402.32977294921875,578.3748779296875,408.57562255859375,609.3058471679688,380.26312255859375,588.3589477539062,400.5109558105469,654.8452758789062,359.2403869628906,618.8572387695312,422.6878356933594,671.66259765625,277.2356872558594,605.4396362304688,487.58880615234375,688.26513671875,201.82301330566406,591.8491821289062,551.4978637695312,743.3982543945312,455.5433044433594,707.0338745117188,477.8924865722656,770.0032958984375,566.4323120117188,661.03662109375,576.373046875,788.9022216796875,662.1632080078125,617.9716186523438,663.0798950195312
19,0.633331721798134,581.1934204101562,419.7674865722656,581.7793579101562,409.7479248046875,574.7315673828125,415.6341857910156,605.0824584960938,385.1272277832031,583.3787841796875,403.34014892578125,652.0986328125,365.0758056640625,617.4371337890625,413.81903076171875,682.6679077148438,322.0462951660156,602.7999877929688,481.7787780761719,697.893798828125,284.91534423828125,589.8225708007812,562.5687255859375,743.7991943359375,440.8459777832031,708.9541015625,459.6604309082031,766.352783203125,559.3605346679688,663.3734741210938,578.5990600585938,795.0769653320312,652.8034057617188,620.3839111328125,672.8900146484375
20,0.6666649703138253,580.8911743164062,421.6800231933594,580.5831909179688,411.37713623046875,574.3701171875,417.7835998535156,602.2576293945312,387.5830078125,583.1027221679688,407.1037902832031,650.349609375,369.1715087890625,618.5927734375,419.7666015625,682.3518676757812,335.8996887207031,602.3220825195312,493.7135314941406,703.1927490234375,311.2884826660156,589.1338500976562,572.0726928710938,746.5885620117188,437.7701110839844,713.610595703125,457.7041320800781,767.4810791015625,555.6513671875,665.1456909179688,576.1654663085938,794.8865966796875,652.811767578125,617.8792114257812,672.2384643554688
21,0.6999982188295165,582.9113159179688,422.7569885253906,582.6747436523438,411.6141662597656,576.1799926757812,417.7367248535156,604.9942016601562,388.8879089355469,582.9299926757812,406.7975158691406,655.2767333984375,382.32867431640625,618.689697265625,421.55035400390625,704.1992797851562,388.608642578125,604.575439453125,496.7657775878906,744.130615234375,403.1044921875,590.2599487304688,571.0779418945312,742.1148681640625,445.18292236328125,707.953369140625,461.22418212890625,767.287841796875,559.8078002929688,659.1400756835938,577.4802856445312,784.4967651367188,655.1871337890625,605.7987060546875,672.98388671875
22,0.7333314673452078,582.7837524414062,424.44036865234375,581.8052368164062,413.1076354980469,575.4715576171875,419.87939453125,603.1663208007812,388.2912292480469,584.4879760742188,407.8731994628906,655.0582275390625,382.5738525390625,620.3775024414062,419.6527099609375,688.2922973632812,407.1922302246094,602.0271606445312,502.5567932128906,713.6171264648438,436.511962890625,586.934326171875,583.2321166992188,747.254150390625,446.4031066894531,713.8519897460938,462.4356384277344,767.0362548828125,556.4421997070312,665.9908447265625,574.8088989257812,795.0050659179688,656.3602905273438,617.2656860351562,671.472412109375
23,0.7666647158608991,580.8677368164062,425.1295166015625,581.673828125,416.58453369140625,575.4318237304688,418.1723327636719,605.047119140625,397.651611328125,585.9705200195312,401.7108154296875,646.5050659179688,412.4059143066406,624.2305297851562,394.93939208984375,642.3975830078125,507.6173095703125,612.0999755859375,441.1031188964844,607.2459716796875,586.2554321289062,608.1243896484375,516.2138061523438,743.035400390625,458.3250732421875,713.8279418945312,454.672119140625,762.0196533203125,566.3035888671875,665.1250610351562,568.6703491210938,799.1575927734375,661.1907348632812,622.463134765625,664.6754150390625
24,0.7999979643765903,581.3776245117188,426.1690673828125,582.6478881835938,416.9806823730469,575.5926513671875,419.68701171875,606.9068603515625,397.85577392578125,583.5471801757812,405.8941345214844,656.1676635742188,407.9103698730469,616.6312866210938,412.0479431152344,675.8646240234375,495.4353332519531,605.3917236328125,490.7979736328125,664.7599487304688,574.4113159179688,591.6896362304688,571.42138671875,747.914794921875,457.8608093261719,709.679931640625,461.5571594238281,765.83349609375,567.1341552734375,659.8825073242188,575.3285522460938,796.7630615234375,659.906005859375,622.491943359375,668.146728515625
25,0.8333312128922816,579.6116943359375,427.97119140625,580.9656982421875,419.2900695800781,574.5400390625,421.1319580078125,606.4714965820312,399.9854736328125,583.7586059570312,405.6795349121094,659.1203002929688,410.1246643066406,616.1775512695312,408.47686767578125,692.2146606445312,496.8098449707031,604.2894897460938,482.3229064941406,694.2432250976562,574.4223022460938,593.3368530273438,572.0033569335938,750.4855346679688,459.0117492675781,710.9660034179688,460.33721923828125,768.462646484375,569.3043823242188,661.2438354492188,575.2453002929688,796.650390625,660.73681640625,621.5375366210938,668.2528076171875
26,0.8666644614079728,584.4998779296875,428.60009765625,585.8984375,418.12152099609375,580.1690063476562,419.74468994140625,610.994384765625,397.8085632324219,588.4683837890625,401.4548645019531,662.0228271484375,409.42999267578125,627.3104248046875,395.1845703125,682.793701171875,485.1645202636719,613.8562622070312,418.2571105957031,668.0233154296875,561.9772338867188,609.179931640625,458.1294860839844,750.375244140625,461.28912353515625,712.915283203125,458.0244445800781,776.0828247070312,562.8701782226562,667.181640625,564.0270385742188,784.72314453125,660.505859375,607.4591674804688,665.7976684570312
27,0.8999977099236641,580.1359252929688,429.7292785644531,580.5032958984375,424.03765869140625,577.2400512695312,422.7887878417969,601.6747436523438,403.3513488769531,589.2127685546875,399.3049011230469,639.4808349609375,409.64410400390625,626.9497680664062,371.5084228515625,629.4189453125,499.904541015625,621.4306640625,364.04693603515625,598.5150756835938,573.851806640625,635.8377685546875,384.2037353515625,747.8688354492188,447.0843811035156,723.2283935546875,437.5325012207031,763.4688110351562,567.625,670.5928955078125,566.5563354492188,798.2071533203125,659.4774780273438,626.4613037109375,661.087646484375
28,0.9333309584393554,580.0817260742188,429.287841796875,579.4896240234375,421.7893371582031,574.6038818359375,421.177001953125,599.2713623046875,403.3713073730469,583.5199584960938,401.6583557128906,636.3020629882812,419.68988037109375,631.6939697265625,362.2506408691406,626.193359375,500.9596862792969,636.0252685546875,290.3794860839844,593.31884765625,572.5580444335938,667.9202880859375,217.8570556640625,738.90185546875,450.4169921875,719.5590209960938,432.6937561035156,752.846435546875,566.2214965820312,677.4420166015625,563.278564453125,779.3922729492188,660.1195068359375,625.5693359375,660.6452026367188
29,0.9666642069550466,579.30908203125,430.0865173339844,579.52734375,423.67633056640625,575.6162719726562,423.4178161621094,601.03857421875,402.7098388671875,586.9935913085938,400.80291748046875,638.0098876953125,410.14825439453125,625.7259521484375,372.1192626953125,627.130615234375,499.7932434082031,621.7281494140625,358.1871337890625,599.399169921875,575.0206909179688,640.3809204101562,372.9635009765625,744.1527709960938,447.8591003417969,719.4531860351562,439.0276184082031,762.9027709960938,566.458740234375,670.5848388671875,568.0299072265625,796.5993041992188,659.8070678710938,624.5814208984375,665.5463256835938
30,0.9999974554707379,580.98876953125,431.113037109375,581.3065185546875,424.0372619628906,576.2726440429688,424.9109802246094,602.7429809570312,403.2700500488281,585.6964111328125,404.6976013183594,640.2431030273438,410.43133544921875,622.4228515625,382.2496032714844,629.4108276367188,493.52532958984375,612.6423950195312,385.12811279296875,599.8485717773438,565.7589721679688,625.66552734375,422.3101806640625,742.6487426757812,451.0895690917969,715.1926879882812,445.361083984375,760.7628173828125,566.403076171875,668.0685424804688,569.721435546875,796.29736328125,659.4563598632812,624.5742797851562,666.1239013671875
31,1.0333307039864292,582.8629150390625,435.1369934082031,582.7922973632812,427.486328125,577.0365600585938,428.7005920410156,604.1953125,404.4940185546875,584.9054565429688,407.6747741699219,642.7545166015625,411.4272155761719,621.685546875,389.09027099609375,632.3333740234375,503.6101989746094,608.0654907226562,424.4757385253906,600.0086669921875,576.7880859375,611.9801025390625,496.62078857421875,744.1201782226562,447.7861328125,715.5843505859375,443.0728454589844,758.29296875,566.2611694335938,667.1246337890625,567.7091674804688,794.4990234375,660.6560668945312,624.968017578125,663.9295654296875
32,1.0666639525021204,585.9110107421875,435.38848876953125,585.2268676757812,422.1039733886719,578.47998046875,427.7737121582031,606.251220703125,397.2799377441406,581.0140991210938,413.17645263671875,658.4650268554688,401.6426086425781,621.1144409179688,423.2300109863281,702.0974731445312,465.2632141113281,610.6127319335938,501.8314514160156,711.124755859375,540.415771484375,587.3355712890625,585.4496459960938,741.16162109375,450.83123779296875,705.4708862304688,460.39837646484375,768.9949951171875,558.2891235351562,663.7752075195312,568.35546875,783.9468994140625,660.3124389648438,611.3160400390625,670.9019775390625
33,1.0999972010178116,585.225830078125,435.7720642089844,584.1723022460938,422.74676513671875,578.1963500976562,428.5357360839844,604.6622314453125,397.7294616699219,581.154541015625,414.32586669921875,657.5353393554688,398.3183288574219,620.7701416015625,424.633544921875,710.2863159179688,448.830078125,610.5057983398438,501.12567138671875,731.766845703125,516.6318359375,588.2347412109375,585.8150634765625,740.157958984375,448.6415710449219,705.8269653320312,459.944580078125,769.0175170898438,556.6304321289062,664.2636108398438,567.9000854492188,783.7330932617188,659.2100219726562,611.9578857421875,670.5177612304688
34,1.133330449533503,585.5068969726562,437.7042236328125,584.3416748046875,424.279052734375,577.7926635742188,431.09039306640625,605.5614013671875,398.0291442871094,579.7061157226562,417.6195373535156,662.1961059570312,394.38446044921875,616.4520263671875,429.85333251953125,730.1268920898438,431.33843994140625,608.1922607421875,506.2043151855469,769.140869140625,498.4425964355469,592.2200317382812,585.0597534179688,740.3623657226562,450.8290710449219,701.9548950195312,465.49530029296875,769.7266845703125,556.64892578125,661.5960083007812,570.6287841796875,783.137939453125,660.0678100585938,612.7432861328125,671.2330932617188
35,1.1666636980491942,585.6251220703125,439.36309814453125,584.8534545898438,428.6396484375,578.1070556640625,433.65399169921875,605.650390625,402.0162048339844,581.3505249023438,416.29852294921875,652.389892578125,398.27252197265625,616.2056274414062,418.9352111816406,673.3112182617188,452.91632080078125,604.7258911132812,499.72955322265625,670.876220703125,506.5718994140625,593.6716918945312,585.6743774414062,741.5589599609375,440.24139404296875,705.747802734375,449.70458984375,761.6632080078125,560.167236328125,655.8103637695312,570.7244262695312,782.1176147460938,657.0281372070312,608.681884765625,667.759033203125
36,1.1999969465648854,584.88818359375,439.2892761230469,585.1063842773438,426.7510070800781,578.14404296875,430.6175537109375,606.826904296875,400.80230712890625,579.6014404296875,411.7818603515625,661.7716064453125,405.224609375,614.6431274414062,416.7272033691406,715.4968872070312,476.51666259765625,605.2843017578125,490.8570251464844,731.0110473632812,558.7606201171875,586.5459594726562,585.2900390625,743.33203125,456.78125,702.4557495117188,462.6665344238281,769.2645874023438,560.3982543945312,659.910400390625,567.203369140625,782.8140258789062,657.8919067382812,613.2281494140625,668.391357421875
37,1.2333301950805768,585.7115478515625,441.312744140625,584.7158813476562,431.2146301269531,577.445068359375,435.867431640625,605.227294921875,403.453125,581.4518432617188,417.85986328125,655.331787109375,390.9141845703125,614.9248657226562,416.99481201171875,693.5132446289062,425.8218994140625,605.02978515625,493.94854736328125,718.1424560546875,467.8275451660156,594.2788696289062,590.1427001953125,752.6155395507812,429.3102722167969,716.4481201171875,441.4519958496094,765.8427124023438,557.6832275390625,668.4434204101562,568.2301025390625,789.8499145507812,661.6431274414062,632.0269775390625,667.3314819335938
38,1.266663443596268,584.4762573242188,441.1067810058594,585.6140747070312,431.36968994140625,577.72216796875,432.97540283203125,610.4972534179688,408.4154968261719,580.2689819335938,413.4554138183594,667.6127319335938,421.4216613769531,612.34228515625,413.19744873046875,738.35595703125,526.7540893554688,602.0867919921875,492.50384521484375,779.8846435546875,642.27001953125,591.2658081054688,588.6920776367188,750.1486206054688,451.7005920410156,706.5997924804688,449.5950927734375,767.9254150390625,564.0633544921875,660.7635498046875,562.7376708984375,780.1768798828125,658.2640380859375,619.3997192382812,657.68017578125
39,1.2999966921119592,584.8912353515625,441.0547180175781,586.01611328125,430.4339294433594,577.1022338867188,433.1816101074219,611.3306884765625,407.6493225097656,578.7824096679688,415.79168701171875,670.001953125,421.0497741699219,611.972900390625,418.868408203125,744.019287109375,523.4205322265625,602.6950073242188,501.1263122558594,787.2100219726562,641.2701416015625,589.268798828125,593.0584106445312,749.5055541992188,450.6135559082031,705.1256713867188,450.43048095703125,767.2825927734375,562.96435546875,664.396728515625,561.7091064453125,779.7445068359375,656.3948364257812,627.1442260742188,652.5089111328125
40,1.3333299406276506,584.7613525390625,442.7545166015625,583.8353881835938,431.6445617675781,575.8431396484375,438.27960205078125,606.2581787109375,404.4656066894531,580.4151611328125,424.11041259765625,660.58447265625,392.0628662109375,613.5553588867188,428.5797119140625,711.648681640625,409.580322265625,602.1888427734375,509.404296875,738.5504760742188,436.2392883300781,590.5582885742188,589.9078369140625,745.4532470703125,436.3855895996094,706.6688232421875,450.68438720703125,766.0001831054688,553.9222412109375,670.34765625,564.7731323242188,794.3998413085938,653.9194946289062,637.215576171875,656.2463989257812
41,1.3666631891433418,586.1897583007812,442.0602722167969,584.4698486328125,431.4403381347656,577.8147583007812,437.9956970214844,604.9401245117188,404.09429931640625,582.603515625,423.912841796875,660.3228149414062,387.9455871582031,613.1170654296875,428.5833435058594,711.2791748046875,393.6782531738281,600.2891845703125,507.7052307128906,734.6863403320312,411.7853698730469,590.3494873046875,586.6238403320312,747.0335083007812,435.5334167480469,708.2767944335938,451.2657775878906,767.9224243164062,557.2548217773438,671.5545043945312,569.5444946289062,795.192138671875,654.279296875,636.5286254882812,657.6647338867188
42,1.399996437659033,588.6179809570312,440.7350158691406,587.5358276367188,429.41168212890625,580.0614624023438,434.54388427734375,606.1358032226562,405.6612243652344,582.8231201171875,422.4545593261719,647.0911865234375,379.7799987792969,613.30615234375,436.7091369628906,665.7239990234375,329.5839538574219,610.4497680664062,509.6458740234375,657.69677734375,256.5337829589844,587.9940185546875,588.67041015625,744.253662109375,431.4820251464844,712.1932983398438,453.35943603515625,767.7352294921875,554.0089721679688,669.3624877929688,564.8568115234375,779.409912109375,649.485595703125,627.9688720703125,652.7560424804688
43,1.4333296861747244,590.4568481445312,438.7476501464844,588.2042846679688,425.65631103515625,578.3406372070312,435.85595703125,607.6536254882812,399.3587951660156,579.826416015625,429.6350402832031,651.5272827148438,373.3003845214844,618.8483276367188,442.42864990234375,663.867431640625,313.0883483886719,603.0249633789062,517.289794921875,655.1774291992188,238.34852600097656,590.6080322265625,588.89697265625,750.5545654296875,425.16845703125,716.9558715820312,451.5681457519531,763.9109497070312,550.9503784179688,675.9447631835938,569.0987548828125,793.270263671875,653.4683227539062,635.5742797851562,657.2889404296875
44,1.4666629346904156,592.4539794921875,435.10968017578125,590.7391967773438,422.5815124511719,581.4002685546875,430.3240966796875,606.18798828125,400.97430419921875,579.503662109375,424.21044921875,642.669189453125,374.8013916015625,612.4370727539062,445.7410583496094,654.89111328125,310.52545166015625,609.3507080078125,520.30029296875,648.1371459960938,229.9539337158203,586.7678833007812,588.4630737304688,744.2901611328125,428.8144836425781,713.5435791015625,457.0059509277344,765.4890747070312,550.1654052734375,670.3136596679688,568.3087158203125,777.110107421875,646.6339111328125,626.4067993164062,654.7063598632812
45,1.4999961832061068,592.5217895507812,435.8856201171875,590.963134765625,423.234375,581.4013061523438,430.8315124511719,607.30615234375,401.63165283203125,579.5090942382812,424.2335205078125,645.1563110351562,377.6029052734375,611.5641479492188,445.30133056640625,659.6094360351562,322.76080322265625,608.4697265625,519.9113159179688,649.5823974609375,251.41380310058594,586.6714477539062,587.5128784179688,744.9320068359375,428.1129150390625,712.6421508789062,455.11669921875,765.8364868164062,550.9019165039062,668.8703002929688,569.228515625,777.7389526367188,648.6909790039062,625.9714965820312,657.7147827148438
46,1.5333294317217983,594.3797607421875,433.9712829589844,592.26611328125,422.2959899902344,582.677734375,431.09942626953125,607.4800415039062,398.15826416015625,579.2041625976562,424.83599853515625,647.3759155273438,368.88995361328125,612.7649536132812,437.73834228515625,662.2197875976562,306.7731628417969,601.0338745117188,513.9811401367188,653.4274291992188,235.13717651367188,593.302001953125,589.1517944335938,750.2423095703125,416.746826171875,714.5156860351562,444.2261962890625,765.293701171875,549.6659545898438,672.5629272460938,572.0704345703125,794.9544677734375,646.7724609375,635.0549926757812,658.3412475585938
47,1.5666626802374894,595.1009521484375,429.97454833984375,591.5699462890625,417.2269287109375,581.8274536132812,428.0095520019531,604.598388671875,394.6302185058594,576.7371826171875,426.3263244628906,641.3923950195312,368.0140686035156,615.0969848632812,440.1415710449219,651.3428955078125,300.6362609863281,600.3780517578125,514.0771484375,647.2415161132812,224.69281005859375,594.130615234375,590.169189453125,746.5406494140625,413.6192932128906,714.9379272460938,442.6493835449219,763.6466674804688,546.8409423828125,677.2440185546875,569.1087646484375,801.23779296875,650.1445922851562,636.6525268554688,656.5564575195312
48,1.5999959287531806,594.1808471679688,428.9145202636719,591.0010375976562,416.5312194824219,581.7371826171875,426.6295166015625,604.0300903320312,393.48809814453125,577.5947875976562,423.71063232421875,641.323486328125,365.5724792480469,613.4993896484375,439.49261474609375,650.0319213867188,294.8725891113281,599.5167236328125,514.7841796875,648.5159301757812,220.61077880859375,592.342529296875,589.0379028320312,747.0806884765625,422.22308349609375,714.124755859375,452.1430358886719,768.1950073242188,550.9893798828125,675.2321166992188,575.5388793945312,799.807373046875,653.6193237304688,629.9417114257812,665.27001953125
49,1.6333291772688718,589.790283203125,421.8055419921875,586.3934936523438,408.7552490234375,577.1746826171875,419.8263244628906,599.7395629882812,387.2784729003906,574.810546875,419.54107666015625,638.4312744140625,364.111083984375,613.3428344726562,439.3841552734375,649.07763671875,294.18890380859375,599.2416381835938,513.3265380859375,649.410888671875,219.65618896484375,593.2003784179688,579.8050537109375,744.8997192382812,428.639892578125,713.3524780273438,459.2674560546875,767.6493530273438,550.767822265625,673.689208984375,577.983642578125,800.8888549804688,656.1057739257812,624.2341918945312,671.062744140625
50,1.6666624257845633,588.5142822265625,417.73291015625,585.5848999023438,405.298583984375,576.8633422851562,415.36749267578125,598.7029418945312,385.2645568847656,575.04736328125,415.10107421875,636.5618286132812,362.5740051269531,611.049560546875,436.7238464355469,649.2205200195312,290.9035949707031,601.093505859375,510.5372009277344,654.3980712890625,217.29904174804688,598.6751098632812,568.4749755859375,741.0643920898438,430.7756042480469,709.1630249023438,460.677490234375,768.2249145507812,551.3689575195312,670.8493041992188,576.2133178710938,799.5501098632812,656.3751831054688,622.7965698242188,668.6834106445312
51,1.6999956743002544,590.4632568359375,416.388916015625,587.614501953125,403.1649475097656,577.528564453125,414.54339599609375,601.6776733398438,383.06646728515625,574.7482299804688,415.85504150390625,638.408203125,362.76983642578125,612.7341918945312,435.86004638671875,650.295166015625,287.578125,604.4887084960938,496.6347961425781,659.0528564453125,216.87008666992188,608.6503295898438,536.9156494140625,738.0239868164062,436.0715026855469,705.4611206054688,465.6792907714844,768.19580078125,553.6265258789062,669.1729125976562,579.6349487304688,805.3363647460938,657.9624633789062,619.8056030273438,670.09912109375
52,1.7333289228159456,587.6255493164062,415.79052734375,584.719482421875,402.82794189453125,575.6205444335938,413.7087097167969,598.3123168945312,382.5057067871094,573.5875244140625,414.5485534667969,637.1632080078125,358.3354797363281,609.4751586914062,438.84088134765625,653.3687133789062,281.8121643066406,601.1005859375,514.4060668945312,662.2454833984375,211.34718322753906,596.8038330078125,563.6513061523438,739.1486206054688,430.79229736328125,706.16455078125,462.8749084472656,767.0339965820312,549.83544921875,668.0023193359375,575.8516235351562,800.1660766601562,656.4881591796875,622.3291625976562,666.7874755859375
53,1.766662171331637,588.965087890625,414.4631652832031,585.7410888671875,401.0892333984375,575.6807250976562,413.0069580078125,599.789794921875,381.1719055175781,572.4755859375,415.7091369628906,639.1840209960938,358.8713073730469,610.2901000976562,437.890625,654.1982421875,281.3824768066406,597.4044189453125,506.7386169433594,663.3016967773438,211.98365783691406,590.271484375,561.4703369140625,739.2764282226562,429.5030212402344,705.6307983398438,460.9847717285156,765.3887939453125,549.6995239257812,669.2619018554688,575.32275390625,801.6672973632812,653.7921752929688,623.41845703125,662.9542236328125
54,1.7999954198473282,589.9004516601562,409.44854736328125,586.5667724609375,395.635986328125,575.4619140625,408.8379211425781,600.5736694335938,379.25738525390625,571.2890625,416.6994934082031,640.1478881835938,361.31689453125,611.2186889648438,441.8357849121094,656.0274658203125,281.3465881347656,596.1671752929688,504.8105773925781,668.5010986328125,217.99591064453125,589.4463500976562,562.2252807617188,739.2553100585938,430.258056640625,705.291259765625,462.42083740234375,764.8568725585938,551.37841796875,668.5514526367188,577.5916748046875,805.2701416015625,657.9637451171875,621.87890625,665.7192993164062
55,1.8333286683630194,589.2664184570312,407.9499816894531,586.0030517578125,394.7927551269531,575.4575805664062,407.09979248046875,599.6394653320312,379.1973876953125,571.5492553710938,414.3095397949219,639.381103515625,362.384765625,609.3213500976562,437.2451477050781,656.7875366210938,281.7896728515625,593.3983764648438,494.32666015625,670.6212158203125,214.73365783691406,590.296142578125,550.6582641601562,737.5325927734375,433.83917236328125,702.8444213867188,463.87615966796875,765.2986450195312,551.252685546875,667.916259765625,575.7611694335938,805.1539306640625,655.178955078125,620.9872436523438,663.070068359375
56,1.8666619168787109,589.37890625,408.36273193359375,586.2658081054688,395.1065368652344,575.2518920898438,407.5227966308594,600.3514404296875,379.3509826660156,570.7926635742188,414.6448669433594,639.904541015625,362.81072998046875,609.3130493164062,436.8326721191406,657.745849609375,281.6756286621094,594.0846557617188,491.1551513671875,671.475830078125,215.52044677734375,591.64453125,544.34765625,737.7984008789062,433.4385070800781,702.8091430664062,462.98065185546875,764.0447387695312,552.17822265625,667.3548583984375,575.6516723632812,805.6873779296875,657.3926391601562,622.6563720703125,663.39453125
57,1.899995165394402,589.0170288085938,408.675537109375,586.021728515625,395.42608642578125,574.7453002929688,407.81512451171875,600.1381225585938,379.91448974609375,569.7529907226562,415.2588195800781,639.8795166015625,363.2151184082031,607.9973754882812,439.3899230957031,658.967041015625,281.5628356933594,592.6478271484375,496.2836608886719,671.9528198242188,215.4984588623047,588.5153198242188,548.2609252929688,738.265380859375,433.0951232910156,702.8487548828125,463.5982971191406,765.0198364257812,550.9064331054688,669.0792846679688,575.9622802734375,802.8011474609375,655.5386352539062,623.6316528320312,663.7962036132812
58,1.9333284139100932,588.6483154296875,408.7703552246094,585.815185546875,395.7358703613281,574.985595703125,407.6142883300781,600.1066284179688,380.1703186035156,571.2372436523438,414.32281494140625,640.4993286132812,363.18731689453125,608.9572143554688,439.57421875,657.8466186523438,282.6071472167969,593.1863403320312,501.43939208984375,669.7328491210938,215.3622589111328,587.2820434570312,563.6345825195312,740.5614624023438,433.8650207519531,705.4450073242188,464.3849182128906,765.3812866210938,550.5437622070312,669.2696533203125,575.2050170898438,800.4771728515625,653.9617919921875,623.2654418945312,662.9497680664062
59,1.9666616624257847,589.2744750976562,407.0417785644531,586.4363403320312,393.8569030761719,575.1394653320312,406.31512451171875,600.580078125,379.0929870605469,570.5947265625,414.1974182128906,640.5643310546875,363.56640625,609.0628662109375,438.1816711425781,657.7930908203125,283.4347839355469,592.5238037109375,491.9624328613281,668.4612426757812,218.46421813964844,591.2028198242188,539.2442016601562,741.2290649414062,433.8704833984375,705.736328125,464.0291748046875,765.4859619140625,552.024169921875,668.7052612304688,578.5589599609375,802.9459228515625,656.1741943359375,621.9890747070312,667.6507568359375
60,1.9999949109414759,589.555419921875,406.6838684082031,586.5690307617188,393.30462646484375,575.4168701171875,405.8921813964844,600.2864990234375,378.59503173828125,570.8411865234375,414.23675537109375,639.9047241210938,362.8902893066406,609.0864868164062,440.6629333496094,656.034423828125,286.51055908203125,591.7804565429688,502.7405700683594,665.6222534179688,221.98255920410156,583.6987915039062,551.0726318359375,739.9179077148438,430.7850646972656,705.2377319335938,461.8840026855469,763.9751586914062,549.8472290039062,668.7778930664062,575.3088989257812,800.9520874023438,654.481689453125,623.3880615234375,662.7861328125
61,2.033328159457167,590.2821655273438,406.0185241699219,587.318603515625,392.6728515625,576.3170166015625,405.18841552734375,600.9558715820312,378.10089111328125,571.8230590820312,413.77801513671875,641.4781494140625,360.8500671386719,609.5447998046875,443.085693359375,656.3833618164062,283.2679748535156,596.1417236328125,513.3216552734375,663.1792602539062,220.5457000732422,586.5269165039062,572.0597534179688,742.1671752929688,429.1661071777344,706.9808349609375,461.6319580078125,763.1865844726562,549.0716552734375,668.843994140625,573.7470703125,798.1290893554688,654.092041015625,626.6806640625,660.029296875
62,2.0666614079728585,590.6569213867188,403.7039794921875,587.0435180664062,390.3352966308594,576.857666015625,403.3268127441406,599.5281982421875,377.59783935546875,573.7833862304688,413.83709716796875,639.6434936523438,364.1518249511719,613.13232421875,441.52459716796875,649.7890625,290.8155212402344,600.6167602539062,504.813720703125,651.2715454101562,223.59121704101562,601.623046875,545.9857177734375,741.6017456054688,433.309814453125,708.54345703125,463.9164733886719,762.6307983398438,551.1234741210938,667.5184936523438,575.1220092773438,802.7584228515625,657.9429931640625,621.1885375976562,662.8434448242188
63,2.0999946564885494,593.8812255859375,405.7931823730469,590.6156616210938,391.9130554199219,579.1761474609375,404.95611572265625,603.66064453125,377.23980712890625,573.8525390625,413.56488037109375,642.4057006835938,363.9991760253906,611.4816284179688,440.7316589355469,649.4014282226562,288.47552490234375,601.1210327148438,502.6839599609375,649.7503662109375,214.49166870117188,607.6290283203125,541.4039306640625,741.5504150390625,439.2474060058594,705.4801025390625,469.83294677734375,763.5756225585938,553.608154296875,665.2306518554688,578.7533569335938,801.3031616210938,655.77587890625,617.69384765625,663.3839721679688
64,2.133327905004241,590.9559936523438,409.9575500488281,589.02392578125,396.2196044921875,578.0905151367188,407.8553161621094,605.2890625,373.0512390136719,574.546142578125,405.5548095703125,651.3748168945312,352.7026672363281,610.8323364257812,431.3164367675781,659.8797607421875,277.677734375,605.7220458984375,492.4662170410156,641.454833984375,246.90878295898438,606.261474609375,523.313232421875,744.9091796875,444.0269775390625,705.7317504882812,473.46630859375,768.629150390625,558.4710693359375,661.752197265625,585.0658569335938,789.4037475585938,659.8680419921875,615.1409301757812,673.5757446289062
65,2.1666611535199323,595.197509765625,405.5580139160156,592.2000122070312,391.0211486816406,579.7423095703125,405.0101013183594,606.6102294921875,376.171630859375,574.4129638671875,414.8116149902344,644.406494140625,362.7340087890625,613.9478759765625,442.60845947265625,642.2363891601562,282.64154052734375,604.1456909179688,501.1040954589844,631.7685546875,211.87046813964844,611.5734252929688,539.8423461914062,743.7835693359375,441.118896484375,707.3998413085938,473.1844177246094,765.3511352539062,552.2141723632812,669.283203125,580.41015625,804.3402099609375,655.2708129882812,623.232666015625,665.7962646484375
66,2.1999944020356232,595.526611328125,406.8570861816406,592.918701171875,392.34124755859375,580.4041748046875,405.44708251953125,607.3506469726562,376.9591979980469,574.4917602539062,413.5751953125,645.4373779296875,363.2307434082031,611.881103515625,443.6562194824219,641.706298828125,284.5536804199219,603.6519775390625,508.560546875,627.9573974609375,211.36080932617188,607.9410400390625,551.1385498046875,746.4533081054688,446.3580627441406,708.0769653320312,478.34075927734375,766.125244140625,553.6965942382812,666.200439453125,580.0515747070312,802.7654418945312,655.99951171875,622.26904296875,664.3235473632812
67,2.2333276505513147,594.8369140625,406.57470703125,592.8745727539062,392.55950927734375,580.101806640625,405.13421630859375,607.870361328125,377.9288635253906,574.30859375,413.18505859375,644.4649658203125,363.353515625,611.6465454101562,443.0773620605469,641.1004028320312,281.9632568359375,604.6263427734375,505.9148254394531,627.9793701171875,209.31591796875,609.3921508789062,550.0506591796875,745.5086059570312,443.5579833984375,707.45263671875,475.5140380859375,766.2621459960938,552.6533813476562,665.7913208007812,580.447509765625,802.3472900390625,651.66796875,622.4871215820312,663.681884765625
68,2.266660899067006,594.88037109375,408.25616455078125,593.2919921875,395.2132263183594,581.6123657226562,406.07421875,607.7921142578125,380.6996765136719,576.8709106445312,411.81463623046875,643.0924072265625,365.0118713378906,611.6970825195312,440.70770263671875,638.3977661132812,283.01190185546875,605.5499267578125,504.42083740234375,623.7716064453125,204.93572998046875,608.9706420898438,551.1917724609375,744.5625610351562,447.2068786621094,707.2415771484375,477.288818359375,765.5548095703125,554.2759399414062,663.3876953125,579.14306640625,800.0486450195312,652.4583129882812,620.9848022460938,663.0724487304688
69,2.299994147582697,594.9310913085938,407.16986083984375,593.448974609375,394.33447265625,581.5846557617188,405.0869445800781,607.9517211914062,380.8222351074219,576.4421997070312,411.6519775390625,643.2174072265625,365.6803283691406,610.9022216796875,441.0643310546875,638.6903076171875,283.96563720703125,604.978271484375,505.1291809082031,624.4924926757812,206.39639282226562,608.40625,554.16015625,744.6599731445312,446.70245361328125,706.6295776367188,476.6546630859375,765.9373168945312,555.2039794921875,662.571044921875,579.5274658203125,800.416259765625,652.9998168945312,620.626953125,663.0216064453125
70,2.3333273960983885,594.9265747070312,407.73773193359375,593.8162841796875,395.1248779296875,582.1004028320312,405.33148193359375,608.1873779296875,381.1551208496094,576.9991455078125,410.61053466796875,643.0714111328125,364.51177978515625,609.800048828125,440.57421875,636.5052490234375,280.07794189453125,604.9251708984375,505.5373840332031,618.5032958984375,200.2501678466797,608.588134765625,551.0613403320312,745.40380859375,448.43359375,706.512939453125,478.4085998535156,765.3209228515625,558.0823364257812,659.082275390625,581.7181396484375,800.7689208984375,654.4219360351562,619.84326171875,663.60107421875
71,2.36666064461408,595.5614624023438,406.8642272949219,594.7809448242188,394.1309814453125,582.2571411132812,404.5108337402344,609.2301635742188,380.8876647949219,576.1311645507812,410.4161376953125,643.7002563476562,366.2704772949219,608.945068359375,441.286376953125,636.271484375,282.3579406738281,606.4630126953125,502.6514587402344,614.7659912109375,203.09188842773438,610.5982055664062,542.9324951171875,745.1851196289062,455.4959716796875,704.8150024414062,485.1051330566406,765.3583984375,559.1401977539062,656.0963745117188,582.9024047851562,803.5335693359375,654.385009765625,618.93603515625,663.9352416992188
72,2.399993893129771,595.0414428710938,407.8187561035156,594.0612182617188,394.599853515625,581.388427734375,405.6846618652344,608.897216796875,380.2727355957031,575.44091796875,411.2640075683594,643.6668701171875,365.9322204589844,609.5418701171875,440.1872253417969,636.2269287109375,282.96405029296875,606.9011840820312,498.4896240234375,611.0477905273438,202.62319946289062,611.8406982421875,538.4576416015625,743.7335205078125,456.7074279785156,703.4907836914062,486.1589660644531,762.8729248046875,557.68896484375,654.1512451171875,582.984619140625,805.71337890625,653.30712890625,618.0030517578125,664.831787109375
73,2.4333271416454623,595.4232788085938,410.3927917480469,594.296630859375,397.2848815917969,582.3998413085938,407.67926025390625,608.6530151367188,381.65008544921875,577.2352294921875,411.1040954589844,644.4586181640625,366.5069580078125,609.8828735351562,439.56597900390625,636.4432983398438,284.12451171875,606.4231567382812,499.5517883300781,610.8900146484375,201.33511352539062,612.0156860351562,538.2924194335938,746.321044921875,462.98876953125,705.7548217773438,491.71209716796875,765.2767944335938,557.7453002929688,654.3220825195312,580.9815063476562,805.5918579101562,656.7662963867188,616.7064819335938,665.810791015625
74,2.4666603901611537,593.972900390625,413.30517578125,593.3588256835938,401.4570007324219,582.6798706054688,409.7400207519531,607.3922119140625,384.2191467285156,579.3019409179688,408.657470703125,640.728515625,365.68060302734375,611.326171875,433.2347106933594,634.3218994140625,281.571044921875,606.87353515625,491.9178466796875,614.5449829101562,196.75393676757812,607.415771484375,541.78759765625,744.5808715820312,460.04681396484375,707.849365234375,486.5622863769531,763.3878173828125,557.7981567382812,653.671875,579.2022705078125,800.79150390625,653.3212890625,614.5845947265625,664.2767333984375
75,2.4999936386768447,593.7533569335938,413.8380432128906,592.73291015625,402.9298095703125,583.4453735351562,409.6521301269531,605.1204833984375,385.9172058105469,581.0103149414062,406.089599609375,636.4566650390625,370.2021179199219,614.512451171875,425.29437255859375,631.933837890625,297.1810302734375,608.0025024414062,474.290283203125,618.12353515625,225.2875518798828,603.7352905273438,536.2529296875,743.4811401367188,460.4456481933594,712.41552734375,482.4568176269531,760.4999389648438,557.7346801757812,655.7217407226562,575.9027709960938,796.8262329101562,652.935546875,613.2745971679688,663.56787109375
76,2.533326887192536,594.0154418945312,414.6381530761719,592.9461059570312,404.3707275390625,584.5870971679688,410.23675537109375,604.7128295898438,387.62744140625,582.7857055664062,405.4704284667969,635.4083251953125,372.22467041015625,615.0238037109375,422.42364501953125,632.1959228515625,306.1152648925781,607.9712524414062,471.2336730957031,619.0296630859375,237.72068786621094,603.1502685546875,536.4224243164062,742.7194213867188,456.62738037109375,712.917724609375,477.0655212402344,760.6925048828125,557.5571899414062,656.864990234375,575.2703857421875,795.9813842773438,650.7822265625,614.1099853515625,663.4132690429688
77,2.5666601357082275,594.55615234375,415.74462890625,593.6115112304688,404.7304992675781,584.2493286132812,411.86102294921875,606.6953125,387.20220947265625,581.5968017578125,408.8826904296875,639.3898315429688,366.8017272949219,613.6434936523438,429.4193115234375,636.4002075195312,283.73699951171875,608.9620361328125,485.1637878417969,622.6900634765625,201.56031799316406,606.833984375,539.6959228515625,745.4521484375,451.9913635253906,711.5189208984375,476.42547607421875,765.0633544921875,558.331787109375,656.9940185546875,576.8867797851562,799.9022216796875,654.93408203125,615.6353149414062,664.6326904296875
78,2.5999933842239185,596.106689453125,419.6380615234375,594.6475830078125,408.91241455078125,586.2506103515625,415.8632507324219,606.6732177734375,389.46759033203125,583.1598510742188,410.981689453125,639.0914916992188,364.7755126953125,612.9617919921875,428.4198303222656,636.7361450195312,283.2118225097656,609.0765991210938,487.9865417480469,622.459716796875,202.50054931640625,607.8938598632812,541.521728515625,743.4998779296875,443.8639831542969,709.5755615234375,468.7524108886719,765.2933349609375,557.7669067382812,658.966796875,576.299560546875,799.4583740234375,654.741455078125,619.0213012695312,664.0074462890625
79,2.63332663273961,597.0789794921875,421.7261047363281,595.419189453125,411.225830078125,587.4910278320312,417.65032958984375,606.9559936523438,389.8476257324219,584.5512084960938,409.89849853515625,639.211669921875,364.2241516113281,614.6726684570312,423.0938415527344,637.1822509765625,289.9677429199219,609.0695190429688,481.7482604980469,622.7166748046875,215.84335327148438,605.054931640625,544.3973999023438,745.1060791015625,439.64459228515625,712.7561645507812,462.85205078125,764.2037353515625,555.573974609375,660.1101684570312,573.0462036132812,799.0914916992188,653.5283203125,621.0540771484375,663.0239868164062
80,2.6666598812553013,596.0115356445312,422.0242004394531,594.2508544921875,412.11468505859375,587.3160400390625,416.6847229003906,605.5064697265625,391.7815856933594,586.7323608398438,406.2257080078125,635.7940673828125,377.32440185546875,619.4644165039062,412.8957214355469,629.2817993164062,343.3756408691406,606.6089477539062,463.02294921875,617.0980224609375,304.5030212402344,596.0162353515625,546.4298706054688,743.9789428710938,445.2142639160156,717.8848266601562,460.4569091796875,760.0789184570312,556.3400268554688,661.16064453125,568.2330932617188,795.5232543945312,656.0849609375,616.8302612304688,663.0751342773438
81,2.6999931297709923,595.6580810546875,422.4808349609375,594.184814453125,412.52203369140625,586.7921142578125,417.5729675292969,606.3564453125,391.646240234375,585.6341552734375,407.70654296875,637.6471557617188,372.5793151855469,616.587890625,415.8630065917969,632.803955078125,325.909423828125,605.2953491210938,469.6194152832031,619.4539184570312,276.41192626953125,597.7518310546875,546.1136474609375,743.87890625,438.94830322265625,714.2703857421875,456.86700439453125,764.336181640625,557.4310302734375,660.5269775390625,571.2620239257812,798.4163208007812,656.9288940429688,616.8297119140625,665.7263793945312
82,2.7333263782866837,596.4290771484375,422.2460632324219,594.8244018554688,412.30560302734375,587.5075073242188,417.490478515625,606.495849609375,391.1694641113281,585.6677856445312,408.1512756347656,638.7777709960938,367.76153564453125,615.2658081054688,418.75286865234375,636.3231201171875,307.88739013671875,605.4647827148438,478.4913635253906,623.7041625976562,245.89773559570312,596.6761474609375,553.6820678710938,744.495849609375,436.0580139160156,713.555419921875,456.2344665527344,764.7593994140625,554.0674438476562,660.9425048828125,567.4706420898438,795.5938720703125,654.2494506835938,619.0707397460938,660.5454711914062
83,2.766659626802375,596.6162109375,420.5204772949219,595.2532958984375,410.0773010253906,587.0543212890625,416.25067138671875,607.248779296875,389.5721130371094,583.6893920898438,409.57061767578125,640.3011474609375,362.4203186035156,611.6549072265625,426.232177734375,638.646240234375,286.5849609375,604.75439453125,495.11865234375,626.143798828125,210.71971130371094,598.343505859375,563.5171508789062,744.4610595703125,432.62335205078125,709.8370971679688,457.2577819824219,765.176025390625,555.0637817382812,658.7318725585938,570.6403198242188,794.5519409179688,653.7559814453125,619.6923828125,659.2679443359375
84,2.799992875318066,597.15576171875,418.5761413574219,595.4532470703125,407.2578125,586.3453369140625,415.01702880859375,607.5169677734375,388.3481750488281,581.014892578125,412.47723388671875,641.8893432617188,361.8481140136719,608.8869018554688,434.88421630859375,640.1389770507812,279.496337890625,604.9244384765625,508.8209228515625,625.0186767578125,197.73204040527344,600.9185180664062,563.869140625,744.961669921875,434.8743896484375,707.0785522460938,462.79107666015625,765.4751586914062,557.0938720703125,658.4541625976562,574.0113525390625,796.9281616210938,655.9998779296875,622.0615234375,658.0993041992188
85,2.8333261238337575,597.1304931640625,418.3495788574219,595.4976196289062,406.955078125,586.2506713867188,414.77001953125,607.6610717773438,388.1081237792969,580.9232788085938,412.3371276855469,642.2427978515625,361.6270751953125,609.2595825195312,435.1387939453125,641.5103759765625,278.02789306640625,605.197021484375,508.5992431640625,626.7819213867188,195.49417114257812,601.3529052734375,564.8456420898438,746.16162109375,434.32122802734375,708.4147338867188,462.545166015625,765.918701171875,555.939208984375,659.1380004882812,574.1611938476562,795.9259033203125,653.7696533203125,621.551513671875,658.2848510742188
86,2.866659372349449,598.1746215820312,416.7027587890625,596.2667846679688,403.9963073730469,585.2363891601562,413.7499694824219,609.2532958984375,385.7415466308594,577.9385375976562,414.50335693359375,643.4962158203125,363.61212158203125,608.476318359375,438.3226623535156,642.7664794921875,283.9875793457031,603.47412109375,508.8045654296875,629.8628540039062,201.34861755371094,604.7942504882812,552.3558349609375,743.3099365234375,436.24163818359375,704.2000732421875,465.3279113769531,765.5128784179688,551.9168701171875,660.7276611328125,571.8214721679688,799.349365234375,652.19970703125,622.4034423828125,655.8140258789062
87,2.89999262086514,597.1720581054688,416.02685546875,594.9492797851562,403.1313171386719,584.2750244140625,413.13836669921875,607.8383178710938,384.55938720703125,577.8139038085938,414.1015319824219,643.1575927734375,362.2120361328125,609.5711669921875,438.4798889160156,641.84521484375,282.6190185546875,603.23486328125,510.9983215332031,630.4888916015625,201.9253387451172,602.208740234375,559.889892578125,745.1522827148438,435.9861755371094,706.989990234375,465.58868408203125,765.4329223632812,552.4404907226562,661.3310546875,572.239990234375,799.7329711914062,653.5755615234375,621.9515991210938,655.9906005859375
88,2.9333258693808313,596.4703979492188,414.83709716796875,594.5675659179688,402.1227722167969,583.6953125,412.0508728027344,607.789794921875,384.1236572265625,577.4702758789062,413.1237487792969,641.7702026367188,362.9515686035156,610.1017456054688,436.0916748046875,641.5951538085938,282.274658203125,604.7469482421875,501.87847900390625,631.4934692382812,199.8542022705078,608.287353515625,543.768310546875,743.8719482421875,438.1423645019531,706.4276123046875,466.9766845703125,765.8707885742188,553.2752075195312,661.2281494140625,574.9796752929688,803.0811157226562,654.8619384765625,621.4891357421875,661.527587890625
89,2.9666591178965227,597.0039672851562,414.90234375,594.9204711914062,401.8571472167969,583.6283569335938,412.2476806640625,607.9783935546875,383.50238037109375,576.4561767578125,413.6956481933594,641.6060791015625,362.3534851074219,610.3095092773438,436.7574768066406,642.3685302734375,280.7361755371094,604.7573852539062,502.0721740722656,632.088134765625,197.97708129882812,607.0086669921875,543.4917602539062,743.5598754882812,436.2128601074219,706.50732421875,465.5574645996094,765.0719604492188,552.9738159179688,662.1666259765625,575.5366821289062,803.134521484375,655.3818969726562,622.0899047851562,662.3411865234375
90,2.9999923664122137,597.5770874023438,413.50042724609375,595.2396240234375,399.9584045410156,583.5553588867188,411.13427734375,608.2390747070312,382.03558349609375,576.2138061523438,414.0140686035156,642.0438232421875,362.8896179199219,611.6975708007812,438.2339172363281,642.1275634765625,282.8639221191406,604.21875,504.0238342285156,631.9119873046875,199.5637664794922,604.8402099609375,548.4517211914062,743.7510375976562,437.3682861328125,707.4500122070312,467.1893615722656,762.6597900390625,548.9207763671875,662.1227416992188,572.7073974609375,801.4033203125,649.8272705078125,620.751708984375,657.5714721679688
91,3.033325614927905,597.1814575195312,412.82135009765625,595.126708984375,399.1800537109375,582.8059692382812,410.41046142578125,608.7191162109375,381.39520263671875,574.9773559570312,413.6220397949219,642.7327880859375,362.3273010253906,610.6845092773438,438.72784423828125,641.7520751953125,282.01885986328125,603.173828125,505.4941101074219,631.7887573242188,201.10055541992188,603.0826416015625,552.5046997070312,744.9080200195312,436.2073669433594,707.5130615234375,466.43927001953125,764.0052490234375,550.93310546875,662.3942260742188,574.7025146484375,801.7202758789062,650.4022216796875,621.0494384765625,657.9199829101562
92,3.0666588634435965,597.037353515625,414.11370849609375,595.1145629882812,401.22027587890625,584.0147094726562,411.2830505371094,607.8443603515625,383.090576171875,577.3123779296875,412.34423828125,640.3890380859375,362.4688415527344,611.5089721679688,436.02630615234375,641.2467651367188,281.624267578125,605.6063842773438,502.3126220703125,630.1622314453125,195.65635681152344,607.1675415039062,546.754638671875,743.1990356445312,437.1183166503906,707.9163208007812,466.5013427734375,762.9782104492188,548.423583984375,662.8378295898438,573.498046875,798.6430053710938,646.4075927734375,621.102294921875,658.4937133789062
93,3.0999921119592875,597.006591796875,414.1063232421875,595.0737915039062,401.3023986816406,584.1875610351562,411.3565673828125,607.9151000976562,382.9186096191406,578.1533203125,412.1376647949219,640.6564331054688,362.0308837890625,612.088623046875,435.19097900390625,641.016845703125,279.8728942871094,605.3003540039062,500.0998840332031,630.52490234375,193.8717041015625,606.4155883789062,546.8248901367188,742.55908203125,438.1967468261719,707.473876953125,467.3996887207031,762.5467529296875,549.11181640625,662.0857543945312,574.2854614257812,798.1748657226562,645.2266845703125,619.660888671875,658.068359375
94,3.133325360474979,595.7982788085938,414.21417236328125,594.5918579101562,402.5744934082031,584.4873046875,410.4906311035156,607.2449340820312,386.4620056152344,579.293701171875,409.5628356933594,639.8269653320312,363.819580078125,608.454345703125,437.425537109375,644.2789306640625,277.2596130371094,612.56640625,500.7704162597656,637.600830078125,190.2936553955078,603.8905029296875,559.0575561523438,741.5285034179688,449.5816345214844,705.7767944335938,479.1270751953125,765.8401489257812,558.0590209960938,654.9556884765625,578.799072265625,785.5543823242188,640.9703369140625,613.1234130859375,651.5734252929688
95,3.1666586089906703,595.47802734375,414.5307312011719,594.0740966796875,402.6046447753906,583.4777221679688,410.6270751953125,606.8394775390625,386.32098388671875,577.888916015625,409.77374267578125,639.4141235351562,365.6510314941406,609.4915771484375,436.619384765625,644.3834838867188,280.9433898925781,611.8558959960938,498.0931091308594,638.4175415039062,190.2614288330078,601.6160278320312,562.4198608398438,742.7280883789062,449.7867431640625,708.5992431640625,478.3746643066406,764.74267578125,559.4575805664062,659.4314575195312,579.2568359375,786.1593017578125,645.1300659179688,617.8465576171875,654.582763671875
96,3.1999918575063613,595.7727661132812,413.28009033203125,593.7381591796875,399.51300048828125,581.407470703125,410.9001770019531,608.0101928710938,382.6277770996094,575.1949462890625,415.12335205078125,642.8758544921875,366.17041015625,612.2149658203125,441.7705993652344,641.6385498046875,285.88818359375,602.7081298828125,509.6567687988281,631.3983764648438,196.64974975585938,600.4393310546875,562.9655151367188,745.7692260742188,443.6003723144531,709.3809814453125,473.6138000488281,764.37548828125,550.1559448242188,664.9829711914062,574.0752563476562,801.5352172851562,649.3480224609375,622.4971923828125,658.1865234375
97,3.2333251060220527,596.0064086914062,415.6098327636719,594.02587890625,402.4663391113281,582.5609741210938,412.8429260253906,608.0460815429688,384.22222900390625,576.9873046875,414.510498046875,642.9593505859375,364.6869812011719,611.9315185546875,439.03253173828125,642.3792114257812,284.7232360839844,603.4813842773438,509.3697509765625,631.48779296875,195.72218322753906,600.5746459960938,564.0045166015625,744.8740234375,440.37689208984375,708.27685546875,469.53564453125,765.6695556640625,552.110595703125,664.25048828125,573.6582641601562,801.1505126953125,651.5294189453125,621.8612060546875,658.0050659179688
98,3.2666583545377437,595.3175048828125,421.1592102050781,593.3401489257812,409.2206115722656,583.9330444335938,418.05535888671875,606.7615966796875,388.224365234375,581.0359497070312,414.8055725097656,640.7214965820312,363.2304382324219,614.3009033203125,432.772216796875,641.313232421875,282.2889709472656,606.5303344726562,498.1777648925781,633.4059448242188,197.3834991455078,605.326416015625,550.93310546875,742.5996704101562,437.52630615234375,708.9703369140625,464.8574523925781,766.2282104492188,554.306640625,663.9004516601562,575.646484375,799.3311157226562,651.414306640625,618.7491455078125,661.2371826171875
99,3.299991603053435,595.7984008789062,422.2108154296875,593.7675170898438,409.96923828125,583.928466796875,419.4485168457031,607.69873046875,388.2746887207031,580.7122192382812,416.5586853027344,641.6685180664062,361.7314453125,614.8704223632812,433.88140869140625,641.1973266601562,278.9369201660156,607.1365356445312,499.352783203125,632.7061157226562,195.8769073486328,605.2774658203125,551.8575439453125,742.0966796875,434.8396911621094,708.1838989257812,463.04498291015625,764.8106079101562,553.879638671875,663.2705688476562,575.8624877929688,798.9296264648438,652.1237182617188,618.7745971679688,661.3833618164062
100,3.3333248515691265,597.2777709960938,423.5585021972656,594.8070068359375,410.94189453125,584.8695678710938,420.9141845703125,608.4824829101562,389.32330322265625,581.2556762695312,418.85498046875,643.1486206054688,363.8201904296875,615.7920532226562,436.61212158203125,640.5737915039062,281.77593994140625,606.9752807617188,503.5412292480469,630.4405517578125,195.58963012695312,603.1210327148438,558.201904296875,743.2439575195312,438.5230407714844,708.9205322265625,466.72296142578125,764.2601318359375,552.7283935546875,663.5430297851562,573.2877197265625,798.3101806640625,652.3292236328125,618.6190795898438,658.6136474609375
101,3.3666581000848175,596.7564086914062,423.2364807128906,594.325927734375,410.99945068359375,584.77001953125,420.59161376953125,607.5560913085938,389.59893798828125,581.1289672851562,418.1759338378906,641.5602416992188,363.283447265625,615.0784301757812,435.2440185546875,640.0134887695312,280.7529296875,606.9000854492188,501.10980224609375,630.6522216796875,195.66453552246094,603.2006225585938,554.9620971679688,742.2769165039062,435.44769287109375,708.4071044921875,463.4352722167969,764.5275268554688,555.265869140625,662.9140625,576.0252075195312,799.7575073242188,652.8973388671875,618.4981079101562,660.085205078125
102,3.399991348600509,596.218505859375,421.6831359863281,593.9886474609375,409.1617126464844,583.6690673828125,419.2144470214844,608.1893310546875,388.7700500488281,579.8546752929688,418.4956970214844,642.9117431640625,363.75946044921875,615.1842651367188,437.1336975097656,641.173095703125,280.6012268066406,606.6505126953125,503.1492919921875,633.0396728515625,196.73545837402344,601.9248046875,559.157958984375,743.8407592773438,435.37579345703125,709.0874633789062,463.8403625488281,765.3324584960938,554.4517211914062,663.2349853515625,575.2207641601562,800.4996948242188,652.3851318359375,618.5787963867188,658.7993774414062
103,3.4333245971162003,595.2317504882812,420.1175842285156,593.1508178710938,408.2054443359375,583.6102905273438,417.3257751464844,606.6356201171875,388.89324951171875,580.7017211914062,416.1587829589844,642.338134765625,364.9338684082031,614.224609375,436.1253662109375,642.2100830078125,280.3114318847656,607.535888671875,500.79119873046875,634.6109008789062,194.33370971679688,603.1139526367188,554.8844604492188,744.52783203125,443.65118408203125,709.51611328125,470.97711181640625,765.6566772460938,555.3975219726562,661.0921020507812,574.07177734375,798.7442626953125,652.7619018554688,617.265869140625,658.016845703125
104,3.4666578456318913,595.8744506835938,419.6025085449219,593.8748779296875,407.4638366699219,583.8016357421875,416.9176940917969,607.4563598632812,388.3331298828125,579.75927734375,416.4256286621094,642.155029296875,364.75140380859375,612.8549194335938,436.579833984375,642.235107421875,281.0882263183594,605.3472900390625,501.3958435058594,636.18994140625,195.869873046875,603.6818237304688,552.7645263671875,742.84814453125,439.46929931640625,707.2991943359375,467.35260009765625,764.5118408203125,554.57177734375,661.1517333984375,574.572265625,798.134765625,650.3992309570312,617.82666015625,656.67333984375
105,3.4999910941475827,596.0621948242188,418.5130615234375,593.889404296875,406.149169921875,583.6278686523438,415.9829406738281,607.275390625,387.8313903808594,579.1463623046875,416.6998596191406,641.9181518554688,366.17706298828125,612.6812133789062,437.3626403808594,642.4378051757812,283.4169006347656,605.2089233398438,499.8658447265625,637.3362426757812,197.48068237304688,605.6506958007812,547.2988891601562,742.6464233398438,441.3525390625,707.008056640625,469.2253723144531,765.2347412109375,554.275634765625,661.82080078125,575.0350952148438,799.92919921875,649.5562133789062,617.6214599609375,656.6204833984375
106,3.533324342663274,594.0910034179688,418.23883056640625,591.8279418945312,405.6151428222656,581.640869140625,415.7387390136719,605.9700927734375,386.869140625,578.3868408203125,416.6723937988281,641.9293823242188,364.98480224609375,613.2140502929688,438.1601867675781,643.2733764648438,281.89208984375,604.0382080078125,503.1940002441406,638.9661254882812,195.57177734375,603.1172485351562,551.306640625,743.3238525390625,440.01678466796875,708.2027587890625,468.5766296386719,766.893798828125,552.6398315429688,664.2843017578125,573.7930908203125,800.1591186523438,650.8565673828125,617.9356689453125,657.6732177734375
107,3.566657591178965,594.3154907226562,417.3819580078125,592.1275634765625,404.56646728515625,581.46923828125,414.9894714355469,606.5714111328125,385.6494140625,577.8717041015625,416.025146484375,642.8595581054688,364.8059387207031,613.4660034179688,437.279541015625,645.4041748046875,281.7586975097656,605.3219604492188,499.7164306640625,639.6514282226562,195.41720581054688,605.6265258789062,545.0369262695312,743.0595092773438,440.6855163574219,707.434326171875,468.84820556640625,766.385986328125,554.783203125,663.39501953125,575.783447265625,801.6014404296875,654.5489501953125,617.58447265625,661.2728881835938
108,3.5999908396946565,596.7650756835938,417.376708984375,593.8375854492188,404.2564697265625,583.2923583984375,415.3855285644531,607.1626586914062,385.9006042480469,578.8493041992188,417.6633605957031,642.909912109375,368.066650390625,615.5693359375,437.39117431640625,645.9568481445312,290.43780517578125,605.5886840820312,495.734619140625,635.8228149414062,204.41085815429688,605.8558349609375,540.3086547851562,741.2240600585938,440.5520324707031,706.7424926757812,467.774169921875,766.2987060546875,555.8563842773438,665.7954711914062,577.563720703125,804.6851806640625,657.2088012695312,617.2435913085938,665.12939453125
109,3.633324088210348,596.1099243164062,415.6452941894531,593.15478515625,402.5951232910156,582.7857055664062,413.3074035644531,605.9163818359375,384.0851135253906,577.9003295898438,415.0002136230469,641.4273071289062,365.83233642578125,614.1726684570312,435.6249084472656,645.8685913085938,286.4771423339844,605.5284423828125,496.2829284667969,641.5527954101562,199.12387084960938,605.8863525390625,544.0756225585938,742.3998413085938,441.32623291015625,707.9755249023438,468.818115234375,767.21337890625,554.9657592773438,665.4534912109375,576.106201171875,805.5631713867188,656.5408935546875,617.596923828125,663.4669189453125
110,3.666657336726039,595.931640625,416.2728576660156,592.7974243164062,404.2427673339844,584.0241088867188,413.4212646484375,604.3785400390625,385.411376953125,580.0671997070312,412.5406188964844,640.02587890625,365.77777099609375,613.6407470703125,429.9342956542969,646.9091796875,291.38482666015625,605.3165283203125,492.5049133300781,643.6930541992188,201.92376708984375,607.4649658203125,542.177490234375,741.503662109375,438.2474365234375,707.9144287109375,463.39990234375,766.2481689453125,554.6576538085938,665.4024047851562,572.8035888671875,801.5409545898438,655.7798461914062,617.3466186523438,661.26513671875
111,3.6999905852417303,596.8165283203125,415.3746643066406,593.504638671875,402.7840270996094,584.0252685546875,412.7506408691406,605.2275390625,384.438232421875,578.8524780273438,413.31451416015625,640.975341796875,367.7735290527344,613.3763427734375,431.563232421875,647.9396362304688,302.18017578125,604.2252807617188,496.1881103515625,643.8285522460938,219.71719360351562,606.0427856445312,548.376953125,741.2322998046875,435.9326171875,707.096435546875,461.2498474121094,765.2198486328125,554.5325927734375,666.489990234375,573.0140991210938,803.0281372070312,656.608642578125,619.95068359375,661.1386108398438
112,3.7333238337574217,593.7874145507812,416.578125,590.8086547851562,404.7772521972656,582.7543334960938,414.1295471191406,602.1963500976562,382.2632751464844,579.9111328125,409.9918212890625,640.5697021484375,359.57513427734375,613.791748046875,425.7416687011719,645.3783569335938,289.1480712890625,602.9494018554688,488.8957214355469,632.2796630859375,227.03025817871094,602.9677734375,543.8426513671875,741.3720703125,437.1423034667969,708.0047607421875,462.92401123046875,766.3336181640625,555.5445556640625,665.0499877929688,578.097412109375,804.3138427734375,655.4699096679688,618.1507568359375,668.0494995117188
113,3.7666570822731127,593.509521484375,415.3573913574219,590.7546997070312,403.25701904296875,582.163330078125,413.1773986816406,602.6907958984375,380.9859619140625,579.3673706054688,410.0888366699219,641.3329467773438,358.4814147949219,613.9318237304688,427.6006164550781,645.2731323242188,284.9606628417969,603.1768798828125,489.04937744140625,633.010986328125,226.15708923339844,603.5939331054688,540.6726684570312,741.7871704101562,439.4271545410156,707.9668579101562,466.44122314453125,765.7158813476562,555.6536254882812,663.8034057617188,580.2581787109375,803.8319702148438,656.0069580078125,617.1083984375,670.3934326171875
114,3.799990330788804,595.1317749023438,414.4287109375,592.3360595703125,401.8946838378906,582.6466674804688,412.07562255859375,605.0137939453125,382.8215637207031,578.7774047851562,412.3063659667969,641.519287109375,363.4459533691406,614.0282592773438,431.385498046875,650.0890502929688,286.9559631347656,604.6353759765625,492.27386474609375,648.511962890625,202.66807556152344,608.408935546875,539.7032470703125,742.6473999023438,437.5746765136719,708.7037353515625,464.51324462890625,765.147705078125,555.2929077148438,665.6551513671875,577.4489135742188,801.7493286132812,657.5219116210938,618.4766845703125,667.338134765625
115,3.8333235793044955,594.8682250976562,414.3608703613281,592.2122192382812,401.67779541015625,582.0799560546875,412.06158447265625,605.4194946289062,382.8372497558594,577.8980712890625,412.87420654296875,642.0787353515625,363.7867126464844,613.220947265625,432.6213073730469,650.6734008789062,287.1788635253906,604.2683715820312,494.8189392089844,649.3121948242188,202.9698944091797,607.5706176757812,544.5208129882812,741.9988403320312,437.2532653808594,707.2981567382812,464.4151611328125,764.0899658203125,555.0232543945312,665.0253295898438,576.33984375,802.0471801757812,656.9645385742188,620.2755126953125,664.6718139648438
116,3.8666568278201865,595.0324096679688,414.4631042480469,592.1585083007812,401.6927490234375,582.3071899414062,412.33367919921875,605.3001708984375,382.99884033203125,578.9424438476562,413.6000671386719,642.56591796875,364.6779479980469,614.6942749023438,433.3258972167969,650.2354125976562,289.1572265625,604.7861328125,494.96453857421875,647.874267578125,205.3326873779297,606.435546875,544.5665893554688,741.8216552734375,440.32379150390625,707.6996459960938,467.263916015625,763.3739624023438,556.1099243164062,664.8032836914062,576.84326171875,802.647705078125,658.4379272460938,619.7859497070312,664.9189453125
117,3.899990076335878,595.2197265625,413.515869140625,592.3233642578125,400.54559326171875,582.0202026367188,411.32330322265625,605.1605834960938,382.3392028808594,577.3729248046875,413.4114990234375,642.414306640625,364.7547912597656,612.5230712890625,435.06573486328125,650.7371826171875,286.8364562988281,603.9842529296875,497.0296325683594,650.02685546875,203.35386657714844,606.2649536132812,547.23388671875,741.3524169921875,442.7876281738281,705.9660034179688,470.3555908203125,764.2607421875,557.0206298828125,664.1519775390625,577.3263549804688,803.3555908203125,659.6864624023438,619.7835693359375,664.4541625976562
118,3.9333233248515693,595.8333740234375,413.3016052246094,592.8067626953125,400.50213623046875,582.8458862304688,411.0588684082031,605.001708984375,382.9897766113281,577.7393798828125,413.645263671875,642.2003173828125,364.62908935546875,612.107421875,436.5574645996094,651.3089599609375,285.32177734375,604.1625366210938,501.2602233886719,651.1935424804688,202.2298126220703,605.0653686523438,553.209228515625,742.663818359375,440.28631591796875,707.1978759765625,468.3835754394531,764.9457397460938,556.9234619140625,664.4730834960938,576.7135009765625,803.296875,660.6627197265625,621.2119140625,664.120849609375
119,3.9666565733672603,596.5570068359375,413.8544921875,593.5355834960938,400.8169860839844,583.2027587890625,411.65826416015625,605.860595703125,382.35382080078125,577.415771484375,413.7520751953125,642.4890747070312,363.2052307128906,612.0015258789062,435.8809814453125,651.0918579101562,284.4129333496094,604.0899047851562,501.0398864746094,651.227294921875,201.64137268066406,605.109130859375,551.19482421875,742.0364379882812,438.6373291015625,706.3191528320312,467.0773620605469,764.3873901367188,555.1499633789062,664.2965087890625,575.3701782226562,803.929443359375,659.8573608398438,621.9360961914062,663.1931762695312
120,3.9999898218829517,597.44677734375,413.4250183105469,594.6265258789062,400.9066467285156,584.4695434570312,411.08648681640625,606.2254638671875,383.12127685546875,577.7678833007812,412.82025146484375,641.6010131835938,363.3703918457031,610.8583984375,434.5768737792969,650.7576904296875,282.1534118652344,604.9384155273438,496.7658386230469,651.2068481445312,199.7018280029297,607.9664306640625,544.610107421875,741.3950805664062,438.4394836425781,705.5082397460938,466.40496826171875,763.8225708007812,556.2713012695312,663.3571166992188,576.6262817382812,801.9578857421875,658.5466918945312,621.9682006835938,663.2868041992188
121,4.033323070398643,597.4658203125,414.7894592285156,594.6885986328125,402.46063232421875,584.9752807617188,412.2367248535156,606.0538940429688,383.36920166015625,578.8065185546875,412.1607360839844,641.5352172851562,361.7968444824219,610.9697875976562,432.8772888183594,650.1222534179688,280.03155517578125,605.5534057617188,494.8463134765625,650.1207275390625,200.56350708007812,608.8333129882812,542.2906494140625,741.0924072265625,438.9358215332031,705.3635864257812,466.758544921875,764.111083984375,557.2562255859375,662.1444091796875,577.6036987304688,800.3245849609375,659.3897705078125,619.6492309570312,664.8226318359375
122,4.066656318914334,598.2465209960938,414.6282043457031,595.3377685546875,402.245361328125,585.4862670898438,412.095947265625,606.4015502929688,383.31256103515625,578.5517578125,412.1156005859375,641.2348022460938,362.9082946777344,610.7902221679688,431.8074645996094,650.0801391601562,283.9322814941406,605.0067749023438,492.82598876953125,649.0757446289062,203.11830139160156,609.4492797851562,540.233154296875,740.2587280273438,436.9847717285156,704.6232299804688,464.0729675292969,763.2667846679688,557.2131958007812,662.835205078125,576.9146118164062,801.4937133789062,658.5636596679688,621.3097534179688,663.2383422851562
123,4.0999895674300255,596.182373046875,414.0607604980469,593.5770263671875,401.87835693359375,583.8284301757812,411.3241271972656,605.4547119140625,383.3005676269531,578.15087890625,411.1832275390625,641.8121337890625,363.0036315917969,609.9298706054688,431.8965148925781,651.0298461914062,283.7796630859375,604.7175903320312,494.4331970214844,650.5282592773438,204.1263427734375,608.7437744140625,543.2797241210938,741.0516357421875,439.1396484375,704.5874633789062,465.9560852050781,764.7822875976562,557.9944458007812,662.4288330078125,576.4143676757812,799.4414672851562,659.6030883789062,620.1971435546875,663.3895874023438
124,4.133322815945717,595.151611328125,415.20184326171875,592.6213989257812,403.3005065917969,583.6041259765625,412.2318420410156,604.2849731445312,384.2136535644531,579.0841674804688,410.7819519042969,641.5004272460938,362.8178405761719,609.719482421875,431.6559753417969,650.9164428710938,285.1639404296875,604.7747192382812,495.9440002441406,650.1897583007812,209.8104705810547,607.2093505859375,546.8936767578125,742.1943359375,440.76263427734375,705.902099609375,467.64544677734375,766.201904296875,556.4684448242188,661.676513671875,575.4119262695312,798.5736694335938,657.4515991210938,619.1585693359375,663.2069091796875
125,4.166656064461408,594.7857666015625,417.94329833984375,592.2798461914062,406.1695251464844,583.5675048828125,414.7757263183594,604.3040161132812,385.05572509765625,579.8008422851562,410.833251953125,642.251220703125,362.21868896484375,609.923095703125,428.4422302246094,651.3110961914062,287.0538024902344,604.6876831054688,490.12774658203125,651.1927490234375,218.36737060546875,607.9752197265625,544.2307739257812,741.8401489257812,440.8564147949219,705.486083984375,466.69342041015625,766.1602172851562,558.3677978515625,661.1277465820312,576.3231201171875,797.821533203125,659.4689331054688,618.3706665039062,664.9819946289062
126,4.199989312977099,593.5850830078125,417.3700866699219,590.9835815429688,405.8779602050781,582.9822387695312,414.0208435058594,602.6712646484375,385.42333984375,580.205810546875,409.9309997558594,640.5748291015625,363.66363525390625,610.4982299804688,426.6515197753906,650.437744140625,293.0877380371094,603.7990112304688,487.1441955566406,651.4942016601562,229.501708984375,606.4978637695312,544.1006469726562,741.543701171875,439.5112609863281,706.7576904296875,464.2635498046875,766.0929565429688,557.4717407226562,661.9486694335938,574.6777954101562,797.7900390625,660.0183715820312,618.4942626953125,665.3781127929688
127,4.23332256149279,591.0585327148438,417.7666015625,588.883056640625,406.6610412597656,580.9766845703125,413.9869079589844,601.8033447265625,386.408203125,579.7850341796875,408.58343505859375,639.1476440429688,367.3401794433594,611.5608520507812,422.00341796875,648.0481567382812,307.1878356933594,603.0047607421875,477.4141540527344,649.0752563476562,252.61253356933594,604.400390625,541.566650390625,740.3671875,440.2491455078125,707.1447143554688,462.1849060058594,766.0582275390625,557.8014526367188,661.7434692382812,574.0420532226562,797.901123046875,659.1807250976562,615.6408081054688,666.2635498046875
128,4.266655810008482,591.5455932617188,417.6410827636719,589.1622314453125,406.435791015625,581.215087890625,413.7283020019531,601.9052124023438,386.61029052734375,579.7470703125,408.1921081542969,639.1172485351562,372.34130859375,612.371337890625,419.6684875488281,646.2069702148438,329.44061279296875,602.3134155273438,472.5166931152344,643.929443359375,289.84722900390625,602.9849243164062,540.673583984375,740.2658081054688,440.65374755859375,707.8228759765625,460.28802490234375,765.0633544921875,558.2733764648438,663.2391967773438,573.4207153320312,798.7798461914062,659.8509521484375,617.19287109375,666.4019775390625
129,4.299989058524173,592.0015258789062,417.6141662597656,589.5064697265625,406.2691345214844,581.4364624023438,413.6435546875,602.03662109375,386.930908203125,579.9134521484375,408.38201904296875,637.3123779296875,375.9891357421875,614.5116577148438,418.4831848144531,640.8829956054688,344.4879455566406,602.7620239257812,469.81793212890625,636.5604248046875,310.73187255859375,602.202392578125,537.3897094726562,739.5061645507812,439.3277282714844,709.4070434570312,457.5287170410156,763.1654052734375,558.5051879882812,664.0537109375,573.452392578125,800.2835083007812,659.9315185546875,617.268798828125,666.4747314453125
130,4.3333223070398645,591.0742797851562,415.8298645019531,588.7927856445312,404.412841796875,580.3746948242188,412.51531982421875,601.4567260742188,385.4085388183594,578.3267211914062,409.6370544433594,637.6624755859375,365.8461608886719,611.2459716796875,425.85296630859375,649.668701171875,294.6584167480469,603.20947265625,483.82244873046875,652.7874145507812,223.6946563720703,604.0874633789062,545.247314453125,738.1036987304688,437.521728515625,705.6295776367188,461.2626953125,763.1043090820312,557.87451171875,662.6378173828125,575.001708984375,798.22509765625,659.5552368164062,619.213623046875,665.8489990234375
131,4.366655555555556,593.5989990234375,415.2527770996094,591.1460571289062,403.1365966796875,581.85107421875,412.4110412597656,603.6827392578125,384.99163818359375,577.7083740234375,412.68585205078125,639.9052124023438,363.6047058105469,609.9776611328125,434.96551513671875,653.1903686523438,283.8179016113281,604.8644409179688,503.43988037109375,659.756103515625,200.75701904296875,604.9301147460938,554.3969116210938,739.4935302734375,437.2581481933594,704.583740234375,465.0656433105469,763.8733520507812,556.9093017578125,662.4011840820312,575.8195190429688,799.0072631835938,660.0447387695312,621.1200561523438,663.901123046875
132,4.3999888040712465,593.1776733398438,415.3659362792969,590.7962036132812,403.904052734375,582.33544921875,412.22894287109375,602.6505126953125,386.16693115234375,578.675048828125,411.4609069824219,638.8919677734375,364.2238464355469,609.44091796875,432.88641357421875,653.2615966796875,283.840087890625,605.1715087890625,499.234619140625,659.8489990234375,202.57154846191406,606.2879638671875,550.7423706054688,739.699951171875,438.0303039550781,705.0621948242188,464.7359619140625,764.5947875976562,557.4385375976562,661.6795654296875,575.317626953125,797.6400756835938,660.578125,620.0450439453125,664.8555297851562
133,4.433322052586938,595.8028564453125,415.3323669433594,593.3699951171875,403.3136901855469,584.0732421875,412.2752685546875,605.06396484375,385.20599365234375,578.7603759765625,412.1898193359375,641.1189575195312,362.87188720703125,609.7430419921875,435.5213317871094,654.2095336914062,283.25909423828125,604.2495727539062,508.15252685546875,660.121826171875,201.3237762451172,602.158203125,565.6800537109375,742.3785400390625,434.6441345214844,706.8526000976562,462.88385009765625,763.5340576171875,555.78369140625,662.8311157226562,574.109375,796.6680297851562,660.0623168945312,623.71484375,662.97412109375
134,4.466655301102629,597.4358520507812,415.8814392089844,594.9317626953125,403.4179992675781,584.6742553710938,413.06475830078125,607.2508544921875,385.13818359375,578.286376953125,413.6041564941406,642.72021484375,365.33673095703125,610.1163330078125,434.7660217285156,653.4691162109375,287.6689758300781,603.9264526367188,500.1056213378906,659.296630859375,203.70449829101562,608.3827514648438,547.376953125,741.779296875,438.82305908203125,704.9548950195312,466.090087890625,765.0382080078125,558.6031494140625,663.1734008789062,577.3167724609375,800.47265625,661.1990356445312,621.1298828125,664.5095825195312
135,4.499988549618321,596.2332153320312,416.4502868652344,593.74169921875,404.58502197265625,584.35107421875,413.467041015625,605.6964721679688,386.029052734375,578.9620971679688,412.4741516113281,641.204833984375,365.1445007324219,610.4343872070312,431.3811340332031,653.012451171875,286.53961181640625,605.3898315429688,493.365478515625,656.6303100585938,203.17776489257812,610.4146118164062,542.7177124023438,741.2900390625,438.1195068359375,705.5534057617188,464.1214904785156,765.1387329101562,557.7946166992188,663.4606323242188,575.9981079101562,800.168212890625,660.1734008789062,621.5586547851562,665.054443359375
136,4.533321798134012,596.5473022460938,417.95672607421875,593.95654296875,406.2372741699219,584.8668823242188,414.9512939453125,606.0723876953125,386.637451171875,579.8153076171875,412.712646484375,641.709228515625,364.4349365234375,610.8775024414062,429.0256652832031,653.0226440429688,286.7560729980469,605.4612426757812,489.8293762207031,654.5888061523438,202.8346405029297,611.8511962890625,537.7316284179688,740.5343017578125,435.97698974609375,704.6605834960938,461.205322265625,765.00830078125,557.4942626953125,663.1741943359375,574.8558959960938,800.291259765625,660.7897338867188,620.8419189453125,664.922119140625
137,4.566655046649704,596.2832641601562,417.9234313964844,593.9154052734375,406.3929138183594,584.9808349609375,414.67236328125,605.9741821289062,386.6595764160156,580.33251953125,411.73846435546875,641.7965698242188,363.99615478515625,610.4286499023438,428.80853271484375,653.1373901367188,285.57421875,603.9721069335938,490.5401916503906,655.9054565429688,205.0901336669922,608.635498046875,543.6171264648438,741.005126953125,435.7884216308594,705.074951171875,461.13702392578125,766.1257934570312,557.1277465820312,662.9967651367188,574.65478515625,798.4686889648438,658.3551635742188,619.4920043945312,663.65576171875
138,4.599988295165394,596.53173828125,417.9005432128906,593.9332275390625,406.3380432128906,585.11572265625,414.765869140625,605.5206909179688,386.5660705566406,580.209716796875,411.94207763671875,641.1132202148438,364.1946716308594,610.8963012695312,428.1424560546875,652.3880004882812,285.84454345703125,604.8363647460938,487.4422912597656,654.88720703125,207.35240173339844,610.1766357421875,540.8359985351562,740.475830078125,435.9674987792969,705.2554931640625,460.9400329589844,764.8847045898438,556.37109375,663.2955322265625,573.1200561523438,799.3941650390625,659.6980590820312,621.0538940429688,663.3557739257812
139,4.6333215436810855,597.9304809570312,418.0069274902344,595.5389404296875,406.4875183105469,586.21875,414.74383544921875,607.0753784179688,386.1420593261719,580.104736328125,411.1098327636719,641.6951904296875,363.0863342285156,610.4630126953125,426.4130859375,652.3607177734375,285.0721435546875,604.3406372070312,485.18536376953125,654.7296752929688,208.58596801757812,608.9449462890625,540.8055419921875,740.633056640625,433.9042053222656,704.8169555664062,458.69696044921875,764.9132690429688,556.1341552734375,662.8114624023438,572.9862670898438,798.4720458984375,659.172119140625,620.6083984375,663.547607421875
140,4.666654792196777,596.283935546875,418.83990478515625,594.0961303710938,407.9299621582031,585.6493530273438,415.2574768066406,605.70166015625,387.34326171875,581.1119995117188,409.7221984863281,640.0299072265625,364.67486572265625,610.9575805664062,422.11114501953125,650.1438598632812,294.7407531738281,603.9322509765625,477.54522705078125,651.84765625,230.57691955566406,607.2909545898438,539.9224853515625,739.3377685546875,432.5417175292969,704.9855346679688,455.38922119140625,764.8430786132812,555.830322265625,661.3306884765625,572.3211669921875,797.6995849609375,658.4034423828125,617.9345703125,665.27734375
141,4.699988040712468,594.8953247070312,417.5519104003906,592.364501953125,406.2356872558594,583.917724609375,414.55755615234375,604.2127075195312,386.62384033203125,579.8526000976562,411.70233154296875,639.9090576171875,363.0047302246094,610.5252685546875,427.3457946777344,651.4767456054688,282.8236389160156,604.9774169921875,486.3724670410156,653.2809448242188,204.2325439453125,609.968505859375,539.8453369140625,739.0670776367188,433.82843017578125,704.3204956054688,458.8863220214844,763.8541870117188,555.6555786132812,662.3634643554688,572.806640625,797.9583129882812,659.2537231445312,620.7340698242188,664.1530151367188
142,4.73332128922816,591.6261596679688,417.15728759765625,588.6258544921875,405.25958251953125,580.1133422851562,414.51806640625,601.4722900390625,386.1351013183594,577.4464111328125,413.5642395019531,638.4923095703125,364.83734130859375,611.0453491210938,429.59442138671875,649.732177734375,286.54754638671875,605.04931640625,489.60028076171875,649.9878540039062,200.2889862060547,611.8405151367188,537.9583740234375,737.2971801757812,435.01177978515625,703.4661254882812,460.11309814453125,763.3320922851562,555.3652954101562,664.1516723632812,572.0574340820312,800.5859985351562,659.6803588867188,620.69189453125,662.0813598632812
143,4.766654537743851,591.158935546875,416.4124755859375,588.2731323242188,404.7168884277344,580.3077392578125,413.48040771484375,600.81591796875,385.5563659667969,578.412353515625,411.8296813964844,638.505615234375,363.92742919921875,610.5848999023438,429.649169921875,649.9937744140625,287.9787292480469,603.99853515625,494.6337890625,649.8131103515625,204.4906768798828,608.1616821289062,545.56884765625,738.1934204101562,434.7693176269531,704.40625,460.1938171386719,764.0006103515625,555.2435913085938,663.916015625,571.8187255859375,798.73046875,659.2257080078125,620.7174072265625,661.8999633789062
144,4.799987786259542,592.8806762695312,416.9014587402344,590.1412963867188,405.46514892578125,582.2431640625,413.9244689941406,601.847900390625,385.8572082519531,579.590087890625,411.49835205078125,638.294921875,362.048828125,610.79150390625,429.3426513671875,649.1763305664062,283.1038818359375,604.2954711914062,493.7719421386719,650.6054077148438,206.17164611816406,605.0842895507812,550.4324951171875,738.17919921875,432.5872802734375,704.8655395507812,458.70684814453125,764.0928344726562,554.6430053710938,663.251708984375,572.18701171875,796.8233642578125,657.906494140625,620.3729248046875,662.5230712890625
145,4.833321034775233,591.3529663085938,417.2642517089844,588.6528930664062,405.818115234375,581.062255859375,414.2414245605469,600.8802490234375,386.259033203125,580.0675659179688,411.7211608886719,637.8135986328125,363.2864990234375,612.868896484375,429.683837890625,647.5504760742188,286.3717041015625,605.214111328125,492.9653015136719,647.0272827148438,212.6963348388672,603.4583129882812,550.8372192382812,738.707763671875,434.21234130859375,707.026123046875,459.92999267578125,764.1600341796875,555.3248901367188,663.3193359375,573.0896606445312,796.8767700195312,659.287353515625,618.440185546875,664.7396850585938
146,4.8666542832909245,591.0952758789062,415.29095458984375,588.9478149414062,403.369873046875,579.9053955078125,412.6585693359375,603.13134765625,385.5587463378906,578.2284545898438,413.4490661621094,640.9092407226562,362.8677978515625,610.7963256835938,436.4319763183594,648.1426391601562,278.6761779785156,604.5162963867188,505.51580810546875,647.098388671875,195.13555908203125,602.5588989257812,559.13134765625,740.3812255859375,437.67779541015625,705.0577392578125,465.7855529785156,764.4887084960938,556.8572387695312,662.5521850585938,574.478515625,797.9632568359375,659.0550537109375,621.9077758789062,661.0341186523438
147,4.899987531806616,591.4150390625,415.468505859375,588.980712890625,403.740478515625,580.5140380859375,412.801513671875,602.2736206054688,385.74566650390625,578.8595581054688,412.9668273925781,639.5042114257812,362.8737487792969,611.62451171875,434.1956481933594,648.075439453125,278.1181335449219,605.5232543945312,499.4073486328125,646.739990234375,195.43089294433594,605.1353149414062,552.841796875,739.7689819335938,436.6471862792969,705.714111328125,464.0431823730469,764.6412353515625,556.716552734375,662.8094482421875,574.919677734375,798.8513793945312,659.9885864257812,620.3181762695312,663.8111572265625
148,4.933320780322307,592.10693359375,415.908447265625,589.2832641601562,403.5954895019531,580.3694458007812,413.6332092285156,602.8632202148438,385.3865966796875,578.27587890625,414.8832702636719,640.0003051757812,363.6505432128906,613.2412719726562,434.50006103515625,649.0797729492188,281.8479919433594,606.0392456054688,497.77783203125,647.7902221679688,199.142822265625,608.1718139648438,547.1417236328125,739.3671875,433.5836486816406,705.9237670898438,460.951171875,763.9651489257812,554.9606323242188,665.2200317382812,573.6036987304688,802.1441650390625,661.24853515625,622.707275390625,663.9185791015625
149,4.966654028837999,592.068115234375,416.9456481933594,588.993896484375,404.9170227050781,580.9856567382812,414.65008544921875,601.7365112304688,385.8138732910156,579.543212890625,414.46929931640625,639.1819458007812,362.75445556640625,613.2652587890625,432.2746887207031,648.3363037109375,281.9615173339844,606.572265625,493.64544677734375,648.7576904296875,201.91868591308594,610.954345703125,538.789794921875,739.3951416015625,434.7082214355469,706.4012451171875,461.739013671875,764.8872680664062,555.8602294921875,664.805419921875,574.9495849609375,802.4176025390625,660.5508422851562,621.1536865234375,664.7770385742188
150,4.999987277353689,591.6093139648438,417.8415832519531,588.482177734375,405.2363586425781,579.7235717773438,415.7648620605469,602.3150634765625,385.9493103027344,578.4132690429688,416.5783996582031,640.8310546875,364.70654296875,613.5440063476562,435.11114501953125,649.8983154296875,287.1533203125,605.6597290039062,498.4266052246094,650.2394409179688,205.42294311523438,609.1920776367188,542.4057006835938,738.6758422851562,436.0434265136719,705.1503295898438,463.2320556640625,763.4514770507812,556.1910400390625,665.4623413085938,574.49658203125,801.8356323242188,660.113037109375,622.0565795898438,661.7605590820312
151,5.033320525869381,591.6502075195312,418.103515625,588.8854370117188,405.8623962402344,580.0973510742188,415.6546936035156,602.7606201171875,386.0415954589844,578.3696899414062,415.0184326171875,640.6376953125,363.0655517578125,612.4058227539062,433.43804931640625,650.49658203125,283.3438720703125,606.1141357421875,497.9123840332031,651.452392578125,201.21554565429688,609.5159301757812,543.20361328125,738.8671264648438,434.9489440917969,704.7391357421875,462.075927734375,764.8014526367188,557.6837768554688,664.7943725585938,576.0955200195312,799.46826171875,662.0847778320312,620.5864868164062,665.4075927734375
152,5.066653774385072,590.5321655273438,419.48828125,588.2023315429688,407.5966491699219,579.6345825195312,416.87066650390625,602.8562622070312,386.51202392578125,578.9655151367188,414.1077575683594,641.2025756835938,361.9621887207031,612.3900756835938,430.82623291015625,651.655517578125,284.02069091796875,605.4208984375,494.7223205566406,651.9348754882812,207.9409942626953,608.431884765625,544.8060913085938,739.0567626953125,432.6701965332031,704.91455078125,459.3625793457031,764.775146484375,556.8810424804688,664.2222900390625,576.3983154296875,797.2632446289062,659.0720825195312,620.0371704101562,666.0581665039062
153,5.0999870229007636,590.5885620117188,418.4808654785156,588.3442993164062,406.2254333496094,578.9988403320312,416.0491638183594,603.4736938476562,385.6087341308594,577.8141479492188,414.39947509765625,641.348876953125,362.6280517578125,613.0282592773438,431.3666687011719,651.7882690429688,283.3875732421875,606.0787963867188,492.1878967285156,651.8609619140625,204.62681579589844,609.8875122070312,540.3487548828125,739.1160888671875,433.9508056640625,705.1162719726562,460.75042724609375,764.4446411132812,557.3411865234375,664.9593505859375,578.0956420898438,798.4304809570312,659.4329833984375,620.076416015625,668.0828247070312
154,5.133320271416455,590.9532470703125,417.6895751953125,588.6331176757812,405.2144470214844,579.1265869140625,415.1426086425781,603.3972778320312,385.2259216308594,577.284423828125,414.4316711425781,641.4302978515625,362.5834045410156,612.2061767578125,433.9893798828125,652.0065307617188,281.6211242675781,606.0678100585938,498.15576171875,653.4999389648438,200.7013397216797,608.5139770507812,545.245361328125,740.412109375,435.6741638183594,705.82666015625,463.4096984863281,765.61767578125,556.8582763671875,665.130859375,577.3209838867188,798.966552734375,659.8493041992188,620.6798706054688,666.762939453125
155,5.1666535199321455,589.7822875976562,418.6865539550781,587.8885498046875,406.7900695800781,578.9556274414062,415.128173828125,602.8865356445312,385.84405517578125,578.484619140625,410.64569091796875,640.5846557617188,366.2785339355469,613.4014892578125,426.204345703125,648.7569580078125,308.8355712890625,603.035888671875,491.40087890625,649.4801025390625,250.66598510742188,599.5750732421875,558.6104125976562,741.8469848632812,432.56793212890625,709.306884765625,456.554931640625,765.3577880859375,556.3340454101562,665.197509765625,574.9111328125,795.5745849609375,658.6965942382812,619.2725830078125,667.8884887695312
156,5.199986768447837,588.2943115234375,418.4478759765625,586.607177734375,408.37835693359375,578.2572021484375,412.1878967285156,601.1954956054688,393.5332946777344,577.65966796875,403.2530822753906,633.447021484375,409.299072265625,621.559326171875,386.4866638183594,627.1461181640625,470.8939514160156,615.4453125,375.7362976074219,606.4475708007812,537.683349609375,628.7315063476562,389.4186096191406,734.7261352539062,450.01568603515625,710.6348266601562,444.6775817871094,753.5130615234375,561.323486328125,664.90234375,563.13671875,793.3079833984375,662.6184692382812,615.5054321289062,661.126220703125
157,5.233320016963528,589.1036987304688,418.7326354980469,587.2047119140625,407.5220642089844,579.2084350585938,414.0518798828125,601.5755615234375,388.2354736328125,579.6659545898438,407.393798828125,636.5320434570312,380.85614013671875,615.774169921875,416.1259460449219,635.9002685546875,372.2570495605469,600.9723510742188,472.4313049316406,631.1425170898438,360.5831604003906,597.6069946289062,549.4432983398438,740.2203979492188,435.00665283203125,711.6905517578125,451.01666259765625,763.3460083007812,556.2298583984375,665.36767578125,570.2630004882812,797.4074096679688,659.5066528320312,616.5703125,666.7470703125
158,5.26665326547922,590.7628784179688,416.99554443359375,588.3607177734375,405.03143310546875,580.0116577148438,413.892822265625,602.1369018554688,384.32147216796875,579.455322265625,410.8283386230469,640.0829467773438,361.6911926269531,613.7025146484375,428.81768798828125,651.830078125,286.8984069824219,604.9292602539062,494.1570129394531,656.2391357421875,214.3115997314453,602.5989379882812,555.4118041992188,740.7732543945312,434.4693298339844,708.4183349609375,460.7275695800781,765.1953735351562,555.8778076171875,664.24658203125,575.570556640625,796.5208740234375,659.8956909179688,617.5484008789062,668.4004516601562
159,5.299986513994911,591.0667724609375,416.9529113769531,588.4462280273438,405.2015380859375,580.5313110351562,413.6476745605469,601.6521606445312,384.8158874511719,580.6107788085938,409.7374267578125,637.8577880859375,366.7808837890625,616.4708251953125,423.43505859375,646.2030639648438,307.56719970703125,605.5181274414062,479.958251953125,649.07568359375,251.360595703125,603.5879516601562,544.2732543945312,738.4066772460938,435.8900451660156,709.1229858398438,458.6806640625,763.7117919921875,556.0494384765625,664.5045166015625,574.5149536132812,797.5357666015625,659.9556884765625,614.2459106445312,669.0049438476562
160,5.333319762510603,590.9339599609375,416.2059326171875,588.2714233398438,404.10205078125,579.8568725585938,413.49798583984375,602.09912109375,383.8011474609375,579.4703369140625,411.55322265625,639.88134765625,362.3336181640625,614.5153198242188,428.7818298339844,651.363037109375,285.4236755371094,606.1392211914062,489.8128356933594,655.0625,210.46629333496094,605.1251220703125,548.1803588867188,737.6735229492188,435.90582275390625,705.7228393554688,461.6770324707031,762.9182739257812,557.084228515625,662.8211059570312,575.882568359375,798.3794555664062,659.567626953125,616.2244262695312,665.8831176757812
161,5.366653011026293,591.2958374023438,417.0899658203125,588.5198364257812,404.4285888671875,579.4860229492188,414.5489501953125,602.8310546875,383.8910217285156,578.7633666992188,413.6793212890625,641.7361450195312,362.40423583984375,614.7328491210938,433.50238037109375,652.1082153320312,284.39532470703125,605.8931884765625,500.18975830078125,654.39013671875,205.09588623046875,601.5925903320312,559.2909545898438,739.7750854492188,437.0734558105469,706.762939453125,464.3702087402344,763.62109375,558.0430297851562,663.0269165039062,576.8311157226562,799.53955078125,659.8529052734375,616.616943359375,663.8201293945312
162,5.3999862595419845,591.608642578125,416.3882751464844,588.7655639648438,403.9587097167969,579.8395385742188,413.97760009765625,602.833984375,384.9343566894531,578.5928344726562,414.3630065917969,641.255615234375,364.51617431640625,613.7364501953125,433.3131408691406,652.7693481445312,284.78094482421875,606.2708129882812,495.72760009765625,656.6901245117188,201.2830352783203,606.645751953125,548.9994506835938,738.6506958007812,439.2389221191406,704.8983154296875,465.65374755859375,763.6948852539062,558.7285766601562,662.5528564453125,576.06591796875,802.9918212890625,661.8301391601562,618.3719482421875,663.50048828125
163,5.433319508057676,591.6775512695312,417.2264404296875,589.1519775390625,405.113037109375,580.1744384765625,414.7267761230469,603.2306518554688,386.10565185546875,578.587158203125,414.63861083984375,641.5364990234375,364.08416748046875,612.607666015625,434.421142578125,653.7664794921875,282.8032531738281,605.294677734375,499.8389587402344,657.6763916015625,199.9578399658203,603.724609375,557.9585571289062,739.4298095703125,437.41094970703125,705.0625610351562,464.4212646484375,763.5162353515625,557.2611083984375,662.347412109375,574.9830322265625,800.361328125,659.79345703125,619.9586791992188,662.5741577148438
164,5.466652756573367,592.348876953125,416.5977478027344,589.7711181640625,404.5207824707031,580.964111328125,413.95379638671875,603.3197631835938,386.2690124511719,579.1443481445312,414.4062805175781,641.6162719726562,365.2714538574219,612.1900634765625,435.6781311035156,653.94140625,285.09832763671875,604.21923828125,502.98095703125,660.11181640625,201.40509033203125,602.4730834960938,562.50634765625,740.5135498046875,440.0699157714844,705.9042358398438,467.2156066894531,763.910888671875,558.399169921875,662.1473999023438,575.6986694335938,801.2293701171875,660.832763671875,620.3322143554688,662.5136108398438
165,5.499986005089059,590.9718017578125,417.01593017578125,588.4889526367188,405.6462707519531,580.6412963867188,414.0386657714844,601.7300415039062,387.31475830078125,579.7307739257812,412.8729553222656,640.3204345703125,365.0563659667969,611.1686401367188,432.53546142578125,654.1361083984375,285.6625671386719,604.6231079101562,499.5267639160156,660.4536743164062,202.6190948486328,603.7708129882812,558.1143798828125,739.8959350585938,438.7071533203125,705.5369873046875,464.52398681640625,764.1648559570312,559.1787109375,661.7526245117188,574.4468383789062,799.6619262695312,661.1538696289062,620.98291015625,661.8134765625
166,5.53331925360475,591.3931884765625,413.3870849609375,588.8013305664062,401.9037170410156,580.6582641601562,410.4861755371094,601.5459594726562,385.8590087890625,578.90576171875,411.83306884765625,640.1265258789062,366.61163330078125,610.6171875,434.0544738769531,655.1790771484375,285.6254577636719,604.9242553710938,498.5998840332031,663.5355834960938,201.82723999023438,604.769287109375,554.8233642578125,740.20458984375,442.48431396484375,705.4651489257812,468.2696228027344,764.9328002929688,560.7866821289062,661.6881713867188,575.4052124023438,801.5995483398438,663.66162109375,620.7236938476562,662.4976806640625
167,5.566652502120441,590.5731811523438,416.0928039550781,587.7966918945312,404.6041564941406,580.2283935546875,413.2208251953125,600.7733154296875,386.6784973144531,579.7313232421875,412.8794860839844,640.1954956054688,365.126220703125,611.2742309570312,433.1650695800781,654.5198364257812,283.1199645996094,606.4833984375,496.8049621582031,663.6551513671875,200.9889373779297,606.7423095703125,549.189697265625,739.1736450195312,444.8063049316406,704.7742309570312,470.62921142578125,765.339111328125,561.218994140625,661.09619140625,575.411865234375,802.1221923828125,663.7147216796875,619.4981079101562,661.5648803710938
168,5.599985750636132,592.0499877929688,414.0282897949219,589.4805297851562,401.70831298828125,580.0697021484375,411.5484313964844,603.5338134765625,384.3387145996094,577.9650268554688,413.4638977050781,641.7971801757812,365.5311584472656,612.1165771484375,433.8940734863281,654.7391357421875,284.6917724609375,605.86083984375,494.05169677734375,666.5296020507812,203.748779296875,608.02685546875,542.5491943359375,738.4296264648438,443.19415283203125,703.4871826171875,469.26727294921875,764.3661499023438,560.1881713867188,662.7539672851562,574.4684448242188,804.53271484375,665.4605102539062,621.7734375,661.2984008789062
169,5.6333189991518235,592.4712524414062,412.9026184082031,589.5773315429688,400.3453369140625,579.9759521484375,410.7532653808594,603.136474609375,383.5727233886719,577.2655029296875,413.990478515625,641.60205078125,365.6790466308594,612.926025390625,434.89251708984375,655.7923583984375,284.30596923828125,605.8477172851562,493.8226623535156,667.788330078125,203.7101593017578,607.994140625,543.2113647460938,739.62158203125,442.01788330078125,705.2889404296875,468.5849304199219,764.0296020507812,560.2911376953125,663.9491577148438,576.0142211914062,805.2603759765625,666.2770385742188,621.8167724609375,663.416015625
170,5.666652247667515,593.90234375,412.88519287109375,590.935791015625,400.09466552734375,581.0916137695312,410.855224609375,604.5473022460938,383.1129455566406,578.125732421875,414.2924499511719,642.4638061523438,366.1142578125,613.768310546875,434.4436950683594,656.0531616210938,285.245361328125,605.8326416015625,490.6873474121094,668.0540161132812,204.6991424560547,610.0971069335938,539.766845703125,738.5137939453125,443.47320556640625,704.0844116210938,469.9836730957031,764.5118408203125,560.0203857421875,664.5950927734375,577.0576171875,806.34521484375,665.9091796875,620.6614990234375,665.1376953125
171,5.699985496183206,594.2247924804688,411.98388671875,591.1802978515625,399.50701904296875,581.648193359375,409.8860778808594,604.1202392578125,383.3161926269531,578.105224609375,413.50238037109375,641.5762329101562,366.58929443359375,612.8111572265625,433.6811218261719,656.3895874023438,285.4366760253906,605.4517822265625,489.5950927734375,667.8622436523438,203.93093872070312,610.5053100585938,541.2261962890625,738.0518188476562,442.3134460449219,703.6384887695312,468.4496154785156,763.9066772460938,559.8978271484375,664.5255737304688,576.9237060546875,805.305908203125,665.1258544921875,621.2896118164062,665.1245727539062
172,5.733318744698898,593.1258544921875,413.8483581542969,590.0167236328125,401.7882385253906,581.77392578125,411.4667053222656,602.8369140625,384.7128601074219,580.2689208984375,413.2016296386719,641.152587890625,366.2643127441406,613.6494140625,432.0085144042969,656.1220703125,284.5285339355469,606.2017822265625,487.64337158203125,667.6016235351562,202.9208984375,611.5608520507812,538.9542846679688,738.2437744140625,444.10101318359375,704.7453002929688,469.5796203613281,763.9486694335938,559.5684204101562,663.84521484375,575.8912963867188,804.4088134765625,664.2738647460938,620.4273071289062,664.5057373046875
173,5.766651993214588,592.9090576171875,415.40118408203125,589.9934692382812,403.7919616699219,582.1337890625,412.80731201171875,602.72314453125,386.3009033203125,580.736083984375,413.2049560546875,640.5730590820312,366.03759765625,613.3414306640625,431.3015441894531,656.6474609375,283.7568664550781,606.624755859375,487.8476867675781,666.9342651367188,201.5288543701172,611.31689453125,538.816162109375,738.6754150390625,441.5323181152344,705.48681640625,466.9103698730469,764.534423828125,559.1152954101562,664.5244140625,576.3252563476562,802.2692260742188,662.5628662109375,620.8682250976562,665.544921875
174,5.79998524173028,592.684326171875,414.3691711425781,590.167236328125,402.8918151855469,582.0264892578125,411.641357421875,603.3119506835938,386.3075866699219,580.3857421875,412.55364990234375,641.3381958007812,366.3807373046875,611.7650146484375,432.4011535644531,657.4937133789062,284.97314453125,605.2557983398438,492.40679931640625,667.5925903320312,201.04476928710938,610.34423828125,542.197021484375,739.6752319335938,441.50018310546875,705.09619140625,467.1427307128906,764.7390747070312,558.7693481445312,664.02880859375,575.6849365234375,800.869384765625,662.1533203125,622.4630737304688,664.83837890625
175,5.833318490245971,592.90673828125,412.525146484375,590.7321166992188,400.6827392578125,581.3654174804688,409.9781494140625,604.6768188476562,384.70562744140625,578.6767578125,412.2552185058594,642.51953125,366.01226806640625,611.3457641601562,433.7485656738281,657.7329711914062,284.1560974121094,604.9234008789062,493.90863037109375,667.6882934570312,200.052734375,610.3441162109375,542.1964721679688,741.0792236328125,441.693115234375,705.356689453125,468.12371826171875,765.2489624023438,558.77587890625,664.3177490234375,577.163818359375,800.5708618164062,661.9169921875,622.42919921875,666.192138671875
176,5.866651738761663,593.2315673828125,410.9347229003906,591.0338745117188,399.0215759277344,581.3943481445312,408.66522216796875,605.180419921875,384.15447998046875,578.6970825195312,412.4452819824219,643.189453125,366.77740478515625,612.4575805664062,434.39312744140625,659.7833862304688,284.0998840332031,605.167236328125,493.1273193359375,671.1729125976562,198.20603942871094,610.1710205078125,542.8287963867188,741.5186767578125,441.11334228515625,706.1182250976562,467.4761657714844,764.0203247070312,558.781494140625,664.2557983398438,577.3211059570312,801.3585205078125,661.3325805664062,622.7579345703125,665.4053955078125
177,5.899984987277354,593.9655151367188,410.2140808105469,591.8095092773438,398.234130859375,582.006103515625,407.9084167480469,605.9122924804688,383.43780517578125,578.9369506835938,411.8544921875,643.8629760742188,366.1197204589844,611.8933715820312,434.3987731933594,659.6025390625,282.78729248046875,604.7445068359375,493.4051208496094,671.4063110351562,197.9122772216797,609.4610595703125,542.4708862304688,741.3065185546875,442.757568359375,704.9548950195312,469.31817626953125,765.1505126953125,558.615478515625,663.2528076171875,576.8381958007812,801.75390625,662.382568359375,621.3308715820312,665.8368530273438
178,5.933318235793045,593.1424560546875,408.1264343261719,591.2052612304688,396.3176574707031,581.1152954101562,406.0699462890625,605.7447509765625,383.09246826171875,578.1536254882812,411.671630859375,644.1904296875,366.7691345214844,611.3733520507812,435.84051513671875,660.7676391601562,282.8350830078125,604.398681640625,495.1947021484375,672.488037109375,198.91680908203125,609.239990234375,545.1485595703125,741.5558471679688,441.89508056640625,704.7384643554688,468.71026611328125,764.9891967773438,559.6102905273438,663.473876953125,577.8910522460938,800.9573974609375,663.0036010742188,622.4426879882812,666.392333984375
179,5.966651484308736,593.9934692382812,408.8381042480469,592.1735229492188,396.371337890625,580.9442749023438,406.72711181640625,607.0126342773438,381.9514465332031,576.7318115234375,412.03167724609375,644.3698120117188,366.2470703125,611.568603515625,436.0583190917969,660.02001953125,282.1116027832031,604.6410522460938,493.8905029296875,675.4017944335938,197.9219512939453,609.4920043945312,542.0438232421875,741.2557373046875,444.66546630859375,704.2787475585938,471.955322265625,764.611572265625,559.4213256835938,662.1943969726562,578.7100219726562,802.5110473632812,662.5260009765625,619.791015625,666.2926635742188
180,5.999984732824427,595.2537841796875,410.8750915527344,592.6937255859375,398.4374084472656,582.34423828125,408.90679931640625,606.2611083984375,383.28668212890625,577.946533203125,413.7173156738281,643.669677734375,366.0184326171875,613.5760498046875,435.5881652832031,662.5538940429688,282.48077392578125,605.9995727539062,493.54376220703125,677.6370239257812,196.5759735107422,610.9013671875,541.2306518554688,741.3368530273438,437.62518310546875,706.636474609375,464.75115966796875,762.2084350585938,558.108154296875,665.4343872070312,577.5413208007812,800.3683471679688,662.05908203125,622.57177734375,665.3613891601562
181,6.033317981340119,595.134765625,408.67755126953125,593.1681518554688,396.13031005859375,581.8201904296875,406.9543762207031,607.8656616210938,381.4928894042969,577.1968383789062,412.68017578125,644.739501953125,364.948486328125,613.1482543945312,435.0672912597656,662.8756103515625,280.8192443847656,606.0938110351562,490.7867431640625,678.9544677734375,199.605224609375,611.50390625,539.32666015625,739.6972045898438,438.0871276855469,703.7726440429688,465.5204772949219,761.9200439453125,557.4862060546875,663.1300048828125,577.61279296875,802.4566650390625,661.5133056640625,621.8592529296875,665.5214233398438
182,6.06665122985581,594.5012817382812,408.6617126464844,592.4006958007812,395.7285461425781,580.8392944335938,407.1324157714844,607.4610595703125,380.83282470703125,576.6972045898438,413.4635925292969,644.6778564453125,365.0101318359375,613.9298095703125,436.3432312011719,662.0228271484375,280.8357238769531,605.3043212890625,492.268310546875,679.5972900390625,199.855712890625,610.6943969726562,541.8623657226562,739.7762451171875,438.3310852050781,704.3988647460938,466.34173583984375,762.0557861328125,556.0225830078125,663.9142456054688,576.9083251953125,803.827392578125,660.248046875,621.5806274414062,664.403076171875
183,6.099984478371502,594.3523559570312,408.9861755371094,592.256591796875,395.9316711425781,580.5320434570312,407.6163330078125,607.6708984375,380.9212951660156,576.7002563476562,414.1886291503906,644.70458984375,365.421142578125,614.6458129882812,436.54876708984375,661.2522583007812,280.60986328125,605.4033813476562,490.60491943359375,679.6112060546875,200.14598083496094,611.3035278320312,539.2858276367188,738.894287109375,440.01068115234375,703.7783203125,467.90423583984375,761.2846069335938,556.1041259765625,663.0638427734375,576.8609619140625,804.6087036132812,661.653076171875,620.5530395507812,665.203857421875
184,6.133317726887193,595.3433837890625,408.9212646484375,593.3223876953125,395.7098083496094,581.195556640625,407.47955322265625,608.5762329101562,380.2194519042969,576.261962890625,413.76080322265625,645.108154296875,364.2212829589844,613.8599243164062,436.55670166015625,660.3895874023438,279.2640686035156,604.575439453125,491.7583923339844,676.7443237304688,201.5138397216797,609.2826538085938,544.341552734375,739.26708984375,438.8933410644531,703.4710693359375,467.3594665527344,761.0062866210938,555.7322998046875,662.8207397460938,577.3473510742188,803.84619140625,661.4970092773438,621.0921630859375,666.05517578125
185,6.1666509754028835,594.8992919921875,411.0635986328125,592.893798828125,397.77069091796875,581.059326171875,409.3426208496094,608.462158203125,381.0494689941406,576.9364624023438,414.15252685546875,644.75048828125,364.32757568359375,614.6353759765625,436.1779479980469,658.2391967773438,282.1224060058594,605.2060546875,493.9995422363281,672.0255737304688,202.5784149169922,609.181884765625,544.8096923828125,739.0665893554688,438.693359375,703.9547729492188,466.9161071777344,761.1077880859375,556.85546875,663.253173828125,578.2257690429688,803.4254150390625,662.6823120117188,620.8771362304688,667.3333129882812
186,6.199984223918575,595.3028564453125,413.919677734375,593.202880859375,401.2134704589844,582.4613647460938,411.5914611816406,607.76611328125,383.09356689453125,578.721435546875,413.27252197265625,642.7936401367188,364.69427490234375,614.7344360351562,432.8264465332031,655.1142578125,285.2773742675781,606.0508422851562,492.3296813964844,665.5026245117188,202.2001190185547,609.4420776367188,544.8778686523438,738.381591796875,437.990478515625,704.4405517578125,464.79254150390625,761.6837158203125,557.5335693359375,663.2867431640625,577.6306762695312,802.7904663085938,662.2742919921875,620.2222900390625,667.6265258789062
187,6.233317472434266,595.1439208984375,412.8983459472656,592.9242553710938,400.1885986328125,582.0939331054688,410.7577209472656,607.4449462890625,383.3780822753906,578.0953979492188,413.98876953125,643.5360107421875,366.243408203125,613.7958374023438,434.9793701171875,655.7498779296875,286.20892333984375,605.3829345703125,493.6312561035156,664.04736328125,204.8347930908203,607.9027709960938,548.6580200195312,739.0087280273438,439.6720886230469,703.8699340820312,466.6955871582031,763.404541015625,557.6439819335938,663.094970703125,577.8092651367188,803.5032348632812,660.0377807617188,619.1119384765625,665.4164428710938
188,6.266650720949958,596.7854614257812,415.4169921875,594.3106079101562,403.2281188964844,584.68603515625,412.775634765625,607.3648071289062,385.3617858886719,580.566650390625,413.62689208984375,643.5134887695312,365.1915588378906,613.3729248046875,433.87890625,655.577880859375,282.52880859375,606.6801147460938,494.8076477050781,660.9636840820312,198.8497772216797,608.324462890625,547.7346801757812,739.9364624023438,439.2145080566406,704.6258544921875,465.705078125,763.4990234375,558.3960571289062,661.1830444335938,576.1751098632812,800.8136596679688,660.6250610351562,617.9419555664062,663.248291015625
189,6.299983969465649,595.8796997070312,413.2701416015625,593.3223876953125,401.2898254394531,584.1204833984375,410.77325439453125,605.964111328125,384.50885009765625,580.4635009765625,412.4339599609375,641.9578857421875,365.3579406738281,613.4800415039062,433.131591796875,655.2470092773438,282.92041015625,607.1954345703125,492.4489440917969,660.9578247070312,198.9169921875,610.3136596679688,543.1617431640625,739.2599487304688,439.67510986328125,704.8919067382812,466.0078430175781,762.6573486328125,557.967041015625,661.0032958984375,576.7440185546875,801.1204223632812,660.136474609375,617.7288208007812,664.5529174804688
190,6.333317217981341,594.4850463867188,414.9163513183594,591.9215698242188,403.76531982421875,584.3270263671875,411.9857177734375,603.7662963867188,386.0615539550781,582.2640991210938,410.8484191894531,640.461669921875,364.1338195800781,612.7030029296875,429.6119079589844,654.0675659179688,281.9651184082031,606.4762573242188,489.52813720703125,657.790771484375,201.25189208984375,610.3943481445312,543.058837890625,739.7614135742188,438.0432434082031,706.11083984375,463.4600524902344,763.4288330078125,556.3667602539062,661.275146484375,574.4083251953125,797.911865234375,658.4754638671875,618.3538208007812,664.431884765625
191,6.366650466497031,594.4555053710938,415.50506591796875,592.3770751953125,405.36279296875,585.3897094726562,412.0201110839844,603.0839233398438,388.90264892578125,583.4261474609375,409.1014709472656,639.2180786132812,365.6965637207031,609.311279296875,426.8475341796875,653.5925903320312,292.34686279296875,607.6087646484375,479.6423645019531,659.0731201171875,227.2595672607422,610.5589599609375,548.777587890625,739.7257690429688,441.4622497558594,705.32861328125,466.5080261230469,762.2171630859375,558.0740966796875,655.600341796875,574.4611206054688,787.2083740234375,658.98291015625,613.2626953125,664.355712890625
192,6.399983715012723,591.1724243164062,417.36932373046875,589.1441650390625,409.0448913574219,583.8055419921875,411.4128723144531,599.8741455078125,395.7261657714844,584.5617065429688,403.17547607421875,632.868408203125,398.1241455078125,617.8424072265625,399.4381408691406,632.8845825195312,415.58099365234375,607.8072509765625,419.7239990234375,622.4834594726562,432.27081298828125,607.7155151367188,497.9326171875,737.036865234375,449.3201904296875,712.1734619140625,452.6072998046875,755.0375366210938,562.90478515625,659.9017333984375,565.2054443359375,790.1215209960938,658.8870849609375,613.3320922851562,658.2354736328125
193,6.433316963528414,592.8641967773438,420.4093017578125,590.8185424804688,410.4150390625,584.6687622070312,416.4930419921875,602.6246337890625,391.78863525390625,585.0139770507812,410.93292236328125,640.949462890625,365.0502624511719,609.9791259765625,427.5810546875,654.0206298828125,290.4947814941406,607.7632446289062,486.8600158691406,658.6870727539062,220.0509033203125,606.6181030273438,561.4503784179688,741.6266479492188,442.8732604980469,706.71240234375,467.7129211425781,763.902587890625,561.5361938476562,655.8878173828125,574.3563232421875,785.9074096679688,660.7711181640625,613.832763671875,661.317626953125
194,6.466650212044105,593.5369873046875,421.7681579589844,591.0824584960938,410.6371765136719,583.9659423828125,418.688232421875,604.83203125,389.60736083984375,584.3950805664062,414.3121643066406,643.701171875,363.3034362792969,614.262451171875,429.64837646484375,654.2998046875,281.4339904785156,606.5678100585938,493.0363464355469,657.1553955078125,200.05198669433594,608.68408203125,546.0758666992188,741.59814453125,437.1224365234375,706.9736938476562,462.2892761230469,766.11279296875,560.6231079101562,661.8060302734375,576.2212524414062,798.2894287109375,661.3902587890625,618.2223510742188,664.12939453125
195,6.499983460559797,593.5656127929688,420.6089172363281,591.0735473632812,409.4422302246094,583.861328125,417.5739440917969,604.4677124023438,389.46600341796875,583.8153076171875,414.39581298828125,643.6846313476562,363.8017883300781,613.3998413085938,431.8394775390625,654.50341796875,280.3662109375,606.5062255859375,496.5103454589844,657.4615478515625,198.29254150390625,607.7348022460938,549.5691528320312,742.6016845703125,438.974365234375,707.4041748046875,464.7349548339844,766.5070190429688,562.038818359375,661.668212890625,577.503173828125,798.326171875,662.4487915039062,618.9053344726562,664.2693481445312
196,6.533316709075487,593.8140258789062,420.2677307128906,591.2833251953125,409.1745300292969,584.2700805664062,417.1441650390625,604.3616333007812,389.3752136230469,584.376220703125,413.8293762207031,643.4300537109375,364.276123046875,613.6782836914062,431.0589904785156,654.5020141601562,280.65032958984375,606.5963134765625,493.8400573730469,658.061279296875,198.37562561035156,608.1203002929688,546.7830200195312,742.5531005859375,441.16204833984375,707.5862426757812,466.53448486328125,767.2750854492188,562.858154296875,661.4194946289062,578.4492797851562,799.4036865234375,662.7835693359375,617.50244140625,665.3948364257812
197,6.566649957591179,594.2687377929688,421.20428466796875,591.744384765625,410.7193603515625,585.6162109375,417.7320861816406,603.8975219726562,389.7629089355469,586.0211791992188,411.7538146972656,642.2045288085938,362.9485778808594,613.5488891601562,425.7828674316406,653.6914672851562,281.07965087890625,605.8421630859375,486.71002197265625,659.08544921875,202.7014923095703,607.8751831054688,545.92333984375,742.1328125,439.03863525390625,707.9522094726562,463.1196594238281,767.39501953125,562.1683349609375,660.4222412109375,577.3623046875,798.8193969726562,660.785888671875,616.2750854492188,665.4039916992188
198,6.59998320610687,593.7626342773438,420.8582763671875,591.0062866210938,410.1000671386719,584.8738403320312,417.5502624511719,603.3228149414062,389.18743896484375,585.6403198242188,412.2285461425781,642.5641479492188,362.9648742675781,614.3009033203125,426.4761047363281,654.5867309570312,279.1150207519531,605.9495239257812,485.5986328125,659.8015747070312,199.11537170410156,608.22705078125,543.7007446289062,743.0323486328125,439.9419860839844,709.187255859375,464.1886901855469,767.037353515625,562.621826171875,661.2191162109375,578.0067749023438,799.4011840820312,661.4151000976562,616.5440673828125,665.6295166015625
199,6.633316454622562,594.6442260742188,419.78961181640625,592.0087280273438,408.9420471191406,585.3790893554688,416.5197448730469,604.240234375,388.92388916015625,585.12451171875,412.2143859863281,642.7667846679688,363.8733215332031,613.6913452148438,427.6323547363281,654.4127197265625,280.84185791015625,606.4879150390625,486.8565673828125,659.3494873046875,200.1333465576172,609.8652954101562,540.7904663085938,742.9473876953125,440.5504150390625,708.3435668945312,464.97412109375,767.3206787109375,563.0790405273438,660.7545776367188,578.8173217773438,799.6006469726562,661.50146484375,616.03662109375,665.9271240234375
200,6.666649703138253,593.2953491210938,420.38031005859375,590.7333984375,409.19171142578125,583.5132446289062,417.2832336425781,604.0928955078125,388.866943359375,583.3646240234375,413.44464111328125,642.6400146484375,364.3138427734375,613.2965087890625,428.3329772949219,654.7413940429688,281.33660888671875,606.4540405273438,486.82342529296875,659.3132934570312,199.44271850585938,610.5783081054688,540.2747802734375,740.4563598632812,439.8660888671875,705.658447265625,464.3519287109375,766.3558349609375,563.0635375976562,660.7886962890625,578.7844848632812,800.6524658203125,662.7324829101562,616.5877075195312,666.3679809570312
201,6.699982951653944,593.6527099609375,421.6986083984375,591.2219848632812,410.72894287109375,584.1492919921875,418.2811279296875,604.5780639648438,389.178466796875,584.2994384765625,412.2730407714844,642.1748657226562,364.35400390625,614.4533081054688,423.8785095214844,653.8134765625,285.27740478515625,605.889892578125,479.0853271484375,659.4921264648438,211.0189208984375,608.9097290039062,541.2386474609375,739.6728515625,437.1563720703125,706.1221923828125,460.1460876464844,766.5836181640625,562.5554809570312,661.2966918945312,577.9094848632812,799.64794921875,662.22802734375,615.0323486328125,667.734619140625
202,6.733316200169635,592.4246826171875,419.6946105957031,589.8410034179688,408.577880859375,582.8040771484375,416.5255126953125,603.3795776367188,388.09307861328125,582.9957275390625,412.40228271484375,642.0704956054688,363.14373779296875,613.0801391601562,426.9835205078125,654.4829711914062,278.9229736328125,606.761474609375,484.6748046875,660.3685302734375,198.4862518310547,611.4775390625,541.32470703125,740.3480834960938,439.90411376953125,705.7343139648438,464.4745178222656,767.9659423828125,562.4735717773438,661.9881591796875,578.9331665039062,800.681396484375,662.2005004882812,616.059814453125,667.5020141601562
203,6.766649448685326,592.674072265625,419.4801330566406,590.1246948242188,407.8097839355469,582.0780639648438,416.6031494140625,604.3881225585938,387.4159240722656,581.1329345703125,413.9823913574219,642.5990600585938,363.02459716796875,612.5414428710938,429.9710693359375,654.67041015625,280.35821533203125,606.19873046875,491.6830749511719,660.7818603515625,195.02166748046875,612.941650390625,542.7993774414062,740.4077758789062,437.4496765136719,705.1063232421875,463.422607421875,766.8494262695312,561.0161743164062,663.238037109375,579.1759643554688,801.4230346679688,661.9124145507812,618.5325927734375,667.135009765625
204,6.799982697201018,592.720947265625,419.4600524902344,590.0416870117188,407.67626953125,582.1875,416.5185241699219,604.23583984375,387.248779296875,581.64501953125,413.95745849609375,642.65380859375,363.3608703613281,613.1768798828125,430.0523986816406,654.1998901367188,281.53912353515625,606.9176635742188,491.75848388671875,660.2640380859375,196.67088317871094,612.8472900390625,541.6881103515625,740.0557861328125,439.3880310058594,705.0438232421875,465.07525634765625,766.7623291015625,561.7666015625,662.8492431640625,578.6295166015625,802.70947265625,664.8431396484375,618.423828125,667.623779296875
205,6.833315945716709,592.3119506835938,418.434326171875,589.4409790039062,406.28411865234375,581.1781005859375,415.8532409667969,603.8336791992188,386.27642822265625,580.407958984375,414.8158264160156,642.5841674804688,363.2227478027344,613.7186889648438,431.7333984375,654.5004272460938,282.3327941894531,606.526611328125,493.809814453125,661.0882568359375,198.6374053955078,611.989501953125,542.549560546875,740.2584228515625,437.79132080078125,705.576171875,464.3147888183594,766.7328491210938,560.5143432617188,663.9963989257812,578.7650756835938,803.7981567382812,663.793701171875,618.22607421875,666.9669799804688
206,6.866649194232401,590.6802368164062,418.2515869140625,587.83642578125,406.2893981933594,579.962890625,415.59686279296875,602.310791015625,386.3433532714844,579.9638061523438,414.3301086425781,642.3322143554688,362.7318420410156,613.209716796875,432.01873779296875,655.2588500976562,280.5390930175781,606.2711181640625,494.8466491699219,662.6979370117188,198.99533081054688,610.6032104492188,544.4691162109375,741.4398193359375,438.1479187011719,706.9049072265625,464.71405029296875,766.2628784179688,561.3251953125,663.8843383789062,578.735107421875,801.5297241210938,664.42822265625,618.76708984375,666.408935546875
207,6.899982442748092,591.65087890625,419.2886962890625,588.770263671875,407.3074035644531,581.02099609375,416.6036682128906,603.2626953125,386.253173828125,581.118408203125,414.2810974121094,642.9677124023438,361.473388671875,613.9855346679688,430.62408447265625,655.6967163085938,280.2168884277344,606.74462890625,494.1865234375,663.5979614257812,199.70367431640625,610.6737060546875,544.9561767578125,740.5088500976562,436.3330078125,706.2596435546875,462.7727966308594,764.8640747070312,559.9970703125,663.345458984375,577.1103515625,800.5977172851562,663.4395751953125,618.962890625,664.9057006835938
208,6.9333156912637826,591.21826171875,418.060546875,588.2686157226562,406.2044677734375,580.6915893554688,415.3597717285156,602.395263671875,386.12188720703125,580.5663452148438,413.6866760253906,642.6112060546875,362.3492126464844,612.9453125,430.3811340332031,656.8361206054688,280.8181457519531,606.6982421875,492.0561828613281,665.0239868164062,200.71116638183594,612.6956176757812,541.762451171875,740.6649780273438,437.1731872558594,705.9096069335938,463.14739990234375,765.0352783203125,560.7388916015625,662.6834106445312,577.0143432617188,801.4598999023438,664.1217041015625,619.0697631835938,664.4562377929688
209,6.966648939779474,590.3746948242188,418.7361755371094,587.4075927734375,407.05950927734375,580.378662109375,415.9817199707031,601.6689453125,386.69561767578125,581.4168701171875,413.7213439941406,642.6235961914062,362.1966247558594,613.4793701171875,430.295654296875,657.5140991210938,278.9012451171875,606.749755859375,491.8265075683594,665.5792846679688,198.22874450683594,612.1032104492188,542.5496215820312,740.7772827148438,437.38336181640625,706.5753784179688,463.2515869140625,765.4683837890625,560.553955078125,663.3328857421875,576.6430053710938,800.5368041992188,663.0516357421875,619.2056274414062,663.8363647460938
210,6.999982188295165,589.5930786132812,417.93414306640625,587.0157470703125,406.5328063964844,579.686279296875,415.0542907714844,601.7620849609375,386.1285095214844,580.3786010742188,412.0803527832031,641.8994750976562,361.2617492675781,612.16845703125,427.2691955566406,657.7012939453125,277.60699462890625,606.5657348632812,486.6209411621094,665.861572265625,198.5404510498047,613.1461181640625,539.7417602539062,738.8854370117188,435.54547119140625,704.1820678710938,460.6301574707031,764.5858764648438,559.80908203125,661.559814453125,575.5006103515625,799.8544311523438,663.22216796875,618.572265625,664.7160034179688
211,7.033315436810857,589.3930053710938,417.82427978515625,587.1212158203125,406.7125549316406,580.0388793945312,414.8351745605469,602.2164306640625,386.54888916015625,581.4580688476562,411.4776611328125,642.6220703125,361.4280090332031,611.7218017578125,427.33355712890625,657.4435424804688,278.3340148925781,606.3191528320312,488.35223388671875,665.23291015625,200.00535583496094,612.5516967773438,542.329345703125,738.7334594726562,438.32769775390625,703.4014892578125,463.3183288574219,764.105712890625,559.3048095703125,660.4304809570312,574.7503662109375,797.3580322265625,661.9058837890625,618.7056274414062,663.922607421875
212,7.066648685326548,589.599365234375,417.91058349609375,587.5020751953125,406.7018737792969,579.96533203125,414.8916931152344,602.8734741210938,386.3635559082031,580.8447265625,411.3969421386719,642.777587890625,361.2189025878906,612.048583984375,427.0301208496094,658.09228515625,278.1598205566406,606.7869262695312,487.65728759765625,665.5692138671875,199.9147186279297,612.5841064453125,542.6910400390625,739.8037109375,435.9484558105469,704.6092529296875,461.0526123046875,764.4327392578125,559.3016357421875,661.550537109375,575.7362670898438,797.8717041015625,661.8855590820312,620.035888671875,665.720947265625
213,7.09998193384224,588.9257202148438,417.8787536621094,587.0770263671875,407.0000915527344,579.7020263671875,414.64508056640625,602.4624633789062,386.4812316894531,580.9578857421875,410.02459716796875,642.1320190429688,361.0863342285156,612.0496826171875,424.6487121582031,658.0311889648438,278.0262756347656,606.3334350585938,483.1706848144531,665.9171142578125,202.66416931152344,610.8821411132812,543.3356323242188,740.0956420898438,436.0531921386719,705.3876953125,460.4078369140625,764.7930297851562,559.1297607421875,661.2901611328125,575.7693481445312,796.5942993164062,661.0971069335938,618.977783203125,667.317138671875
214,7.13331518235793,591.8451538085938,416.8204650878906,589.8635864257812,405.6702575683594,581.8150634765625,413.8380126953125,604.324462890625,386.6501159667969,581.0641479492188,411.53955078125,642.9962158203125,362.8272399902344,611.4642333984375,428.7591552734375,658.704833984375,280.2518310546875,606.9013061523438,489.7373352050781,666.1967163085938,201.26116943359375,611.6947631835938,543.3013916015625,738.967041015625,437.4020690917969,703.273681640625,462.5159606933594,762.5162963867188,559.5156860351562,659.655517578125,575.4474487304688,796.8596801757812,661.2989501953125,620.0368041992188,663.8670043945312
215,7.166648430873622,594.4572143554688,414.5226745605469,592.2413940429688,402.7911376953125,583.176513671875,411.8173522949219,606.055908203125,385.1360168457031,580.3164672851562,412.1288757324219,644.3757934570312,364.0462646484375,611.4107055664062,431.7735900878906,659.733642578125,281.3646545410156,606.7681884765625,492.1834716796875,670.056396484375,201.4617919921875,610.9686279296875,543.3702392578125,740.06298828125,440.68157958984375,703.5385131835938,466.5126953125,761.5596313476562,560.0551147460938,659.9579467773438,575.6383056640625,798.1133422851562,661.9999389648438,621.7487182617188,661.660888671875
216,7.199981679389313,595.080078125,416.4136657714844,593.205078125,405.3410339355469,584.607421875,413.2705078125,606.6808471679688,386.30145263671875,581.6671752929688,410.67156982421875,644.1239013671875,362.1064147949219,610.8926391601562,428.17333984375,659.20849609375,278.55047607421875,607.1720581054688,489.16680908203125,669.3097534179688,199.2715606689453,611.6910400390625,542.8030395507812,741.1380004882812,438.86102294921875,704.3760986328125,464.11505126953125,762.6470336914062,560.4153442382812,659.0337524414062,576.0186157226562,796.7264404296875,661.4889526367188,621.0740356445312,663.3831787109375
217,7.233314927905004,598.0665893554688,416.1454162597656,596.1256713867188,404.7772216796875,586.760009765625,413.19580078125,609.0611572265625,386.3077392578125,581.8657836914062,411.8000183105469,644.6000366210938,363.3528137207031,611.4784545898438,429.3156433105469,659.5910034179688,280.8993225097656,607.7057495117188,488.5221252441406,671.1741943359375,201.70468139648438,612.6490478515625,540.346923828125,740.0048828125,437.699462890625,703.201171875,463.177978515625,761.6029052734375,560.4095458984375,658.7857666015625,576.9009399414062,798.3284912109375,660.2959594726562,620.9888916015625,662.4105834960938
218,7.266648176420696,595.9049072265625,415.0660705566406,594.1649169921875,403.2474670410156,584.0736694335938,412.271484375,608.8812255859375,385.2066345214844,580.4923706054688,412.2071533203125,645.4895629882812,364.4437561035156,612.5079956054688,430.570068359375,660.6831665039062,284.6451721191406,606.5142822265625,492.07183837890625,674.2238159179688,201.93618774414062,610.73046875,545.5358276367188,739.4835205078125,438.252197265625,702.7391357421875,463.6219482421875,761.1348876953125,558.970458984375,658.7303466796875,574.8680419921875,798.507568359375,659.84033203125,618.9598388671875,660.481201171875
219,7.299981424936387,595.2561645507812,413.2075500488281,593.5497436523438,401.2502746582031,582.9833374023438,410.4718322753906,608.2913208007812,383.87750244140625,578.7393188476562,411.3525390625,644.7591552734375,364.47430419921875,611.6867065429688,430.478759765625,659.9235229492188,284.2346496582031,606.461181640625,489.6536865234375,674.4646606445312,201.80812072753906,612.8978881835938,538.5155029296875,739.9776611328125,439.65521240234375,702.9327392578125,465.1302795410156,762.7030639648438,559.6270141601562,659.8002319335938,575.9044799804688,800.3792724609375,661.531005859375,619.164306640625,662.2233276367188
220,7.333314673452078,594.1065673828125,411.5218505859375,592.21728515625,399.14312744140625,581.4149780273438,409.1021728515625,607.361328125,382.338134765625,577.66357421875,411.74261474609375,645.1542358398438,363.73223876953125,611.9637451171875,432.8681335449219,660.2840576171875,282.3325500488281,605.2122802734375,493.2179260253906,676.179931640625,201.391845703125,611.0975341796875,541.6339721679688,740.908203125,440.0079650878906,703.8544311523438,466.6734619140625,763.4254760742188,558.6604614257812,660.9649047851562,575.9713745117188,800.2931518554688,661.9323120117188,618.3889770507812,662.362548828125
221,7.366647921967769,595.0487060546875,412.3769226074219,593.16650390625,400.21826171875,582.7667846679688,409.7244873046875,607.8109130859375,383.0504455566406,578.8997802734375,411.3164978027344,645.275390625,363.65179443359375,611.8760986328125,432.1753845214844,661.5322875976562,282.0430908203125,605.39111328125,493.3237609863281,677.42822265625,200.4473419189453,610.2849731445312,543.9381103515625,741.073486328125,440.5009765625,704.103759765625,467.0450744628906,763.4254150390625,558.306640625,661.0135498046875,576.25927734375,798.5751342773438,660.9022216796875,618.5220336914062,663.4824829101562
222,7.399981170483461,596.6177978515625,414.1077575683594,594.527587890625,402.1779479980469,584.84716796875,411.0963439941406,608.1832885742188,384.3239440917969,580.7801513671875,411.2795104980469,645.4066772460938,363.0892639160156,612.1052856445312,431.9544372558594,661.632080078125,282.3511047363281,604.7501220703125,498.55706787109375,677.478271484375,198.05126953125,606.4112548828125,555.3934936523438,742.834716796875,437.98883056640625,706.19189453125,464.60626220703125,763.3561401367188,557.8443603515625,661.32421875,575.1970825195312,796.3125610351562,660.3076782226562,619.1160888671875,662.778076171875
223,7.433314418999152,592.7100830078125,416.6922302246094,591.0950317382812,404.6872253417969,581.5481567382812,413.4848327636719,606.99365234375,385.4305725097656,580.3632202148438,412.1242980957031,645.7850952148438,363.1951904296875,612.7149658203125,432.2605895996094,661.1875,281.0287780761719,605.1251220703125,498.82427978515625,676.46435546875,196.67967224121094,606.8237915039062,556.4712524414062,742.457763671875,441.37677001953125,706.0879516601562,467.8978576660156,763.926025390625,557.6925659179688,661.2417602539062,575.2908325195312,794.8070678710938,659.1206665039062,617.8626708984375,662.951416015625
224,7.466647667514843,593.2667236328125,418.3985900878906,591.6193237304688,406.2613525390625,581.9593505859375,415.1601867675781,607.598388671875,387.0307312011719,580.5341796875,414.0287780761719,646.8135986328125,364.5947570800781,613.1365356445312,435.4150695800781,661.3849487304688,283.6771240234375,604.6349487304688,505.8644714355469,673.286865234375,198.6495819091797,602.2901000976562,570.7589111328125,745.3043823242188,440.4334716796875,708.7088623046875,467.8267517089844,765.6180419921875,556.4198608398438,663.6932983398438,575.3724365234375,794.8543090820312,656.643310546875,620.2633666992188,662.6669921875
225,7.499980916030535,597.3089599609375,419.5710144042969,595.659423828125,406.3680725097656,584.154541015625,416.7258605957031,611.739013671875,385.7768249511719,580.0467529296875,416.5003967285156,648.9624633789062,363.5873718261719,613.6844482421875,438.52423095703125,660.2081909179688,284.0011291503906,602.4830322265625,510.7008972167969,671.9290771484375,201.56265258789062,599.9677734375,578.0022583007812,744.3872680664062,438.5212707519531,706.9100341796875,468.0828552246094,765.1162109375,553.1521606445312,665.4886474609375,575.536865234375,796.271484375,655.1171875,621.67822265625,663.2847900390625
226,7.533314164546225,593.168212890625,422.24090576171875,592.4632568359375,411.74786376953125,584.0057983398438,417.8194274902344,609.2264404296875,390.2298889160156,585.301513671875,409.2947692871094,646.0499877929688,369.5088806152344,616.2235717773438,419.2147521972656,656.2669067382812,308.3304443359375,605.5582885742188,476.43695068359375,662.550048828125,243.75509643554688,602.7569580078125,555.5989990234375,741.8848266601562,438.89459228515625,707.9020385742188,458.6041259765625,766.4130859375,555.3866577148438,663.8602294921875,569.6223754882812,793.451416015625,651.2337646484375,618.6240234375,660.9547729492188
227,7.566647413061917,593.63720703125,422.47314453125,592.8482055664062,412.0320739746094,584.6295776367188,418.1713562011719,609.57666015625,390.32171630859375,586.1932373046875,409.8479309082031,646.6323852539062,367.5061340332031,616.3868408203125,420.3740234375,657.9619140625,298.0274353027344,605.9629516601562,477.878662109375,665.6300048828125,226.4722137451172,603.89306640625,553.5903930664062,741.3404541015625,439.260498046875,707.04443359375,459.8117370605469,767.134033203125,555.9551391601562,663.6571655273438,569.9563598632812,793.6875,652.5315551757812,618.0762329101562,660.9349975585938
228,7.599980661577608,589.590576171875,427.0301208496094,589.5665893554688,418.5511474609375,583.388427734375,420.62066650390625,607.8672485351562,397.2392272949219,588.9903564453125,403.2416687011719,644.3997192382812,397.20526123046875,620.4893798828125,395.04327392578125,639.894775390625,437.01116943359375,605.6292724609375,436.4127197265625,625.1420288085938,453.650390625,605.567138671875,515.6278076171875,743.9009399414062,451.71893310546875,713.1989135742188,453.774169921875,767.141845703125,561.5067138671875,665.4654541015625,564.4053955078125,803.3536376953125,654.458984375,620.6143798828125,659.7303466796875
229,7.6333139100933,594.41845703125,430.71832275390625,592.9520263671875,419.9107971191406,587.32666015625,422.62371826171875,606.9666137695312,397.6717834472656,588.1312255859375,408.1398620605469,648.8846435546875,380.9603576660156,620.155517578125,414.3620910644531,683.5147705078125,340.8965759277344,619.0037231445312,458.232177734375,687.5709228515625,288.979248046875,600.3771362304688,538.9937133789062,738.8646240234375,450.5805358886719,708.4949951171875,463.1130676269531,769.7921142578125,561.2196655273438,664.155517578125,563.2207641601562,790.3466186523438,659.3297729492188,617.4962768554688,657.4602661132812
230,7.666647158608991,590.0198364257812,433.5556335449219,588.5264282226562,424.3764953613281,583.5872802734375,428.20294189453125,604.8446044921875,400.917236328125,590.9197387695312,411.7739562988281,644.890380859375,398.5250549316406,624.3368530273438,407.4217834472656,637.8571166992188,437.9745178222656,609.1918334960938,458.180419921875,611.8894653320312,469.4767761230469,602.8485717773438,539.631591796875,744.3120727539062,460.18505859375,716.345458984375,466.044921875,765.6350708007812,563.94189453125,667.5556030273438,571.5457763671875,802.5235595703125,657.9407348632812,620.9378662109375,665.0465698242188
231,7.699980407124682,592.3892822265625,432.91827392578125,590.6544799804688,422.7132263183594,584.7192993164062,429.0291442871094,606.8319091796875,396.5933532714844,590.2267456054688,416.00103759765625,648.0404052734375,376.2965087890625,622.6893310546875,421.4723205566406,649.3738403320312,347.3511962890625,608.8545532226562,490.4657897949219,630.3556518554688,312.1959533691406,599.8563232421875,567.6934204101562,743.4405517578125,446.8100280761719,712.4560546875,464.39642333984375,767.3605346679688,557.572265625,666.84619140625,572.4620971679688,800.46923828125,653.8248901367188,621.17333984375,665.2117919921875
232,7.733313655640373,593.2764282226562,432.34649658203125,592.5604248046875,422.4526062011719,584.8121337890625,427.2320251464844,610.1460571289062,399.00970458984375,588.6613159179688,411.9142150878906,647.7252197265625,398.2527770996094,625.2694702148438,405.916259765625,641.3547973632812,435.9554443359375,614.7759399414062,442.36224365234375,616.4376831054688,469.26483154296875,613.7802734375,505.2414855957031,744.6897583007812,458.27239990234375,715.0224609375,464.14105224609375,766.2572021484375,561.2869873046875,668.3195190429688,570.9611206054688,804.2921142578125,656.7402954101562,622.40771484375,665.6644897460938
233,7.766646904156064,592.1049194335938,433.7417297363281,591.8633422851562,424.4300842285156,583.9295654296875,428.07672119140625,610.893798828125,401.5263977050781,589.0859985351562,410.2275695800781,647.250732421875,407.42987060546875,628.9299926757812,392.0384521484375,642.3524780273438,469.3988037109375,623.6609497070312,389.5832214355469,621.296142578125,522.307861328125,632.3146362304688,412.5592956542969,742.2803344726562,458.87359619140625,714.8982543945312,457.49420166015625,764.373046875,564.4276123046875,669.95556640625,569.8926391601562,803.080078125,659.4821166992188,623.9423828125,664.2643432617188
234,7.799980152671756,593.8380126953125,434.9217529296875,593.221923828125,424.2690734863281,584.2216796875,430.0439453125,612.7284545898438,399.93890380859375,587.3416137695312,415.79449462890625,653.5890502929688,397.4634094238281,624.7899169921875,410.79144287109375,664.0782470703125,425.28436279296875,613.8222045898438,453.40887451171875,654.3460083007812,449.2252197265625,611.7576293945312,521.67724609375,743.3048706054688,452.4468688964844,711.7330322265625,459.1670227050781,761.5632934570312,559.5786743164062,667.5174560546875,567.2734985351562,798.7937622070312,656.4275512695312,625.46923828125,660.337646484375
235,7.833313401187447,591.6298828125,434.6457214355469,592.12646484375,425.4991455078125,583.3865356445312,428.1142272949219,612.7067260742188,403.8872985839844,587.9210815429688,409.7169494628906,651.0709228515625,415.6672668457031,627.3248291015625,390.7872619628906,660.7274780273438,497.6374816894531,623.8889770507812,393.1247253417969,650.3056030273438,573.6236572265625,629.2841796875,424.760009765625,740.424560546875,459.1853332519531,711.4462890625,453.3919982910156,758.822509765625,564.1512451171875,667.4041748046875,563.3668212890625,796.5819091796875,658.1316528320312,627.9964599609375,655.1300659179688
236,7.866646649703139,591.0274047851562,433.92572021484375,591.7587890625,425.3308410644531,583.1640014648438,427.5660095214844,612.2114868164062,402.9105224609375,587.4033203125,407.5185852050781,652.094970703125,412.5163269042969,626.4066162109375,382.04150390625,661.1400146484375,493.46929931640625,627.8148803710938,357.175537109375,643.083740234375,562.1544799804688,643.0511474609375,347.4345397949219,742.3780517578125,458.5770263671875,710.9724731445312,451.5108642578125,760.8786010742188,565.4786376953125,665.60107421875,566.0726318359375,797.4453125,661.5747680664062,626.42919921875,660.6769409179688
237,7.899979898218829,591.8838500976562,434.43353271484375,592.4957885742188,425.87176513671875,584.1337280273438,428.43646240234375,612.7772827148438,402.32989501953125,588.4818115234375,407.92913818359375,652.4674682617188,408.1626281738281,626.6513671875,381.3536682128906,653.6661376953125,478.9053039550781,627.35791015625,350.74737548828125,626.4646606445312,536.0079956054688,644.858642578125,337.1307067871094,744.1029663085938,458.6474914550781,711.6712646484375,453.1882629394531,762.6449584960938,565.3571166992188,665.1875,567.6480102539062,799.9651489257812,663.7255859375,625.1755981445312,664.7113037109375
238,7.933313146734521,587.9108276367188,433.7715759277344,589.1383666992188,427.050537109375,582.387939453125,426.54791259765625,609.7264404296875,405.0477294921875,589.2393798828125,401.7715759277344,648.2980346679688,414.0229797363281,627.142578125,362.38983154296875,650.0399169921875,495.5329284667969,631.4962158203125,286.75665283203125,623.1915893554688,551.8468017578125,651.6908569335938,231.58602905273438,744.3678588867188,459.84716796875,713.900634765625,446.4183654785156,764.1741943359375,569.8701171875,664.9024047851562,566.7144165039062,799.9138793945312,663.1136474609375,624.2427368164062,661.816650390625
239,7.966646395250212,589.4541625976562,433.5528869628906,589.8046264648438,425.4596252441406,583.4830322265625,424.6861572265625,609.145751953125,406.7715148925781,588.1456298828125,404.04962158203125,648.1199340820312,423.49127197265625,631.1549682617188,368.7931213378906,648.4603271484375,490.8590393066406,637.4301147460938,291.37542724609375,614.4010009765625,561.2843017578125,660.6890869140625,211.0105438232422,738.9328002929688,467.1048583984375,711.518798828125,448.92266845703125,759.2764892578125,568.5855102539062,669.410888671875,560.0645141601562,785.7760009765625,662.8983154296875,621.6868896484375,656.0914916992188
240,7.999979643765903,590.1689453125,432.1664123535156,591.1315307617188,423.8581848144531,583.8699340820312,423.0268249511719,610.1461181640625,405.84075927734375,587.8638305664062,402.6379089355469,644.7005004882812,424.0525817871094,631.7032470703125,367.1562805175781,637.6455688476562,495.7409973144531,638.8407592773438,288.93896484375,603.900634765625,571.7919311523438,658.1207275390625,205.5514678955078,734.1558837890625,465.282470703125,708.4436645507812,446.64202880859375,759.2431030273438,571.294677734375,668.5296630859375,562.6728515625,789.0313720703125,661.39013671875,621.5955200195312,655.5804443359375
241,8.033312892281595,589.9088134765625,430.94256591796875,590.9620971679688,423.03387451171875,584.1338500976562,422.5826110839844,609.90283203125,404.767578125,588.8313598632812,402.37921142578125,644.2316284179688,417.24774169921875,631.2157592773438,368.5296936035156,639.401123046875,473.2908020019531,640.5802001953125,289.62432861328125,605.2228393554688,538.7980346679688,659.8263549804688,209.51919555664062,733.9136962890625,464.62261962890625,707.8082275390625,449.4588928222656,759.5695190429688,570.6576538085938,665.4737548828125,566.251708984375,788.1203002929688,657.6925048828125,618.9025268554688,657.224853515625
242,8.066646140797285,590.040771484375,428.30963134765625,591.4556274414062,420.3042297363281,584.0462646484375,420.58343505859375,610.6624755859375,402.7439880371094,588.7359008789062,402.4393615722656,644.4208984375,410.63812255859375,629.9976196289062,373.8554992675781,641.4497680664062,448.5784912109375,641.1986083984375,303.6897277832031,610.885498046875,493.82904052734375,659.3523559570312,228.05899047851562,732.262939453125,462.6152038574219,705.126953125,451.6071472167969,759.3880004882812,571.1366577148438,661.5526733398438,568.3917236328125,788.136962890625,657.4894409179688,615.8247680664062,657.5347900390625
243,8.099979389312978,589.6005249023438,427.594970703125,590.9191284179688,419.458984375,583.2400512695312,419.85369873046875,610.0530395507812,402.6419982910156,587.5243530273438,402.1259765625,644.5050659179688,414.2376708984375,630.3250732421875,371.35345458984375,640.68505859375,457.3922119140625,642.4190063476562,289.8824462890625,608.1109008789062,506.5389099121094,660.9789428710938,211.1141815185547,733.8236694335938,469.5020751953125,706.1663818359375,456.6324157714844,758.9026489257812,574.4019165039062,659.8828735351562,571.8300170898438,791.1346435546875,657.3278198242188,614.4472045898438,658.7211303710938
244,8.133312637828668,590.0420532226562,426.4727478027344,591.0433959960938,418.38885498046875,583.790283203125,418.7947692871094,609.6635131835938,401.3566589355469,588.40283203125,400.76788330078125,643.6213989257812,413.9320373535156,631.420654296875,369.1659851074219,638.2754516601562,460.47161865234375,642.4698486328125,287.0841369628906,607.2319946289062,510.88397216796875,661.9185180664062,209.18841552734375,733.8629150390625,470.6671142578125,707.3660888671875,457.4571533203125,759.4244384765625,575.4228515625,661.6439208984375,573.6243896484375,791.6619262695312,657.2003784179688,614.3074340820312,660.25732421875
245,8.16664588634436,590.119873046875,427.80023193359375,591.3220825195312,419.4891357421875,582.4266967773438,421.5399169921875,611.1307373046875,397.4331970214844,586.42431640625,400.3978576660156,647.2142944335938,406.1995849609375,624.3650512695312,368.5689697265625,638.864013671875,474.08245849609375,634.3782958984375,300.9984436035156,610.1417236328125,516.3612060546875,658.2197875976562,249.9464569091797,740.0873413085938,466.6135559082031,707.464599609375,459.1174621582031,761.8607177734375,572.1204833984375,660.1630249023438,575.4309692382812,802.576171875,660.9151611328125,622.0574340820312,666.159912109375
246,8.199979134860051,588.9756469726562,428.0735168457031,590.3499145507812,419.0669250488281,580.270751953125,422.1526794433594,611.33544921875,396.7488098144531,583.2673950195312,402.84454345703125,649.03466796875,405.4112243652344,622.1875,374.9534606933594,637.5439453125,472.1449279785156,631.4761962890625,318.6041259765625,602.8750610351562,517.6486206054688,658.134765625,275.0312805175781,741.291259765625,465.81951904296875,705.9244995117188,460.5084228515625,762.7493896484375,571.8873901367188,659.4440307617188,576.6151733398438,802.5919189453125,662.02197265625,620.8512573242188,666.93408203125
247,8.233312383375742,590.6246337890625,428.8114929199219,592.1865234375,419.9006042480469,581.8187866210938,422.544677734375,613.3863525390625,397.27178955078125,584.4431762695312,401.9903869628906,650.4321899414062,407.2125549316406,623.087158203125,370.3048400878906,636.9111938476562,478.50347900390625,632.6222534179688,302.3147277832031,602.4437255859375,526.3478393554688,660.0997314453125,249.8844757080078,742.3004150390625,467.1806640625,706.3822631835938,459.8011779785156,764.264404296875,573.1245727539062,660.4091186523438,575.9483032226562,803.698974609375,662.4844360351562,621.55517578125,665.6831665039062
248,8.266645631891434,593.1431274414062,429.224609375,594.3662109375,419.2841491699219,583.2689819335938,424.05047607421875,615.3905029296875,394.8039855957031,584.0882568359375,406.98516845703125,653.7978515625,392.86181640625,619.3063354492188,391.3614196777344,645.6703491210938,421.5945129394531,618.8143310546875,386.34619140625,618.5021362304688,434.4136047363281,634.9218139648438,395.2131652832031,743.1315307617188,459.25238037109375,704.2471923828125,462.05889892578125,764.0821533203125,569.3826293945312,657.5466918945312,575.9877319335938,802.2737426757812,658.9376831054688,619.1748046875,664.8540649414062
249,8.299978880407124,593.228271484375,428.71832275390625,594.5423583984375,418.5168762207031,583.4616088867188,423.4294128417969,615.8262329101562,393.1979675292969,584.1627197265625,407.184326171875,656.30859375,385.47930908203125,615.92529296875,401.4629211425781,658.1492919921875,392.1305236816406,609.0724487304688,435.95062255859375,640.5994873046875,382.00921630859375,614.54736328125,485.1314392089844,743.2907104492188,456.71759033203125,702.439453125,463.98052978515625,763.7880859375,567.8851928710938,656.2454223632812,574.1714477539062,798.9048461914062,658.1661987304688,619.3236083984375,663.62939453125
250,8.333312128922817,592.4789428710938,425.8513488769531,592.4095458984375,413.84375,581.238525390625,421.54229736328125,613.3973999023438,389.3980712890625,582.9363403320312,411.9337463378906,653.8887329101562,374.00830078125,618.5515747070312,417.8268737792969,660.287109375,328.4859924316406,605.9510498046875,465.36285400390625,657.7721557617188,280.6061096191406,602.993408203125,542.053955078125,743.75830078125,449.504638671875,706.4525756835938,466.5547180175781,764.0643310546875,563.8815307617188,659.8094482421875,575.83447265625,797.025146484375,660.5554809570312,616.1296997070312,666.0805053710938
251,8.366645377438507,594.0247802734375,425.8485412597656,594.6464233398438,415.1046447753906,583.6744995117188,420.2327880859375,614.6784057617188,391.48516845703125,583.9652099609375,405.6921081542969,652.3784790039062,390.33026123046875,619.945068359375,401.2699890136719,652.9786987304688,416.6778259277344,611.2490844726562,440.6261901855469,643.0110473632812,422.2368469238281,616.5380249023438,496.66851806640625,744.4951782226562,452.0467529296875,708.8208618164062,458.4615783691406,762.4667358398438,562.63916015625,661.9686889648438,569.5114135742188,800.101806640625,658.8972778320312,620.939453125,663.15576171875
252,8.399978625954198,594.0218505859375,425.8559875488281,594.6353759765625,415.1094665527344,583.6759033203125,420.2447814941406,614.667236328125,391.509521484375,583.9932250976562,405.726806640625,652.3985595703125,390.4191589355469,619.986572265625,401.29925537109375,652.9923706054688,416.8406677246094,611.2450561523438,440.56817626953125,642.9194946289062,422.31292724609375,616.5638427734375,496.4754638671875,744.5293579101562,452.17425537109375,708.8646850585938,458.5664367675781,762.4566650390625,562.6215209960938,661.957275390625,569.5097045898438,800.111572265625,658.9048461914062,620.880126953125,663.2017822265625
253,8.43331187446989,590.8211059570312,424.3646240234375,591.43798828125,414.1849365234375,581.2905883789062,418.6632080078125,611.7448120117188,391.980712890625,584.8690795898438,401.953857421875,646.3208618164062,400.6094055175781,627.989990234375,379.1773986816406,631.132080078125,460.49859619140625,635.7310791015625,338.22979736328125,607.6982421875,497.7195129394531,661.2293090820312,302.838134765625,740.0146484375,461.7830505371094,710.0309448242188,459.74346923828125,760.8090209960938,565.1075439453125,662.9141845703125,571.8493041992188,803.1337280273438,661.284912109375,619.6731567382812,665.280029296875
254,8.46664512298558,593.7512817382812,422.75225830078125,593.0196533203125,410.4220886230469,582.1822509765625,417.832763671875,612.2547607421875,386.7520446777344,583.6322021484375,407.02667236328125,649.9345703125,387.912353515625,624.7101440429688,408.909912109375,641.2042846679688,411.3067932128906,611.6201782226562,460.8130798339844,628.7313232421875,416.427734375,609.0755004882812,530.340576171875,745.2756958007812,456.3583068847656,713.7332153320312,466.45587158203125,761.334228515625,562.6537475585938,664.1519775390625,572.9613037109375,803.1331176757812,660.2105712890625,617.196044921875,664.6363525390625
255,8.499978371501273,597.7759399414062,421.6007080078125,596.4918212890625,408.5449523925781,584.8453979492188,417.033447265625,613.7123413085938,385.7932434082031,583.1751708984375,409.6488037109375,648.546142578125,380.3405456542969,623.2183837890625,416.44671630859375,646.1943969726562,368.229248046875,606.5384521484375,469.20684814453125,646.930419921875,345.3584289550781,599.8225708007812,557.609375,744.7731323242188,446.8375244140625,713.6610717773438,462.9287414550781,759.01953125,559.3314208984375,663.4520263671875,574.153564453125,798.2272338867188,660.1621704101562,614.9844970703125,667.311279296875
256,8.533311620016963,594.457763671875,420.1889953613281,593.6097412109375,408.9263000488281,583.7138671875,415.05523681640625,610.4255981445312,387.26849365234375,583.8967895507812,403.12896728515625,645.3276977539062,390.4957580566406,624.3285522460938,397.3690490722656,638.6591796875,420.50189208984375,622.1415405273438,416.4021911621094,624.8894653320312,427.6277770996094,634.589111328125,441.67523193359375,742.6503295898438,456.9992370605469,712.6417846679688,463.24066162109375,760.4979858398438,563.8026733398438,663.7311401367188,573.8193359375,803.0791625976562,661.5042724609375,618.185546875,667.1859741210938
257,8.566644868532656,597.7630615234375,419.3003845214844,596.2380981445312,405.8171691894531,584.5874633789062,415.92822265625,613.2633666992188,382.9383850097656,582.751708984375,411.95196533203125,649.9306640625,365.93505859375,621.2380981445312,425.58892822265625,659.5459594726562,300.27557373046875,608.2030029296875,480.50201416015625,670.92236328125,231.0460205078125,606.2689819335938,543.4458618164062,743.6444702148438,445.0517578125,710.3848876953125,468.7701416015625,762.7056274414062,557.5399169921875,665.2268676757812,577.8330688476562,796.210205078125,659.89453125,615.7062377929688,670.2721557617188
258,8.599978117048346,596.62841796875,419.67340087890625,595.2513427734375,406.2262878417969,583.4232177734375,415.7607421875,613.0435791015625,384.3561706542969,582.507080078125,411.09564208984375,647.9755249023438,375.69476318359375,624.4030151367188,419.9379577636719,651.3668823242188,337.7705383300781,608.851318359375,466.1064453125,659.5665893554688,289.3973083496094,607.645263671875,529.3776245117188,743.432861328125,446.9907531738281,713.2391967773438,465.61468505859375,761.529052734375,559.2744750976562,667.1930541992188,576.6884155273438,798.2649536132812,662.7955932617188,614.990966796875,672.0234375
259,8.633311365564037,593.7249145507812,421.383544921875,593.964111328125,411.3542785644531,583.8271484375,415.547607421875,612.1233520507812,390.7283630371094,585.2572631835938,400.0582275390625,642.9174194335938,400.78582763671875,628.3447875976562,378.86651611328125,626.4385375976562,462.21038818359375,637.35693359375,342.2673645019531,608.2230834960938,496.434814453125,667.9979248046875,309.804931640625,739.7835083007812,457.55804443359375,711.7532348632812,455.9666442871094,762.5309448242188,565.7865600585938,666.6046142578125,573.5396728515625,804.1146850585938,662.958251953125,619.6900024414062,668.169921875
260,8.666644614079729,593.318115234375,421.7889709472656,593.1239013671875,411.6642150878906,583.0081787109375,415.67742919921875,611.2332763671875,391.3729248046875,584.3370971679688,399.5159606933594,640.5631713867188,407.2136535644531,630.5875854492188,372.21197509765625,620.4819946289062,488.347900390625,641.4823608398438,320.1031188964844,599.5750732421875,541.03564453125,676.178955078125,279.1617736816406,739.111328125,457.8946533203125,713.3093872070312,452.3711853027344,761.78173828125,566.468994140625,669.1172485351562,572.8477783203125,805.8885498046875,663.957763671875,619.3972778320312,667.394775390625
261,8.69997786259542,592.8219604492188,421.09844970703125,592.4418334960938,411.56768798828125,583.2217407226562,414.9115295410156,609.6216430664062,391.9593505859375,584.902099609375,397.95440673828125,638.3605346679688,407.62957763671875,630.8819580078125,366.7707214355469,621.549560546875,484.80841064453125,645.8265380859375,294.76165771484375,602.7767944335938,536.3715209960938,683.2360229492188,242.9439239501953,737.9627685546875,459.8518371582031,713.4808349609375,452.8948974609375,761.5050048828125,567.5213623046875,669.1958618164062,574.0401611328125,806.2425537109375,663.5650634765625,619.3992919921875,668.1787109375
262,8.733311111111112,591.774658203125,421.4856262207031,591.370849609375,413.0323181152344,583.8781127929688,414.8656311035156,607.37744140625,394.0623474121094,586.9737548828125,396.0825500488281,635.8072509765625,408.9001770019531,630.6224365234375,362.85443115234375,622.2769775390625,488.1121826171875,647.384521484375,286.3729248046875,603.6380004882812,542.1861572265625,683.7532348632812,231.50624084472656,736.4515380859375,460.0459899902344,713.6038818359375,451.1983642578125,760.6928100585938,566.573974609375,668.1607055664062,571.1453247070312,805.1304931640625,662.2568969726562,620.5853881835938,666.1290893554688
263,8.766644359626802,592.3800048828125,421.8600158691406,591.7568359375,413.07025146484375,584.8024291992188,415.8678283691406,607.3894653320312,393.0282287597656,588.69873046875,398.7874450683594,637.8336181640625,399.9735412597656,629.1026000976562,375.4483337402344,627.3338623046875,453.73919677734375,638.2781982421875,335.7297058105469,613.5048828125,481.686279296875,667.978515625,308.49200439453125,737.7223510742188,456.0322265625,713.6754150390625,453.497802734375,763.2454223632812,564.4141235351562,668.239501953125,570.9412231445312,805.3671264648438,661.7642822265625,620.4666137695312,667.4535522460938
264,8.799977608142493,593.1701049804688,421.4335021972656,592.3719482421875,413.3467102050781,585.8678588867188,415.0079650878906,606.40576171875,394.56719970703125,588.3051147460938,396.7140808105469,634.5723876953125,405.0496520996094,629.379150390625,367.4796447753906,623.4010620117188,473.4233093261719,647.03662109375,303.5564270019531,607.8233032226562,519.869140625,682.295654296875,257.07952880859375,736.8927001953125,458.4045104980469,714.1868286132812,452.3809509277344,762.4877319335938,565.7198486328125,668.322998046875,571.463134765625,805.666015625,662.0358276367188,621.0630493164062,666.8372802734375
265,8.833310856658185,594.4290771484375,420.91412353515625,593.53125,412.0437927246094,586.466064453125,414.8700256347656,607.5809326171875,392.64007568359375,588.1885375976562,398.5899658203125,637.2081298828125,400.0585632324219,627.8125,378.59991455078125,627.748046875,455.98565673828125,638.9154052734375,349.27960205078125,613.8179321289062,489.8734130859375,666.9912109375,333.2860107421875,738.837158203125,457.4632263183594,714.3989868164062,456.008056640625,762.87646484375,563.9398193359375,667.2286987304688,571.5844116210938,805.2487182617188,660.8359985351562,620.011962890625,667.4100952148438
266,8.866644105173876,595.074462890625,420.702880859375,594.2258911132812,412.9491882324219,587.583984375,413.83642578125,606.6703491210938,395.35906982421875,587.5896606445312,394.992431640625,631.6836547851562,407.8541259765625,628.9874267578125,362.33905029296875,621.678955078125,478.230224609375,650.5166015625,281.6530456542969,607.4866333007812,526.0482788085938,686.0423583984375,226.4857940673828,736.3734130859375,459.23870849609375,714.8777465820312,451.0303039550781,760.4918212890625,566.767578125,667.769775390625,571.8339233398438,805.47900390625,661.5584716796875,621.5752563476562,666.3259887695312
267,8.899977353689568,594.9472045898438,421.9930725097656,594.0537109375,412.9107360839844,587.1380004882812,416.3672790527344,607.9846801757812,392.5337219238281,588.2416381835938,401.4322814941406,638.845458984375,392.487548828125,623.0916137695312,390.8018798828125,634.2234497070312,420.701904296875,623.8770751953125,396.5530090332031,625.6337890625,438.8445739746094,641.51953125,421.3369140625,738.4851684570312,454.73931884765625,711.3413696289062,458.6708679199219,763.8179321289062,563.8793334960938,664.4544677734375,572.498779296875,804.6795654296875,662.6991577148438,618.1808471679688,670.16796875
268,8.933310602205259,594.204833984375,422.2825927734375,593.1343994140625,414.18402099609375,587.5670776367188,416.11138916015625,605.8529052734375,394.22491455078125,589.900146484375,398.07708740234375,634.504638671875,398.24005126953125,626.211181640625,377.1457214355469,626.3676147460938,449.1387023925781,636.734130859375,349.7281188964844,614.1939697265625,483.80987548828125,664.1854248046875,339.9547424316406,735.9322509765625,454.3934631347656,712.3778686523438,452.9109191894531,762.3936157226562,565.7603149414062,664.84375,572.59521484375,804.9063720703125,661.9368896484375,618.3889770507812,668.6868286132812
269,8.96664385072095,593.33203125,422.48980712890625,591.5313720703125,415.8763122558594,587.9778442382812,415.2431945800781,601.9210815429688,397.7137756347656,591.321533203125,393.25421142578125,627.3687744140625,409.3296813964844,631.5272216796875,355.5443115234375,618.956298828125,486.4521179199219,652.9931030273438,269.3629150390625,605.6871337890625,537.7547607421875,684.8704223632812,209.64857482910156,734.63330078125,459.6175537109375,718.0797119140625,448.2643737792969,757.3150024414062,569.50439453125,668.860107421875,571.2865600585938,800.08056640625,662.39404296875,622.1213989257812,665.0143432617188
270,8.999977099236641,594.8363647460938,422.06610107421875,593.6884765625,413.8775634765625,588.3577880859375,416.0389099121094,606.2882690429688,394.017333984375,591.072265625,398.8063659667969,636.1154174804688,397.1918640136719,625.7048950195312,381.8096618652344,627.7742309570312,443.4733581542969,630.9757690429688,369.18511962890625,615.4539794921875,474.8729248046875,653.612060546875,375.691162109375,737.531982421875,455.8727722167969,713.1677856445312,455.75164794921875,762.5798950195312,566.361083984375,663.5946044921875,573.19677734375,804.8314208984375,660.1696166992188,617.2523193359375,667.0263671875
271,9.033310347752332,594.010009765625,422.029541015625,593.147705078125,414.79693603515625,587.880126953125,415.24578857421875,605.5795288085938,396.04656982421875,590.1984252929688,394.8943786621094,632.3156127929688,406.25103759765625,628.0943603515625,363.2237548828125,619.7308959960938,479.8616027832031,645.7047729492188,295.7974548339844,603.5797119140625,534.325927734375,680.8901977539062,248.3323516845703,735.8035278320312,457.1510009765625,713.6515502929688,449.2607421875,761.1094360351562,568.296630859375,664.8214721679688,572.3015747070312,805.3628540039062,659.9068603515625,619.444091796875,663.9686279296875
272,9.066643596268024,593.9480590820312,422.4050598144531,593.166259765625,415.3719482421875,587.610595703125,415.5107116699219,605.7396240234375,396.5587463378906,588.8029174804688,394.49212646484375,632.2883911132812,406.2041320800781,626.902587890625,360.5563049316406,621.6701049804688,479.8712463378906,647.2548217773438,286.8968811035156,604.1408081054688,535.7586059570312,682.8825073242188,236.9380645751953,736.2232666015625,454.92047119140625,713.1707153320312,446.18719482421875,761.1197509765625,569.6351318359375,664.5999145507812,573.2127685546875,805.0509643554688,660.5791625976562,619.9654541015625,664.4607543945312
273,9.099976844783715,594.744873046875,422.7320556640625,593.763671875,415.83184814453125,588.2665405273438,415.41986083984375,605.6425170898438,397.4583435058594,588.6265869140625,393.3667907714844,630.9124755859375,409.9744567871094,627.8248901367188,355.6178894042969,621.7706909179688,488.66943359375,650.7152709960938,267.73944091796875,604.326171875,545.7765502929688,682.8352661132812,210.6676483154297,736.3439331054688,459.3821716308594,714.736572265625,447.8094482421875,758.9450073242188,570.0731811523438,665.0159301757812,571.7695922851562,804.7659301757812,659.9173583984375,622.0457763671875,662.4251098632812
274,9.133310093299407,595.3490600585938,422.3031921386719,594.381103515625,414.78753662109375,588.5548706054688,415.6361389160156,606.3532104492188,395.29425048828125,589.0413208007812,395.3646545410156,633.2275390625,403.5746765136719,626.5023193359375,365.8739013671875,621.796630859375,470.9920654296875,646.177001953125,306.0118103027344,605.2140502929688,521.90185546875,680.1309204101562,268.47509765625,736.7916259765625,458.0917663574219,713.1764526367188,451.80621337890625,760.3946533203125,568.72802734375,663.283447265625,573.2216186523438,805.3668212890625,660.666748046875,619.7413940429688,664.5966796875
275,9.166643341815098,596.1500244140625,421.672607421875,595.2604370117188,413.8068542480469,588.9188232421875,415.0455627441406,607.4273681640625,394.3108215332031,588.9005737304688,395.6162109375,634.9524536132812,403.65008544921875,626.2774658203125,369.1393737792969,621.9567260742188,474.5549011230469,644.4000854492188,318.39031982421875,603.228515625,531.528564453125,676.4610595703125,285.1116943359375,737.5228271484375,459.5898132324219,712.9822387695312,454.1062316894531,759.6730346679688,566.8140258789062,663.2207641601562,571.2232666015625,804.2525024414062,659.3035278320312,620.7666625976562,661.5455932617188
276,9.199976590330788,595.8666381835938,422.63262939453125,595.0315551757812,415.4216613769531,589.055419921875,415.48736572265625,607.33642578125,396.59613037109375,589.11962890625,393.89599609375,633.9756469726562,409.2562561035156,627.5579223632812,358.2529296875,623.3557739257812,487.8633117675781,649.3889770507812,273.8338317871094,603.4124755859375,548.110107421875,681.352783203125,216.4314422607422,737.7960205078125,462.6405944824219,714.2451782226562,452.1029052734375,759.2257080078125,569.511962890625,664.2348022460938,571.8701782226562,804.7722778320312,659.7915649414062,622.5154418945312,661.947021484375
277,9.23330983884648,595.1941528320312,422.0897521972656,595.0890502929688,413.7455139160156,587.2759399414062,415.6357421875,610.3711547851562,393.8291320800781,587.4886474609375,397.148193359375,640.9511108398438,402.4382629394531,624.0924682617188,374.2621765136719,628.76953125,471.3050231933594,635.5514526367188,342.8459167480469,604.386474609375,524.9735717773438,661.8367919921875,330.8912658691406,739.8523559570312,455.46710205078125,710.8564453125,451.131591796875,761.13525390625,568.4402465820312,662.4229125976562,572.4703979492188,803.2727661132812,660.74853515625,620.985595703125,663.8369750976562
278,9.266643087362171,595.440185546875,422.6494140625,595.3331298828125,414.2193603515625,587.4760131835938,416.5370178222656,610.9219970703125,394.0457763671875,587.8282470703125,398.6533203125,642.3347778320312,400.61328125,623.1204223632812,376.9013977050781,630.58447265625,461.94805908203125,631.5691528320312,349.6418762207031,606.8005981445312,505.6287841796875,657.7144165039062,339.4571533203125,739.6997680664062,453.9918518066406,709.3804321289062,451.08489990234375,762.2647094726562,567.8285522460938,662.5713500976562,572.6715087890625,803.1124877929688,660.4478149414062,620.8787231445312,664.9012451171875
279,9.299976335877863,594.1958618164062,422.73443603515625,594.0763549804688,414.2908935546875,586.0857543945312,416.6003723144531,610.1986694335938,394.43695068359375,586.9994506835938,398.4915771484375,641.3895263671875,404.4408264160156,624.2319946289062,372.5897216796875,626.6668701171875,477.0664367675781,634.881103515625,329.1684265136719,601.1724853515625,530.8803100585938,665.33837890625,301.0657043457031,739.2816162109375,456.1169738769531,709.6235961914062,451.1138000488281,763.4105224609375,568.3450317382812,664.578369140625,573.5245971679688,804.0235595703125,659.837158203125,621.013671875,664.9469604492188
280,9.333309584393554,594.197509765625,422.6807556152344,593.5128784179688,414.53253173828125,586.800048828125,416.4405212402344,608.0147094726562,395.05242919921875,588.7835693359375,397.70526123046875,637.8247680664062,405.7484436035156,626.9334716796875,368.0714111328125,622.9402465820312,477.82403564453125,640.0227661132812,305.6510009765625,600.3303833007812,530.1962280273438,673.2452392578125,259.0067138671875,737.2716674804688,458.4651184082031,711.1071166992188,452.09930419921875,762.5338745117188,567.7120971679688,664.8941040039062,572.8215942382812,805.0673217773438,660.6332397460938,619.2733154296875,665.2048950195312
281,9.366642832909244,593.9948120117188,422.3321838378906,593.5162353515625,413.7657775878906,586.084228515625,416.43829345703125,608.6084594726562,394.2423095703125,587.491455078125,399.36651611328125,639.909912109375,402.52630615234375,624.76318359375,375.5282897949219,625.752685546875,463.2664794921875,635.4453125,329.79736328125,603.505615234375,507.534912109375,666.5328369140625,299.0972900390625,739.160888671875,459.24102783203125,710.6400756835938,456.08245849609375,764.2841796875,567.4754028320312,664.6235961914062,573.894775390625,805.4159545898438,660.7578735351562,619.5253295898438,666.3660278320312
282,9.399976081424937,594.6607055664062,422.0211486816406,593.9871826171875,412.1382751464844,585.5878295898438,417.0751953125,609.6887817382812,391.1128845214844,586.061767578125,404.381591796875,644.2137451171875,388.145263671875,620.1154174804688,398.9900817871094,641.0652465820312,397.364013671875,614.9506225585938,417.6347351074219,629.6056518554688,396.3069152832031,626.7053833007812,453.68536376953125,740.74462890625,456.219482421875,709.0059204101562,463.58441162109375,764.8619384765625,564.4012451171875,663.7503051757812,574.1981201171875,803.4078369140625,659.6864013671875,618.748046875,667.838134765625
283,9.433309329940627,594.6669311523438,421.7677307128906,594.8814697265625,413.6732177734375,586.8985595703125,415.31097412109375,610.3148803710938,394.8214416503906,587.657958984375,396.6470642089844,640.2711791992188,405.7859191894531,625.1170043945312,367.7595520019531,625.8980102539062,472.5666809082031,640.6561889648438,297.3284606933594,603.4014892578125,519.4017333984375,672.7109375,243.80784606933594,739.60498046875,464.54705810546875,710.6456909179688,458.1731872558594,763.6964111328125,569.84228515625,664.1432495117188,574.8374633789062,804.58056640625,660.7789306640625,621.5164184570312,666.1423950195312
284,9.46664257845632,595.9297485351562,421.02728271484375,595.95263671875,413.05877685546875,587.8115234375,413.9063415527344,609.935546875,395.2297058105469,586.8533325195312,394.4706726074219,635.7921142578125,410.00872802734375,627.5895385742188,361.7615966796875,621.8789672851562,484.0068664550781,646.8247680664062,274.27606201171875,603.0303344726562,536.1211547851562,676.9691772460938,211.55722045898438,739.9968872070312,467.3345642089844,714.9636840820312,458.17205810546875,762.4254150390625,568.421875,666.6619873046875,573.1482543945312,805.5349731445312,660.1134643554688,622.2518920898438,665.5996704101562
285,9.49997582697201,595.0272216796875,420.7943420410156,594.867431640625,412.8492736816406,587.314208984375,414.2601013183594,608.93603515625,394.9651794433594,587.3001708984375,396.2305603027344,637.095703125,406.2781677246094,626.2314453125,367.98907470703125,623.4590454101562,472.4600524902344,643.2694702148438,297.0565185546875,602.5186767578125,521.5023803710938,677.4993896484375,246.26800537109375,740.5540771484375,463.1321716308594,713.9519653320312,457.0726318359375,764.2106323242188,567.8480224609375,666.008544921875,574.5696411132812,805.0418701171875,661.3623046875,620.11083984375,668.5684204101562
286,9.533309075487702,594.6110229492188,420.22796630859375,594.265869140625,412.3248596191406,587.0928344726562,413.53375244140625,608.2625732421875,394.84039306640625,587.7096557617188,395.7027282714844,637.5243530273438,407.3470153808594,626.540771484375,368.3805847167969,623.1945190429688,477.9817199707031,642.4559936523438,303.5845947265625,600.7338256835938,531.5626220703125,675.6517333984375,257.81707763671875,741.63134765625,463.15966796875,715.2017822265625,456.375244140625,764.9029541015625,567.1786499023438,667.3285522460938,571.7640380859375,804.0210571289062,660.6948852539062,621.0067138671875,664.9603881835938
287,9.566642324003393,595.5737915039062,419.51409912109375,594.4356079101562,409.3988342285156,585.8045654296875,413.9730529785156,608.96630859375,390.5592346191406,584.77734375,403.73193359375,639.9161376953125,388.5780334472656,622.0947265625,400.95428466796875,638.39306640625,393.61578369140625,610.1940307617188,426.1004638671875,636.7796020507812,404.0836181640625,613.4642944335938,498.3175354003906,741.7456665039062,441.4122009277344,715.0746459960938,449.1864013671875,761.257568359375,557.87158203125,667.4138793945312,566.2197265625,796.408935546875,659.6812133789062,617.3757934570312,664.1592407226562
288,9.599975572519083,592.8239135742188,419.48455810546875,591.9307861328125,410.8325500488281,585.1303100585938,413.8091735839844,605.8609008789062,391.9856872558594,585.77734375,399.8337707519531,637.223388671875,391.7395324707031,621.3468017578125,389.9277648925781,635.3506469726562,420.2739562988281,621.599365234375,399.4849853515625,622.9246215820312,440.3661193847656,637.6250610351562,431.5674133300781,739.4862060546875,445.7051696777344,712.6331787109375,449.38665771484375,764.1857299804688,560.6064453125,667.60107421875,568.9092407226562,801.4483642578125,658.9034423828125,620.7371215820312,666.4600830078125
289,9.633308821034776,593.4595947265625,420.8063659667969,592.1622314453125,411.6705017089844,585.614013671875,415.10931396484375,605.7388305664062,391.5060119628906,586.4866943359375,401.41387939453125,638.0086669921875,388.84356689453125,621.3850708007812,396.5265808105469,637.3269653320312,411.744873046875,613.4028930664062,431.5135498046875,628.35205078125,428.3607177734375,619.43212890625,496.8724670410156,740.8023071289062,441.9396057128906,714.42236328125,448.1514892578125,764.5387573242188,559.1190795898438,667.95361328125,566.9697265625,802.7498168945312,659.2462158203125,620.197998046875,665.001708984375
290,9.666642069550466,592.8670654296875,420.8387145996094,591.910888671875,413.5090026855469,586.5238037109375,414.1819763183594,604.9013671875,395.41046142578125,588.6723022460938,395.42486572265625,632.6875,403.79156494140625,627.6516723632812,367.4260559082031,623.6417846679688,473.62957763671875,642.0696411132812,317.6522521972656,605.229736328125,532.6249389648438,674.603759765625,290.8349609375,736.9808959960938,447.2676696777344,715.1976318359375,440.90765380859375,761.9020385742188,561.6962280273438,669.838623046875,565.2713623046875,802.4462890625,659.2905883789062,623.6632690429688,661.5093383789062
291,9.699975318066159,593.1818237304688,421.490478515625,592.1569213867188,414.55206298828125,587.4055786132812,414.95361328125,604.747802734375,396.0892028808594,589.8770141601562,395.4034118652344,633.0895385742188,401.9879150390625,627.015869140625,365.9711608886719,625.0567016601562,465.96875,641.0310668945312,312.2882995605469,607.3892211914062,517.7825317382812,673.3164672851562,281.94744873046875,737.232421875,447.06396484375,714.7965087890625,440.7980651855469,762.0955810546875,561.0032958984375,668.79248046875,564.1021118164062,802.209228515625,659.3271484375,623.8524780273438,661.6658935546875
292,9.733308566581849,592.296875,421.0759582519531,591.06884765625,414.38409423828125,586.915283203125,414.22882080078125,602.91357421875,396.56317138671875,590.486328125,393.7927551269531,629.65673828125,405.79779052734375,629.7958374023438,359.6052551269531,620.7778930664062,476.3926086425781,647.0379638671875,283.4746398925781,605.9757690429688,531.6395263671875,680.6212768554688,233.10614013671875,735.8358764648438,452.7339782714844,716.87841796875,443.7645263671875,761.457763671875,561.7799072265625,670.655517578125,564.4780883789062,802.70361328125,658.8967895507812,624.09033203125,661.409423828125
293,9.76664181509754,592.3635864257812,421.1029052734375,591.0086669921875,414.29595947265625,586.9510498046875,414.0308532714844,603.0025024414062,396.5800476074219,591.274169921875,393.47900390625,629.5187377929688,408.0831604003906,632.0425415039062,357.9442443847656,617.5657958984375,485.7559814453125,647.5885620117188,277.8547058105469,603.5685424804688,550.502685546875,680.4825439453125,222.2906494140625,737.0820922851562,454.0828857421875,719.6535034179688,443.7415466308594,762.8721923828125,561.5535278320312,674.4073486328125,562.8389282226562,802.1001586914062,658.8499145507812,625.453857421875,658.9789428710938
294,9.799975063613232,592.6211547851562,420.56829833984375,591.60400390625,413.5523681640625,586.8499145507812,413.6483154296875,604.0409545898438,396.0505065917969,590.3573608398438,394.0019226074219,630.6987915039062,407.5911560058594,630.244384765625,361.05987548828125,617.336181640625,483.42803955078125,645.2395629882812,286.6429443359375,602.7635498046875,546.4695434570312,680.135498046875,234.17193603515625,737.1187744140625,454.5498046875,717.615478515625,445.4273376464844,762.80810546875,561.927734375,671.5556030273438,564.1177978515625,802.6524047851562,658.7601928710938,623.3633422851562,659.6763305664062
295,9.833308312128922,590.5831909179688,420.6041259765625,589.3836669921875,413.8798828125,585.630615234375,413.75213623046875,601.9138793945312,396.7212829589844,591.0673217773438,393.9399719238281,630.1497192382812,407.847900390625,630.3633422851562,360.7616882324219,618.8350830078125,482.6265563964844,645.147705078125,286.6343688964844,603.3123168945312,543.2443237304688,678.0903930664062,236.20501708984375,737.03662109375,456.3184509277344,718.01220703125,446.9054260253906,764.003173828125,563.1246337890625,671.7938232421875,565.2304077148438,803.7576293945312,658.4078979492188,623.5206298828125,660.6177978515625
296,9.866641560644615,592.186767578125,420.85125732421875,590.7385864257812,413.0732727050781,586.4588012695312,414.53326416015625,603.4309692382812,394.8051452636719,591.1503295898438,397.7489929199219,634.75146484375,400.205322265625,627.2063598632812,379.8856506347656,626.955078125,453.7579345703125,629.461181640625,367.99908447265625,614.009033203125,492.1112976074219,650.8440551757812,380.8547058105469,740.3721313476562,453.1813659667969,718.2625122070312,451.0155029296875,764.6038818359375,560.489990234375,670.5328979492188,563.8292236328125,803.1876831054688,658.1500244140625,622.400634765625,660.7505493164062
297,9.899974809160305,590.914306640625,420.1991882324219,589.4810180664062,412.8096923828125,585.7822265625,413.74273681640625,602.063232421875,395.091552734375,591.99853515625,395.96307373046875,632.62646484375,402.9273681640625,629.3125610351562,372.4051513671875,622.524658203125,463.7230224609375,636.1300048828125,336.7815856933594,610.3505249023438,505.6886901855469,663.0289916992188,322.9194030761719,738.4186401367188,456.5958557128906,718.3080444335938,451.5428466796875,763.5930786132812,561.9710083007812,670.7183227539062,563.8296508789062,803.1724853515625,658.0992431640625,622.55322265625,659.154052734375
298,9.933308057675998,590.1401977539062,419.8066101074219,588.6063232421875,411.5945129394531,584.7186279296875,413.6914978027344,601.9526977539062,393.05084228515625,591.593994140625,398.3311462402344,636.3089599609375,395.6654968261719,626.3397827148438,387.8344421386719,632.6788940429688,430.4494934082031,622.41455078125,399.0089111328125,625.763671875,446.35595703125,636.5853881835938,436.0733337402344,741.3258666992188,459.0660095214844,718.5374145507812,460.1084289550781,765.14501953125,562.0602416992188,669.2774658203125,565.2883911132812,802.9122924804688,658.8341064453125,620.4393310546875,661.46337890625
299,9.966641306191688,590.673828125,421.15277099609375,589.2249145507812,412.8421936035156,584.8353881835938,415.02386474609375,603.1482543945312,393.8368835449219,590.4773559570312,399.7185974121094,636.9290771484375,395.73516845703125,624.765869140625,389.8150329589844,632.7318115234375,435.5885314941406,617.8588256835938,412.6355895996094,623.939208984375,456.7074890136719,629.5236206054688,463.00341796875,740.6593017578125,450.2337646484375,716.71630859375,451.8127136230469,765.3870849609375,559.7031860351562,669.8206176757812,562.9481201171875,802.5704345703125,658.2228393554688,621.113525390625,660.651123046875
300,9.999974554707379,590.883056640625,420.53375244140625,589.4813842773438,412.9051208496094,585.3429565429688,413.87847900390625,602.6270141601562,394.965087890625,591.4610595703125,395.95855712890625,632.777099609375,405.1029968261719,630.6677856445312,371.82659912109375,619.484130859375,478.31622314453125,637.2007446289062,340.1634521484375,604.9828491210938,528.6704711914062,664.967041015625,323.4242858886719,739.4452514648438,452.97955322265625,719.8809204101562,446.9942932128906,763.884521484375,560.772705078125,672.224853515625,562.1055297851562,802.7821044921875,659.5340576171875,622.7883911132812,659.53125
301,10.033307803223071,591.686279296875,421.56658935546875,590.3095703125,413.7293395996094,586.0335083007812,415.2844543457031,603.6578979492188,395.1285705566406,591.66943359375,398.4466857910156,635.9884033203125,400.177490234375,627.612548828125,380.7646789550781,626.6034545898438,452.77392578125,629.0709228515625,369.7405700683594,613.6793823242188,486.59124755859375,650.3878784179688,377.59576416015625,740.8406982421875,454.05810546875,718.1017456054688,451.9713134765625,765.563720703125,563.1607055664062,669.9862060546875,565.4956665039062,803.5488891601562,659.5016479492188,621.3739624023438,660.468994140625
302,10.066641051738761,593.0946044921875,420.3722839355469,591.3744506835938,411.4534912109375,586.0015869140625,414.2360534667969,604.863525390625,394.00787353515625,590.3881225585938,401.921875,637.54833984375,397.00140380859375,627.1052856445312,394.5583190917969,632.8374633789062,419.3973083496094,615.347412109375,408.8094482421875,630.1633911132812,440.3050537109375,620.7885131835938,471.5726013183594,742.6483154296875,451.1334533691406,720.6748657226562,453.3796081542969,761.6056518554688,559.6563110351562,669.8237915039062,562.2937622070312,795.6447143554688,658.2005004882812,617.5556030273438,658.6517333984375
303,10.099974300254454,594.5433959960938,420.4498596191406,592.7410278320312,410.4285888671875,586.4364013671875,415.56634521484375,606.3117065429688,390.2929992675781,589.225830078125,406.5826110839844,642.6171875,375.1694030761719,621.0716552734375,413.9346923828125,651.8986206054688,330.3716735839844,606.1853637695312,463.3096923828125,663.2268676757812,285.3096618652344,601.6888427734375,543.5424194335938,743.041259765625,444.0731201171875,714.8925170898438,459.87396240234375,764.5692138671875,557.9935302734375,666.7323608398438,567.9576416015625,793.1482543945312,656.9647827148438,617.69775390625,661.037353515625
304,10.133307548770144,591.3685913085938,422.73626708984375,590.1610717773438,414.3376770019531,585.486572265625,416.601806640625,604.8368530273438,395.34454345703125,591.458251953125,401.5274353027344,640.4471435546875,397.81768798828125,624.6808471679688,393.2892150878906,633.1241455078125,436.4720153808594,617.018310546875,414.3310546875,620.0875244140625,458.567626953125,627.9711303710938,457.8153991699219,743.626220703125,456.59844970703125,717.5353393554688,458.4818420410156,767.194091796875,563.557373046875,670.052978515625,566.5531616210938,801.9862060546875,657.9758911132812,621.8374633789062,659.5253295898438
305,10.166640797285835,593.6435546875,421.8970642089844,592.0126342773438,412.72735595703125,586.55517578125,415.70037841796875,606.0475463867188,394.1960144042969,591.4729614257812,402.9640197753906,639.5233154296875,396.1331481933594,627.050048828125,398.1097717285156,633.4237060546875,418.07611083984375,613.35791015625,422.6596984863281,629.7367553710938,438.46588134765625,613.5372924804688,494.875732421875,742.4992065429688,452.9156494140625,719.650390625,456.4383544921875,761.7626342773438,560.854248046875,669.1937255859375,563.2116088867188,795.6126708984375,658.15771484375,618.4013061523438,657.4149169921875
306,10.199974045801527,592.4287719726562,423.4894104003906,591.4927368164062,415.6482849121094,586.5530395507812,417.053466796875,606.1581420898438,396.8072509765625,592.4823608398438,399.26055908203125,638.9107055664062,404.6275939941406,629.2042236328125,377.74755859375,625.8131713867188,466.01385498046875,634.0101318359375,347.9469299316406,605.6158447265625,505.6277160644531,657.9044799804688,331.3962097167969,740.7560424804688,458.7730712890625,716.9068603515625,454.4838562011719,764.9346923828125,564.99609375,670.2625122070312,566.8411254882812,802.2177124023438,658.1854858398438,622.8855590820312,658.48583984375
307,10.233307294317218,593.5866088867188,421.0691223144531,592.0099487304688,411.6822509765625,586.1613159179688,415.0378723144531,606.1195068359375,393.17474365234375,590.4864501953125,402.79901123046875,639.8035278320312,395.49542236328125,626.1095581054688,399.04718017578125,633.834716796875,417.2231750488281,612.83056640625,424.0035705566406,628.3560180664062,437.8553466796875,612.8883056640625,494.9771728515625,743.1087646484375,454.8271179199219,719.3031005859375,459.19091796875,762.08056640625,562.1810913085938,668.2958374023438,566.7951049804688,796.9817504882812,658.2286987304688,617.8145141601562,660.4491577148438
308,10.26664054283291,594.0511474609375,421.04229736328125,592.7091674804688,412.42071533203125,586.9043579101562,414.6732177734375,606.7420654296875,394.8318176269531,590.7252807617188,400.4705505371094,639.2978515625,402.0790100097656,627.9171752929688,386.2325744628906,630.5684814453125,440.2888488769531,626.0294189453125,372.4281311035156,618.6654052734375,479.4671936035156,642.5964965820312,396.9265441894531,742.5194702148438,460.387451171875,718.786865234375,458.54339599609375,763.3131713867188,563.0237426757812,669.1245727539062,564.86962890625,798.6053466796875,660.2373046875,618.5671997070312,660.4768676757812
309,10.2999737913486,593.864990234375,421.5574645996094,592.5984497070312,413.7221984863281,587.8224487304688,415.3705139160156,605.0800170898438,395.248779296875,591.8561401367188,398.5070495605469,637.8193359375,400.5119934082031,626.4609985351562,380.2344970703125,628.2874755859375,446.982177734375,634.2866821289062,351.64642333984375,612.1881713867188,476.46380615234375,659.6883544921875,337.2072448730469,741.3850708007812,465.4100341796875,716.2755737304688,463.5362854003906,766.0748901367188,565.9100952148438,668.2593383789062,569.4075927734375,804.320068359375,661.791748046875,622.648681640625,663.5842895507812
310,10.333307039864291,593.8069458007812,421.86968994140625,592.7791137695312,414.5019836425781,587.8496704101562,415.29437255859375,605.4581909179688,396.2314147949219,591.6015014648438,396.58074951171875,636.80224609375,404.70526123046875,627.6005859375,371.1885986328125,625.4821166992188,466.22076416015625,639.6619262695312,320.7762145996094,606.5094604492188,506.705810546875,668.7405395507812,286.4795227050781,740.57568359375,463.26727294921875,716.2334594726562,457.48260498046875,765.6289672851562,567.140625,668.8932495117188,568.8226928710938,804.741455078125,661.6607055664062,623.9132080078125,662.3087158203125
311,10.366640288379983,593.6638793945312,421.16925048828125,592.1222534179688,414.20953369140625,588.2183227539062,414.0543212890625,603.2288818359375,397.011474609375,592.7218017578125,393.837158203125,631.7853393554688,410.91217041015625,632.1405029296875,360.90179443359375,621.08056640625,488.7872009277344,647.9944458007812,285.3765869140625,603.2875366210938,539.6134643554688,674.670166015625,231.5745086669922,738.3109130859375,466.9012145996094,719.9393920898438,456.02972412109375,758.7843017578125,564.0696411132812,669.8848876953125,563.3081665039062,802.8712768554688,659.2432861328125,627.28515625,657.1836547851562
312,10.399973536895674,596.1661376953125,422.44036865234375,594.7970581054688,414.27447509765625,589.2660522460938,416.0511779785156,607.239501953125,394.2289733886719,591.8396606445312,397.83514404296875,638.8728637695312,400.29864501953125,627.8646850585938,378.1900939941406,628.8414916992188,459.91705322265625,634.5425415039062,362.0227966308594,610.2540893554688,496.2896728515625,652.3329467773438,358.06793212890625,740.8868408203125,458.6491394042969,716.702880859375,455.5083923339844,760.9579467773438,562.4335327148438,667.7716064453125,563.1859130859375,802.6001586914062,660.2113647460938,626.9893798828125,657.7263793945312
313,10.433306785411366,596.7575073242188,422.7925109863281,595.4393920898438,414.1976013183594,589.4681396484375,416.8280944824219,607.8272705078125,393.51727294921875,591.152099609375,400.5765075683594,640.1817016601562,392.4989013671875,624.824462890625,389.2101745605469,635.9437866210938,420.2081604003906,624.138916015625,399.4361572265625,624.0667724609375,426.49151611328125,635.2860717773438,422.8304748535156,741.2383422851562,454.8995056152344,715.2088623046875,457.1338806152344,762.11767578125,562.2550659179688,666.7867431640625,564.474365234375,803.1787719726562,660.2279663085938,626.152587890625,658.6761474609375
314,10.466640033927057,598.385009765625,422.5093994140625,596.7282104492188,412.2621765136719,588.8941040039062,417.0406799316406,610.325927734375,391.5910339355469,588.8256225585938,405.6125793457031,643.8754272460938,387.31817626953125,622.9713745117188,404.9433898925781,641.8740234375,388.57171630859375,609.192626953125,442.2861022949219,639.1375122070312,386.6836242675781,605.9091186523438,524.8319091796875,743.979248046875,447.36077880859375,716.0733642578125,456.4267578125,761.149658203125,561.0162963867188,667.2534790039062,566.9125366210938,798.49169921875,659.5838623046875,622.9990234375,659.6672973632812
315,10.499973282442749,596.8268432617188,422.96136474609375,595.887451171875,414.2376403808594,589.091552734375,416.6014709472656,609.4021606445312,394.569091796875,589.6740112304688,400.5326843261719,642.1806640625,400.3946533203125,623.1791381835938,390.07440185546875,636.1998901367188,458.07403564453125,621.401123046875,410.57672119140625,619.984619140625,495.44183349609375,631.2278442382812,451.2686767578125,742.6444091796875,452.84063720703125,714.6369018554688,453.0341491699219,761.6160888671875,565.0366821289062,665.6422119140625,567.4627685546875,802.4486694335938,658.6687622070312,625.4656982421875,658.6693725585938
316,10.53330653095844,597.9498291015625,422.3274230957031,596.5467529296875,412.6832275390625,588.885009765625,416.4129333496094,609.8316040039062,392.9271545410156,588.31201171875,403.74462890625,640.7918701171875,392.10504150390625,622.9105834960938,398.47100830078125,637.0419311523438,407.147705078125,610.951171875,426.6540832519531,633.9889526367188,416.78558349609375,611.1822509765625,504.51318359375,742.2304077148438,444.975341796875,715.8777465820312,450.3003234863281,759.6067504882812,560.8236694335938,666.8283081054688,564.3233642578125,800.21240234375,657.259033203125,623.5459594726562,656.2914428710938
317,10.56663977947413,594.2531127929688,422.74713134765625,593.4996948242188,415.3382873535156,587.8748168945312,415.9549255371094,606.724853515625,396.04254150390625,590.6209106445312,395.7602844238281,635.9432983398438,405.55975341796875,627.8761596679688,367.17376708984375,623.2530517578125,478.1761779785156,640.8384399414062,316.8409729003906,603.835693359375,528.411376953125,668.4534912109375,282.8565368652344,738.474853515625,456.8860168457031,715.0120849609375,449.34112548828125,761.0196533203125,565.5140991210938,667.3876953125,565.5050048828125,804.2666625976562,658.390625,626.5284423828125,656.3714599609375
318,10.599973027989822,595.88623046875,421.956298828125,595.1804809570312,414.46728515625,589.2071533203125,415.0144958496094,607.7747192382812,395.5345458984375,590.7369995117188,394.81085205078125,635.7251586914062,407.169921875,628.4469604492188,365.1368103027344,621.8025512695312,485.7908020019531,642.9598999023438,307.1647033691406,603.0171508789062,541.8717041015625,671.890380859375,262.61676025390625,739.3733520507812,457.73968505859375,716.2525634765625,449.4016418457031,760.3836669921875,564.7164306640625,668.0294799804688,564.9548950195312,805.6107788085938,655.6217041015625,628.9527587890625,653.093994140625
319,10.633306276505513,597.1797485351562,422.0155029296875,596.538818359375,414.2139587402344,590.1255493164062,415.1000671386719,609.2031860351562,394.9308776855469,591.29150390625,395.2783508300781,637.3021850585938,406.17449951171875,628.6784057617188,368.58538818359375,623.0281372070312,480.0477294921875,642.7672119140625,318.47760009765625,605.0639038085938,531.9595947265625,669.98974609375,284.0914001464844,740.1912841796875,462.59259033203125,716.27490234375,455.6742248535156,762.0308837890625,564.7406616210938,667.6834716796875,566.5491943359375,805.0247802734375,655.5811767578125,626.0301513671875,655.9453735351562
320,10.666639525021205,597.7599487304688,422.3730773925781,597.210205078125,413.247802734375,589.669921875,416.4952392578125,611.202392578125,392.1368713378906,590.3250732421875,401.64520263671875,643.9799194335938,387.872802734375,623.0232543945312,396.71282958984375,643.212890625,392.7735900878906,619.8125610351562,421.50531005859375,638.945556640625,377.04266357421875,629.0103759765625,461.30596923828125,742.8307495117188,457.3561096191406,713.5721435546875,463.11883544921875,764.2747802734375,562.8348999023438,665.5286865234375,566.494873046875,803.7578735351562,657.980712890625,624.2203369140625,658.0546875
321,10.699972773536896,598.0372314453125,422.5680847167969,597.3295288085938,413.1392822265625,589.7333374023438,416.58197021484375,611.2623291015625,391.93109130859375,590.318603515625,401.8109130859375,644.683837890625,391.2228698730469,623.2281494140625,398.06854248046875,640.1685791015625,413.6983337402344,618.7247924804688,430.39300537109375,634.5762329101562,413.308837890625,628.4901733398438,476.0522766113281,744.8506469726562,459.1219787597656,715.3448486328125,464.7135314941406,764.821533203125,561.6954345703125,666.2843017578125,566.5657958984375,803.3987426757812,656.8953247070312,623.8051147460938,658.4963989257812
322,10.733306022052586,598.9090576171875,420.9389953613281,597.4605712890625,410.53253173828125,589.6549682617188,414.92877197265625,610.6742553710938,390.6591491699219,590.2251586914062,403.22314453125,641.8902587890625,392.22113037109375,625.9610595703125,402.3601379394531,637.5453491210938,405.70233154296875,613.8991088867188,435.2856750488281,641.9581909179688,409.3428649902344,614.630615234375,510.26513671875,742.66162109375,456.7705993652344,717.8013916015625,463.51995849609375,758.407958984375,556.5592041015625,666.5202026367188,561.8612670898438,797.5838012695312,655.0148315429688,620.69482421875,655.6693725585938
323,10.766639270568279,600.8389892578125,421.57086181640625,599.8087158203125,410.89794921875,590.96142578125,416.0713195800781,613.41015625,389.82012939453125,589.6386108398438,405.442138671875,646.0802001953125,381.50921630859375,621.718017578125,410.4950256347656,648.5803833007812,358.8511047363281,610.569091796875,454.25396728515625,658.9548950195312,330.1824035644531,610.1538696289062,528.5159301757812,743.6011962890625,454.1716613769531,713.3917846679688,466.97821044921875,761.7890625,558.4837036132812,663.3663330078125,566.3937377929688,796.485595703125,657.8046875,619.2822875976562,659.2802734375
324,10.799972519083969,600.7197265625,421.6603698730469,599.3411254882812,411.3750915527344,591.4296264648438,415.6183776855469,611.9845581054688,391.2608337402344,590.8944091796875,403.8209228515625,643.9896850585938,389.93603515625,624.3356323242188,404.8277893066406,641.293212890625,394.7371826171875,612.7630004882812,442.0741882324219,647.9563598632812,390.7266540527344,613.7411499023438,517.47119140625,744.9691162109375,458.19183349609375,717.6639404296875,466.3312072753906,760.6414184570312,558.4019165039062,665.0968627929688,563.0863647460938,797.4348754882812,658.4005737304688,619.9105224609375,657.4366455078125
325,10.833305767599661,601.60400390625,421.30889892578125,600.0804443359375,411.1022644042969,592.270263671875,415.4290466308594,611.831787109375,390.8409423828125,591.4068603515625,403.43896484375,642.0968017578125,388.9123840332031,626.1510620117188,402.1995849609375,641.0015258789062,387.3656311035156,616.688720703125,428.8020324707031,650.6559448242188,378.9196472167969,620.9583740234375,488.13226318359375,742.4495239257812,460.0058288574219,717.511474609375,467.4076843261719,757.3656005859375,555.5783081054688,664.849609375,559.9855346679688,795.7888793945312,656.835693359375,619.6604614257812,654.9112548828125
326,10.866639016115352,601.830322265625,420.9890441894531,600.3616333007812,409.9045104980469,591.9611206054688,415.6656188964844,612.1114501953125,388.8471374511719,590.1962280273438,406.5315246582031,646.1974487304688,377.54449462890625,621.2964477539062,419.212158203125,653.156005859375,344.2401123046875,609.9608764648438,479.37664794921875,668.1920166015625,300.44158935546875,603.7371826171875,562.0621337890625,747.0250244140625,456.603271484375,716.9568481445312,474.1226806640625,760.4650268554688,554.65966796875,662.2889404296875,566.3255615234375,793.71728515625,654.7567138671875,620.362548828125,658.6066284179688
327,10.899972264631044,601.3798217773438,421.3451843261719,599.8151245117188,410.7275085449219,591.835205078125,415.5821533203125,611.49267578125,390.4311218261719,590.4817504882812,405.0566711425781,644.2178344726562,385.3887023925781,623.2989501953125,411.4107360839844,647.648193359375,375.3606262207031,611.559814453125,460.0955810546875,659.3382568359375,355.1724548339844,608.4744873046875,544.504150390625,745.8973999023438,456.6481628417969,718.1917114257812,468.7356262207031,758.813720703125,557.00048828125,662.3997192382812,564.8759765625,796.4219970703125,657.2108764648438,619.213134765625,658.4344482421875
328,10.933305513146735,602.359130859375,421.2102966308594,600.9182739257812,410.44342041015625,592.73388671875,415.91290283203125,612.2288208007812,389.6978454589844,590.415283203125,406.5296936035156,645.6467895507812,379.10882568359375,620.79931640625,417.9306640625,652.4530639648438,356.6646423339844,609.7767333984375,479.813232421875,666.3443603515625,323.9501953125,605.8055419921875,564.0471801757812,746.428466796875,451.45538330078125,716.367431640625,468.28277587890625,759.0607299804688,555.04443359375,660.876220703125,566.7721557617188,795.0396118164062,656.4322509765625,621.03369140625,660.0994262695312
329,10.966638761662425,600.5713500976562,422.032958984375,598.6851196289062,411.5616149902344,592.077880859375,416.9964294433594,610.0587768554688,390.1235046386719,592.3025512695312,406.9210205078125,645.9177856445312,378.0527038574219,621.9307250976562,418.5025329589844,653.8726196289062,360.98883056640625,614.2642822265625,485.9360656738281,663.4892578125,333.1519470214844,611.544677734375,569.0703735351562,745.8303833007812,450.51226806640625,716.2227172851562,468.01092529296875,759.6080932617188,556.2460327148438,660.2300415039062,569.98291015625,794.521240234375,655.2321166992188,619.2859497070312,661.9119262695312
330,10.999972010178118,601.6686401367188,422.5239562988281,600.33935546875,412.01983642578125,592.6536865234375,417.6690673828125,612.7643432617188,390.3145751953125,591.2094116210938,407.8058776855469,649.2852783203125,375.2084045410156,619.1656494140625,420.2544250488281,658.70068359375,348.5836181640625,614.4065551757812,488.14959716796875,667.7969970703125,315.4717712402344,615.0546264648438,569.53271484375,747.705078125,448.6739501953125,713.798828125,467.7251892089844,762.279052734375,556.5234375,657.7799072265625,571.1396484375,796.5081176757812,654.556640625,619.454833984375,661.9278564453125
331,11.033305258693808,601.9129028320312,421.9835510253906,600.64306640625,411.23431396484375,592.51611328125,417.92706298828125,613.0985107421875,388.8645935058594,590.2044677734375,409.7997741699219,651.2586669921875,363.9422302246094,616.609375,428.0543518066406,669.3161010742188,298.9527587890625,616.711669921875,503.5850524902344,682.9530639648438,231.3252410888672,617.4402465820312,580.3291015625,747.9320068359375,444.8885192871094,711.3040161132812,469.98956298828125,760.7476196289062,556.2868041992188,655.1387329101562,573.3623046875,793.75732421875,653.5458984375,622.0264282226562,660.114990234375
332,11.0666385072095,600.9220581054688,421.70135498046875,599.7229614257812,410.6756286621094,590.9114990234375,417.2830810546875,613.0167846679688,388.64129638671875,588.5082397460938,408.4570007324219,649.8829345703125,372.55206298828125,619.0462646484375,421.5166931152344,662.1559448242188,341.2481384277344,616.0016479492188,490.6822509765625,671.3732299804688,303.1904602050781,616.4857788085938,576.0750122070312,748.4693603515625,443.69952392578125,714.24755859375,464.1800842285156,758.1016235351562,557.2433471679688,656.0555419921875,573.4313354492188,797.5986328125,653.69287109375,622.3521118164062,661.1795043945312
333,11.099971755725191,601.4130249023438,420.8198547363281,600.2656860351562,409.5982666015625,591.2703247070312,417.2818298339844,613.923095703125,387.3103332519531,588.607421875,411.17706298828125,653.3585205078125,359.1443176269531,615.9193115234375,432.5834045410156,673.5460205078125,278.3486022949219,619.1775512695312,511.49725341796875,689.317626953125,200.2913360595703,621.213623046875,589.2115478515625,748.2816772460938,443.1595458984375,710.0252075195312,471.1125793457031,758.4744262695312,556.6842041015625,654.5154418945312,573.7745971679688,792.5535278320312,655.003173828125,625.60546875,657.6970825195312
334,11.133305004240881,600.6663818359375,421.37060546875,599.6245727539062,410.4996643066406,590.7192993164062,417.0041809082031,613.4200439453125,388.4546813964844,588.8909301757812,408.41156005859375,650.3113403320312,369.30474853515625,619.2730712890625,422.089111328125,665.5123291015625,323.04205322265625,617.8013305664062,491.32183837890625,679.422607421875,271.2859802246094,618.0824584960938,576.2131958007812,746.3884887695312,442.9032897949219,712.358642578125,464.0445556640625,757.6928100585938,555.9937133789062,657.6272583007812,569.9387817382812,794.2464599609375,653.4314575195312,624.5780639648438,657.2839965820312
335,11.166638252756574,597.1956176757812,422.6400451660156,596.8162231445312,414.49615478515625,589.7828979492188,416.0177917480469,611.0048828125,395.34149169921875,590.600830078125,397.7507019042969,643.8925170898438,407.2561340332031,626.4262084960938,376.6623840332031,636.4852905273438,489.46514892578125,640.156982421875,357.674072265625,623.8132934570312,552.7613525390625,669.539306640625,349.0173645019531,744.2907104492188,462.6737365722656,715.799072265625,456.72314453125,758.9903564453125,562.2515258789062,662.1776123046875,561.05810546875,804.2822265625,655.5840454101562,628.8614501953125,650.112060546875
336,11.199971501272264,596.8827514648438,422.83837890625,596.72412109375,415.26507568359375,589.9026489257812,416.0072326660156,611.0023803710938,396.7747497558594,590.8917846679688,396.5143127441406,643.224365234375,410.04766845703125,626.897216796875,368.6619873046875,637.361572265625,495.3993835449219,644.3427734375,321.97564697265625,624.6668701171875,563.8603515625,677.7612915039062,290.1689758300781,742.754150390625,463.4863586425781,714.530029296875,454.3360290527344,758.8543090820312,563.7183227539062,661.83935546875,561.0826416015625,804.3499145507812,655.7745971679688,629.2726440429688,649.5389404296875
337,11.233304749787957,595.558837890625,422.437744140625,595.235595703125,415.3907470703125,589.4010009765625,415.46942138671875,609.0039672851562,396.92950439453125,591.6126708984375,394.7771911621094,641.1077270507812,409.4435729980469,627.6942138671875,363.6195373535156,634.9724731445312,492.62548828125,646.7191162109375,302.62701416015625,621.8150024414062,558.99267578125,681.1824340820312,259.3034362792969,742.8511962890625,463.6536560058594,716.16015625,453.3451232910156,759.6754150390625,565.6142578125,662.9465942382812,562.4476318359375,805.1109008789062,657.5609741210938,629.673828125,651.2181396484375
338,11.266637998303647,595.2235107421875,423.0400390625,594.6759643554688,415.729248046875,589.09423828125,416.38787841796875,608.2567138671875,396.28363037109375,592.2288208007812,395.47735595703125,640.5300903320312,406.41241455078125,628.941162109375,362.772705078125,633.6879272460938,478.2688903808594,647.1639404296875,290.15203857421875,622.0859985351562,530.2647705078125,682.2597045898438,237.6541290283203,742.3114624023438,467.2779541015625,716.3794555664062,458.3465576171875,760.4790649414062,563.3634643554688,662.9961547851562,562.6972045898438,806.4258422851562,660.4482421875,627.4666137695312,657.6111450195312
339,11.29997124681934,594.5792236328125,422.6810302734375,593.695068359375,415.8221130371094,589.3635864257812,415.8683776855469,606.0162353515625,398.1066589355469,593.4855346679688,395.423095703125,637.5877075195312,411.6181640625,630.4688720703125,362.4806823730469,630.5477905273438,492.615966796875,648.292724609375,284.3663635253906,619.0913696289062,560.967041015625,684.419677734375,228.42918395996094,742.7018432617188,470.3017578125,719.6128540039062,459.8706970214844,759.6697998046875,563.9385375976562,664.3301391601562,564.1239013671875,805.77294921875,657.7724609375,627.1197509765625,656.1076049804688
340,11.33330449533503,597.4653930664062,422.41497802734375,596.0504150390625,412.8920593261719,589.239013671875,417.37591552734375,609.5865478515625,392.28436279296875,590.7954711914062,406.4494934082031,646.5542602539062,377.35272216796875,622.3296508789062,410.7737731933594,660.3065795898438,334.5198669433594,619.033203125,455.18890380859375,673.966552734375,292.0514831542969,625.3411254882812,541.2418823242188,746.2022705078125,451.9757080078125,716.1490478515625,465.5229187011719,762.22802734375,558.4202270507812,662.9988403320312,564.4121704101562,797.8275756835938,658.8598022460938,623.9443969726562,657.766845703125
341,11.36663774385072,597.2726440429688,422.28497314453125,596.0281372070312,413.23590087890625,589.1201782226562,416.6869812011719,609.6474609375,394.06719970703125,590.5201416015625,403.4892272949219,643.3316650390625,392.1567077636719,626.270263671875,393.8466796875,647.2352905273438,394.3876953125,628.592529296875,393.14703369140625,653.6218872070312,401.923583984375,649.8641357421875,433.25543212890625,744.7069702148438,458.6082763671875,718.0731811523438,462.1142883300781,761.5778198242188,560.1726684570312,664.9693603515625,562.2151489257812,801.8101806640625,660.5524291992188,622.67138671875,657.453369140625
342,11.399970992366413,597.7753295898438,422.2413330078125,596.4429931640625,411.6995544433594,588.5018310546875,417.8891906738281,610.6939697265625,389.69232177734375,588.9022827148438,409.2810974121094,649.7421264648438,366.96893310546875,619.2614135742188,421.676513671875,665.265380859375,295.2728576660156,617.6911010742188,479.0333557128906,680.7685546875,231.97740173339844,622.168701171875,561.4190673828125,747.3985595703125,451.236328125,713.061279296875,472.135009765625,765.7559814453125,557.8684692382812,661.2064819335938,568.7560424804688,797.422119140625,660.6270141601562,622.4226684570312,661.1316528320312
343,11.433304240882103,596.7439575195312,422.4418029785156,595.056396484375,412.5268859863281,588.3236694335938,417.6015625,608.482421875,391.7485046386719,590.27685546875,407.5336608886719,645.8046875,376.5463562011719,622.552490234375,413.4166259765625,659.4113159179688,329.9165954589844,617.8366088867188,457.7498779296875,673.3275146484375,287.3313293457031,622.6292724609375,540.885498046875,745.1689453125,452.775146484375,715.6626586914062,467.658203125,762.9583740234375,560.3805541992188,662.7337646484375,568.3255004882812,798.0330810546875,659.2941284179688,620.2160034179688,659.63720703125
344,11.466637489397796,597.7891845703125,422.43426513671875,595.872314453125,412.4980773925781,589.5628662109375,417.6975402832031,608.3681030273438,391.67608642578125,591.3844604492188,408.2030334472656,646.6303100585938,373.89483642578125,621.9215698242188,417.7968444824219,661.7139892578125,319.8181457519531,617.4319458007812,471.7624206542969,676.2095947265625,268.4814758300781,620.2551879882812,566.2470092773438,746.5945434570312,452.63043212890625,716.2830200195312,470.1085205078125,763.0172729492188,560.7377319335938,661.9005737304688,570.2630004882812,797.3450927734375,658.407958984375,620.799072265625,659.6124877929688
345,11.499970737913486,596.963134765625,422.24945068359375,595.2059936523438,413.5081481933594,589.6517333984375,416.14727783203125,607.4849243164062,395.8074951171875,592.5737915039062,402.15850830078125,639.8701782226562,403.9446716308594,630.8231811523438,387.42431640625,638.1732788085938,447.3481140136719,633.5420532226562,376.84747314453125,639.3079833984375,497.885009765625,656.5493774414062,405.0191955566406,743.4715576171875,462.1686096191406,721.7224731445312,459.92523193359375,757.6111450195312,560.0594482421875,665.9536743164062,560.7504272460938,801.245361328125,657.6649169921875,622.4912109375,653.7061157226562
346,11.533303986429177,597.551025390625,422.81475830078125,595.9282836914062,413.9384460449219,589.904296875,416.80975341796875,608.4984130859375,395.52923583984375,592.24560546875,402.5856018066406,641.085693359375,401.66644287109375,630.11962890625,387.5971374511719,639.601318359375,437.90533447265625,633.3089599609375,375.7304382324219,641.8792114257812,477.8998718261719,657.759033203125,401.0971374511719,743.9025268554688,462.215576171875,720.8277587890625,460.72039794921875,757.3452758789062,559.5679321289062,664.5123291015625,559.6986694335938,801.966064453125,660.3948974609375,622.6395263671875,655.0107421875
347,11.566637234944869,598.5955810546875,422.15728759765625,596.9364624023438,411.6787109375,589.7181396484375,417.0899658203125,609.8032836914062,390.7264404296875,590.7277221679688,407.5631408691406,646.76416015625,377.86920166015625,622.7359008789062,418.2112731933594,655.5927734375,349.55218505859375,616.6417846679688,482.9090270996094,667.6817016601562,314.43927001953125,618.3452758789062,588.457763671875,747.44091796875,452.2740783691406,717.80126953125,469.13934326171875,757.1917724609375,552.8189697265625,660.6398315429688,562.161865234375,794.4623413085938,658.0062255859375,623.6045532226562,657.5133056640625
348,11.59997048346056,598.6311645507812,421.9388427734375,597.2885131835938,411.3123474121094,589.76611328125,417.1480407714844,610.7678833007812,390.10595703125,590.5905151367188,408.845458984375,649.2792358398438,371.39678955078125,620.1062622070312,425.86932373046875,661.399658203125,325.26605224609375,616.4025268554688,504.22088623046875,674.4732666015625,270.5997314453125,616.3152465820312,610.8729248046875,747.9288330078125,448.6820983886719,715.2403564453125,470.38482666015625,758.6074829101562,551.8507080078125,660.1998291015625,563.4280395507812,791.125244140625,655.6315307617188,625.9918823242188,655.5020141601562
349,11.633303731976252,597.4246826171875,422.6408386230469,596.6273803710938,413.81878662109375,590.2845458984375,415.5564880371094,609.6746215820312,395.7647399902344,591.66015625,399.4730529785156,643.97900390625,411.4815368652344,625.8795166015625,391.7145690917969,641.2699584960938,501.00244140625,630.9590454101562,423.2467956542969,635.5392456054688,580.4840087890625,650.286865234375,486.4002380371094,746.53857421875,468.9897155761719,719.6522216796875,465.802490234375,754.3143310546875,558.8046875,661.0403442382812,558.0731811523438,799.5198364257812,657.7739868164062,628.830322265625,652.746337890625
350,11.666636980491942,597.0596923828125,422.88739013671875,596.6506958007812,414.2140197753906,589.6754150390625,415.9468078613281,610.9853515625,396.1051330566406,590.449462890625,399.9805603027344,646.0205078125,409.69464111328125,623.8623657226562,390.81390380859375,648.3236694335938,494.58917236328125,628.9373779296875,418.8866271972656,646.0682983398438,568.8921508789062,649.4749145507812,473.269287109375,745.3894653320312,461.20904541015625,715.9835205078125,458.29376220703125,757.0215454101562,562.1299438476562,661.0682983398438,561.5022583007812,799.975830078125,658.2359008789062,627.744384765625,653.462646484375
351,11.699970229007633,595.8681640625,422.9083557128906,595.4110107421875,414.542236328125,588.7450561523438,416.49114990234375,609.8993530273438,395.4620056152344,590.2534790039062,400.19232177734375,646.2841796875,402.1138000488281,623.0821533203125,388.10833740234375,647.724609375,462.48297119140625,629.8572998046875,400.2510986328125,641.8529052734375,505.0489196777344,653.8413696289062,426.29791259765625,745.1741333007812,460.5586242675781,714.18994140625,459.1578674316406,760.6069946289062,562.746826171875,660.7303466796875,562.1392211914062,801.6992797851562,660.1351928710938,625.7052612304688,655.0432739257812
352,11.733303477523325,596.3407592773438,422.3996276855469,596.0242919921875,414.0170593261719,588.8536987304688,416.4223937988281,610.259033203125,394.3336181640625,589.4583740234375,400.7508850097656,646.0604248046875,393.3475341796875,621.5891723632812,389.5486145019531,654.44091796875,419.4403381347656,628.4878540039062,397.4143981933594,654.28271484375,420.570556640625,652.0472412109375,412.07940673828125,743.2251586914062,456.6453552246094,711.3624877929688,458.49945068359375,762.28759765625,561.883056640625,660.3751831054688,563.508544921875,802.1253662109375,658.4354858398438,623.7207641601562,656.5010375976562
353,11.766636726039016,596.0086669921875,422.601318359375,596.1084594726562,414.9088439941406,589.0208129882812,416.34710693359375,610.6766967773438,395.9313049316406,589.9213256835938,398.2545471191406,644.2454223632812,400.16668701171875,623.1582641601562,374.46240234375,642.2633666992188,448.57568359375,636.9705200195312,331.147216796875,628.4584350585938,470.7696838378906,667.8674926757812,294.7917175292969,740.9193725585938,460.4806823730469,709.2371215820312,456.53228759765625,762.5015258789062,563.4891357421875,658.41796875,564.9466552734375,803.2947387695312,659.3731689453125,621.3864135742188,659.4208374023438
354,11.799969974554708,595.6825561523438,423.0126953125,595.728759765625,414.93475341796875,588.4970703125,416.9052429199219,611.0328369140625,395.0543518066406,589.9284057617188,399.2401428222656,646.6890869140625,397.42724609375,622.7737426757812,378.9656066894531,648.9556884765625,439.5148010253906,634.0299072265625,350.21148681640625,639.2517700195312,458.2342224121094,662.49658203125,327.4154052734375,741.703125,460.5954895019531,708.9688110351562,458.60369873046875,763.6123657226562,563.1589965820312,658.7434692382812,565.6630859375,802.0746459960938,659.0040893554688,619.9946899414062,660.0704956054688
355,11.833303223070399,595.2527465820312,423.1921691894531,595.630126953125,415.7066955566406,588.6248168945312,416.3370666503906,611.2438354492188,397.528076171875,590.3556518554688,396.7943115234375,645.9404907226562,410.4580383300781,624.4151611328125,367.95159912109375,644.3167724609375,493.2285461425781,639.5852661132812,311.00079345703125,628.6927490234375,554.2544555664062,671.8070068359375,262.957275390625,742.337158203125,465.9815979003906,710.4026489257812,456.8373107910156,763.161376953125,565.7958374023438,658.8988647460938,566.4468383789062,803.5219116210938,658.4865112304688,621.7637329101562,659.5005493164062
356,11.86663647158609,594.9854736328125,423.39727783203125,595.2364501953125,415.45526123046875,588.0780029296875,416.4384765625,611.372314453125,396.93780517578125,590.4014892578125,397.80523681640625,645.7509765625,410.4816589355469,625.2153930664062,374.90557861328125,639.5325927734375,497.8815002441406,634.0732421875,348.7992858886719,622.8955078125,556.8629760742188,660.7921752929688,325.4625549316406,744.348388671875,462.868896484375,713.5890502929688,455.4660339355469,764.27197265625,564.8506469726562,663.1172485351562,565.4330444335938,803.4290771484375,657.4768676757812,623.75244140625,658.0394287109375
357,11.899969720101781,595.7040405273438,423.06982421875,595.1786499023438,413.5581970214844,587.3969116210938,417.00091552734375,611.1990356445312,393.89599609375,589.1717529296875,404.9595031738281,647.342041015625,389.8001403808594,620.5662231445312,407.78582763671875,651.4765014648438,397.5067443847656,609.0745849609375,463.3636779785156,656.2266845703125,381.64349365234375,609.4103393554688,555.0634765625,746.5911254882812,448.1451721191406,715.1687622070312,457.18707275390625,762.9287109375,558.9984741210938,664.6513671875,564.1564331054688,796.524169921875,653.9082641601562,623.0797729492188,655.5830688476562
358,11.933302968617472,592.90283203125,423.435302734375,593.0460815429688,416.6380310058594,587.3367919921875,416.013427734375,609.0291748046875,398.56622314453125,591.8978271484375,394.3484802246094,640.9676513671875,414.57391357421875,628.5612182617188,360.38909912109375,630.4343872070312,511.05438232421875,640.0910034179688,297.09625244140625,608.1271362304688,578.6846313476562,668.8195190429688,245.3002166748047,743.0775146484375,462.38519287109375,716.5989379882812,449.4123840332031,765.2647705078125,567.4606323242188,668.0623779296875,566.0818481445312,804.2799682617188,657.8567504882812,626.525146484375,658.8587036132812
359,11.966636217133164,595.9541625976562,424.4998474121094,596.1109619140625,416.1278076171875,588.7072143554688,417.9039306640625,612.869384765625,395.66314697265625,590.7874145507812,400.08489990234375,649.0292358398438,399.97198486328125,622.7275390625,386.30035400390625,649.0862426757812,453.7727966308594,621.8604125976562,398.59832763671875,638.458251953125,476.7114562988281,636.307373046875,424.91357421875,746.3264770507812,455.7041931152344,713.6795043945312,454.4713134765625,765.8008422851562,564.206298828125,665.4946899414062,565.5945434570312,801.6714477539062,656.60302734375,625.55419921875,658.3215942382812
360,11.999969465648855,594.177978515625,425.0301208496094,594.260498046875,418.13665771484375,588.6306762695312,418.0330810546875,609.7297973632812,398.1942443847656,593.00341796875,395.7972106933594,641.1773071289062,406.448486328125,628.1465454101562,362.45166015625,628.7081298828125,477.52130126953125,639.3556518554688,294.62945556640625,607.3907470703125,523.8609619140625,667.122314453125,244.99554443359375,741.52392578125,461.6839599609375,714.6033935546875,452.410888671875,765.347412109375,563.7135620117188,666.736572265625,563.8175659179688,803.1605834960938,657.0938110351562,624.2760009765625,658.6688232421875
361,12.033302714164547,596.4075317382812,425.41741943359375,596.1179809570312,416.11590576171875,588.1021118164062,419.52606201171875,613.4762573242188,393.7363586425781,590.44580078125,404.57000732421875,648.9451904296875,385.9028015136719,622.2206420898438,400.73187255859375,648.7020874023438,384.30517578125,611.0598754882812,438.399169921875,649.7130126953125,377.7591857910156,612.3403930664062,521.402099609375,745.1339111328125,448.6464538574219,713.51953125,456.09716796875,764.4188232421875,559.6553955078125,665.34326171875,563.2500610351562,795.3817138671875,655.9473876953125,621.0905151367188,656.7134399414062
362,12.066635962680238,597.0045166015625,424.00482177734375,595.7564086914062,415.3561706542969,590.435546875,415.8731994628906,606.7501831054688,396.8288269042969,588.98974609375,400.3063659667969,643.6105346679688,389.0707092285156,625.1138916015625,388.9909973144531,671.0262451171875,362.30224609375,633.1354370117188,376.1137390136719,674.8009643554688,326.8745422363281,644.7478637695312,397.0216979980469,735.5671997070312,454.7873229980469,707.8424682617188,455.2395935058594,768.3372192382812,566.4556884765625,664.8908081054688,560.0306396484375,792.7194213867188,657.21142578125,611.560546875,648.9383544921875
363,12.099969211195928,593.6853637695312,426.1956481933594,592.88232421875,416.3802185058594,585.877197265625,421.1238098144531,610.6228637695312,392.8079528808594,590.6250610351562,408.3123474121094,650.9813232421875,375.68963623046875,620.7254638671875,414.31109619140625,656.7395629882812,343.2861328125,609.0298461914062,475.11053466796875,663.69287109375,307.4670715332031,603.5350341796875,570.0128784179688,747.1196899414062,448.71551513671875,713.523681640625,464.1756896972656,766.97509765625,560.6553344726562,663.9373168945312,568.9297485351562,792.5101928710938,654.6616821289062,619.1702880859375,657.759765625
364,12.13330245971162,597.7213745117188,425.0379638671875,595.9029541015625,414.54608154296875,589.3445434570312,417.96661376953125,607.5883178710938,394.4102783203125,586.8142700195312,407.6417236328125,647.7535400390625,374.3210754394531,615.4138793945312,423.1910095214844,681.4751586914062,310.6429443359375,616.1641235351562,481.1147155761719,698.4197998046875,235.88587951660156,598.8195190429688,579.2383422851562,739.7117919921875,456.3118591308594,706.4485473632812,474.6465148925781,771.7675170898438,565.916259765625,659.98193359375,568.6390991210938,790.8829345703125,656.81005859375,614.379150390625,651.1493530273438
365,12.16663570822731,598.31689453125,425.4130554199219,596.53759765625,414.79150390625,589.5641479492188,418.5503234863281,608.4446411132812,394.67132568359375,586.4092407226562,408.9720458984375,648.4708862304688,371.786376953125,614.4048461914062,426.78680419921875,681.4480590820312,298.9435119628906,615.4378662109375,488.2303466796875,696.6534423828125,215.92642211914062,595.1870727539062,582.6408081054688,741.2435913085938,456.1382751464844,706.80615234375,476.5277404785156,772.5345458984375,565.2855834960938,658.5947875976562,569.1141357421875,790.5896606445312,658.7078857421875,613.8007202148438,652.895751953125
366,12.199968956743003,597.5951538085938,425.62542724609375,595.4732666015625,415.4966125488281,589.7083129882812,418.545654296875,606.5297241210938,395.4255676269531,587.4124145507812,407.9895324707031,647.2792358398438,372.7312927246094,615.001953125,424.5340270996094,681.3611450195312,306.9537353515625,616.3239135742188,488.7186279296875,695.7991943359375,225.0141143798828,596.1299438476562,584.2767944335938,741.1541137695312,453.9234619140625,707.9603271484375,473.0315856933594,772.8085327148438,563.7677001953125,659.9392700195312,566.0125122070312,789.0816040039062,658.8131103515625,613.8731689453125,652.154052734375
367,12.233302205258694,596.4910278320312,427.6982421875,595.0260620117188,417.2597351074219,587.97314453125,423.7249755859375,611.1536865234375,392.6460876464844,590.890869140625,413.79998779296875,653.6426391601562,363.41485595703125,618.837646484375,427.0967712402344,667.1793212890625,289.8575744628906,612.034912109375,499.8831481933594,674.5747680664062,211.69541931152344,608.2562255859375,572.5072021484375,748.5202026367188,445.6502990722656,712.0208129882812,469.1932678222656,766.8304443359375,557.8080444335938,662.7283935546875,570.3491821289062,788.8802490234375,655.0509033203125,621.1224365234375,656.9629516601562
368,12.266635453774386,595.4786376953125,428.8230895996094,593.9526977539062,418.989501953125,586.9560546875,424.1957092285156,610.050048828125,395.259033203125,590.1245727539062,411.6378173828125,649.873779296875,376.34820556640625,622.3074951171875,413.1138610839844,659.93310546875,335.8446350097656,612.7045288085938,462.39129638671875,663.40625,291.6405334472656,608.4347534179688,544.5228881835938,747.1619262695312,446.1014099121094,714.9293212890625,460.5448303222656,765.9796752929688,561.401611328125,664.3163452148438,569.4273681640625,796.061767578125,656.0409545898438,619.4354248046875,658.53515625
369,12.299968702290077,594.2651977539062,430.14483642578125,593.3413696289062,421.55419921875,587.2279052734375,424.7283020019531,609.13623046875,398.21826171875,591.1212768554688,407.48638916015625,647.7537231445312,390.4736633300781,622.7741088867188,399.47076416015625,651.5394897460938,401.3642578125,616.0259399414062,434.9881896972656,639.5548095703125,393.1890563964844,618.2769165039062,496.9334411621094,746.2789306640625,457.9259338378906,715.0146484375,463.12664794921875,766.08544921875,565.6083374023438,663.8009033203125,569.8729858398438,804.3899536132812,655.861572265625,622.1409301757812,659.739501953125
370,12.333301950805767,596.010009765625,429.6444091796875,594.405029296875,419.61309814453125,587.5327758789062,425.1592712402344,609.7267456054688,395.50811767578125,590.4876098632812,413.1745910644531,649.8250732421875,374.5614013671875,621.2732543945312,419.50531005859375,660.2838745117188,332.079345703125,610.4074096679688,482.85565185546875,665.1084594726562,279.0191345214844,601.21142578125,570.3873291015625,748.2855224609375,446.0550231933594,715.6568603515625,463.8037109375,765.4679565429688,560.7046508789062,663.6544799804688,571.462158203125,795.99755859375,655.6726684570312,621.608154296875,659.9837646484375
371,12.36663519932146,596.0943603515625,429.2375183105469,594.5582885742188,419.0329895019531,586.8735961914062,424.1590881347656,610.3663940429688,395.7118225097656,588.9619750976562,411.3667297363281,648.4970092773438,384.594482421875,622.9937744140625,412.1956787109375,651.3092651367188,377.1305236816406,610.4432983398438,466.6800231933594,649.8096313476562,359.4067077636719,601.9363403320312,561.7276611328125,747.8395385742188,445.8597717285156,717.0634155273438,457.9137878417969,763.3445434570312,559.5989379882812,665.3753051757812,566.5792846679688,798.29296875,656.1968994140625,622.5139770507812,657.1862182617188
372,12.39996844783715,593.4183959960938,430.0608825683594,592.6785278320312,420.7047119140625,585.4171142578125,424.80206298828125,609.3281860351562,396.70135498046875,587.93408203125,409.33233642578125,648.6417236328125,386.8926086425781,619.6954345703125,408.0871276855469,651.1649169921875,394.19012451171875,608.1068115234375,467.82110595703125,638.4166259765625,381.96240234375,603.43505859375,548.9085083007812,746.5271606445312,449.3807373046875,713.3861694335938,458.5514221191406,764.2313842773438,562.2581787109375,664.0687866210938,567.7191772460938,802.0899658203125,655.8004760742188,625.5640258789062,658.1322631835938
373,12.433301696352842,594.9231567382812,429.26080322265625,594.1724853515625,419.4848937988281,586.4512329101562,424.34735107421875,610.0906372070312,395.1593933105469,587.6886596679688,410.4719543457031,649.0150146484375,380.9017639160156,618.8497314453125,415.0122375488281,653.7476806640625,370.2659606933594,607.3258056640625,485.35968017578125,645.4984130859375,343.6407470703125,599.6856079101562,572.7235717773438,747.191650390625,446.8537292480469,713.5009155273438,460.7510070800781,763.8810424804688,560.3810424804688,663.4020385742188,570.4683227539062,800.4430541992188,652.4755249023438,625.3584594726562,659.0656127929688
374,12.466634944868533,594.4729614257812,429.2637634277344,593.899169921875,419.2928161621094,585.67041015625,423.7496032714844,610.6549682617188,395.6429443359375,586.9254760742188,409.13262939453125,649.5739135742188,390.0245666503906,619.7518920898438,411.5285339355469,652.2091064453125,412.5199279785156,606.9982299804688,482.7184143066406,642.373291015625,412.9883728027344,598.8157348632812,576.6517944335938,748.2102661132812,448.49615478515625,715.3321533203125,458.3305969238281,761.2234497070312,560.2205810546875,664.451171875,567.6580200195312,799.73095703125,652.2613525390625,627.8056030273438,656.4319458007812
375,12.499968193384223,592.6312255859375,429.57647705078125,592.2094116210938,419.8335876464844,584.02001953125,424.05902099609375,609.8580932617188,396.522705078125,586.2079467773438,408.974853515625,649.100830078125,391.58154296875,620.5850219726562,407.6321716308594,652.7305297851562,413.4747009277344,609.7620239257812,465.4326477050781,640.5133666992188,419.0994873046875,603.993896484375,550.5863037109375,746.9849853515625,450.4485778808594,714.572998046875,458.0445861816406,761.606689453125,562.4295043945312,663.7203369140625,568.03955078125,800.2021484375,655.5620727539062,625.3114013671875,658.23046875
376,12.533301441899916,591.3461303710938,429.8839111328125,590.5028076171875,419.68792724609375,582.923828125,425.2877197265625,607.9883422851562,394.56744384765625,586.3270263671875,411.79949951171875,648.6900024414062,378.7364196777344,619.9761962890625,415.8106384277344,653.9889526367188,359.2498474121094,609.1057739257812,481.0598449707031,645.08740234375,330.32049560546875,603.0130004882812,560.7406616210938,744.890869140625,448.0258483886719,712.2247924804688,462.4512939453125,761.5175170898438,558.7479248046875,663.3135375976562,568.5299072265625,797.6304931640625,653.498779296875,624.3328857421875,657.8896484375
377,12.566634690415606,594.751220703125,428.9535217285156,593.0917358398438,417.8885192871094,584.8466796875,425.5926513671875,609.5428466796875,393.7452392578125,586.4871215820312,417.5197448730469,650.0374755859375,366.7437744140625,619.324462890625,427.6427917480469,663.1839599609375,290.6108093261719,612.5170288085938,485.86328125,671.2667236328125,220.41990661621094,611.6893920898438,550.567138671875,745.3114624023438,442.96258544921875,711.0081787109375,465.79864501953125,764.6644287109375,559.0307006835938,664.7809448242188,572.8968505859375,793.10009765625,657.9662475585938,622.3743286132812,660.7225952148438
378,12.599967938931298,598.417724609375,428.4873046875,596.1929321289062,416.8716735839844,587.5538940429688,425.6026611328125,610.5743408203125,394.79351806640625,586.5034790039062,421.41162109375,650.4061889648438,368.2070007324219,617.8824462890625,437.5162353515625,663.4555053710938,287.2904357910156,610.5167846679688,502.8238525390625,672.1356201171875,206.0911407470703,610.811767578125,558.9185180664062,747.4144287109375,446.3151550292969,711.859619140625,472.6554870605469,764.8898315429688,559.616455078125,665.6102294921875,576.3136596679688,793.9340209960938,657.9297485351562,623.9512939453125,660.1071166992188
379,12.633301187446989,598.2619018554688,426.8903503417969,595.7510375976562,414.6044921875,586.2273559570312,424.58074951171875,609.9949340820312,394.0377502441406,584.049560546875,423.6798400878906,650.2833251953125,369.14501953125,618.7175903320312,443.0122985839844,664.8851318359375,290.5299072265625,609.8361206054688,513.7559814453125,671.6202392578125,207.49253845214844,605.8844604492188,575.8368530273438,748.9877319335938,439.7021179199219,714.7040405273438,467.7861022949219,759.135009765625,556.9016723632812,666.8340454101562,574.85205078125,791.1771850585938,653.7797241210938,628.21875,654.2115478515625
380,12.666634435962681,596.0891723632812,427.7884216308594,594.455810546875,417.1478271484375,586.889892578125,424.02239990234375,607.9614868164062,398.9154052734375,586.609130859375,420.00311279296875,646.8978271484375,370.6610107421875,615.9550170898438,444.2470703125,661.4110107421875,289.93170166015625,620.9734497070312,516.8577270507812,671.64794921875,204.3988494873047,605.0721435546875,582.65478515625,749.5762329101562,454.9043884277344,715.6307983398438,482.65576171875,764.2677001953125,562.731201171875,655.4911499023438,573.854248046875,779.27783203125,647.0398559570312,616.87060546875,642.9345092773438
381,12.699967684478372,596.9540405273438,429.5517272949219,594.7086791992188,418.577880859375,586.4274291992188,426.8028564453125,607.53125,398.2106018066406,584.4165649414062,423.5093994140625,645.896240234375,370.1773986816406,616.93896484375,441.49884033203125,660.5457763671875,291.6283264160156,611.4252319335938,513.765869140625,664.8390502929688,208.11419677734375,604.3870849609375,575.1194458007812,747.8715209960938,437.9267272949219,714.6674194335938,464.9687194824219,760.1354370117188,557.3240966796875,663.5254516601562,574.0736083984375,790.0809326171875,653.3392333984375,625.5237426757812,655.2703247070312
382,12.733300932994062,596.5245361328125,432.90142822265625,593.5194702148438,421.97821044921875,586.4614868164062,430.3646240234375,605.3695068359375,400.45831298828125,585.8238525390625,426.3367004394531,644.4186401367188,370.35552978515625,618.6611328125,442.9234924316406,658.6802368164062,292.46636962890625,612.3681030273438,517.2882690429688,662.4414672851562,211.01036071777344,602.6014404296875,580.0899658203125,746.5458374023438,436.7749328613281,715.2186889648438,464.00091552734375,760.5157470703125,556.2759399414062,663.3943481445312,571.3690795898438,792.6104736328125,655.4137573242188,624.2676391601562,653.4952392578125
383,12.766634181509755,593.5564575195312,436.0406188964844,589.6173095703125,425.11529541015625,583.9855346679688,433.8668212890625,601.5090942382812,401.0637512207031,584.973876953125,428.0977783203125,646.8624267578125,371.81243896484375,617.8983154296875,442.44427490234375,671.8938598632812,305.35797119140625,607.2633666992188,521.5673217773438,676.1075439453125,245.49819946289062,595.8511352539062,589.5032348632812,744.7305908203125,434.4426574707031,713.6053466796875,460.4130859375,759.9692993164062,559.5751342773438,665.6119384765625,576.6358642578125,796.7505493164062,655.1028442382812,627.1669921875,656.321533203125
384,12.799967430025445,591.7750244140625,436.4921569824219,588.2918090820312,425.4715881347656,581.9413452148438,433.92181396484375,601.7208251953125,402.6475524902344,583.6154174804688,428.6441955566406,644.4712524414062,372.1976013183594,619.171630859375,441.7507019042969,665.005859375,302.593017578125,610.8860473632812,515.2252197265625,667.9996337890625,230.9539031982422,600.686279296875,579.3687133789062,747.26220703125,426.9873962402344,717.2196655273438,452.9147644042969,760.8203125,558.1117553710938,666.19970703125,573.1538696289062,788.9183959960938,659.0078735351562,622.6610717773438,657.6333618164062
385,12.833300678541137,589.3464965820312,439.6302795410156,586.2364501953125,429.0284118652344,581.0018920898438,434.8001708984375,599.1763305664062,407.9049987792969,582.4441528320312,425.9964904785156,641.6553344726562,383.67083740234375,613.6190185546875,441.93719482421875,662.7646484375,346.46978759765625,615.0350952148438,517.5313110351562,666.0244140625,298.396484375,595.3016967773438,585.46240234375,745.8484497070312,440.79205322265625,715.6156005859375,463.15777587890625,764.7106323242188,558.3876953125,656.56494140625,566.7991943359375,780.0089111328125,658.886474609375,611.2770385742188,653.69775390625
386,12.866633927056828,590.7799072265625,439.3733215332031,588.5150756835938,426.9003601074219,582.7305908203125,432.85809326171875,604.6912231445312,403.9797058105469,581.1024780273438,421.3869323730469,659.9490356445312,402.6766357421875,614.4205322265625,434.6642150878906,713.954345703125,443.14984130859375,611.2564697265625,506.1427917480469,733.4813232421875,531.5369873046875,595.2684936523438,572.8797607421875,742.0531005859375,459.7560729980469,702.7872314453125,471.91131591796875,770.659912109375,560.8532104492188,658.817138671875,567.464111328125,780.457275390625,660.5452270507812,611.7637939453125,659.7267456054688
387,12.899967175572518,589.6470336914062,439.2645263671875,586.1707763671875,428.6106262207031,580.5209350585938,435.2153625488281,598.8732299804688,407.06597900390625,581.12939453125,427.6800537109375,638.03076171875,376.33258056640625,614.5153198242188,442.5974426269531,656.9710693359375,314.7079162597656,616.2842407226562,514.6128540039062,658.1884155273438,238.76954650878906,596.8718872070312,572.695068359375,744.1342163085938,428.7928466796875,716.7720947265625,453.9421081542969,764.7319946289062,557.4651489257812,662.125732421875,569.0302124023438,779.7308349609375,657.7883911132812,615.14208984375,655.704833984375
388,12.93330042408821,591.8125,437.1693115234375,588.3176879882812,425.78204345703125,581.0678100585938,434.91845703125,601.5687866210938,403.3689270019531,581.2437133789062,431.1684875488281,640.7649536132812,373.4604187011719,618.8243408203125,444.2955627441406,654.0437622070312,299.5401916503906,608.656982421875,516.7236938476562,650.7133178710938,216.68453979492188,600.0195922851562,578.1322631835938,745.0077514648438,426.1833190917969,716.018798828125,452.95513916015625,760.9343872070312,555.7542114257812,669.1907958984375,571.997314453125,793.794921875,659.3851318359375,625.72509765625,658.7169799804688
389,12.966633672603901,591.1349487304688,436.9599304199219,587.54736328125,425.6579284667969,580.38525390625,434.7767333984375,600.6356201171875,403.0722351074219,580.2044067382812,430.86309814453125,640.0082397460938,372.4404296875,617.5006103515625,443.0857238769531,654.6841430664062,297.7586669921875,607.2306518554688,515.2706298828125,651.7432250976562,213.74240112304688,599.8931274414062,579.2628784179688,744.3978271484375,422.1198425292969,715.4852294921875,448.9562072753906,759.2353515625,553.9075317382812,670.5029296875,570.505615234375,792.3047485351562,655.1248779296875,629.102294921875,654.9637451171875
390,12.999966921119594,590.5353393554688,436.7132873535156,587.122802734375,425.50921630859375,579.8641357421875,434.42266845703125,600.3550415039062,402.6397399902344,579.5263671875,429.8224182128906,639.8982543945312,371.3113098144531,617.1442260742188,442.0182189941406,657.8502197265625,299.2380065917969,607.2607421875,514.8989868164062,656.8748168945312,219.54977416992188,599.0285034179688,574.48828125,745.6731567382812,418.15618896484375,717.0103149414062,445.17041015625,759.84033203125,551.7222290039062,670.653076171875,570.007080078125,790.149169921875,654.1966552734375,628.0443115234375,657.0250854492188
391,13.033300169635284,593.1143188476562,438.58343505859375,589.6154174804688,428.0680847167969,583.344970703125,435.9832458496094,601.8809204101562,403.6687927246094,582.6902465820312,428.5,640.9151000976562,368.7548522949219,617.3206176757812,436.6363830566406,659.0511474609375,299.0059509277344,608.5650024414062,509.1522521972656,657.7920532226562,225.7548828125,601.3043212890625,566.8795776367188,745.4017944335938,412.8433837890625,715.9443969726562,438.5600280761719,761.8272094726562,549.85595703125,668.7929077148438,566.2073364257812,790.483154296875,654.5369262695312,626.4033813476562,656.2236328125
392,13.066633418150975,593.763671875,438.3020324707031,590.40185546875,428.1262512207031,584.1552734375,435.6287536621094,602.5855102539062,403.8116149902344,582.9398803710938,427.2431640625,642.805419921875,370.3955078125,615.8063354492188,433.0111999511719,660.626953125,304.44219970703125,609.4611206054688,497.4822082519531,657.0066528320312,240.40496826171875,606.9613647460938,547.5364990234375,745.8101806640625,417.93316650390625,713.9608154296875,441.49822998046875,762.5525512695312,553.9631958007812,666.1609497070312,568.4012451171875,791.6177978515625,656.3070678710938,625.0331420898438,656.8345947265625
393,13.099966666666667,593.7645263671875,436.38037109375,590.7544555664062,426.072998046875,584.0252075195312,433.5970153808594,602.6458129882812,402.87384033203125,581.8482055664062,426.3573303222656,639.6868286132812,370.1275939941406,614.8658447265625,433.46307373046875,656.8733520507812,298.7817077636719,609.0631103515625,496.63934326171875,658.77587890625,229.05540466308594,608.4110107421875,547.354736328125,742.7241821289062,417.5744934082031,711.9853515625,441.7958068847656,760.6691284179688,553.7540283203125,665.7581787109375,569.1852416992188,792.3924560546875,654.8665771484375,626.1835327148438,656.678466796875
394,13.133299915182358,596.3917236328125,436.77099609375,593.0533447265625,426.3075866699219,586.323974609375,434.0755310058594,604.6888427734375,402.5354919433594,583.9249267578125,426.7320556640625,642.1188354492188,369.65960693359375,616.9933471679688,433.2929382324219,660.9561767578125,298.709228515625,609.6333618164062,497.6195068359375,662.92919921875,223.96063232421875,607.8714599609375,549.1270141601562,743.1446533203125,417.0619812011719,712.6983642578125,441.2701416015625,759.6683349609375,552.5137329101562,666.677490234375,568.32666015625,790.3693237304688,653.0146484375,625.0368041992188,654.9205932617188
395,13.16663316369805,595.6092529296875,434.58758544921875,592.79150390625,424.0870361328125,585.4109497070312,431.9052734375,605.101806640625,401.80865478515625,583.0057983398438,426.1481018066406,642.3306274414062,370.3813171386719,616.0400390625,435.6996154785156,659.8161010742188,295.3087463378906,608.304931640625,500.3848571777344,663.1351928710938,217.86410522460938,605.8644409179688,554.0391235351562,743.9133911132812,421.593505859375,712.5250244140625,446.4526062011719,760.598876953125,554.3466796875,667.1443481445312,569.9855346679688,791.3230590820312,654.4238891601562,627.2899780273438,656.0388793945312
396,13.19996641221374,593.2744750976562,434.7671203613281,590.2735595703125,424.35882568359375,583.5569458007812,432.1421813964844,602.5323486328125,401.4698486328125,582.3243408203125,425.64031982421875,641.0240478515625,369.46405029296875,615.0850830078125,434.7835998535156,658.6377563476562,295.19024658203125,608.06396484375,500.514404296875,661.0615844726562,220.37091064453125,604.4799194335938,555.7551879882812,743.3447875976562,423.8402099609375,711.961669921875,448.6265869140625,761.067138671875,554.9926147460938,666.1576538085938,569.970703125,793.463134765625,656.241943359375,627.8902587890625,657.1227416992188
397,13.233299660729433,592.9284057617188,433.7075500488281,589.5330810546875,422.9295349121094,583.0003662109375,431.2600402832031,601.3414916992188,400.595703125,581.7705688476562,426.20416259765625,640.2321166992188,368.9913330078125,615.271484375,437.1585998535156,658.7574462890625,293.9208068847656,607.3701782226562,505.7254943847656,661.6736450195312,216.7928009033203,603.7449951171875,560.8109741210938,743.5384521484375,421.3512878417969,713.0735473632812,447.2564697265625,759.6266479492188,555.0136108398438,667.7091674804688,570.7516479492188,792.7444458007812,656.9057006835938,629.6246337890625,656.9072875976562
398,13.266632909245123,593.2482299804688,432.5715637207031,589.41064453125,421.0004577636719,582.38916015625,430.34332275390625,601.84521484375,399.3211364746094,581.4324951171875,427.6561279296875,641.974609375,370.3121643066406,616.7247314453125,440.5935363769531,658.9283447265625,296.8426818847656,605.0947875976562,512.9556274414062,661.8064575195312,213.03831481933594,601.0621948242188,571.3497924804688,744.8345336914062,423.81866455078125,713.9462280273438,450.45318603515625,760.8257446289062,555.4437255859375,669.1427001953125,570.8193359375,795.5835571289062,659.8822631835938,627.3768310546875,656.7545166015625
399,13.299966157760814,593.514404296875,432.5634460449219,589.7350463867188,421.0844421386719,582.671142578125,430.2309265136719,601.9327392578125,399.6551208496094,581.3021850585938,427.49786376953125,642.1117553710938,370.4872741699219,616.1528930664062,441.38458251953125,659.0985107421875,297.333740234375,606.0151977539062,516.4749145507812,661.3032836914062,213.2911376953125,600.439208984375,577.6201782226562,745.3211669921875,423.88006591796875,714.1691284179688,450.54974365234375,759.5430908203125,553.8778076171875,668.649169921875,567.9115600585938,793.4844970703125,658.4727172851562,629.5949096679688,653.2709350585938
400,13.333299406276506,593.39599609375,432.3332824707031,589.6102905273438,420.6116638183594,582.0447998046875,430.26361083984375,602.1354370117188,399.8500061035156,580.5791015625,428.7376708984375,641.617431640625,372.3699951171875,617.3098754882812,442.04486083984375,658.847900390625,298.1429443359375,607.3870849609375,512.4537353515625,661.3604736328125,211.1099395751953,603.0515747070312,568.784423828125,743.2002563476562,424.3070983886719,713.4028930664062,450.3993225097656,755.1258544921875,552.959228515625,668.7327880859375,566.8563842773438,791.1083374023438,654.8690185546875,630.6399536132812,648.9638061523438
401,13.366632654792197,592.4338989257812,434.36724853515625,588.7816162109375,422.4687194824219,581.113525390625,432.2091064453125,602.8964233398438,400.7501525878906,581.0258178710938,430.05743408203125,643.461669921875,371.9654846191406,618.9584350585938,442.614501953125,660.896728515625,298.1566162109375,608.8129272460938,515.050048828125,661.7982177734375,209.82379150390625,603.7680053710938,568.7532958984375,743.524658203125,420.6235656738281,713.7631225585938,446.6374816894531,755.9452514648438,552.2030029296875,669.3543090820312,565.2591552734375,789.0867919921875,655.6622314453125,628.793212890625,648.23388671875
402,13.399965903307889,592.2843017578125,435.3900451660156,587.8360595703125,423.3831481933594,580.9388427734375,433.67364501953125,600.5223388671875,401.023193359375,580.7737426757812,431.4119873046875,641.0733642578125,371.968994140625,619.5136108398438,440.9156799316406,657.8406372070312,298.7562561035156,608.5376586914062,507.3880920410156,655.7581176757812,213.48777770996094,606.8262939453125,553.5579223632812,742.6060180664062,418.9180908203125,714.1865844726562,444.4497375488281,755.6185913085938,552.6434936523438,669.582763671875,566.2428588867188,793.916015625,658.0541381835938,628.6455688476562,650.7620849609375
403,13.43329915182358,591.0188598632812,436.56439208984375,586.4603881835938,424.7210998535156,579.827392578125,435.0530700683594,599.296630859375,401.8161926269531,580.55810546875,432.29315185546875,641.3370971679688,371.881591796875,620.17333984375,440.450927734375,657.4332885742188,295.31414794921875,610.6788330078125,501.3683166503906,652.6325073242188,213.97756958007812,610.5828857421875,544.7959594726562,743.5575561523438,422.505126953125,715.0474243164062,447.5850524902344,756.7371215820312,555.9749145507812,668.662109375,569.0479736328125,795.097412109375,661.7824096679688,626.5780639648438,654.0169067382812
404,13.46663240033927,590.5855102539062,437.0204162597656,586.0138549804688,424.8891906738281,579.2135009765625,435.534912109375,599.8226318359375,401.6664123535156,581.257080078125,433.0564270019531,643.8102416992188,372.64971923828125,621.5698852539062,442.36334228515625,658.2443237304688,296.6622009277344,609.7548828125,505.4396667480469,653.0088500976562,213.3956298828125,607.8859252929688,554.3551635742188,745.982177734375,426.60174560546875,717.0363159179688,452.02850341796875,758.6976318359375,557.362548828125,670.4312133789062,570.6681518554688,794.3292846679688,661.185546875,625.2182006835938,653.8497314453125
405,13.499965648854962,591.2744140625,436.4784240722656,586.4757080078125,423.771240234375,579.2158203125,435.1777038574219,599.8687744140625,401.9739990234375,580.655517578125,435.27447509765625,642.4134521484375,375.4593505859375,622.351806640625,447.2999572753906,654.9418334960938,300.749267578125,608.4859008789062,513.3917236328125,652.5773315429688,217.240478515625,603.7577514648438,570.2227783203125,744.6990966796875,427.9803466796875,716.9529418945312,454.53973388671875,757.5707397460938,556.7630615234375,671.1187744140625,570.1537475585938,797.8492431640625,661.1597290039062,626.6046752929688,651.3309326171875
406,13.533298897370653,592.7587280273438,438.38720703125,588.2398681640625,426.3592529296875,581.4205932617188,436.7774963378906,601.1178588867188,403.8730163574219,582.7362670898438,434.70489501953125,642.0742797851562,375.7418212890625,622.4978637695312,444.6722106933594,653.155517578125,302.3172912597656,610.8919677734375,508.8301696777344,649.4598388671875,218.986328125,606.6854858398438,556.7359008789062,743.67822265625,429.2332763671875,716.1605834960938,454.6065368652344,758.2100830078125,557.5051879882812,670.459716796875,569.9449462890625,796.6798095703125,659.9769287109375,626.633544921875,650.65576171875
407,13.566632145886345,592.96630859375,438.517822265625,588.5143432617188,426.56298828125,581.62890625,436.8827209472656,600.8954467773438,404.53314208984375,582.1962890625,435.0976257324219,640.32275390625,376.244384765625,621.6613159179688,446.0234069824219,650.1963500976562,302.38671875,610.4118041992188,512.0926513671875,646.6244506835938,219.54600524902344,604.5101928710938,564.8104248046875,743.1378784179688,428.4375,715.8551025390625,454.4904479980469,758.9024658203125,557.4976196289062,670.0973510742188,571.3296508789062,797.4884033203125,659.4297485351562,626.11083984375,652.6172485351562
408,13.599965394402036,592.3036499023438,437.0625915527344,588.008056640625,424.70843505859375,580.2618408203125,435.6752014160156,601.0868530273438,403.79364013671875,580.082275390625,435.9107971191406,640.3496704101562,377.1907958984375,620.1458129882812,448.3196716308594,649.280029296875,302.3150329589844,609.03955078125,513.1572265625,646.6273193359375,218.95962524414062,606.0132446289062,562.6817016601562,742.0538330078125,428.9649963378906,713.6663208007812,455.6523742675781,758.608642578125,557.3770141601562,670.1305541992188,571.6806030273438,798.2056274414062,658.0418701171875,626.674072265625,650.45458984375
409,13.633298642917728,591.9923706054688,437.7040100097656,587.9464111328125,425.2311096191406,579.8214721679688,436.3194580078125,601.54638671875,404.0324401855469,579.5831909179688,436.38592529296875,639.729736328125,377.3687438964844,620.0196533203125,448.6351013183594,646.87109375,300.7235412597656,609.2828979492188,511.9164733886719,645.6271362304688,216.3113555908203,607.242919921875,559.4269409179688,741.71240234375,430.43359375,713.2966918945312,457.43035888671875,759.70751953125,557.930908203125,669.9655151367188,573.482177734375,800.1239013671875,657.9406127929688,626.1989135742188,652.6445922851562
410,13.666631891433418,591.4569702148438,437.1055908203125,587.476806640625,424.5370788574219,579.0701293945312,435.7588195800781,601.3017578125,403.8368835449219,578.5125732421875,436.47821044921875,639.4036865234375,377.9763488769531,619.0521850585938,449.3551025390625,647.2052612304688,302.38067626953125,607.926513671875,514.1777954101562,645.5341796875,217.19927978515625,605.540283203125,564.6932373046875,740.8604736328125,428.9467468261719,712.2415771484375,456.0033874511719,758.5245971679688,557.4725952148438,670.661376953125,572.4252319335938,800.1864624023438,658.3348999023438,629.36181640625,651.708984375
411,13.699965139949109,591.5455932617188,437.7177734375,587.9586791992188,425.25689697265625,579.37451171875,436.2863464355469,602.0772705078125,404.1235046386719,578.5972900390625,436.2381286621094,639.0274658203125,377.140380859375,618.14013671875,448.99761962890625,646.2222290039062,300.2190856933594,608.3902587890625,513.061279296875,646.281982421875,216.0726318359375,607.4688720703125,556.4479370117188,740.1087646484375,429.1639709472656,710.8425903320312,456.58905029296875,760.44921875,557.3623657226562,669.66796875,573.3536987304688,801.9358520507812,658.0628662109375,628.7836303710938,653.5299682617188
412,13.733298388464801,592.4143676757812,438.94781494140625,588.9727783203125,427.19244384765625,581.284912109375,437.1397399902344,602.105712890625,405.1097106933594,580.4266967773438,434.7099609375,637.8621826171875,374.8872985839844,616.9560546875,446.2452392578125,646.2511596679688,297.1112976074219,608.7830810546875,513.111572265625,647.3797607421875,213.59046936035156,607.1906127929688,559.5099487304688,738.6682739257812,427.059814453125,709.5049438476562,454.34918212890625,760.3959350585938,556.8261108398438,668.2658081054688,572.4878540039062,800.9486694335938,657.6508178710938,629.9248657226562,653.9501342773438
413,13.766631636980492,593.3533325195312,439.6544494628906,589.6502075195312,428.028076171875,582.5602416992188,437.6864929199219,602.5079956054688,405.3302001953125,582.2572631835938,434.4911193847656,639.950927734375,374.10211181640625,618.0005493164062,446.64959716796875,647.857177734375,298.3473815917969,607.18994140625,519.0114135742188,645.716796875,215.48919677734375,602.0133666992188,577.5343017578125,742.1305541992188,423.9821472167969,712.84423828125,451.62811279296875,761.16650390625,557.0339965820312,669.9652709960938,572.6786499023438,797.79052734375,656.3974609375,629.8157958984375,653.0255126953125
414,13.799964885496184,593.7942504882812,439.5943908691406,589.8660888671875,428.069091796875,583.2586669921875,437.75091552734375,601.936279296875,405.1289367675781,583.3600463867188,434.2604064941406,638.7900390625,373.0870361328125,620.0430297851562,445.22406005859375,648.150146484375,295.9143371582031,608.7847290039062,514.8905639648438,648.1076049804688,214.75611877441406,602.253173828125,569.796630859375,742.054443359375,422.3127746582031,714.698486328125,449.79608154296875,761.09716796875,557.2702026367188,670.5732421875,573.4383544921875,799.1923828125,658.6045532226562,629.2361450195312,656.1107177734375
415,13.833298134011875,594.2323608398438,438.6236877441406,589.7673950195312,427.1871643066406,583.9490966796875,436.9140319824219,600.0582275390625,405.6337585449219,583.6071166992188,434.6494445800781,636.2086181640625,374.62713623046875,619.9093627929688,445.41162109375,648.9742431640625,297.6795654296875,609.7079467773438,512.3515625,651.4822387695312,215.4002227783203,604.7900390625,561.955322265625,740.0180053710938,423.98492431640625,713.8319091796875,451.08709716796875,760.181884765625,556.4597778320312,668.8175048828125,572.4005126953125,803.2799072265625,660.3088989257812,628.3543090820312,656.65673828125
416,13.866631382527565,593.756591796875,436.42340087890625,589.3182373046875,424.2075500488281,582.3379516601562,434.9273681640625,600.941162109375,403.39739990234375,581.6929931640625,434.86474609375,638.912353515625,375.1429748535156,619.5380859375,448.7337341308594,651.3798828125,299.14251708984375,606.4959716796875,519.6207885742188,653.11572265625,215.50701904296875,599.3507080078125,579.0706787109375,741.5870971679688,425.1344299316406,713.7952880859375,453.2001647949219,758.391845703125,554.606689453125,668.4486694335938,570.7782592773438,800.3193359375,659.6217651367188,627.0504760742188,654.7490234375
417,13.899964631043257,594.284912109375,435.9927673339844,589.8876342773438,423.8494567871094,582.7583618164062,434.416748046875,601.9539794921875,402.7619934082031,582.3152465820312,433.968505859375,640.9234619140625,374.6390380859375,620.5142822265625,447.517333984375,652.9991455078125,298.2210998535156,606.832763671875,518.2069091796875,651.3681030273438,212.22377014160156,599.5696411132812,580.4107055664062,743.0999145507812,424.2054138183594,714.9197387695312,451.67193603515625,757.7770385742188,555.784423828125,668.903564453125,571.20166015625,797.0202026367188,659.08203125,625.9012451171875,653.7811279296875
418,13.933297879558948,593.5340576171875,436.4538879394531,589.593994140625,424.68890380859375,582.3702392578125,434.7074890136719,602.3510131835938,403.1414794921875,582.123291015625,433.0584716796875,641.9501342773438,373.8445129394531,618.8746948242188,446.5954284667969,654.7479858398438,297.50323486328125,606.737548828125,518.8780517578125,651.936767578125,211.44007873535156,598.9539184570312,581.91796875,742.7763671875,423.6983642578125,713.5462646484375,450.9073181152344,755.8497314453125,555.6353759765625,668.124755859375,570.2520141601562,792.4652709960938,655.0020141601562,628.493896484375,649.464111328125
419,13.96663112807464,591.4634399414062,438.6869812011719,588.017578125,428.2256164550781,582.4227294921875,434.6485595703125,600.5053100585938,407.1750793457031,582.9688110351562,427.5283508300781,640.1312866210938,375.1778869628906,614.1216430664062,441.88787841796875,656.380615234375,305.74334716796875,614.815673828125,514.8020629882812,659.5789184570312,216.19219970703125,596.0755615234375,584.71630859375,744.6085205078125,429.78143310546875,715.3587036132812,454.6219177246094,762.3955688476562,558.6541137695312,658.2395629882812,566.734375,781.4349975585938,647.6414184570312,615.0878295898438,639.869873046875
420,13.99996437659033,591.31005859375,438.8348388671875,588.1839599609375,428.6674499511719,582.7216796875,433.9893798828125,600.8285522460938,407.9500732421875,583.3271484375,425.2845458984375,642.0693359375,381.07867431640625,613.328857421875,438.25482177734375,661.956787109375,330.92718505859375,613.6592407226562,510.7584228515625,666.50634765625,262.643310546875,595.9118041992188,591.1624145507812,744.3328857421875,435.2042236328125,713.7855224609375,456.6358947753906,761.2178344726562,558.5888061523438,654.6179809570312,564.5625,779.7092895507812,647.5662231445312,611.1744384765625,639.242919921875
421,14.033297625106023,590.7312622070312,439.0341491699219,587.5107421875,428.7441101074219,582.0142211914062,436.032958984375,601.7504272460938,404.2695007324219,584.1710205078125,426.6290588378906,648.8690795898438,380.8013610839844,614.3821411132812,434.9048767089844,679.4518432617188,347.35894775390625,604.3406982421875,509.6987609863281,691.1926879882812,324.3429260253906,598.4468383789062,578.1767578125,742.1251220703125,434.067138671875,708.5768432617188,454.1787109375,759.96044921875,561.874267578125,661.205810546875,574.0656127929688,794.6188354492188,656.9620361328125,624.4408569335938,655.2545776367188
422,14.066630873621714,590.0147705078125,438.9314880371094,587.3748168945312,428.8475341796875,581.78125,433.9074401855469,600.7147216796875,407.9637145996094,582.4639892578125,424.6090087890625,642.2259521484375,380.43865966796875,611.7492065429688,438.1545104980469,663.3477172851562,331.111083984375,612.3308715820312,510.3127746582031,667.5783081054688,270.8733215332031,593.1461791992188,586.7227783203125,745.6882934570312,432.13946533203125,714.325927734375,453.7796936035156,763.1498413085938,561.5775146484375,655.8668823242188,566.9624633789062,783.5250244140625,655.8276977539062,617.21044921875,646.3890380859375
423,14.099964122137404,589.8906860351562,439.1136779785156,587.296875,429.0625915527344,581.8861694335938,434.0213623046875,600.6801147460938,407.96795654296875,582.8600463867188,424.27471923828125,642.7410278320312,381.3343811035156,611.4013671875,438.0755310058594,663.83642578125,336.1175842285156,612.36376953125,509.6235046386719,668.1670532226562,284.9808654785156,593.4652099609375,584.2219848632812,745.40673828125,435.460205078125,713.6668701171875,456.80718994140625,763.6973266601562,560.7086181640625,656.5317993164062,565.7470092773438,782.4777221679688,655.5916748046875,618.4902954101562,645.7066650390625
424,14.133297370653096,591.1041259765625,440.5838317871094,588.3018188476562,430.4778137207031,583.11376953125,435.5364074707031,601.3242797851562,408.65545654296875,583.7091674804688,425.16455078125,644.1268310546875,381.30548095703125,611.6486206054688,438.3259582519531,669.4658203125,341.8016662597656,612.6931762695312,512.65869140625,674.97216796875,299.00390625,593.343994140625,584.3749389648438,746.1324462890625,431.1275329589844,714.71826171875,452.59906005859375,762.5368041992188,559.083984375,659.7659912109375,564.3453979492188,780.7379150390625,655.7412719726562,625.2518310546875,645.0035400390625
425,14.166630619168787,593.67138671875,438.5377197265625,589.899169921875,427.6346130371094,583.6362915039062,436.2830810546875,603.2494506835938,403.48626708984375,584.7548828125,430.0889587402344,646.6715087890625,371.6630859375,618.4820556640625,439.8937683105469,663.8121948242188,305.7137451171875,608.1685180664062,511.4130554199219,662.4981079101562,244.8487091064453,599.1116943359375,574.3824462890625,745.6928100585938,421.0038146972656,715.0421142578125,445.7601013183594,756.6502685546875,554.3592529296875,669.188232421875,563.7628173828125,788.45703125,657.0484008789062,635.6660766601562,644.6751098632812
426,14.19996386768448,592.8999633789062,438.82269287109375,589.3400268554688,427.7303161621094,582.8361206054688,436.5137939453125,603.5247802734375,403.7279357910156,584.5614013671875,430.8681335449219,646.8958740234375,371.4554748535156,618.3974609375,442.48876953125,660.323974609375,300.5975036621094,607.1663208007812,517.9923706054688,657.1029663085938,227.39414978027344,598.3359985351562,584.0702514648438,746.4392700195312,423.3922119140625,714.9735717773438,449.10662841796875,757.7080688476562,554.9890747070312,667.7382202148438,564.918701171875,787.5189819335938,656.19140625,631.2140502929688,644.9193725585938
427,14.23329711620017,592.4760131835938,437.0396423339844,588.8426513671875,425.4091796875,581.8622436523438,434.993896484375,603.1638793945312,402.9912109375,583.63232421875,432.03912353515625,646.2717895507812,373.2648010253906,618.9168701171875,446.2839660644531,657.5641479492188,298.1402587890625,606.0100708007812,520.096435546875,652.5845947265625,216.4275665283203,598.43994140625,582.9344482421875,746.2756958007812,428.69482421875,714.9912719726562,455.3909606933594,758.6116333007812,555.7512817382812,669.09912109375,567.8656616210938,788.7930297851562,656.0521240234375,628.8960571289062,647.3402099609375
428,14.26663036471586,591.43994140625,436.8556213378906,587.3103637695312,424.8575439453125,580.4632568359375,435.0738220214844,601.5291137695312,402.02227783203125,582.65673828125,432.6463623046875,645.0990600585938,372.4778137207031,620.0519409179688,446.6253356933594,658.3681640625,299.4523620605469,605.1770629882812,522.5570068359375,654.8735961914062,216.31744384765625,596.799072265625,591.34326171875,746.5509643554688,424.874755859375,716.9697875976562,452.4068908691406,757.5585327148438,554.009033203125,670.8823852539062,568.7042236328125,788.87744140625,655.251708984375,628.2734375,649.4298706054688
429,14.299963613231553,591.3524780273438,436.78466796875,587.3015747070312,424.59173583984375,580.284912109375,435.002685546875,601.7149047851562,401.8055419921875,582.6503295898438,432.9613037109375,644.8709106445312,373.1662292480469,619.8828735351562,447.4819030761719,655.097900390625,299.2716064453125,604.5133056640625,523.65625,652.3309326171875,213.982666015625,596.5535278320312,593.705810546875,745.1173095703125,428.7099609375,715.1822509765625,456.3061218261719,757.4446411132812,552.6175537109375,670.23388671875,566.528564453125,789.8656005859375,652.6553344726562,627.5270385742188,645.5525512695312
430,14.333296861747243,590.599609375,436.8824462890625,586.510986328125,425.1795349121094,580.2052001953125,434.99078369140625,600.3560791015625,402.4964904785156,583.0714111328125,431.9921569824219,642.7496337890625,373.02618408203125,620.655029296875,444.29815673828125,656.2286987304688,299.32501220703125,608.28564453125,516.6829223632812,652.6608276367188,214.32606506347656,602.336181640625,576.7435302734375,743.657470703125,426.57220458984375,715.35205078125,452.9081726074219,757.8184204101562,554.2696533203125,670.8511962890625,567.736083984375,791.7506103515625,656.2334594726562,628.6972045898438,649.676513671875
431,14.366630110262935,590.8766479492188,437.80255126953125,586.5797729492188,426.30889892578125,580.7263793945312,435.93218994140625,599.3214721679688,403.0749206542969,583.2318725585938,432.0470275878906,640.6343994140625,372.2264709472656,620.490234375,443.0740661621094,654.2905883789062,298.3011779785156,610.35205078125,514.908447265625,651.807861328125,213.24520874023438,605.2510986328125,571.2366333007812,742.698486328125,425.7110595703125,715.4627075195312,452.0379943847656,757.170654296875,555.4017333984375,670.468994140625,569.135009765625,793.3034057617188,655.6597290039062,629.7584838867188,649.4738159179688
432,14.399963358778626,591.1212768554688,438.04461669921875,586.9942626953125,426.8754577636719,581.3941650390625,436.1101379394531,599.484130859375,403.67645263671875,583.9984130859375,431.6549987792969,640.3915405273438,372.0700378417969,620.192626953125,442.7049865722656,653.6450805664062,296.9345397949219,610.3851318359375,513.875244140625,651.111572265625,212.08755493164062,605.0319213867188,569.1414184570312,742.8460693359375,427.3963623046875,715.450927734375,453.7940979003906,758.1568603515625,554.825439453125,669.7757568359375,569.8449096679688,791.8228149414062,653.8057250976562,627.6253051757812,650.9605712890625
433,14.433296607294317,591.250244140625,437.4374084472656,587.063720703125,425.7761535644531,580.9592895507812,435.60125732421875,600.3570556640625,403.3521423339844,583.7379760742188,432.82183837890625,642.0366821289062,373.8633728027344,620.6904907226562,445.98553466796875,654.8715209960938,300.7845153808594,608.9196166992188,520.4459838867188,651.6968994140625,214.5901336669922,601.9946899414062,582.767822265625,742.5504150390625,427.49481201171875,714.8824462890625,454.38330078125,756.3771362304688,554.2271728515625,670.3471069335938,568.9193115234375,789.4556274414062,652.50244140625,627.8861694335938,647.8372192382812
434,14.466629855810009,592.38232421875,436.0635681152344,587.9866333007812,423.9161376953125,581.093505859375,434.46527099609375,601.0140380859375,402.22296142578125,582.619873046875,433.41241455078125,642.0489501953125,375.0614318847656,621.3202514648438,446.47918701171875,653.9979858398438,300.3998107910156,608.8302612304688,515.1586303710938,651.765625,214.49990844726562,604.2037963867188,572.42138671875,742.1005859375,428.7733154296875,714.595703125,455.4249572753906,756.3600463867188,554.7392578125,671.7157592773438,569.330078125,791.443359375,653.7328491210938,627.6397705078125,647.76806640625
435,14.4999631043257,592.4049072265625,435.647705078125,588.2052001953125,423.4392395019531,580.908203125,434.033935546875,601.65478515625,401.9466857910156,582.0264892578125,433.31048583984375,642.4791870117188,374.870361328125,620.6064453125,447.0345153808594,653.8935546875,299.84521484375,607.6182250976562,517.063232421875,652.663818359375,214.5209503173828,602.1522216796875,578.7477416992188,741.992919921875,428.119384765625,713.7640380859375,455.1015930175781,756.2055053710938,553.4075317382812,671.2114868164062,568.1912231445312,790.0103149414062,652.6795043945312,626.9332275390625,647.0769653320312
436,14.533296352841392,593.704345703125,436.7112121582031,589.8548583984375,425.2379455566406,582.699462890625,434.7070617675781,602.6210327148438,402.9652099609375,582.5308837890625,431.5499267578125,642.5547485351562,373.2528076171875,618.9295043945312,443.8136291503906,656.978759765625,299.4515686035156,608.4668579101562,515.7302856445312,656.1056518554688,214.08360290527344,601.733642578125,579.0401000976562,743.1712646484375,422.7542724609375,714.5624389648438,449.1278076171875,754.146240234375,553.1019897460938,669.7957763671875,567.380615234375,786.9498291015625,648.4947509765625,630.6726684570312,643.5801391601562
437,14.566629601357082,592.328857421875,437.8951721191406,588.6897583007812,427.5708312988281,582.6963500976562,435.4732360839844,601.1592407226562,403.5271911621094,583.2376708984375,428.1957092285156,642.3314819335938,370.9930114746094,617.3045043945312,435.5328674316406,661.4006958007812,302.3952941894531,610.4535522460938,500.63232421875,663.72119140625,237.04306030273438,605.4515991210938,556.1357421875,742.9933471679688,421.3023986816406,713.6200561523438,445.2101745605469,757.8160400390625,554.8023071289062,667.6284790039062,567.2122192382812,788.1242065429688,652.807373046875,628.7194213867188,648.0239868164062
438,14.599962849872774,591.7008666992188,437.13128662109375,588.2249755859375,426.5815734863281,581.7006225585938,434.7245178222656,601.2380981445312,402.9023742675781,581.7553100585938,428.0659484863281,642.0172729492188,371.3475341796875,616.6911010742188,435.7051086425781,661.470703125,304.0824890136719,609.6402587890625,501.18023681640625,662.1304321289062,239.639404296875,604.9595336914062,558.0699462890625,742.4727783203125,418.1305847167969,712.9602661132812,442.04425048828125,757.1675415039062,554.37451171875,669.1519775390625,566.6180419921875,789.0758056640625,654.9081420898438,632.5501098632812,649.5306396484375
439,14.633296098388465,591.2344360351562,437.11309814453125,587.8218994140625,426.3753356933594,581.0521240234375,434.69012451171875,601.7310791015625,402.46319580078125,581.5340576171875,427.91961669921875,644.6587524414062,372.0474853515625,616.389404296875,435.8110046386719,667.2600708007812,309.6214904785156,609.4268188476562,501.59912109375,669.5831909179688,251.00723266601562,605.2249145507812,557.4329223632812,744.0399780273438,419.76593017578125,713.267578125,443.4140319824219,757.5111694335938,553.8994140625,668.4969482421875,566.3728637695312,788.1122436523438,654.23974609375,631.9630737304688,648.9133911132812
440,14.666629346904156,591.6738891601562,436.76153564453125,588.5106201171875,426.1430358886719,581.6427001953125,434.12139892578125,602.1466674804688,402.2243347167969,581.5515747070312,426.8125,644.5966796875,371.7540588378906,615.7799682617188,435.4793701171875,666.5307006835938,311.2492980957031,608.9063720703125,502.96978759765625,667.2386474609375,256.4490661621094,602.46484375,561.9662475585938,745.600341796875,419.6448059082031,714.2159423828125,443.54388427734375,759.836669921875,553.8755493164062,668.8132934570312,567.169189453125,789.8914794921875,655.3341674804688,632.6809692382812,652.1409301757812
441,14.699962595419848,591.714599609375,435.9128112792969,588.1819458007812,425.01165771484375,581.4947509765625,433.4040222167969,601.436279296875,401.7204284667969,581.632080078125,427.2471618652344,644.0740966796875,372.9930725097656,616.3593139648438,436.14337158203125,663.3439331054688,312.78607177734375,607.6853637695312,502.7136535644531,661.3684692382812,254.17271423339844,603.1563110351562,559.51708984375,745.340087890625,421.2139892578125,714.3466186523438,444.806884765625,759.3380126953125,554.732421875,669.7159423828125,567.0066528320312,790.9474487304688,656.640380859375,632.5512084960938,651.2098999023438
442,14.733295843935538,590.466064453125,435.1361083984375,586.89892578125,424.3383483886719,580.55517578125,432.7408447265625,599.8628540039062,401.431396484375,581.3350830078125,427.06201171875,641.2318115234375,371.7681884765625,616.8131103515625,435.8822326660156,659.1515502929688,303.8267517089844,608.273193359375,500.5925598144531,657.788330078125,235.9279327392578,603.7628173828125,554.7153930664062,743.34619140625,422.58221435546875,713.8253173828125,446.4370422363281,758.9140625,555.4699096679688,670.0285034179688,567.6961059570312,792.1046752929688,658.2725830078125,632.3634643554688,653.19287109375
443,14.76662909245123,590.61328125,434.88287353515625,587.1102294921875,424.31988525390625,581.0691528320312,432.410400390625,599.2012939453125,401.8908386230469,581.3310546875,426.69354248046875,638.9535522460938,371.3618469238281,616.1972045898438,435.6963806152344,655.9296875,298.76544189453125,608.8262329101562,498.79766845703125,654.171875,227.6007537841797,604.7212524414062,550.0543823242188,742.86474609375,423.4249572753906,713.7891845703125,447.4390563964844,759.14013671875,555.8887939453125,668.7506103515625,568.4033203125,794.1163330078125,660.1356811523438,632.31884765625,656.0691528320312
444,14.799962340966921,590.8428955078125,435.8310546875,587.0240478515625,425.5013732910156,581.552978515625,433.119140625,598.9871215820312,401.87591552734375,582.5264892578125,425.6943664550781,640.2742919921875,370.6722717285156,616.9155883789062,433.4945373535156,660.0396118164062,304.7392578125,608.5386962890625,501.5422058105469,661.9769287109375,238.0214385986328,601.6444702148438,566.6638793945312,743.95361328125,419.1376037597656,715.6744384765625,442.6534729003906,757.6859130859375,555.0184326171875,669.6087036132812,567.19287109375,788.8385009765625,654.6863403320312,631.60009765625,650.7714233398438
445,14.833295589482612,591.58056640625,435.4713439941406,587.6571044921875,424.8262023925781,581.8947143554688,432.9537658691406,599.51953125,401.5938415527344,582.36572265625,427.04132080078125,639.963623046875,369.60357666015625,616.777587890625,437.0796203613281,657.3074951171875,297.8680419921875,606.4182739257812,510.1846618652344,658.51708984375,217.8122100830078,599.3948364257812,577.1480102539062,743.5537719726562,418.26678466796875,715.1255493164062,443.59625244140625,757.2841796875,551.679931640625,670.4820556640625,565.1319580078125,787.9286499023438,650.6328735351562,631.1294555664062,647.0701293945312
446,14.866628837998304,591.1856079101562,436.09027099609375,587.4056396484375,425.8791198730469,582.3358764648438,433.3572998046875,599.3053588867188,402.18035888671875,583.6854858398438,425.94940185546875,639.9290161132812,369.1475830078125,616.8935546875,433.9661560058594,656.4926147460938,296.93707275390625,608.130615234375,502.638916015625,657.1749877929688,222.17835998535156,602.6427612304688,562.5093383789062,743.2168579101562,420.0961608886719,714.374755859375,444.1140441894531,759.082275390625,554.0935668945312,667.8387451171875,565.9107666015625,789.9464721679688,653.6585083007812,628.1409912109375,649.0745239257812
447,14.899962086513995,591.4287109375,436.8406677246094,587.5966796875,426.5853576660156,582.86962890625,433.94598388671875,599.62744140625,402.0755615234375,585.1375732421875,425.5383605957031,641.2600708007812,369.2082824707031,617.6420288085938,433.763671875,655.7676391601562,300.6438293457031,607.0867919921875,504.2001037597656,656.1067504882812,231.89146423339844,599.5401611328125,568.006103515625,744.866943359375,423.519287109375,715.3966064453125,447.5168762207031,762.1323852539062,554.0126342773438,666.259521484375,566.3893432617188,789.7923583984375,655.4954833984375,622.1301879882812,652.9015502929688
448,14.933295335029687,591.4078979492188,437.45513916015625,587.3394165039062,427.4793701171875,583.0987548828125,434.3665771484375,599.7299194335938,402.27496337890625,586.409423828125,424.3175354003906,644.7353515625,371.4324645996094,618.4947509765625,429.6529541015625,662.5880737304688,315.238525390625,607.8308715820312,497.5645446777344,662.2098388671875,260.13861083984375,599.9107666015625,563.27001953125,746.7166748046875,426.5122985839844,716.3075561523438,447.74639892578125,761.6060791015625,557.1622924804688,664.5906982421875,566.4052124023438,788.4999389648438,658.986328125,620.401611328125,652.8642578125
449,14.966628583545377,590.6312255859375,436.5395812988281,586.7157592773438,426.3207092285156,582.11962890625,433.4945373535156,599.4334716796875,401.84527587890625,585.3707275390625,424.6891174316406,643.4531860351562,370.8499755859375,618.4923095703125,431.5250549316406,660.4498291015625,307.42242431640625,607.8731689453125,500.004638671875,659.7614135742188,240.49888610839844,601.0421752929688,561.336181640625,746.3710327148438,426.20343017578125,716.2650146484375,448.2502746582031,762.3403930664062,557.028564453125,666.005126953125,566.4745483398438,790.07666015625,660.0012817382812,621.4847412109375,653.7020263671875
450,14.99996183206107,591.8093872070312,436.0274658203125,588.4261474609375,425.6689453125,583.0267944335938,432.9154052734375,602.3644409179688,401.47369384765625,585.9675903320312,424.7553405761719,646.2761840820312,370.19439697265625,618.14697265625,433.49212646484375,662.7072143554688,300.7065734863281,607.796142578125,503.111083984375,663.6748657226562,226.11361694335938,601.4466552734375,563.943115234375,746.186279296875,429.0193786621094,714.1629638671875,451.756591796875,762.2473754882812,556.9373779296875,664.6333618164062,565.9843139648438,788.3990478515625,657.6929931640625,620.7387084960938,650.2982788085938
451,15.03329508057676,592.2588500976562,434.6123962402344,588.841796875,423.8760070800781,582.7496337890625,431.670654296875,602.2112426757812,400.0438537597656,584.0423583984375,424.7419738769531,644.6801147460938,368.7359619140625,616.629638671875,434.95068359375,658.3377075195312,296.4302978515625,606.9828491210938,505.6156921386719,661.0007934570312,220.65228271484375,602.3370971679688,562.8419189453125,746.452392578125,428.82574462890625,713.5772094726562,452.9280700683594,764.3461303710938,556.1663818359375,663.9767456054688,566.1192626953125,792.3656005859375,658.7725830078125,619.5032958984375,651.1632080078125
452,15.06662832909245,592.0670166015625,434.42364501953125,588.5408935546875,423.4238586425781,582.5762329101562,431.5902099609375,602.6475219726562,399.2142028808594,585.2911987304688,424.9918212890625,646.712890625,368.1914978027344,617.813232421875,436.3476257324219,658.0841674804688,294.697998046875,605.8613891601562,510.44976806640625,660.6087646484375,214.72866821289062,599.4367065429688,574.6213989257812,747.4188842773438,432.73968505859375,714.3248901367188,457.3213195800781,763.456787109375,556.2306518554688,664.8099975585938,565.0809936523438,791.5075073242188,658.3433837890625,621.0936889648438,648.239990234375
453,15.099961577608143,592.6322021484375,433.20782470703125,588.9144287109375,421.9029846191406,582.6458129882812,430.6851501464844,602.414306640625,398.8739318847656,584.5782470703125,425.9639587402344,646.116455078125,369.2838439941406,617.83056640625,438.521728515625,658.1349487304688,294.1911926269531,605.3969116210938,510.5511169433594,661.3268432617188,212.8646240234375,599.3275756835938,572.677490234375,747.50732421875,434.1914978027344,714.6505737304688,459.46630859375,763.044921875,556.3151245117188,665.25390625,566.9122924804688,793.0328979492188,657.6414794921875,621.3070068359375,649.29638671875
454,15.133294826123834,594.0641479492188,432.4301452636719,590.4830932617188,421.0959777832031,583.7454833984375,429.8376159667969,603.763427734375,398.30792236328125,584.3766479492188,425.271728515625,646.0216674804688,368.5938720703125,618.4763793945312,437.5732116699219,660.064453125,294.2610778808594,606.247314453125,509.7092590332031,662.43115234375,212.17428588867188,601.4598999023438,570.0538940429688,747.733642578125,427.0533752441406,715.7872924804688,452.3253479003906,760.5258178710938,554.023681640625,667.0068969726562,565.434326171875,790.4251098632812,657.4255981445312,624.5361938476562,649.777587890625
455,15.166628074639526,594.6136474609375,430.9350280761719,591.2430419921875,419.2079162597656,583.4457397460938,428.6277770996094,604.9740600585938,397.5363464355469,583.2293701171875,426.04229736328125,646.5169067382812,370.4828796386719,618.3478393554688,439.82183837890625,659.3258056640625,294.9131774902344,603.9246215820312,509.48394775390625,662.6212158203125,210.9901123046875,598.9666137695312,573.7208862304688,747.52001953125,429.9891052246094,715.3046264648438,455.7936096191406,759.9500732421875,555.351318359375,669.13525390625,568.2857666015625,791.814697265625,656.3822631835938,627.5027465820312,650.5617065429688
456,15.199961323155216,594.8316650390625,430.2262268066406,591.4317626953125,418.2082214355469,583.2697143554688,427.9952087402344,604.6497802734375,396.6901550292969,582.0536499023438,426.0287170410156,644.6190185546875,369.7918701171875,617.9276123046875,440.948486328125,657.7145385742188,293.82470703125,602.9401245117188,512.8685302734375,663.1560668945312,208.418701171875,597.500244140625,577.6627197265625,747.5118408203125,427.9281311035156,716.2005615234375,454.87481689453125,759.740478515625,551.8496704101562,671.1002807617188,566.6400146484375,793.2859497070312,656.7920532226562,630.977783203125,652.896240234375
457,15.233294571670907,594.9160766601562,430.2954406738281,591.4376220703125,418.50726318359375,583.8258056640625,427.99139404296875,604.2413330078125,396.98065185546875,582.999267578125,425.6422119140625,644.1065673828125,369.14495849609375,618.3261108398438,440.7023010253906,656.9539184570312,293.1412048339844,602.8275756835938,514.791748046875,661.6948852539062,207.24655151367188,596.0084228515625,584.7418823242188,748.1084594726562,426.49334716796875,717.4013061523438,453.6625671386719,758.7788696289062,551.3760375976562,670.22509765625,566.71435546875,792.2081909179688,656.111328125,630.2664184570312,653.2766723632812
458,15.2666278201866,595.9158935546875,429.8658447265625,591.8897705078125,417.7554626464844,584.2813720703125,427.91278076171875,604.023681640625,396.7376403808594,583.14892578125,426.8973693847656,643.311767578125,370.87249755859375,619.9913940429688,440.39666748046875,656.4678955078125,295.9748229980469,603.6528930664062,509.19287109375,663.3696899414062,211.06405639648438,598.1443481445312,575.6551513671875,745.9644165039062,427.30535888671875,716.5916137695312,453.7525329589844,757.9844970703125,552.5136108398438,670.9658813476562,567.3215942382812,795.7298583984375,657.2305908203125,629.4998168945312,652.628662109375
459,15.29996106870229,594.2593383789062,430.2695007324219,590.72119140625,418.3035583496094,583.031005859375,428.2061767578125,603.8036499023438,396.3519287109375,582.7490844726562,425.9331359863281,643.9337768554688,368.6141662597656,618.5491943359375,440.44000244140625,655.7261352539062,291.82025146484375,603.638671875,512.5595092773438,662.2984008789062,207.56851196289062,597.3407592773438,579.796630859375,747.3955688476562,429.6283874511719,716.5029907226562,456.96307373046875,760.6328125,553.3648681640625,670.0337524414062,568.8543701171875,796.3653564453125,657.46923828125,629.7567138671875,654.6968994140625
460,15.333294317217982,593.936767578125,429.62359619140625,590.23681640625,417.73638916015625,582.650390625,427.6507263183594,603.15185546875,396.17218017578125,582.44189453125,425.70556640625,643.6204833984375,369.2715148925781,618.9857177734375,439.20989990234375,656.4747314453125,292.50823974609375,605.0969848632812,507.5435485839844,661.744873046875,208.59359741210938,600.855224609375,570.9380493164062,746.5972290039062,429.1378479003906,716.1084594726562,455.56524658203125,760.4510498046875,555.6270751953125,670.298095703125,570.20751953125,796.93896484375,658.7265014648438,629.0575561523438,654.8482666015625
461,15.366627565733673,594.2348022460938,429.5574951171875,590.767578125,417.9736022949219,583.1898803710938,427.48675537109375,603.6205444335938,396.1267395019531,582.5721435546875,424.5902404785156,643.6202392578125,368.2938232421875,618.8328247070312,437.21966552734375,658.1258544921875,291.545166015625,606.7769775390625,503.4179992675781,661.0128173828125,209.56068420410156,603.3792114257812,562.9684448242188,746.62060546875,427.04150390625,716.0879516601562,453.1998291015625,760.4661865234375,557.2584838867188,670.0332641601562,573.4981689453125,795.3715209960938,659.03125,628.2718505859375,658.833984375
462,15.399960814249363,595.0701904296875,430.1352233886719,591.03955078125,418.2504577636719,583.8057250976562,428.20672607421875,602.9874877929688,396.16131591796875,583.1104736328125,425.86334228515625,642.7835693359375,368.18646240234375,619.8993530273438,438.6695861816406,656.7317504882812,290.6505126953125,605.527587890625,505.6346130371094,661.62646484375,210.20196533203125,599.8651733398438,570.0402221679688,746.6182250976562,427.2024230957031,716.8896484375,454.1732177734375,763.0531005859375,556.6309814453125,670.9522705078125,573.720947265625,799.4954833984375,661.7159423828125,625.6676025390625,661.7000732421875
463,15.433294062765055,595.1175537109375,429.4684143066406,590.8428955078125,417.57952880859375,583.59130859375,427.6109313964844,602.6080322265625,396.1007080078125,582.62060546875,425.9317321777344,642.7732543945312,369.23388671875,620.7736206054688,438.0620422363281,658.2736206054688,292.9654541015625,606.7667846679688,502.69598388671875,661.3076171875,211.01646423339844,602.73974609375,563.8109130859375,747.1448364257812,424.97344970703125,718.2286987304688,451.21295166015625,761.774169921875,556.409912109375,672.9640502929688,573.2522583007812,797.3116455078125,660.2308959960938,626.4141845703125,659.6871948242188
464,15.466627311280746,594.7916870117188,429.9844665527344,590.6514892578125,418.006591796875,583.4188842773438,428.0841979980469,602.9462280273438,396.3126525878906,583.0588989257812,426.4163513183594,643.84326171875,368.65863037109375,620.426025390625,439.9384460449219,657.93408203125,292.1856689453125,604.91943359375,509.3746337890625,660.9255981445312,210.6558380126953,599.6316528320312,575.8294677734375,748.2081909179688,425.54827880859375,718.4086303710938,452.66546630859375,762.6076049804688,554.9592895507812,672.7083129882812,571.6721801757812,796.6224975585938,661.2403564453125,626.5654296875,659.969482421875
465,15.499960559796438,594.88037109375,429.9428405761719,590.9707641601562,418.265625,583.7481079101562,427.9290466308594,603.4160766601562,396.81854248046875,583.4157104492188,425.8004150390625,644.2001342773438,369.3511962890625,620.4939575195312,438.5784912109375,660.3532104492188,294.03179931640625,607.1868286132812,505.77362060546875,662.4212646484375,211.75799560546875,603.886474609375,565.6572265625,747.3027954101562,425.06787109375,717.6438598632812,451.2495422363281,761.03857421875,555.9491577148438,672.2335815429688,572.1387329101562,794.340087890625,659.4888916015625,627.1504516601562,658.1671142578125
466,15.533293808312129,593.4651489257812,430.45330810546875,589.9334716796875,418.71197509765625,582.4471435546875,428.367431640625,603.6813354492188,397.0050964355469,582.9452514648438,426.0445556640625,645.285400390625,369.16802978515625,619.9971923828125,439.8341369628906,661.4716796875,293.643798828125,606.7857055664062,509.9010314941406,663.0970458984375,210.43243408203125,602.656494140625,572.1783447265625,747.6519165039062,425.69708251953125,717.291259765625,452.3386535644531,760.8267822265625,555.2965698242188,672.4971923828125,571.5394287109375,792.8154296875,658.6780395507812,629.1136474609375,657.4034423828125
467,15.566627056827821,593.5079956054688,431.095703125,589.906982421875,419.78594970703125,582.9989624023438,429.0005798339844,602.9668579101562,397.6754150390625,583.6801147460938,425.5227966308594,644.596435546875,368.8392333984375,619.3492431640625,437.3384704589844,660.03515625,291.93194580078125,608.3871459960938,502.7010803222656,662.4780883789062,210.86683654785156,606.5784912109375,557.0753173828125,746.8877563476562,429.2789611816406,716.1239013671875,454.9585876464844,762.1660766601562,558.1050415039062,670.5510864257812,573.2017822265625,794.2922973632812,658.999755859375,626.8680419921875,657.250732421875
468,15.599960305343512,593.3084106445312,431.2119140625,589.5621948242188,419.84173583984375,582.7698364257812,428.987060546875,602.6654663085938,398.04937744140625,583.6660766601562,425.89501953125,644.9716796875,369.2797546386719,619.9603271484375,439.04315185546875,661.48876953125,294.3096618652344,606.8926391601562,510.218505859375,663.2384033203125,210.44415283203125,601.1630249023438,574.1990966796875,748.7342529296875,425.32464599609375,718.5538940429688,451.45068359375,761.1597290039062,556.8535766601562,671.4376220703125,572.1741333007812,790.9296875,657.5014038085938,626.2379760742188,655.8206176757812
469,15.633293553859202,593.6837158203125,431.29150390625,590.038818359375,420.20306396484375,583.44921875,428.8913269042969,603.003662109375,398.3492431640625,584.3734741210938,424.99591064453125,645.2504272460938,369.4819030761719,619.86669921875,437.39013671875,663.3411254882812,296.0579833984375,607.6265869140625,508.382568359375,665.6428833007812,210.85308837890625,602.0296020507812,571.818359375,748.8549194335938,425.4043273925781,718.6530151367188,450.85345458984375,760.8972778320312,557.6005859375,671.1603393554688,572.6826782226562,790.2974243164062,656.0713500976562,626.7169189453125,655.10595703125
470,15.666626802374894,594.2417602539062,431.5303955078125,590.7316284179688,420.298828125,583.7551879882812,429.0448913574219,603.727783203125,398.3910217285156,583.680908203125,425.3996276855469,645.3303833007812,368.70892333984375,618.3973388671875,439.13153076171875,661.44384765625,293.4757385253906,605.406005859375,513.6167602539062,663.5220336914062,208.1755828857422,598.5215454101562,580.31494140625,749.3267822265625,424.3001403808594,717.84521484375,450.7029113769531,762.1358642578125,557.8033447265625,670.5608520507812,572.6138916015625,791.3145751953125,659.1854248046875,627.0115356445312,656.9699096679688
471,15.699960050890585,594.9241333007812,431.0228271484375,591.2791137695312,419.4721374511719,584.035888671875,428.711669921875,604.5093994140625,397.95660400390625,584.0731201171875,426.171630859375,646.2901611328125,369.8026428222656,619.4422607421875,439.9374694824219,661.2022705078125,294.4905700683594,604.0774536132812,512.3550415039062,664.3206787109375,208.53770446777344,597.8649291992188,580.4666748046875,749.0927734375,426.26715087890625,717.649658203125,452.5812683105469,761.3418579101562,556.4685668945312,670.4365844726562,571.2385864257812,791.900634765625,657.7764282226562,625.5135498046875,654.6798706054688
472,15.733293299406277,595.2433471679688,430.8731384277344,591.6727294921875,419.2388000488281,584.0599365234375,428.70068359375,604.9478149414062,397.5444030761719,583.2472534179688,426.2491149902344,646.1639404296875,369.3322448730469,618.3551025390625,439.4752502441406,661.1754150390625,294.47283935546875,603.5555419921875,510.7580871582031,664.9373168945312,210.12608337402344,598.7913208007812,576.823974609375,747.831298828125,424.4175109863281,715.867431640625,450.8565979003906,760.0293579101562,556.7066650390625,669.6687622070312,571.8515014648438,792.2767333984375,656.0811157226562,626.7998657226562,653.0938720703125
473,15.766626547921968,595.0396118164062,431.04913330078125,592.0120239257812,419.6051940917969,584.1779174804688,428.5862121582031,605.9259033203125,397.44683837890625,583.616943359375,425.0206604003906,647.2289428710938,368.77825927734375,617.1034545898438,439.2868957519531,660.7664794921875,293.4643859863281,602.10302734375,512.8491821289062,664.3043212890625,208.1086883544922,597.3031616210938,581.2037353515625,749.00390625,427.3245849609375,715.777587890625,454.0279541015625,761.2290649414062,557.9586181640625,669.9468383789062,573.5545654296875,790.638427734375,655.8888549804688,628.174072265625,654.8424072265625
474,15.799959796437658,595.3327026367188,431.3342590332031,592.1845703125,419.8604431152344,584.5220336914062,428.8648681640625,605.873291015625,397.6957092285156,584.1942138671875,425.41571044921875,647.0775146484375,368.90350341796875,617.9535522460938,439.7839050292969,660.111328125,292.36700439453125,602.0052490234375,512.9541625976562,665.2388916015625,207.20669555664062,596.252197265625,581.646728515625,749.4652099609375,428.3987121582031,716.8297119140625,455.18829345703125,761.781005859375,557.6669311523438,670.5593872070312,572.880126953125,791.233154296875,657.4808349609375,627.866455078125,655.5115356445312
475,15.83329304495335,595.0513916015625,430.4853210449219,591.85009765625,418.9748229980469,584.0082397460938,427.98748779296875,605.5638427734375,397.286376953125,583.3602294921875,424.8204650878906,646.8097534179688,369.5841979980469,618.4547119140625,438.70770263671875,664.7373046875,296.0894470214844,602.6768798828125,511.707275390625,670.0608520507812,207.6278839111328,596.367919921875,580.1785278320312,749.1895751953125,423.2045593261719,717.6242065429688,449.4419860839844,758.9765625,556.7542114257812,670.9027709960938,573.2326049804688,787.9609375,653.7760620117188,627.4309692382812,654.3258666992188
476,15.866626293469041,595.3138427734375,430.4068908691406,592.2002563476562,418.69720458984375,584.0170288085938,428.0491027832031,606.0614624023438,397.46221923828125,582.9056396484375,425.91131591796875,646.4862670898438,370.0809020996094,617.4254760742188,440.7427062988281,661.5709228515625,295.193603515625,601.241455078125,514.17529296875,667.3941040039062,208.0857696533203,595.9451293945312,583.6935424804688,747.4315795898438,425.17437744140625,715.1021118164062,452.09521484375,759.1687622070312,555.1026000976562,670.5849609375,571.4096069335938,788.9991455078125,653.624267578125,628.1398315429688,652.9186401367188
477,15.899959541984733,594.3518676757812,430.9535217285156,591.4578247070312,419.4921569824219,583.6822509765625,428.4189758300781,606.017822265625,397.4284973144531,584.1236572265625,424.8793640136719,648.0349731445312,369.0946350097656,617.453857421875,439.59393310546875,662.1768188476562,293.5715637207031,602.8417358398438,514.1002807617188,666.9784545898438,207.11439514160156,596.6281127929688,582.5784301757812,747.5690307617188,429.6011657714844,714.33935546875,455.8746337890625,759.8209228515625,557.649658203125,668.9154052734375,571.1598510742188,788.4697265625,655.5673828125,628.1680297851562,651.484375
478,15.933292790500424,594.7080078125,430.6819152832031,591.7762451171875,419.2545166015625,583.912353515625,427.9754943847656,606.1370239257812,397.2782897949219,583.77978515625,424.191162109375,647.8843994140625,369.5466003417969,617.6088256835938,438.3642883300781,665.1987915039062,297.30047607421875,602.6744995117188,513.7382202148438,670.2493896484375,208.69908142089844,596.2606811523438,583.0159301757812,748.08984375,425.3758239746094,715.398681640625,451.19610595703125,759.1782836914062,557.7077026367188,670.04931640625,571.9281005859375,787.879150390625,654.8350219726562,628.77001953125,652.2122802734375
479,15.966626039016116,594.9151000976562,430.1159973144531,591.6928100585938,418.4075012207031,583.90625,427.6810607910156,605.65380859375,396.84454345703125,583.9966430664062,425.1056823730469,647.613525390625,369.6897277832031,618.593994140625,440.3099365234375,663.195068359375,294.4682312011719,602.9264526367188,514.166015625,668.98486328125,207.38507080078125,595.59765625,584.4739990234375,748.0781860351562,428.7362060546875,715.967041015625,455.1367492675781,758.4353637695312,558.2669067382812,669.4196166992188,572.371337890625,788.733154296875,656.6013793945312,627.636474609375,652.5010375976562
480,15.999959287531807,595.4710693359375,430.3659973144531,591.958984375,418.5057678222656,584.3612060546875,427.96331787109375,605.5089721679688,396.5377502441406,584.310791015625,425.2447204589844,647.542236328125,369.2789611816406,619.0193481445312,439.8335266113281,663.5248413085938,294.99444580078125,603.0809326171875,514.1826782226562,669.6722412109375,207.37069702148438,595.1293334960938,584.431640625,747.9207153320312,428.6838073730469,716.1043090820312,455.0477600097656,757.84130859375,558.6415405273438,669.2738037109375,572.5260620117188,789.8477783203125,658.2637939453125,627.7198486328125,653.273193359375
481,16.033292536047497,594.5440063476562,429.92181396484375,591.2994384765625,418.024169921875,583.4156494140625,427.4682922363281,605.3109130859375,396.45135498046875,583.4193725585938,425.1100158691406,647.4271240234375,369.5796203613281,617.8692016601562,441.0870361328125,663.3386840820312,294.3123474121094,602.5777587890625,516.147216796875,670.4283447265625,206.5167999267578,593.9447631835938,585.409912109375,747.139404296875,430.882568359375,714.8921508789062,457.5423583984375,756.571533203125,556.3060913085938,668.3278198242188,570.184326171875,786.644775390625,654.4635009765625,627.7710571289062,649.485107421875
482,16.06662578456319,594.1478881835938,429.83453369140625,590.792236328125,417.806640625,582.9428100585938,427.4360046386719,605.1430053710938,396.19183349609375,583.3984375,425.4067687988281,647.5870971679688,369.52874755859375,618.5140380859375,441.15216064453125,663.7183837890625,293.6764221191406,602.2487182617188,515.0049438476562,670.6673583984375,206.52175903320312,593.5459594726562,583.647216796875,746.330322265625,430.83538818359375,714.31005859375,457.45709228515625,756.9476928710938,558.5004272460938,668.2071533203125,572.6856079101562,786.5465087890625,657.3843383789062,624.8739013671875,652.5694580078125
483,16.099959033078882,594.7164916992188,430.4180908203125,591.166748046875,418.5008850097656,583.7493896484375,427.96746826171875,604.957763671875,397.0517883300781,584.4343872070312,425.9291076660156,647.5873413085938,370.5247497558594,618.8509521484375,441.7203063964844,663.3770751953125,294.5833740234375,601.4916381835938,515.1776123046875,670.3892211914062,207.8011474609375,592.0363159179688,584.6124267578125,746.2945556640625,433.0174865722656,714.4524536132812,459.4176330566406,757.6189575195312,557.753173828125,668.1429443359375,571.351318359375,786.6102905273438,658.1044921875,623.3798828125,652.5267333984375
484,16.13329228159457,594.7582397460938,430.9071044921875,590.8905639648438,418.9013366699219,583.82666015625,428.6417541503906,604.4512329101562,397.4278564453125,584.7947998046875,427.01116943359375,647.65869140625,370.42950439453125,619.1097412109375,442.4602355957031,663.7446899414062,294.2821350097656,601.1893310546875,515.9146118164062,670.961669921875,209.35763549804688,591.7586669921875,585.0631103515625,745.9496459960938,431.22027587890625,714.1405029296875,457.8562927246094,758.166748046875,558.1693115234375,668.0526123046875,571.4207763671875,788.0357666015625,659.6193237304688,622.7147216796875,652.7346801757812
485,16.166625530110263,595.1785888671875,430.1063232421875,591.76806640625,417.7726135253906,583.4970703125,427.93414306640625,605.9949340820312,396.5273132324219,583.1384887695312,427.1011962890625,648.3701782226562,370.2156677246094,618.114013671875,444.1624450683594,663.8171997070312,291.4052429199219,600.3612670898438,516.0155639648438,671.4744262695312,207.9608612060547,591.1089477539062,585.7532348632812,746.8978881835938,432.3834533691406,713.8924560546875,460.14617919921875,759.5465087890625,558.90576171875,668.5902099609375,574.84375,789.0289916992188,659.7614135742188,623.33349609375,656.7001342773438
486,16.199958778625955,594.8369140625,430.0906982421875,591.5880737304688,417.593505859375,583.0166625976562,427.9662170410156,606.3385620117188,396.7082824707031,582.66259765625,427.8066711425781,649.0841064453125,370.77166748046875,617.4871826171875,446.13677978515625,664.36279296875,290.8047790527344,598.9991455078125,518.7710571289062,671.9683837890625,208.01187133789062,589.4237670898438,591.6802978515625,747.4098510742188,433.2705078125,713.5967407226562,461.6477355957031,760.0233764648438,559.2824096679688,668.6907958984375,575.6039428710938,789.7908935546875,661.3275146484375,624.4637451171875,658.3175659179688
487,16.233292027141644,594.6954956054688,430.3848876953125,591.3773193359375,418.1058349609375,583.2005004882812,428.1148681640625,605.9293212890625,397.0776672363281,583.2509765625,427.3338317871094,648.8726806640625,370.7112121582031,617.8644409179688,444.9735412597656,664.7833251953125,290.9128723144531,599.7074584960938,517.6561279296875,671.6258544921875,208.17454528808594,589.2764282226562,591.3829345703125,747.0553588867188,432.46087646484375,713.6998291015625,460.14617919921875,759.768310546875,558.512939453125,668.6768798828125,573.19970703125,789.1324462890625,661.9122924804688,624.8173217773438,656.9669189453125
488,16.266625275657336,594.3709106445312,430.8330078125,591.0239868164062,418.6119384765625,583.078369140625,428.4075012207031,605.1775512695312,397.25439453125,583.1834106445312,426.943359375,648.0753173828125,370.47216796875,617.8944702148438,444.7992858886719,664.45751953125,290.6596374511719,599.6605834960938,518.2188110351562,671.561767578125,207.30526733398438,588.5870971679688,592.093017578125,748.957763671875,433.669921875,715.85791015625,461.6379089355469,761.9627685546875,558.51953125,668.8614501953125,574.7356567382812,790.4585571289062,663.3645629882812,623.0037231445312,661.5179443359375
489,16.29995852417303,594.6131591796875,430.1461181640625,591.1892700195312,417.71685791015625,583.0966186523438,427.8697814941406,605.0961303710938,396.6955261230469,582.8550415039062,427.22491455078125,647.397705078125,370.18414306640625,617.5349731445312,446.0281677246094,662.8214721679688,288.9977111816406,599.677734375,519.805419921875,672.499267578125,206.5988006591797,588.0529174804688,592.9185791015625,748.1412963867188,434.9280700683594,715.1583251953125,463.5188293457031,761.5526123046875,558.446533203125,668.7449340820312,574.355224609375,792.0499267578125,664.1023559570312,624.8948974609375,660.6627807617188
490,16.33329177268872,595.3072509765625,429.9145202636719,591.8441162109375,417.4888916015625,583.69287109375,427.7221984863281,605.6912231445312,396.7038879394531,583.3544921875,427.3674621582031,648.0189208984375,370.82318115234375,618.3330078125,445.5669250488281,663.95947265625,289.56817626953125,600.2706298828125,516.4100341796875,673.2569580078125,207.9678955078125,589.3204956054688,589.0292358398438,748.2567749023438,435.3811950683594,715.3294677734375,463.6049499511719,761.9476318359375,559.60400390625,669.0156860351562,575.8977661132812,793.3740234375,664.0269775390625,624.3219604492188,661.37451171875
491,16.36662502120441,596.46435546875,429.6744079589844,592.644287109375,416.9127197265625,584.318603515625,427.69232177734375,605.8388671875,396.2146911621094,583.190673828125,428.2575378417969,647.7713623046875,371.0027160644531,618.913818359375,446.4661865234375,663.2527465820312,290.2104797363281,599.5447387695312,516.2589721679688,674.0093994140625,210.70948791503906,588.4343872070312,590.2881469726562,747.7357788085938,434.7267761230469,715.3963623046875,463.3447265625,760.25830078125,559.33642578125,668.7284545898438,576.2206420898438,793.2277221679688,663.9456176757812,623.04248046875,660.7158813476562
492,16.399958269720102,595.9110107421875,429.2493591308594,592.3385009765625,416.5736389160156,583.8758544921875,427.23358154296875,605.755859375,396.2995300292969,582.7407836914062,427.9743957519531,647.6632080078125,371.1673583984375,617.8387451171875,447.0422058105469,663.1734008789062,289.2901306152344,599.3612060546875,517.3109130859375,674.1972045898438,208.89453125,588.779541015625,590.152587890625,747.54345703125,435.9816589355469,714.6266479492188,464.7001037597656,759.7274780273438,559.7225952148438,667.7539672851562,576.1729736328125,792.8117065429688,663.5383911132812,624.2218627929688,659.750244140625
493,16.433291518235794,595.9702758789062,429.4903869628906,592.26123046875,416.655029296875,584.0315551757812,427.4359130859375,605.6513061523438,396.095458984375,583.6478271484375,428.10650634765625,648.0072631835938,371.5073547363281,617.89404296875,447.54278564453125,661.5198364257812,289.9751892089844,598.1785278320312,518.5009765625,674.650390625,209.32803344726562,587.0988159179688,591.6594848632812,747.21533203125,440.9761657714844,713.9843139648438,469.767578125,762.0486450195312,558.4609985351562,668.4378051757812,573.8961791992188,795.2694091796875,663.3477783203125,624.1968994140625,657.9532470703125
494,16.466624766751483,594.95654296875,430.5174865722656,591.6310424804688,418.3670349121094,583.9155883789062,428.1791076660156,605.59765625,397.56689453125,584.2247924804688,427.3235168457031,648.7510986328125,370.96856689453125,616.5650024414062,446.0539855957031,663.2019653320312,290.3216247558594,597.5940551757812,519.704345703125,673.1691284179688,208.67166137695312,586.6715698242188,593.3466796875,747.9885864257812,437.65496826171875,713.689453125,465.8679504394531,762.5523681640625,560.078857421875,668.0538940429688,574.5841674804688,792.6459350585938,662.0543212890625,625.2493286132812,656.7719116210938
495,16.499958015267175,594.6583862304688,431.05157470703125,591.2161865234375,419.1335144042969,584.0968627929688,428.67120361328125,605.1041870117188,397.9344482421875,585.324462890625,427.00048828125,649.1344604492188,370.79583740234375,616.9743041992188,444.4892578125,663.0802612304688,290.39691162109375,597.9227905273438,517.2576293945312,673.1331176757812,208.24899291992188,587.67236328125,589.2410278320312,748.2439575195312,439.49090576171875,713.9385375976562,466.90521240234375,762.0003662109375,560.769775390625,666.5821533203125,573.8604125976562,792.0244750976562,661.01708984375,623.7280883789062,654.2067260742188
496,16.533291263782868,594.4924926757812,431.27850341796875,590.9830322265625,419.2417297363281,583.809326171875,428.91455078125,604.696044921875,397.9798278808594,584.9718627929688,427.3171081542969,648.094970703125,371.13623046875,617.8267211914062,444.54058837890625,662.1880493164062,290.68426513671875,598.6207885742188,515.6659545898438,672.301513671875,208.07228088378906,588.5562133789062,583.9288330078125,748.5127563476562,439.3421630859375,715.3510131835938,466.8019714355469,762.0037841796875,560.9412841796875,667.8828735351562,575.1629638671875,792.3890380859375,662.4569702148438,623.8887329101562,657.3230590820312
497,16.56662451229856,594.650390625,431.0616455078125,590.8460693359375,418.81072998046875,583.588623046875,428.9556579589844,604.2864990234375,397.9892272949219,584.6378173828125,428.3301086425781,647.3316650390625,372.4684753417969,618.7698974609375,444.2293395996094,662.3858642578125,292.4596252441406,599.0775146484375,511.0616760253906,673.4681396484375,208.1666259765625,590.9885864257812,572.7577514648438,746.417236328125,439.0400695800781,714.5255737304688,465.81597900390625,759.2169799804688,558.9859619140625,668.7556762695312,572.8726806640625,791.263671875,660.3884887695312,624.5454711914062,654.2262573242188
498,16.59995776081425,594.1053466796875,432.2441101074219,590.2632446289062,420.27728271484375,583.5726928710938,430.0661926269531,603.6361083984375,398.755126953125,585.0361938476562,428.39166259765625,646.9290161132812,371.12158203125,618.25048828125,443.8582458496094,662.5553588867188,292.7367858886719,597.7583618164062,514.9249877929688,672.0363159179688,209.0062255859375,588.2393188476562,579.1859741210938,746.7554321289062,433.9972229003906,714.8521118164062,461.2516784667969,760.5675048828125,558.1778564453125,669.31982421875,572.9658813476562,790.8009033203125,659.7958374023438,624.159423828125,655.3888549804688
499,16.63329100932994,594.0538330078125,432.066650390625,590.1890258789062,420.11627197265625,583.3558959960938,429.9193115234375,603.3589477539062,399.1328125,584.2990112304688,428.814453125,646.1575927734375,372.0107116699219,617.4630126953125,444.4555969238281,661.9385375976562,293.1855773925781,597.2671508789062,514.7296142578125,672.0112915039062,209.3892059326172,588.972412109375,578.9635009765625,745.6099853515625,433.6639709472656,713.8492431640625,460.8637390136719,759.6640014648438,557.0274658203125,670.2500610351562,571.5618896484375,789.24365234375,658.9901733398438,625.7136840820312,654.070556640625
500,16.666624257845633,594.1549072265625,432.7004089355469,590.3115844726562,420.8663635253906,583.6576538085938,430.6270751953125,603.5892333984375,399.1913757324219,585.068603515625,428.8646545410156,646.8168334960938,370.97711181640625,617.6611328125,443.88690185546875,661.762451171875,291.3616943359375,596.6932983398438,514.0088500976562,671.4090576171875,209.5,587.8667602539062,579.7694702148438,745.731689453125,434.1488342285156,713.6527099609375,461.48480224609375,760.5039672851562,558.4139404296875,670.1500244140625,572.8941040039062,790.5439453125,659.996337890625,625.8179931640625,654.970703125
501,16.699957506361322,597.6097412109375,433.5513916015625,594.1712036132812,422.6734619140625,587.5840454101562,431.0345458984375,606.740478515625,401.1249084472656,586.8922119140625,427.2098388671875,649.0602416992188,371.3742980957031,616.5975341796875,439.4427185058594,666.927490234375,295.3313903808594,596.543212890625,510.01971435546875,671.4960327148438,210.4470672607422,589.04736328125,579.0463256835938,748.687255859375,427.7293395996094,714.4141235351562,453.2523498535156,760.2599487304688,558.6192626953125,667.5154418945312,572.5277709960938,789.4425659179688,659.361328125,625.9411010742188,656.4805908203125
502,16.733290754877014,597.8701171875,433.60107421875,594.41064453125,422.591552734375,587.5330810546875,431.0191955566406,606.731201171875,400.6414489746094,586.0813598632812,426.88140869140625,648.3418579101562,370.939208984375,616.5177612304688,439.01068115234375,665.2667236328125,296.58697509765625,596.66552734375,510.8023986816406,669.996826171875,211.9629364013672,588.810791015625,579.907958984375,749.817138671875,426.4140319824219,715.8367919921875,452.09808349609375,760.4741821289062,558.6564331054688,668.2319946289062,572.8494262695312,790.6029663085938,660.2183837890625,627.1427612304688,657.4735717773438
503,16.766624003392707,596.6758422851562,433.7606201171875,593.1915893554688,422.6519775390625,586.4948120117188,431.1282653808594,605.6752319335938,400.98297119140625,585.6511840820312,427.3898010253906,647.4888916015625,371.54052734375,615.9920043945312,440.6402587890625,663.8657836914062,295.5043640136719,596.5783081054688,512.7437744140625,670.4713745117188,211.6166534423828,588.4248046875,582.1220092773438,749.4696655273438,429.9918212890625,715.311767578125,456.1085510253906,762.8955078125,558.8035888671875,667.8076171875,572.8837280273438,793.3139038085938,662.5823974609375,625.6808471679688,659.4629516601562
504,16.799957251908396,596.2930297851562,433.2312927246094,592.777099609375,421.99261474609375,585.9130249023438,430.7362976074219,605.399169921875,400.7874450683594,584.9754028320312,427.867919921875,647.2052612304688,371.95556640625,615.9940185546875,441.6614074707031,664.214111328125,296.5438537597656,595.8916015625,513.9652709960938,671.23974609375,212.83731079101562,588.0772094726562,583.613037109375,748.7137451171875,427.4605407714844,715.137939453125,453.8696594238281,760.6226806640625,558.0236206054688,668.6621704101562,572.79052734375,790.3431396484375,660.2146606445312,626.4788208007812,657.4637451171875
505,16.833290500424088,596.5133666992188,433.77069091796875,593.266357421875,422.7085266113281,586.474365234375,431.1682434082031,606.1070556640625,401.0081787109375,585.828125,427.40582275390625,648.5057373046875,371.2087707519531,615.3245239257812,441.6716003417969,664.4221801757812,294.672119140625,595.328857421875,514.9686889648438,671.4512939453125,211.92129516601562,587.6532592773438,585.647705078125,750.1182861328125,430.7926025390625,715.3016967773438,457.4883728027344,761.3206176757812,558.9974365234375,666.9654541015625,574.12255859375,789.3702392578125,659.5504150390625,625.3604125976562,657.9461669921875
506,16.86662374893978,596.9237670898438,434.09442138671875,593.8137817382812,423.0301208496094,586.7183227539062,431.3717956542969,606.5875854492188,400.8804931640625,585.1119384765625,427.05157470703125,647.9036865234375,370.29473876953125,614.7319946289062,441.19366455078125,664.7547607421875,294.4955749511719,595.9351196289062,515.9298706054688,672.3411865234375,213.28466796875,588.0108032226562,587.0515747070312,749.864501953125,426.80670166015625,715.1778564453125,453.8642272949219,761.447265625,558.1466064453125,668.0382690429688,574.0418090820312,789.4777221679688,659.6209106445312,627.690185546875,659.0406494140625
507,16.899956997455472,595.828369140625,434.9780578613281,592.4060668945312,424.19549560546875,586.2415771484375,432.2147521972656,604.588134765625,402.1642150878906,585.4029541015625,427.58294677734375,646.0972900390625,370.4417419433594,615.0869140625,441.0677795410156,664.2537841796875,294.6806945800781,597.3404541015625,516.645751953125,672.1943969726562,214.1297607421875,588.8192749023438,587.2796630859375,749.202880859375,425.0401611328125,715.8865356445312,451.8283996582031,760.3662719726562,556.9078369140625,667.6502075195312,572.090087890625,787.9497680664062,659.6275634765625,627.162109375,657.9821166992188
508,16.93329024597116,595.7823486328125,435.60626220703125,592.68310546875,424.61566162109375,585.8516845703125,432.8670654296875,605.793212890625,401.9176940917969,584.8545532226562,427.8797607421875,646.985107421875,369.9708557128906,615.0460815429688,441.3341369628906,665.4813842773438,295.8309326171875,597.8511352539062,518.5830078125,672.0648193359375,214.8301544189453,588.2139282226562,587.5744018554688,748.0499267578125,423.23101806640625,714.4495239257812,450.28778076171875,759.3419189453125,555.0171508789062,668.1635131835938,570.604736328125,787.0435791015625,657.2100219726562,629.5454711914062,655.965087890625
509,16.966623494486853,594.7952270507812,436.2513427734375,591.771728515625,425.3386535644531,585.1504516601562,433.55615234375,605.2652587890625,402.45196533203125,584.8783569335938,428.3398132324219,646.6246948242188,369.9523620605469,614.5381469726562,441.67913818359375,664.8303833007812,295.4593505859375,597.1604614257812,520.1727905273438,672.1492309570312,213.9105682373047,587.4158935546875,590.5479736328125,747.2843017578125,424.0206298828125,713.53466796875,451.2176208496094,759.8090209960938,556.6853637695312,668.2999267578125,571.652587890625,789.1266479492188,659.839111328125,631.6763916015625,657.6065063476562
510,16.999956743002546,595.0819702148438,436.9905090332031,592.0498046875,426.4386901855469,585.904541015625,434.21563720703125,604.9535522460938,403.428955078125,585.60986328125,428.2452697753906,645.6087036132812,369.44671630859375,614.5775756835938,440.8787536621094,664.245849609375,293.7716979980469,598.8799438476562,519.3599243164062,671.7215576171875,213.4237060546875,588.098388671875,590.772216796875,746.8103637695312,422.546875,713.7256469726562,449.6122741699219,759.6217651367188,556.5568237304688,668.2598876953125,571.0833129882812,789.5031127929688,659.2401733398438,633.74462890625,656.8329467773438
511,17.033289991518235,595.7291870117188,436.44989013671875,592.6953125,425.8443603515625,586.4431762695312,433.5868835449219,605.7432861328125,402.8963928222656,586.3612060546875,427.6612243652344,646.712158203125,369.7254943847656,615.5523071289062,440.4542236328125,664.5004272460938,293.33697509765625,599.618896484375,517.2466430664062,671.122802734375,212.2428741455078,588.5556030273438,588.1123657226562,747.5498046875,426.00787353515625,713.964599609375,452.6881103515625,762.3325805664062,558.5270385742188,667.701904296875,572.8255004882812,791.3226318359375,661.5614624023438,629.4827880859375,659.396728515625
512,17.066623240033927,595.467041015625,436.6798095703125,592.2344970703125,426.1960754394531,586.4514770507812,433.85284423828125,604.9968872070312,403.978759765625,586.947998046875,428.4029235839844,645.8732299804688,371.409423828125,616.765869140625,440.7898864746094,664.2139282226562,295.1339111328125,601.0265502929688,515.9407958984375,670.930908203125,213.46697998046875,589.7183837890625,586.5502319335938,747.4475708007812,426.5782775878906,714.987060546875,452.7122802734375,762.0360107421875,558.40283203125,667.6312866210938,572.4818115234375,791.4912719726562,661.3952026367188,628.3623657226562,659.3687133789062
513,17.09995648854962,595.4710693359375,436.2845153808594,592.2555541992188,425.9806823730469,586.6102905273438,433.4136962890625,604.798828125,403.81890869140625,587.0238647460938,427.70343017578125,645.8678588867188,371.1204833984375,616.6195068359375,439.9755859375,664.8587646484375,295.62176513671875,600.6766357421875,515.4811401367188,670.6746215820312,213.4197998046875,590.0479736328125,587.01220703125,748.1592407226562,425.35113525390625,715.8414916992188,451.35748291015625,761.1220092773438,558.0960083007812,668.0491333007812,572.7940673828125,789.1967163085938,659.8111572265625,628.5364379882812,659.1881103515625
514,17.13328973706531,595.647705078125,436.4541015625,592.5338745117188,426.00384521484375,586.6260375976562,433.6426086425781,605.859130859375,403.66400146484375,587.3102416992188,428.0614013671875,647.5855712890625,371.23193359375,617.038818359375,440.03607177734375,666.5765991210938,296.1786193847656,600.0079345703125,515.36865234375,670.8316040039062,213.353759765625,589.4657592773438,587.5626220703125,748.387939453125,424.42462158203125,715.34912109375,450.2802429199219,761.251708984375,557.577392578125,668.306884765625,571.807373046875,789.9638061523438,659.6532592773438,629.359619140625,658.1410522460938
515,17.166622985581,597.014404296875,436.31097412109375,593.9458618164062,425.89434814453125,587.8424072265625,433.5021667480469,606.9306640625,403.7296142578125,587.6475830078125,428.0634460449219,648.0858764648438,371.2007141113281,616.5575561523438,440.34539794921875,666.5233154296875,295.70526123046875,599.9886474609375,515.5023193359375,670.9140625,213.75762939453125,589.8782348632812,587.9169311523438,748.1704711914062,424.7279052734375,714.711181640625,450.8136291503906,760.3387451171875,555.971923828125,668.4822998046875,570.707275390625,787.413330078125,657.070068359375,630.2025146484375,656.3048706054688
516,17.199956234096692,596.06884765625,436.6759033203125,592.8023681640625,426.39373779296875,587.297607421875,433.7922668457031,605.740234375,403.935546875,588.0504760742188,427.7314453125,647.8367309570312,371.0051574707031,617.0128784179688,439.16400146484375,667.1717529296875,295.6960754394531,601.9138793945312,513.6492919921875,671.5181884765625,213.8455352783203,591.5783081054688,581.8030395507812,748.2391357421875,425.8110656738281,715.007080078125,451.2047424316406,761.7618408203125,558.1946411132812,668.0184936523438,571.4825439453125,788.6788940429688,659.8248291015625,628.706787109375,657.4569702148438
517,17.233289482612385,597.5408325195312,435.9299621582031,594.3655395507812,425.451416015625,588.3236694335938,433.0674743652344,606.9598999023438,403.4248962402344,587.6782836914062,427.80145263671875,648.5745239257812,370.7944030761719,616.2862548828125,441.001708984375,667.5487060546875,294.2589416503906,600.5108642578125,516.4519653320312,673.2740478515625,214.01248168945312,590.8092651367188,587.5833129882812,750.1837158203125,425.3746337890625,716.105224609375,451.8687744140625,761.8391723632812,558.0283813476562,668.10595703125,573.067626953125,787.9859008789062,659.958740234375,628.8815307617188,659.2965087890625
518,17.266622731128074,597.655517578125,435.4423522949219,594.5215454101562,424.9783935546875,588.5787353515625,432.543701171875,607.4044799804688,402.7440490722656,588.5589599609375,427.0025329589844,650.4561767578125,370.3350830078125,616.5006713867188,440.55712890625,668.64306640625,292.7300109863281,600.6670532226562,515.0874633789062,673.4263305664062,212.83978271484375,591.0133056640625,585.6807861328125,751.345947265625,429.27191162109375,716.3815307617188,455.4928283691406,762.1551513671875,558.7937622070312,667.664306640625,572.9859619140625,786.3763427734375,658.7350463867188,628.043212890625,657.163818359375
519,17.299955979643766,595.8743896484375,434.39788818359375,592.75537109375,423.8068542480469,586.814453125,431.5448303222656,606.1507568359375,401.7835388183594,587.8368530273438,426.43328857421875,649.6534423828125,370.6784973144531,616.8873291015625,440.4272155761719,668.417724609375,293.9186706542969,600.3343505859375,514.88525390625,673.6978149414062,212.1075897216797,590.8341674804688,585.5569458007812,750.0770874023438,430.2032470703125,716.0783081054688,456.1890563964844,760.901123046875,560.03955078125,668.4100952148438,573.921875,786.0634155273438,659.6144409179688,628.4928588867188,657.4644165039062
520,17.333289228159458,596.9029541015625,433.7237548828125,593.4378051757812,423.0335693359375,587.6254272460938,431.03643798828125,605.8829345703125,401.6627502441406,588.1215209960938,427.0201416015625,648.5552368164062,371.3028564453125,616.63916015625,441.1492919921875,665.4376831054688,293.8521728515625,599.5699462890625,514.5921630859375,672.463134765625,212.31243896484375,590.6046142578125,585.7982788085938,748.1821899414062,431.2637634277344,714.681640625,457.3157958984375,760.4878540039062,559.2862548828125,669.4349975585938,571.7581176757812,788.0125122070312,658.7662353515625,630.9530029296875,653.3187255859375
521,17.366622476675147,595.42236328125,433.70819091796875,592.4508056640625,423.1878967285156,586.4410400390625,430.8409118652344,606.121337890625,401.30206298828125,587.916259765625,425.7241516113281,649.3597412109375,370.674560546875,616.8755493164062,439.6793518066406,666.12646484375,293.6798095703125,601.43994140625,513.5202026367188,670.8662719726562,210.76031494140625,592.1876831054688,582.04443359375,748.541259765625,432.91241455078125,714.696044921875,458.3173522949219,759.53564453125,561.3612670898438,667.671875,573.1615600585938,786.023681640625,659.5952758789062,630.0167236328125,654.2819213867188
522,17.39995572519084,595.7764892578125,432.3530578613281,592.7943115234375,421.37158203125,586.2159423828125,429.6750793457031,606.7846069335938,400.211669921875,587.53369140625,426.27850341796875,650.363525390625,371.58856201171875,616.5975341796875,442.0096435546875,664.4155883789062,293.04168701171875,598.6804809570312,514.2044067382812,669.5936279296875,211.536865234375,590.2820434570312,584.8438110351562,748.6471557617188,436.9422912597656,713.6470947265625,463.0050354003906,761.7061157226562,563.7091674804688,667.621337890625,575.7479248046875,789.4785766601562,662.7801513671875,627.9515991210938,656.62353515625
523,17.43328897370653,594.2742919921875,432.5223388671875,591.2356567382812,421.45281982421875,584.5730590820312,429.94140625,605.264404296875,400.6410827636719,585.9473266601562,427.135498046875,648.1448364257812,372.2187805175781,616.8321533203125,442.850341796875,662.5530395507812,293.32525634765625,598.635009765625,514.6279296875,669.7708129882812,211.88336181640625,589.7550048828125,584.97802734375,748.3388061523438,434.814697265625,714.7906494140625,461.080322265625,760.7578125,561.0664672851562,668.3340454101562,573.6329956054688,789.466796875,662.04150390625,628.2741088867188,656.2597045898438
524,17.466622222222224,594.8173217773438,433.1664123535156,591.5137329101562,421.7535095214844,584.785400390625,430.7218017578125,605.4464721679688,400.1405334472656,586.2251586914062,427.88836669921875,647.6085205078125,371.6523132324219,617.9254150390625,442.6979675292969,660.5234985351562,293.3069763183594,598.0401611328125,514.07275390625,669.7064819335938,213.01998901367188,589.2772216796875,585.1170654296875,747.4402465820312,433.5001220703125,714.6381225585938,460.1825256347656,762.8811645507812,558.9796142578125,669.9127807617188,572.2553100585938,793.7116088867188,661.8561401367188,627.705078125,656.3662109375
525,17.499955470737913,594.42529296875,433.3491516113281,591.0010375976562,421.88970947265625,584.40478515625,431.0029602050781,605.0213012695312,399.7494812011719,586.2650756835938,427.8519287109375,647.77099609375,371.00103759765625,618.2987670898438,442.1202392578125,660.8594970703125,293.0113830566406,597.9927368164062,513.4509887695312,667.8135375976562,211.95428466796875,590.0602416992188,584.6327514648438,747.3477783203125,432.4050598144531,714.6416625976562,459.1258850097656,763.2830200195312,559.8170166015625,670.2184448242188,573.753662109375,794.274169921875,662.0513305664062,626.6409912109375,657.6979370117188
526,17.533288719253605,594.4904174804688,433.181884765625,591.0094604492188,421.6038513183594,584.051513671875,430.91986083984375,604.7222900390625,399.986328125,585.0941772460938,428.53460693359375,646.184326171875,371.847900390625,618.5595703125,442.9374694824219,660.0894165039062,294.55413818359375,598.6055908203125,514.2586669921875,666.9353637695312,212.2344207763672,590.5961303710938,585.734375,746.0885620117188,428.63238525390625,714.6463012695312,455.5020446777344,761.2756958007812,557.1566162109375,670.9556274414062,571.9766235351562,792.467041015625,659.0545654296875,627.0333251953125,655.6688842773438
527,17.566621967769297,594.5283203125,433.0412292480469,591.1634521484375,421.65771484375,584.3960571289062,430.5890197753906,605.1085815429688,399.3106689453125,586.1735229492188,426.91094970703125,647.7616577148438,371.0165710449219,618.8739624023438,441.2605285644531,660.5130615234375,294.5174560546875,599.9651489257812,513.6674194335938,665.402587890625,210.47032165527344,591.2661743164062,585.6327514648438,747.4523315429688,432.88739013671875,715.2821655273438,459.1502685546875,761.406982421875,558.6453857421875,669.5904541015625,572.49560546875,790.3961791992188,657.2910766601562,625.1783447265625,653.7033081054688
528,17.599955216284986,595.7474365234375,431.5066223144531,592.2472534179688,419.6725158691406,584.5872192382812,429.2989196777344,605.4887084960938,398.4149169921875,584.0782470703125,427.6083984375,646.7842407226562,371.8038635253906,617.6859741210938,442.98040771484375,660.2723999023438,295.4243469238281,598.6966552734375,514.19384765625,666.2325439453125,212.47662353515625,591.4736328125,586.3959350585938,746.9620361328125,429.951904296875,714.523193359375,456.9003601074219,760.1980590820312,557.51904296875,669.7687377929688,572.1566772460938,793.326171875,657.9108276367188,627.6740112304688,653.5563354492188
529,17.63328846480068,594.8619995117188,431.991943359375,591.1854248046875,420.1262512207031,584.0486450195312,429.79583740234375,604.8728637695312,398.3807373046875,585.0397338867188,427.7237243652344,647.4403686523438,371.4010314941406,618.8972778320312,442.6971435546875,660.0803833007812,295.80401611328125,599.5210571289062,515.1519165039062,666.068115234375,212.99630737304688,591.962646484375,588.6239624023438,747.5143432617188,431.72515869140625,715.3419189453125,458.54351806640625,760.7578735351562,558.0376586914062,669.4883422851562,572.2398071289062,792.7477416992188,658.5609130859375,625.4482421875,653.7318725585938
530,17.66662171331637,594.4559326171875,431.45440673828125,590.7510375976562,419.6225280761719,583.732177734375,429.2137756347656,604.5067749023438,398.14239501953125,584.9801025390625,427.3012390136719,647.3314208984375,371.6991271972656,618.5353393554688,442.06060791015625,659.9044189453125,295.8332824707031,599.1785888671875,513.1312866210938,667.0654296875,213.38131713867188,592.4100341796875,585.9030151367188,746.6714477539062,433.4086608886719,714.1790771484375,459.7210998535156,760.716552734375,559.4683227539062,667.8875122070312,572.5653076171875,793.240966796875,660.0357055664062,623.231201171875,653.650146484375
531,17.699954961832063,594.3829956054688,431.3248596191406,590.8338623046875,419.3811950683594,583.5894165039062,429.02178955078125,605.06494140625,397.7998962402344,584.9696655273438,427.1551818847656,648.5026245117188,371.3526611328125,618.1038208007812,442.7884521484375,659.5321044921875,294.5340270996094,598.2447509765625,514.9169311523438,667.620849609375,213.19143676757812,591.1427612304688,590.2135009765625,748.3575439453125,436.3516845703125,714.568115234375,463.0418395996094,762.9649047851562,560.2274780273438,667.2074584960938,572.8857421875,795.446533203125,662.0849609375,622.493896484375,654.7499389648438
532,17.73328821034775,594.22314453125,431.1831359863281,590.4602661132812,418.95147705078125,583.0233154296875,429.1652526855469,604.3916625976562,397.3641357421875,583.969970703125,428.0919189453125,646.9540405273438,371.2268371582031,618.212890625,443.6427917480469,658.6638793945312,294.240966796875,597.8118286132812,514.5501098632812,668.2443237304688,213.6061248779297,591.4183959960938,588.26416015625,746.3864135742188,433.8660888671875,713.7070922851562,461.2729187011719,761.83154296875,559.6310424804688,668.0364379882812,574.3668823242188,795.9966430664062,660.7118530273438,622.4124755859375,655.5297241210938
533,17.766621458863444,594.2564086914062,430.28045654296875,589.8795166015625,417.98358154296875,582.8609619140625,428.40966796875,602.377685546875,397.228271484375,583.2791748046875,428.4160461425781,645.377197265625,371.72216796875,619.0363159179688,444.0672912597656,659.6732788085938,295.28314208984375,599.35107421875,514.1728515625,668.2003173828125,214.8756866455078,592.5193481445312,587.6451416015625,747.094482421875,430.8994140625,716.0887451171875,458.1621398925781,759.6673583984375,559.291748046875,668.9122314453125,573.7628784179688,794.8137817382812,661.1430053710938,622.6624145507812,654.5153198242188
534,17.799954707379136,595.7748413085938,429.3399353027344,591.3878784179688,416.970458984375,584.0171508789062,427.6343688964844,603.6492919921875,396.0596923828125,583.6160888671875,427.83056640625,646.5670166015625,370.53167724609375,619.673095703125,443.3473815917969,660.1089477539062,294.583251953125,598.5745849609375,513.4098510742188,668.034423828125,215.41519165039062,592.3140869140625,590.56689453125,748.9368286132812,428.2522888183594,717.7920532226562,455.8757629394531,758.3456420898438,558.5136108398438,669.7493896484375,574.1885375976562,793.636962890625,659.1624145507812,623.8131713867188,653.8746337890625
535,17.833287955894825,597.0209350585938,429.1930236816406,592.8331298828125,416.91534423828125,585.1771240234375,427.3791198730469,604.5155029296875,396.6231384277344,583.3729858398438,427.785400390625,645.9589233398438,371.28662109375,618.22607421875,443.9871826171875,659.1874389648438,294.5927734375,597.9517211914062,513.6389770507812,667.982421875,214.73085021972656,592.780029296875,588.464599609375,749.3466796875,429.086181640625,717.3145141601562,456.9818115234375,760.2099609375,557.9641723632812,669.2225341796875,574.385009765625,796.2179565429688,659.169677734375,624.4583129882812,655.3829345703125
536,17.866621204410517,596.0254516601562,428.3746643066406,591.8704833984375,416.1913146972656,584.4655151367188,426.5764465332031,603.7102661132812,396.30303955078125,583.3106689453125,427.1959533691406,645.7025146484375,371.263916015625,618.1712646484375,443.6389465332031,659.529052734375,294.96575927734375,597.9306640625,513.2618408203125,667.9854736328125,214.4961700439453,593.4127807617188,586.4461059570312,749.6502075195312,429.3603210449219,717.7733154296875,457.11529541015625,759.8365478515625,558.4706420898438,669.1166381835938,575.0132446289062,795.9096069335938,659.60009765625,624.6976318359375,656.264892578125
537,17.89995445292621,596.5918579101562,428.6811218261719,592.5869140625,416.2639465332031,584.5889282226562,426.92510986328125,604.6134643554688,396.158935546875,582.4483032226562,427.6860046386719,645.564697265625,371.07720947265625,617.6661987304688,444.4889221191406,658.7957763671875,295.46636962890625,597.9408569335938,515.0269165039062,667.676513671875,216.11924743652344,593.7583618164062,586.9077758789062,749.8284912109375,428.1441345214844,717.5315551757812,456.5602722167969,760.6663818359375,557.6083374023438,669.5542602539062,575.2349853515625,797.8751831054688,660.6422119140625,626.27294921875,658.3419799804688
538,17.9332877014419,596.3007202148438,429.4286804199219,592.4498901367188,417.1969299316406,584.8009033203125,427.3396301269531,604.7874755859375,396.5393981933594,583.495361328125,426.9241027832031,646.2371215820312,370.78216552734375,617.781494140625,443.8430480957031,658.8545532226562,296.0472412109375,598.5729370117188,516.7080688476562,667.12548828125,215.31063842773438,593.4182739257812,587.4647827148438,750.4437866210938,429.62860107421875,717.7935180664062,457.6615295410156,761.9352416992188,559.762939453125,668.8629760742188,576.1498413085938,797.3607177734375,662.492919921875,624.8151245117188,659.0512084960938
539,17.96662094995759,595.864013671875,429.0963134765625,592.169189453125,416.7881164550781,584.1560668945312,427.0833740234375,604.9501953125,396.29559326171875,582.6520385742188,427.03973388671875,646.6550903320312,370.5765075683594,617.3997802734375,444.4098815917969,659.701171875,294.77435302734375,598.6622924804688,517.051025390625,668.1145629882812,213.9817657470703,594.0924072265625,587.206298828125,750.81298828125,428.7959289550781,717.8579711914062,457.05328369140625,760.5926513671875,559.2634887695312,668.7493286132812,575.7433471679688,795.6834716796875,661.1383056640625,626.0509033203125,657.4280395507812
540,17.999954198473283,595.0479736328125,429.309814453125,591.2616577148438,416.8707580566406,583.3748779296875,427.3887939453125,604.4246826171875,396.0122985839844,582.7652587890625,427.3350830078125,647.0191650390625,370.4949035644531,617.8040161132812,444.29327392578125,659.2683715820312,294.5935363769531,598.3182373046875,516.0939331054688,668.337890625,215.01272583007812,593.8291625976562,587.1099243164062,750.1830444335938,430.7904357910156,717.265625,458.8365173339844,759.8353271484375,560.5665893554688,667.73828125,576.0089111328125,796.3427734375,662.1942138671875,625.158203125,656.4171752929688
541,18.033287446988975,594.394287109375,429.2659912109375,590.5416870117188,416.8848571777344,582.790283203125,427.4578552246094,603.37255859375,396.8033752441406,582.1255493164062,428.32611083984375,645.7939453125,370.9729309082031,617.4373168945312,446.31854248046875,658.4132080078125,293.522216796875,597.9968872070312,518.24658203125,668.6392211914062,216.48086547851562,592.38916015625,590.0511474609375,750.2421875,430.20855712890625,717.704833984375,458.9543151855469,761.0869140625,559.7133178710938,668.2034912109375,575.7771606445312,797.19189453125,662.38232421875,624.9456787109375,656.9381713867188
542,18.066620695504664,594.0634765625,430.518310546875,590.13330078125,418.23651123046875,582.6822509765625,428.5458984375,603.1414184570312,397.050048828125,582.6927490234375,428.0234375,646.0043334960938,370.49176025390625,618.1827392578125,444.4750061035156,658.8549194335938,294.0450439453125,598.4673461914062,516.512451171875,667.6180419921875,215.1175537109375,592.0617065429688,587.790771484375,749.7998046875,429.43682861328125,717.8319091796875,457.4016418457031,760.3626098632812,560.3788452148438,668.4583129882812,575.3115234375,795.8784790039062,662.3756713867188,624.5549926757812,655.8510131835938
543,18.099953944020356,594.15625,431.0638427734375,590.2655639648438,418.7523498535156,582.650146484375,429.03564453125,603.230712890625,397.2514953613281,582.2953491210938,428.2343444824219,645.17626953125,370.3872375488281,617.850341796875,444.4853210449219,657.8612670898438,294.0415344238281,598.7061157226562,516.8209228515625,667.2836303710938,215.69248962402344,591.8538208007812,587.4261474609375,748.27783203125,428.4060363769531,716.5498657226562,456.48480224609375,761.2023315429688,559.8611450195312,669.059814453125,574.8184814453125,796.4708862304688,662.791748046875,624.6517333984375,656.3554077148438
544,18.13328719253605,593.6663818359375,431.0604248046875,589.6647338867188,418.839599609375,582.4230346679688,428.9210205078125,602.3988647460938,397.1576843261719,582.4830322265625,427.5675048828125,645.1805419921875,370.22674560546875,618.1622314453125,443.9169921875,658.4172973632812,295.1310729980469,599.6868286132812,517.0947875976562,665.5236206054688,216.78390502929688,592.472412109375,588.0510864257812,749.8896484375,429.0538635253906,718.3026123046875,456.9590759277344,761.6397705078125,560.6633911132812,668.6427001953125,576.111083984375,795.73974609375,663.2305297851562,622.962890625,658.2037963867188
545,18.166620441051737,594.1083374023438,432.3302307128906,590.2931518554688,420.6937561035156,583.43310546875,429.7994689941406,602.7667846679688,398.2850036621094,583.1961669921875,426.3807678222656,644.7102661132812,369.43841552734375,617.7299194335938,440.97589111328125,658.883544921875,295.54595947265625,600.87255859375,515.7697143554688,664.4840698242188,215.6162109375,593.1446533203125,586.3955078125,750.0223388671875,425.3614807128906,718.4789428710938,452.3169250488281,761.968994140625,560.1322631835938,668.4359130859375,574.5167846679688,794.1155395507812,663.4633178710938,623.623291015625,658.6743774414062
546,18.19995368956743,594.6566772460938,431.9000244140625,591.0492553710938,419.7774353027344,583.22265625,429.5101013183594,604.2876586914062,397.784912109375,582.3256225585938,427.40399169921875,645.9248046875,370.5254211425781,617.083251953125,443.16650390625,658.2796630859375,295.1982116699219,599.226806640625,516.5559692382812,665.603759765625,215.02069091796875,592.8538818359375,587.30810546875,749.5978393554688,428.8746032714844,716.7562866210938,456.4103088378906,762.96240234375,560.6111450195312,668.9549560546875,575.3429565429688,795.92041015625,664.2079467773438,624.3020629882812,659.0387573242188
547,18.233286938083122,594.7437133789062,431.60614013671875,591.2947998046875,419.5863037109375,583.4354248046875,429.183349609375,604.4601440429688,398.1669006347656,582.354736328125,427.361572265625,645.805419921875,371.5122985839844,616.1942749023438,443.837646484375,658.3637084960938,296.3637390136719,598.6447143554688,517.0075073242188,666.7991333007812,216.05299377441406,592.81201171875,587.6787109375,749.2565307617188,430.9759216308594,715.9978637695312,458.5797119140625,762.87646484375,560.30126953125,668.5488891601562,575.5259399414062,795.7005615234375,662.1257934570312,624.9115600585938,658.1052856445312
548,18.266620186598814,594.8274536132812,431.3733215332031,591.399169921875,419.337158203125,583.3956909179688,429.0306396484375,604.6843872070312,398.0289306640625,582.27880859375,427.4636535644531,646.1493530273438,371.60491943359375,616.4697875976562,443.9192810058594,658.6928100585938,296.76153564453125,598.2515869140625,516.6647338867188,667.0364990234375,216.5106658935547,593.0277709960938,587.4347534179688,749.6803588867188,431.15203857421875,716.427490234375,458.8660888671875,762.8187255859375,559.0110473632812,669.1468505859375,575.1636352539062,794.6151123046875,660.3589477539062,624.3803100585938,657.7534790039062
549,18.299953435114503,594.6275634765625,431.0586242675781,591.3043823242188,419.2119445800781,583.2769165039062,428.7081604003906,604.4669189453125,398.1297607421875,581.755126953125,426.9067687988281,645.647705078125,371.8609924316406,615.9093017578125,442.89410400390625,659.6181640625,299.2256164550781,598.4783935546875,516.2782592773438,666.6660766601562,217.0158233642578,593.7503662109375,586.2327270507812,749.7470703125,428.74127197265625,716.6681518554688,456.0495300292969,760.4304809570312,559.062255859375,668.7465209960938,575.55078125,792.95654296875,658.6279907226562,626.27978515625,657.1622314453125
550,18.333286683630195,594.8715209960938,431.4173889160156,591.431884765625,419.5609130859375,583.6283569335938,429.0164489746094,604.5929565429688,397.9056396484375,582.5889892578125,426.74224853515625,646.6520385742188,370.99853515625,616.4242553710938,442.7476501464844,659.26708984375,298.2685852050781,598.7267456054688,517.5089111328125,666.6259155273438,217.3976287841797,592.7460327148438,588.55419921875,750.9015502929688,430.81842041015625,717.5691528320312,458.13726806640625,761.0632934570312,559.0272827148438,669.0029296875,574.0348510742188,792.9118041992188,659.9451293945312,626.877685546875,655.7552490234375
551,18.366619932145888,594.198974609375,430.80908203125,591.1028442382812,419.00152587890625,582.9935913085938,428.2798156738281,605.1333618164062,397.9186096191406,582.3326416015625,426.3031005859375,647.4568481445312,372.0576171875,615.8084716796875,442.9947509765625,659.8325805664062,299.02239990234375,598.5740966796875,517.319580078125,667.7537841796875,216.68350219726562,593.6734619140625,587.8116455078125,750.3005981445312,433.4062805175781,716.1979370117188,460.30523681640625,761.2301635742188,558.5175170898438,669.1819458007812,572.7322998046875,790.9102783203125,658.2423095703125,627.1632080078125,653.63671875
552,18.399953180661576,593.9961547851562,430.9073791503906,590.8781127929688,418.8959045410156,582.5794067382812,428.51336669921875,605.06494140625,397.7184143066406,581.8471069335938,426.90960693359375,647.0556640625,371.9243469238281,616.3199462890625,443.8269958496094,660.9656982421875,298.9490661621094,599.0084228515625,518.224853515625,669.7546997070312,216.49151611328125,593.67529296875,587.8390502929688,749.4229125976562,431.19000244140625,716.134765625,458.5932312011719,759.7901611328125,558.4780883789062,669.7962646484375,574.0897216796875,790.3555297851562,657.78515625,627.6947631835938,654.6038818359375
553,18.43328642917727,594.208984375,430.899169921875,590.936279296875,418.8111877441406,582.7169189453125,428.4827575683594,604.704833984375,397.25872802734375,581.7783813476562,426.7527770996094,647.2192993164062,370.9609680175781,616.2767944335938,444.1612243652344,661.072509765625,297.0015563964844,598.1494750976562,518.7396850585938,672.0692138671875,217.3885498046875,592.3380126953125,589.832763671875,750.5885620117188,432.1985168457031,717.3367919921875,460.1214904785156,759.5693969726562,556.6659545898438,669.2848510742188,572.9498901367188,788.1179809570312,655.5804443359375,625.2405395507812,652.6853637695312
554,18.46661967769296,593.7225952148438,430.8644714355469,590.3304443359375,418.78753662109375,582.241455078125,428.53741455078125,604.1987915039062,397.23443603515625,581.5587768554688,426.9461669921875,647.5198974609375,370.86846923828125,615.9461669921875,443.8871154785156,662.1221313476562,296.8854675292969,597.9216918945312,517.8622436523438,672.5172119140625,218.14541625976562,591.4224853515625,589.5820922851562,750.1356201171875,432.177490234375,716.29296875,459.850341796875,760.5105590820312,559.381103515625,668.227294921875,574.60302734375,791.0769653320312,658.1372680664062,624.5088500976562,653.34765625
555,18.499952926208653,594.081787109375,430.3157653808594,590.4985961914062,417.94293212890625,582.2330322265625,428.2118225097656,604.1785278320312,396.5951843261719,581.0381469726562,427.5359802246094,646.4171752929688,370.85504150390625,616.1721801757812,443.9442138671875,662.1962890625,297.1023254394531,597.1620483398438,516.2626342773438,675.1719360351562,219.60000610351562,591.4552001953125,587.210205078125,747.6859130859375,428.62445068359375,714.81005859375,456.55487060546875,759.056884765625,557.2813720703125,669.3013916015625,573.1705932617188,792.9017333984375,657.8947143554688,626.6577758789062,652.9717407226562
556,18.533286174724342,594.2320556640625,430.38134765625,590.1755981445312,418.0078430175781,582.4940185546875,428.2603454589844,602.9285278320312,396.6648254394531,581.4494018554688,427.7200927734375,646.23291015625,370.5851135253906,616.5804443359375,444.4043884277344,662.803955078125,296.2476806640625,596.955078125,517.577392578125,676.4984741210938,219.4421844482422,590.4730224609375,591.0103759765625,749.0189819335938,429.3331298828125,716.5249633789062,457.3786926269531,759.5228881835938,557.8186645507812,669.216064453125,573.0169067382812,792.4666137695312,660.0052490234375,624.5081176757812,653.3575439453125
557,18.566619423240034,594.6079711914062,429.5757141113281,590.737060546875,417.2867431640625,582.9691162109375,427.51409912109375,603.5415649414062,396.30352783203125,581.680908203125,427.2061462402344,646.8204956054688,369.94903564453125,615.7005615234375,444.7659912109375,664.2053833007812,294.387451171875,596.7398071289062,518.75927734375,676.8876953125,216.74530029296875,589.76513671875,593.2622680664062,748.3462524414062,428.6997375488281,715.2843627929688,457.1894226074219,758.2741088867188,557.135009765625,669.2208862304688,573.0636596679688,790.521728515625,656.362548828125,626.9541015625,651.0222778320312
558,18.599952671755727,594.9442138671875,429.60198974609375,591.1114501953125,417.3643493652344,583.3291015625,427.48004150390625,603.962158203125,396.5492248535156,581.88720703125,427.1864318847656,647.4285888671875,370.47296142578125,614.7049560546875,444.69854736328125,664.2692260742188,294.0613708496094,595.6100463867188,517.9064331054688,677.547607421875,215.96176147460938,590.1429443359375,593.0150146484375,747.8397216796875,431.281494140625,713.7061157226562,459.5157775878906,758.7658081054688,557.2272338867188,668.395263671875,572.5164184570312,789.94384765625,656.4315185546875,626.0533447265625,650.598388671875
559,18.633285920271415,594.334228515625,429.9989318847656,590.5474243164062,417.62139892578125,582.59033203125,427.8609313964844,603.8922119140625,396.5636901855469,581.3244018554688,427.5351867675781,647.0474243164062,370.4117736816406,615.1998901367188,444.5754089355469,664.1023559570312,294.2463684082031,596.7472534179688,516.92431640625,678.06103515625,218.2608642578125,589.8789672851562,587.70263671875,747.3256225585938,430.87640380859375,713.4111938476562,458.9203796386719,760.3721313476562,558.7159423828125,668.4425048828125,573.029052734375,793.8981323242188,661.1915893554688,626.4862670898438,653.26708984375
560,18.666619168787108,593.9690551757812,429.8880310058594,590.1295776367188,417.544677734375,582.2749633789062,427.84063720703125,603.1063232421875,396.82952880859375,580.8151245117188,427.85296630859375,646.3916015625,370.6304016113281,614.5802001953125,445.2706604003906,664.6790161132812,293.86798095703125,596.0083618164062,517.2697143554688,678.8138427734375,217.52667236328125,589.1187744140625,588.5506591796875,747.8087158203125,430.4083557128906,714.0255737304688,458.851806640625,760.0534057617188,559.0170288085938,668.6485595703125,574.586669921875,793.990234375,659.9241943359375,627.2200927734375,653.8771362304688
561,18.6999524173028,593.9569702148438,429.4584045410156,590.0349731445312,417.07489013671875,582.42626953125,427.57342529296875,602.9708251953125,396.6984558105469,581.4444580078125,428.2161865234375,646.6296997070312,370.2707214355469,614.918701171875,446.0865478515625,664.630126953125,292.265380859375,594.99072265625,518.2848510742188,679.3472900390625,217.52745056152344,587.7750854492188,590.9338989257812,748.119384765625,430.5539245605469,714.3855590820312,459.4325866699219,760.06884765625,558.4334716796875,668.8839111328125,573.8883666992188,795.4747924804688,661.7403564453125,628.8321533203125,654.6885986328125
562,18.73328566581849,594.416259765625,429.7340393066406,590.531982421875,417.2370910644531,582.7603759765625,427.8450927734375,603.6318969726562,396.4678039550781,581.790283203125,428.2878112792969,647.330810546875,370.129150390625,614.9227294921875,446.1414489746094,664.6652221679688,292.5247802734375,594.2749633789062,518.7111206054688,679.3512573242188,217.3585205078125,587.4251708984375,592.5043334960938,747.5568237304688,431.2781066894531,713.4281005859375,460.2666931152344,760.0504760742188,558.1278076171875,668.3289794921875,573.85546875,794.8704833984375,660.66796875,627.185546875,654.0674438476562
563,18.76661891433418,594.1354370117188,429.14691162109375,590.1505126953125,416.378662109375,582.12255859375,427.512451171875,603.365234375,395.7049255371094,580.84912109375,428.76715087890625,646.8335571289062,369.594970703125,614.7830810546875,446.64923095703125,664.7269287109375,292.1915588378906,593.7290649414062,518.7754516601562,679.2489013671875,218.10508728027344,587.4828491210938,591.528564453125,746.5841064453125,428.8719177246094,712.7095336914062,458.4559631347656,759.5279541015625,556.66845703125,669.32373046875,573.5588989257812,796.4769897460938,660.1624145507812,629.1471557617188,654.1801147460938
564,18.799952162849873,594.05908203125,428.94085693359375,590.1112060546875,416.043212890625,581.7950439453125,427.214111328125,603.353515625,395.8198547363281,580.2239379882812,428.9276428222656,646.8212280273438,370.9295654296875,614.345458984375,447.78271484375,663.93896484375,292.87811279296875,593.9949340820312,519.246337890625,679.9730834960938,218.2085723876953,587.8726806640625,592.3298950195312,747.27685546875,432.5894470214844,712.9390258789062,462.1218566894531,760.85546875,556.8001708984375,669.0930786132812,573.3057250976562,797.0343017578125,659.9946899414062,627.98486328125,653.720703125
565,18.833285411365566,594.239013671875,429.04376220703125,590.2058715820312,416.3855895996094,582.2320556640625,427.29681396484375,603.04638671875,396.4495544433594,580.858642578125,428.91595458984375,646.4898071289062,371.5263671875,615.160888671875,447.4615478515625,664.4588012695312,293.298828125,593.91796875,517.9052734375,680.2213134765625,217.83731079101562,587.6184692382812,592.2418212890625,747.7293701171875,432.3609924316406,714.1856689453125,461.6069641113281,759.773681640625,557.9334716796875,668.5177612304688,575.628173828125,793.6055297851562,659.7164306640625,624.234375,656.1664428710938
566,18.866618659881254,593.5929565429688,429.2301330566406,589.3922119140625,416.6143493652344,581.673583984375,427.54071044921875,601.9813232421875,396.5244445800781,580.4208374023438,429.0281066894531,645.4078979492188,371.1289978027344,614.955078125,446.9346923828125,664.0372314453125,293.1595153808594,594.9616088867188,517.4896240234375,679.2970581054688,217.64306640625,587.9948120117188,589.7008056640625,746.4738159179688,431.26263427734375,713.4248657226562,460.2818298339844,759.1986083984375,557.8869018554688,668.3245239257812,574.392578125,795.3026123046875,660.4747314453125,626.040771484375,654.69287109375
567,18.899951908396947,593.4013671875,429.18951416015625,589.16796875,416.8271484375,581.7642822265625,427.3727722167969,601.5175170898438,396.63653564453125,580.7645263671875,428.24737548828125,645.3616333007812,371.1252136230469,614.9238891601562,445.53570556640625,663.8870239257812,293.67779541015625,595.137451171875,515.9525756835938,678.3363037109375,217.1566619873047,588.59765625,588.0234985351562,746.8009643554688,431.02001953125,713.9448852539062,459.2380676269531,757.9772338867188,560.0545654296875,668.1129760742188,574.8330078125,793.7108764648438,661.5158081054688,626.6226196289062,653.635498046875
568,18.93328515691264,593.4515380859375,429.7560729980469,589.3013916015625,417.3641662597656,581.8013305664062,427.9178466796875,601.9577026367188,396.8944396972656,580.92333984375,428.5341491699219,646.2667846679688,370.9605407714844,615.3900756835938,445.8287048339844,664.392578125,293.04901123046875,594.639404296875,516.641357421875,678.8569946289062,216.4495086669922,588.9403686523438,590.1043090820312,749.0009765625,430.7981872558594,715.794189453125,459.2505187988281,758.3067626953125,559.10498046875,667.5565185546875,574.8782348632812,792.5029907226562,660.8837280273438,624.3170776367188,654.662353515625
569,18.966618405428328,593.9525146484375,430.3273010253906,589.8568115234375,418.200927734375,582.6707153320312,428.31298828125,602.5380859375,397.3142395019531,582.1666259765625,427.93182373046875,646.5635986328125,370.6519775390625,615.8553466796875,444.1777648925781,664.4653930664062,293.902099609375,595.2032470703125,515.9661254882812,678.7781372070312,215.65907287597656,590.22802734375,590.2356567382812,748.8424682617188,430.24066162109375,715.6790161132812,458.2191162109375,759.3757934570312,558.6072998046875,667.9811401367188,574.286865234375,791.9376831054688,659.6763305664062,623.3692016601562,654.4146118164062
570,18.99995165394402,593.86572265625,429.446533203125,589.7362670898438,417.4390869140625,582.802001953125,427.4464111328125,602.1442260742188,397.27783203125,582.513427734375,427.5226745605469,646.3328247070312,371.1138916015625,615.9690551757812,444.351806640625,664.6494140625,294.47528076171875,595.9874877929688,516.2659301757812,678.532958984375,215.60153198242188,590.519775390625,590.594482421875,748.8921508789062,431.0550537109375,715.9671630859375,458.8587646484375,758.5206909179688,558.9189453125,667.4141845703125,574.3233642578125,791.0802001953125,658.9803466796875,623.4620361328125,653.6129760742188
571,19.033284902459712,595.8576049804688,428.7910461425781,591.9371337890625,416.4357604980469,584.1478881835938,426.8392028808594,604.4955444335938,395.90826416015625,582.6251220703125,427.0655212402344,647.531494140625,370.2810974121094,615.6092529296875,444.8497009277344,664.5829467773438,294.6741943359375,596.605224609375,518.5361938476562,678.2728271484375,215.62107849121094,590.9923095703125,592.932373046875,747.4546508789062,430.95947265625,713.6287231445312,459.3880615234375,757.5758666992188,557.7817993164062,666.46240234375,573.7405395507812,790.86572265625,656.2095336914062,624.0596923828125,651.0530395507812
572,19.066618150975405,595.0250244140625,428.41009521484375,591.3175048828125,415.7478332519531,583.1305541992188,426.3754577636719,605.0645141601562,394.4658508300781,582.4376220703125,426.2485046386719,648.9072265625,369.4690246582031,615.8267211914062,444.2249450683594,664.64501953125,295.0916442871094,596.81884765625,518.8810424804688,679.845458984375,217.7296142578125,591.1375122070312,592.5166625976562,747.6180419921875,434.3499755859375,712.85595703125,462.6233215332031,759.4037475585938,558.4369506835938,666.2694091796875,572.5169677734375,794.9815673828125,660.3873901367188,625.3455200195312,651.682373046875
573,19.099951399491093,596.0411987304688,427.99908447265625,593.4033813476562,415.8328857421875,584.4590454101562,425.2538146972656,608.0663452148438,393.0190734863281,582.971923828125,421.8195495605469,649.6051025390625,367.4166259765625,614.1289672851562,438.84356689453125,665.58056640625,295.2302551269531,598.7581176757812,514.3600463867188,682.6931762695312,216.4640350341797,594.2158813476562,582.982666015625,745.9259643554688,436.6181640625,709.5091552734375,463.78057861328125,761.7730712890625,562.85791015625,664.4728393554688,576.769775390625,796.1370849609375,663.205078125,625.1740112304688,657.4490356445312
574,19.133284648006786,593.752685546875,428.08953857421875,591.2390747070312,415.9141540527344,582.6013793945312,424.9837951660156,606.8706665039062,391.59564208984375,582.305908203125,419.70806884765625,649.6664428710938,364.88397216796875,612.6983642578125,436.1419372558594,667.1808471679688,291.5987548828125,599.2386474609375,512.5977172851562,687.265625,212.506591796875,595.8814697265625,576.1066284179688,744.9774780273438,439.1826477050781,707.5494995117188,465.9913635253906,764.409912109375,562.7241821289062,663.5768432617188,575.1075439453125,798.141845703125,666.1992797851562,624.1377563476562,658.5471801757812
575,19.166617896522478,596.020263671875,423.13421630859375,593.8759155273438,411.19647216796875,585.0982666015625,419.9041442871094,608.9623413085938,388.90350341796875,583.8308715820312,415.86590576171875,651.2615356445312,363.8114013671875,611.8931884765625,434.0596618652344,669.9631958007812,286.8482360839844,599.5988159179688,504.82745361328125,691.8892211914062,210.59445190429688,600.7933959960938,559.8587036132812,745.9879150390625,443.11260986328125,706.8250122070312,469.7299499511719,766.1028442382812,561.902587890625,662.277587890625,575.5950927734375,797.9428100585938,665.2066040039062,622.6456298828125,660.2062377929688
576,19.199951145038167,600.2463989257812,418.3507385253906,598.0852661132812,405.54510498046875,587.1700439453125,415.5084228515625,612.8975219726562,384.4549560546875,581.8199462890625,414.393798828125,655.456787109375,362.08990478515625,609.3065795898438,434.18670654296875,674.0698852539062,280.7513122558594,596.9794311523438,499.0687561035156,695.092041015625,209.5172576904297,600.9634399414062,555.6912841796875,745.495849609375,442.2153015136719,702.3958740234375,469.42071533203125,764.8655395507812,559.2508544921875,661.6456909179688,572.6411743164062,796.0181884765625,659.3653564453125,623.9237670898438,651.7900390625
577,19.23328439355386,598.6290893554688,414.1235046386719,596.2804565429688,401.0104064941406,585.7412109375,411.6006164550781,611.4691162109375,381.225341796875,581.9551391601562,412.7774658203125,656.5303955078125,361.0353698730469,608.3143920898438,435.9898376464844,675.7152099609375,281.0502014160156,592.265625,503.48297119140625,696.3644409179688,214.932373046875,593.9495239257812,564.6398315429688,744.3177490234375,444.5264892578125,700.1920166015625,472.8645935058594,766.0056762695312,560.2650146484375,661.7881469726562,574.2076416015625,797.988037109375,662.987548828125,623.8612670898438,654.657958984375
578,19.26661764206955,594.2276000976562,409.3969421386719,592.9281616210938,396.20208740234375,581.6997680664062,406.4946594238281,610.8773803710938,375.8486022949219,580.2296142578125,406.6919860839844,657.7234497070312,357.5921630859375,608.9190673828125,430.99407958984375,680.3099975585938,278.61627197265625,592.951904296875,497.05810546875,700.3817749023438,210.844970703125,593.7575073242188,552.9033203125,744.4673461914062,448.569091796875,700.2100219726562,475.92767333984375,765.456298828125,561.0715942382812,660.7962036132812,575.1314086914062,798.8604125976562,665.4694213867188,623.9600219726562,658.3419189453125
579,19.29995089058524,593.2963256835938,409.00244140625,592.7455444335938,397.2869567871094,583.7149047851562,404.8237609863281,611.3902587890625,376.41668701171875,585.8344116210938,400.4158020019531,658.7689819335938,356.0610046386719,610.3753051757812,424.5499267578125,683.0595092773438,278.9195556640625,593.4791259765625,498.0142822265625,707.4524536132812,200.7621307373047,586.1524658203125,559.1083374023438,749.2626953125,455.50103759765625,705.443115234375,480.8507385253906,769.1251220703125,563.3826904296875,660.5543823242188,576.482177734375,793.724853515625,664.5842895507812,621.6515502929688,663.1766357421875
580,19.333284139100932,593.2212524414062,404.67938232421875,591.6525268554688,391.9999694824219,583.1670532226562,401.1678466796875,609.9974975585938,370.9887390136719,586.9713745117188,398.7864990234375,661.2491455078125,353.95916748046875,612.3167114257812,423.3009948730469,688.654296875,278.3121032714844,589.701904296875,493.6490783691406,716.53173828125,202.96966552734375,580.8960571289062,556.3038940429688,748.4867553710938,458.285888671875,704.9010009765625,483.8208312988281,767.9013061523438,565.8538208007812,661.6954956054688,578.8262939453125,798.0003662109375,668.92822265625,621.1500244140625,665.12841796875
581,19.366617387616625,595.719970703125,401.1204833984375,594.1239624023438,388.3013916015625,585.9861450195312,397.6548156738281,611.2735595703125,363.9035339355469,589.9024047851562,392.1188049316406,661.499755859375,347.1248779296875,616.066162109375,415.6783447265625,687.7146606445312,273.8825988769531,591.7241821289062,488.6041564941406,713.1410522460938,205.0838165283203,576.9765014648438,549.3425903320312,744.5361328125,464.77850341796875,703.3233032226562,489.4543151855469,761.3533325195312,563.3707275390625,656.5211181640625,578.9656372070312,797.9274291992188,668.1179809570312,616.0765380859375,670.1386108398438
582,19.399950636132317,597.3847045898438,395.0494689941406,596.8162231445312,382.5658264160156,588.0206909179688,391.1805114746094,614.6984252929688,359.5332946777344,591.8145141601562,385.6323547363281,664.6553344726562,345.5312194824219,615.5172119140625,411.6636047363281,693.8505249023438,274.3174133300781,591.0471801757812,482.94683837890625,720.7227172851562,205.804931640625,571.6948852539062,538.5242309570312,743.9110107421875,469.91461181640625,700.6151733398438,493.4792785644531,760.49169921875,566.021484375,652.2070922851562,580.809326171875,796.5372314453125,667.939453125,614.814697265625,670.7537841796875
583,19.433283884648006,602.0422973632812,386.082763671875,601.7863159179688,372.99658203125,590.7266235351562,382.28564453125,617.9949340820312,350.91619873046875,589.4094848632812,378.5572509765625,665.276123046875,340.1040954589844,612.5194091796875,408.3243103027344,699.2628173828125,271.5423889160156,587.4432983398438,482.3998718261719,728.1621704101562,203.24606323242188,564.9325561523438,535.9210815429688,741.9425659179688,461.6303405761719,696.880859375,486.5008544921875,758.0842895507812,565.078125,651.0106201171875,583.0205688476562,795.8781127929688,666.2098388671875,615.6966552734375,672.6978759765625
584,19.466617133163698,599.5745849609375,376.0874938964844,600.5845947265625,361.61614990234375,586.5537109375,372.4683837890625,621.4232788085938,340.8702697753906,586.2128295898438,372.2771301269531,670.7583618164062,336.34259033203125,614.7334594726562,406.0783386230469,705.9658203125,267.19024658203125,584.0784301757812,477.0006408691406,737.6915283203125,200.17738342285156,557.8256225585938,533.5574951171875,743.7379760742188,461.11895751953125,697.1204223632812,486.12933349609375,756.3209228515625,564.0242309570312,651.7000732421875,582.6141967773438,795.0337524414062,665.9454345703125,615.4215698242188,671.945068359375
585,19.49995038167939,602.6642456054688,369.5711669921875,601.2979125976562,355.20489501953125,590.003173828125,366.69903564453125,617.96826171875,339.5041198730469,590.2239990234375,371.1393737792969,670.0476684570312,337.6730041503906,614.2274169921875,402.3788146972656,718.3325805664062,278.92633056640625,583.3931884765625,460.8316955566406,755.7056274414062,208.39627075195312,563.9278564453125,520.7597045898438,744.425537109375,454.6428527832031,698.6659545898438,479.65899658203125,753.883544921875,560.5928344726562,652.57373046875,578.4940185546875,791.6271362304688,666.2044677734375,615.224853515625,667.5447387695312
586,19.53328363019508,604.3636474609375,366.2020568847656,602.0552368164062,351.8304443359375,592.08056640625,363.0654296875,616.528564453125,334.8393859863281,592.9899291992188,365.9732360839844,669.3270874023438,333.445068359375,616.8673095703125,395.1818542480469,719.3449096679688,278.7851257324219,581.2994384765625,453.1822509765625,761.569580078125,210.68887329101562,558.3667602539062,514.0198364257812,744.7738037109375,452.7028503417969,701.7796630859375,476.5299377441406,752.5895385742188,563.3400268554688,655.71484375,579.8499755859375,791.78173828125,669.2459716796875,614.3910522460938,668.0935668945312
587,19.56661687871077,606.7493896484375,362.3534851074219,604.4539794921875,347.9808044433594,594.9224853515625,358.7940979003906,618.6874389648438,330.02197265625,596.3865356445312,360.090087890625,672.976806640625,329.4366149902344,617.5059814453125,389.1996765136719,724.8671875,276.177978515625,580.990966796875,447.3424987792969,768.242431640625,209.25137329101562,552.6953125,510.0721740722656,744.027587890625,456.2803649902344,699.4130859375,478.7974548339844,752.5279541015625,564.0125122070312,652.2429809570312,578.0983276367188,791.6570434570312,669.26806640625,611.1891479492188,666.3078002929688
588,19.599950127226464,607.5825805664062,356.6966247558594,605.81103515625,342.9861145019531,596.7918090820312,352.3825378417969,620.1646118164062,326.6886291503906,598.7119140625,353.18243408203125,674.1263427734375,328.55804443359375,616.9426879882812,384.34521484375,729.092041015625,277.14788818359375,579.8199462890625,443.1591796875,776.6821899414062,209.01760864257812,544.4448852539062,502.2306213378906,743.4482421875,456.5341491699219,698.3834838867188,477.0895690917969,752.0999755859375,564.79443359375,650.672119140625,575.7999877929688,788.020751953125,669.385986328125,611.0625,664.8934936523438
589,19.633283375742156,608.5533447265625,347.5214538574219,608.0537719726562,333.22540283203125,596.3030395507812,343.0066223144531,623.5232543945312,318.9048156738281,595.8309326171875,346.0758361816406,674.719970703125,327.7027282714844,614.7643432617188,382.2783508300781,731.6969604492188,276.54376220703125,576.024658203125,438.018798828125,787.1402587890625,207.42176818847656,542.8054809570312,492.3004455566406,740.4221801757812,457.17449951171875,694.0358276367188,477.58990478515625,749.8865356445312,564.5338134765625,648.4890747070312,575.8179931640625,790.8041381835938,669.5526123046875,611.9290771484375,664.8230590820312
590,19.666616624257845,610.5762329101562,343.2641906738281,609.9259643554688,328.6166687011719,598.45263671875,338.8442687988281,625.7545776367188,313.2237548828125,599.5347290039062,341.57318115234375,679.22119140625,322.1484375,618.7205810546875,377.11187744140625,737.9107666015625,270.2571105957031,575.7711791992188,429.4893493652344,791.3924560546875,206.5731964111328,534.8092651367188,483.1568908691406,740.6283569335938,455.7690734863281,694.356201171875,475.70257568359375,750.573974609375,562.6552734375,649.2670288085938,573.248046875,792.2957763671875,668.177734375,610.874267578125,662.3359985351562
591,19.699949872773537,611.043212890625,334.6308288574219,611.9554443359375,320.9377136230469,599.696533203125,329.53106689453125,628.271240234375,308.5592956542969,599.7276611328125,332.7828674316406,678.4767456054688,320.7564392089844,615.0260009765625,373.59930419921875,739.4411010742188,269.254150390625,572.291259765625,427.433349609375,797.458740234375,209.61257934570312,526.3104858398438,478.00341796875,736.356201171875,452.77178955078125,688.8511352539062,471.8392639160156,749.7142944335938,561.0880737304688,646.3456420898438,569.7662963867188,788.6286010742188,667.9935913085938,612.7811889648438,662.2130126953125
592,19.73328312128923,608.4678955078125,330.1381530761719,609.403564453125,315.9826965332031,598.1469116210938,324.9051208496094,627.7396850585938,303.32598876953125,602.327392578125,328.2754821777344,682.1844482421875,318.09442138671875,616.2703247070312,370.2806396484375,744.79541015625,266.3877868652344,571.9635009765625,421.51092529296875,803.3271484375,210.04786682128906,526.1935424804688,471.159912109375,733.822021484375,459.597412109375,685.5570068359375,477.7651672363281,749.0350341796875,561.2591552734375,646.2402954101562,567.46435546875,789.56982421875,667.5261840820312,615.0164184570312,658.1044921875
593,19.766616369804918,609.288330078125,327.44952392578125,610.9851684570312,313.39239501953125,599.7982788085938,321.8241882324219,631.3929443359375,299.7476501464844,605.6470336914062,323.62445068359375,687.00244140625,314.44073486328125,617.6492309570312,365.955322265625,752.5396728515625,263.36376953125,566.0316772460938,416.7726135253906,815.8991088867188,210.19776916503906,510.9255676269531,463.5868225097656,733.9400024414062,460.42608642578125,684.411376953125,477.99945068359375,749.462646484375,561.9197387695312,646.2135620117188,567.7559204101562,787.753173828125,666.5714721679688,615.2169799804688,657.4974975585938
594,19.79994961832061,616.3283081054688,316.53057861328125,618.5145263671875,301.8393859863281,604.2539672851562,311.39300537109375,638.2554931640625,290.3143005371094,605.6900024414062,316.4993896484375,690.5277709960938,310.8326721191406,619.4136962890625,360.9578857421875,756.1251831054688,261.9631042480469,570.3779907226562,406.91802978515625,821.5798950195312,210.3620147705078,515.1980590820312,450.8435974121094,732.101806640625,459.4317321777344,681.2490234375,476.681884765625,746.2762451171875,561.9993286132812,644.4788208007812,568.993896484375,786.665771484375,667.8175048828125,614.5616455078125,660.3818359375
595,19.833282866836303,618.4132690429688,310.5614929199219,621.8780517578125,296.5673828125,607.9346923828125,304.666259765625,643.646240234375,284.76544189453125,609.8950805664062,307.6740417480469,694.1612548828125,306.9779052734375,623.746337890625,352.6924743652344,764.9141845703125,261.95379638671875,568.802001953125,394.9444580078125,825.7122192382812,220.89906311035156,507.2059326171875,436.52496337890625,729.8012084960938,454.4698791503906,680.40185546875,469.7458190917969,749.8096923828125,560.132568359375,648.3717041015625,567.8624267578125,787.3759155273438,665.238037109375,617.4002685546875,662.76416015625
596,19.866616115351995,624.09423828125,303.7997131347656,627.9376831054688,289.7205810546875,613.1217651367188,297.7098388671875,649.2256469726562,278.3570251464844,614.995849609375,301.0103454589844,699.873779296875,303.0092468261719,623.41845703125,345.1131286621094,769.0161743164062,260.8867492675781,561.0936279296875,385.7949523925781,830.6597290039062,221.24876403808594,500.93878173828125,423.7767333984375,728.0601196289062,453.4317932128906,674.8485107421875,467.19842529296875,748.8037109375,559.9898681640625,647.97607421875,568.1416015625,785.203125,665.5548095703125,613.7005615234375,664.00341796875
597,19.899949363867684,625.56787109375,296.87646484375,629.3043212890625,283.2644348144531,616.11962890625,290.7203063964844,650.7769165039062,273.3558654785156,620.5206298828125,294.1542663574219,701.5991821289062,299.46136474609375,626.5960693359375,337.1070861816406,777.0453491210938,261.7585144042969,563.3560180664062,375.9042663574219,842.0574340820312,222.01637268066406,503.5110168457031,408.8290100097656,724.2042846679688,448.3861389160156,672.3696899414062,460.5369567871094,746.3179931640625,556.0075073242188,648.5272216796875,563.8453369140625,784.22265625,664.81005859375,615.7201538085938,664.1130981445312
598,19.933282612383376,632.4723510742188,288.6778259277344,638.0493774414062,276.16485595703125,622.0042724609375,282.18402099609375,658.0169677734375,270.2636413574219,620.5304565429688,287.3389892578125,702.3447875976562,299.6875915527344,624.2416381835938,334.6763916015625,780.3102416992188,261.4592590332031,563.516357421875,369.3503112792969,847.17724609375,226.7638702392578,500.16229248046875,398.13916015625,723.8562622070312,445.37237548828125,669.9256591796875,456.9468994140625,745.0927124023438,554.5950317382812,644.4654541015625,563.1491088867188,781.0333862304688,663.876220703125,616.7467041015625,666.3174438476562
599,19.96661586089907,635.958251953125,286.0887756347656,640.7642822265625,273.60528564453125,626.8399047851562,279.5076599121094,659.3619384765625,267.2406921386719,627.359619140625,283.767333984375,704.9816284179688,296.8426513671875,626.2857055664062,329.5659484863281,783.6510009765625,263.75201416015625,561.48779296875,363.5703430175781,850.3556518554688,233.777099609375,500.00860595703125,389.1339416503906,721.100341796875,445.040283203125,667.4270629882812,455.81671142578125,742.7058715820312,553.6775512695312,644.28173828125,561.2410278320312,780.7994384765625,664.4373779296875,617.4968872070312,664.880615234375
600,19.999949109414757,640.841796875,277.59259033203125,646.9286499023438,265.8462829589844,631.2154541015625,270.79437255859375,664.8727416992188,262.87579345703125,628.3442993164062,276.9295959472656,706.7003173828125,296.3118591308594,624.9417114257812,326.19476318359375,786.908447265625,265.6864929199219,557.399169921875,357.8852844238281,854.177001953125,238.1850128173828,492.795654296875,381.14508056640625,721.6427001953125,441.28778076171875,666.1473999023438,451.3931884765625,742.524658203125,552.7857055664062,642.4490966796875,561.0774536132812,780.1248779296875,663.6599731445312,618.5125122070312,666.7051391601562
601,20.03328235793045,645.1337280273438,272.20574951171875,652.00244140625,260.9707336425781,634.968505859375,265.86737060546875,670.6227416992188,259.10308837890625,629.9688720703125,272.3530578613281,712.0808715820312,294.0862121582031,625.81884765625,321.2847595214844,795.063232421875,268.3216857910156,565.385009765625,346.7207946777344,862.9326782226562,237.9784393310547,500.20263671875,370.2126770019531,724.5125122070312,446.3835754394531,666.33154296875,456.22052001953125,748.6231079101562,554.8296508789062,640.7597045898438,562.2484741210938,786.63916015625,662.2523193359375,624.0995483398438,668.1248779296875
602,20.066615606446142,651.4491577148438,266.3424377441406,659.35205078125,255.9702911376953,641.2536010742188,259.5826416015625,677.9283447265625,256.2129211425781,634.3246459960938,266.3180847167969,716.8986206054688,293.962158203125,626.9163818359375,316.6789245605469,800.977294921875,271.04095458984375,561.435546875,340.31134033203125,874.9158935546875,240.95372009277344,485.08978271484375,363.04638671875,725.9532470703125,446.8606262207031,666.0115356445312,454.873291015625,749.4818115234375,557.8260498046875,640.7061157226562,562.770751953125,784.8756713867188,662.0286865234375,625.1337280273438,666.7401733398438
603,20.09994885496183,655.2291259765625,260.79644775390625,663.5577392578125,250.62306213378906,645.104736328125,253.88490295410156,682.1727905273438,251.77915954589844,637.9834594726562,260.978759765625,721.8792724609375,292.0155944824219,627.5262451171875,312.98895263671875,804.9580078125,273.72503662109375,559.3703002929688,335.77789306640625,878.6350708007812,251.85308837890625,483.4226379394531,356.43951416015625,727.3760986328125,448.3269348144531,665.2907104492188,455.5669250488281,749.6290283203125,559.7157592773438,640.4365234375,563.0018920898438,782.9505615234375,663.3116455078125,626.5733642578125,665.3779296875
604,20.133282103477523,663.1033935546875,256.7868957519531,670.9833374023438,246.24542236328125,652.3681640625,249.832763671875,687.8300170898438,247.31834411621094,642.6830444335938,256.95037841796875,724.8746948242188,289.7132873535156,629.2039184570312,309.1174011230469,802.5369262695312,280.51934814453125,560.105224609375,333.94012451171875,875.7276611328125,265.2572937011719,490.7794189453125,350.4449157714844,728.1214599609375,446.28460693359375,665.1157836914062,453.58758544921875,747.9796752929688,558.1239013671875,639.2635498046875,562.5303344726562,781.302978515625,662.6484375,625.0811157226562,664.9068603515625
605,20.166615351993215,670.1339721679688,253.66549682617188,678.02197265625,244.05789184570312,660.333251953125,246.568115234375,692.916259765625,247.0909881591797,649.7144165039062,253.8165740966797,728.4542846679688,290.99029541015625,632.047607421875,306.4686584472656,809.1852416992188,286.1451416015625,561.697265625,330.34014892578125,881.1597900390625,274.8968200683594,490.00250244140625,346.51776123046875,728.419921875,444.61474609375,665.3384399414062,450.4159851074219,747.0020751953125,557.5040893554688,638.2935180664062,561.3291625976562,780.1452026367188,662.8235473632812,625.036376953125,665.9395141601562
606,20.199948600508908,671.4744873046875,252.37557983398438,680.1598510742188,243.16831970214844,662.66064453125,244.59922790527344,695.5196533203125,246.4287872314453,652.9837646484375,250.50047302246094,730.5701904296875,290.95379638671875,632.781005859375,303.4202880859375,812.04833984375,287.9019470214844,558.0549926757812,325.5079040527344,882.7303466796875,280.4189758300781,481.9944152832031,343.4153137207031,728.3359985351562,443.6741638183594,664.8909912109375,448.1617126464844,746.4401245117188,557.292236328125,636.7777709960938,559.7695922851562,779.345947265625,661.7362670898438,624.8490600585938,664.4915161132812
607,20.233281849024596,676.5974731445312,251.56358337402344,685.6541748046875,242.5839080810547,667.2296142578125,244.008056640625,701.1353149414062,246.86903381347656,656.0889892578125,250.9211883544922,734.9381713867188,292.2423400878906,634.5293579101562,304.1601867675781,815.2061157226562,290.4324035644531,556.3861694335938,324.5760803222656,888.1553344726562,287.65216064453125,475.1763610839844,342.3283996582031,729.794189453125,443.87738037109375,664.9014282226562,448.2074890136719,746.8076782226562,559.3147583007812,636.3573608398438,561.8716430664062,778.400390625,661.4531860351562,624.60693359375,664.3687744140625
608,20.26661509754029,680.484619140625,249.63087463378906,689.41552734375,240.64068603515625,670.6298828125,242.15457153320312,704.3629760742188,245.454833984375,658.1250610351562,249.75665283203125,737.335693359375,292.83258056640625,635.6784057617188,302.8907470703125,816.9401245117188,292.5111999511719,550.4998168945312,318.4244384765625,891.5318603515625,293.2395935058594,461.03790283203125,337.1822814941406,730.9053344726562,443.7960510253906,665.92236328125,447.62921142578125,746.0872802734375,559.0155639648438,637.6810913085938,561.9050903320312,777.49755859375,660.5200805664062,624.91796875,664.0947265625
609,20.29994834605598,683.7067260742188,249.3491973876953,693.1119384765625,239.8763427734375,673.9962158203125,241.7553253173828,709.5339965820312,243.65237426757812,663.332275390625,248.72427368164062,741.3203125,291.6082763671875,641.6865844726562,300.6851501464844,817.1251220703125,296.08612060546875,560.185302734375,315.2471618652344,888.7265625,301.82659912109375,478.8168640136719,329.95654296875,728.8251342773438,442.8747253417969,664.5877075195312,446.3259582519531,745.8383178710938,557.753662109375,637.4773559570312,561.2465209960938,778.2323608398438,659.1790771484375,623.3412475585938,663.0986328125
610,20.33328159457167,688.8812866210938,247.50454711914062,698.0267333984375,238.43954467773438,679.3055419921875,239.82911682128906,712.76611328125,243.23020935058594,667.2841796875,246.7928924560547,741.6392211914062,292.7207946777344,644.431396484375,298.740234375,816.1742553710938,300.12689208984375,567.68017578125,312.4956970214844,890.4407348632812,306.9551696777344,489.7440185546875,324.67291259765625,728.2127685546875,443.2563781738281,665.0339965820312,445.6584167480469,746.56982421875,557.802734375,637.7543334960938,559.876953125,778.6431274414062,659.501708984375,622.5550537109375,662.3930053710938
611,20.366614843087362,693.7156372070312,246.74053955078125,702.337158203125,238.4805450439453,683.5884399414062,239.3341522216797,715.1384887695312,244.43133544921875,668.8165283203125,246.96763610839844,743.8838500976562,292.828125,643.6376342773438,297.5623779296875,816.654541015625,301.58392333984375,570.5813598632812,310.0146179199219,890.0984497070312,311.4017333984375,493.9724426269531,322.0684509277344,731.028076171875,445.536376953125,665.6412963867188,447.44317626953125,748.78125,556.0929565429688,635.4085693359375,555.1583862304688,778.2675170898438,664.4542846679688,621.1155395507812,662.1721801757812
612,20.399948091603054,696.3203735351562,246.33863830566406,705.7081909179688,236.93362426757812,686.7630004882812,237.6073455810547,718.7107543945312,243.31155395507812,673.1060791015625,244.7806854248047,744.3504638671875,295.5911865234375,647.4765625,296.59124755859375,819.5515747070312,303.9944763183594,565.2490234375,309.08868408203125,890.0369262695312,307.42376708984375,488.50225830078125,317.54718017578125,728.817138671875,443.6213684082031,664.5429077148438,443.68853759765625,742.2880249023438,557.4667358398438,636.7565307617188,558.9671020507812,774.0297241210938,663.0753784179688,621.5299072265625,665.2842407226562
613,20.433281340118747,699.7140502929688,245.43374633789062,708.2750244140625,236.98207092285156,690.0914306640625,237.74783325195312,720.616943359375,242.690185546875,675.9286499023438,244.64459228515625,749.4524536132812,292.9890441894531,648.6395874023438,294.23785400390625,821.688720703125,307.3464660644531,572.8985595703125,305.2107849121094,890.3484497070312,317.8857421875,500.6372375488281,315.94073486328125,732.7448120117188,445.7164001464844,667.19287109375,446.33551025390625,748.9124145507812,555.2176513671875,636.3078002929688,554.4194946289062,779.7904052734375,663.9344482421875,621.82275390625,662.4389038085938
614,20.466614588634435,701.952880859375,244.14450073242188,711.65283203125,236.2236785888672,693.0490112304688,236.07798767089844,725.3276977539062,243.1497344970703,680.1912231445312,242.81918334960938,753.4569702148438,294.8765869140625,651.1705932617188,293.56939697265625,826.329833984375,309.4931945800781,573.2698974609375,302.3835144042969,894.7118530273438,321.9610900878906,501.27532958984375,312.2473449707031,733.5330200195312,446.172607421875,667.39306640625,445.8427429199219,750.23779296875,555.2678833007812,636.3533935546875,554.676025390625,779.2420654296875,663.0346069335938,622.5885009765625,663.8212890625
615,20.499947837150128,706.2105712890625,244.33094787597656,716.0005493164062,236.24868774414062,697.571533203125,236.07196044921875,729.4678955078125,242.82479858398438,684.8776245117188,242.33001708984375,757.2185668945312,295.3753662109375,654.4965209960938,293.2054748535156,829.114501953125,311.5257873535156,573.963134765625,299.0374450683594,893.33935546875,328.0312194824219,500.9157409667969,304.1408386230469,734.0650024414062,446.5180969238281,668.0934448242188,445.7806396484375,749.8717041015625,553.1026611328125,637.4335327148438,552.8228759765625,777.7990112304688,660.3117065429688,623.9722900390625,661.5360717773438
616,20.53328108566582,709.7313842773438,244.28372192382812,720.4037475585938,236.75411987304688,701.250244140625,235.94674682617188,734.3131103515625,244.47927856445312,687.5816040039062,242.1531524658203,760.0513916015625,297.1209411621094,655.0828857421875,292.5293884277344,832.4326171875,312.8521728515625,570.9712524414062,294.5663146972656,897.0196533203125,331.269775390625,495.69921875,299.2593078613281,735.505126953125,446.90802001953125,668.0828247070312,445.6661682128906,750.7363891601562,552.7815551757812,636.1389770507812,553.9522094726562,778.4323120117188,659.1687622070312,624.9959106445312,664.1384887695312
617,20.56661433418151,715.0530395507812,244.98316955566406,725.2837524414062,237.39222717285156,706.7894897460938,236.58978271484375,737.7363891601562,244.82102966308594,692.1295166015625,242.09689331054688,762.4310913085938,297.6012878417969,658.1962890625,291.4505615234375,836.1328125,316.4408874511719,577.6244506835938,293.00299072265625,902.07763671875,336.923828125,504.2428894042969,293.34832763671875,735.5694580078125,447.3133239746094,668.2520141601562,445.46148681640625,751.5590209960938,553.9765625,635.7198486328125,554.6255493164062,780.8021850585938,660.5150146484375,624.5518798828125,664.82421875
618,20.5999475826972,719.7783813476562,245.15066528320312,730.28955078125,237.2697296142578,711.5072631835938,236.55661010742188,743.0468139648438,244.62608337402344,696.989990234375,241.9962615966797,765.4007568359375,299.0979309082031,662.0662841796875,291.32586669921875,833.9469604492188,321.54180908203125,578.8908081054688,290.9476623535156,899.5825805664062,345.9156188964844,506.8843078613281,286.21990966796875,735.0678100585938,446.71588134765625,668.4907836914062,444.5045166015625,751.140625,553.782958984375,636.9949951171875,554.7840576171875,780.7638549804688,661.4459228515625,625.4930419921875,666.0280151367188
619,20.633280831212893,725.241455078125,246.39541625976562,735.9844360351562,238.5590362548828,717.1909790039062,237.67332458496094,748.79833984375,245.78404235839844,702.6873168945312,242.53073120117188,768.4456176757812,300.6875305175781,668.3092041015625,289.9942932128906,834.9542846679688,326.24200439453125,587.2255859375,287.3539123535156,900.6080322265625,350.63238525390625,512.0886840820312,281.41973876953125,734.2499389648438,448.1602783203125,669.254638671875,444.68902587890625,751.630615234375,557.3333740234375,639.0942993164062,557.2606811523438,783.6797485351562,664.0341796875,627.822265625,668.1393432617188
620,20.666614079728582,732.9517822265625,247.572509765625,743.4443359375,240.23068237304688,725.056884765625,238.63279724121094,754.2341918945312,248.88475036621094,708.4810180664062,243.90594482421875,772.7688598632812,305.4369201660156,670.1846313476562,291.5218200683594,839.6006469726562,331.88897705078125,586.16064453125,282.53912353515625,901.4124145507812,356.8257751464844,509.2243347167969,264.66595458984375,734.8261108398438,450.7236328125,668.6338500976562,445.9544677734375,754.3112182617188,559.61572265625,640.787109375,557.9297485351562,783.0975341796875,667.6337280273438,628.5484008789062,669.6265869140625
621,20.699947328244274,738.102294921875,251.02891540527344,749.4840698242188,244.07608032226562,731.3590087890625,241.632568359375,760.9318237304688,252.3778533935547,716.2582397460938,244.8111114501953,776.2614135742188,308.20330810546875,675.8121948242188,288.81195068359375,837.5040283203125,338.9627990722656,590.4746704101562,275.6208801269531,901.1115112304688,366.96685791015625,516.3941650390625,253.09884643554688,734.1060791015625,452.9577331542969,668.632568359375,446.14874267578125,754.0516967773438,563.3912963867188,639.1213989257812,559.3698120117188,785.3085327148438,669.6707153320312,628.699951171875,669.7517700195312
622,20.733280576759967,744.3826904296875,252.3101806640625,756.0706787109375,246.2368621826172,737.7709350585938,243.1026153564453,767.1939697265625,256.3541564941406,721.6799926757812,246.7831573486328,780.9534301757812,314.0340881347656,680.368896484375,289.6459045410156,842.4235229492188,346.763427734375,600.2007446289062,270.17694091796875,908.4638061523438,380.26141357421875,528.1442260742188,243.49392700195312,734.9864501953125,455.5457458496094,669.4303588867188,446.54620361328125,754.7532348632812,566.4157104492188,640.045654296875,559.5061645507812,785.4452514648438,670.6995239257812,631.7323608398438,667.9913330078125
623,20.76661382527566,753.1317138671875,257.24053955078125,764.7211303710938,251.18606567382812,747.1602783203125,247.4452362060547,774.3380737304688,260.5079040527344,729.5707397460938,248.9925079345703,785.0721435546875,317.45501708984375,685.2579956054688,288.71563720703125,842.9205932617188,351.6511535644531,606.5267944335938,262.8580627441406,900.2679443359375,386.138916015625,533.2199096679688,232.57781982421875,733.7197265625,461.5340576171875,667.6893310546875,450.4938659667969,756.0357666015625,572.8010864257812,638.1766967773438,563.4130859375,785.5223388671875,674.033203125,628.725830078125,669.5546264648438
624,20.799947073791348,758.0870361328125,260.54052734375,770.6970825195312,254.555419921875,752.0184936523438,250.6594696044922,782.230224609375,264.65679931640625,734.9766845703125,252.43191528320312,791.5904541015625,324.34063720703125,691.6159057617188,289.13946533203125,848.2443237304688,363.632568359375,612.510986328125,255.23631286621094,896.5625610351562,391.7225036621094,537.8927612304688,221.32217407226562,732.58642578125,462.1700439453125,666.0656127929688,448.4433288574219,755.0286865234375,573.2747192382812,636.26904296875,564.2792358398438,785.7264404296875,673.6661987304688,625.7786865234375,673.817138671875
625,20.83328032230704,766.7613525390625,268.13641357421875,778.8276977539062,261.9160461425781,761.1488647460938,257.6029968261719,787.1845092773438,272.8414611816406,742.7230834960938,258.70025634765625,791.5372924804688,330.51055908203125,696.175537109375,290.6388244628906,849.1919555664062,370.73272705078125,616.356201171875,247.5692901611328,895.44970703125,398.2669982910156,549.84765625,208.02613830566406,727.60986328125,461.5257873535156,661.2147216796875,446.2619934082031,747.6632690429688,565.7266235351562,626.4777221679688,557.409423828125,772.9723510742188,666.365234375,609.9290161132812,666.0768432617188
626,20.866613570822732,770.89794921875,272.2007751464844,782.520751953125,266.3273620605469,766.3810424804688,261.3107604980469,790.5302124023438,276.9852600097656,749.615966796875,261.2593688964844,789.7603149414062,337.93792724609375,701.8314819335938,292.6995544433594,849.011474609375,388.3179016113281,623.5985107421875,245.66653442382812,907.4114990234375,423.00909423828125,558.3643188476562,209.22824096679688,721.1027221679688,458.525390625,660.430419921875,442.1002197265625,748.5169677734375,567.5841064453125,633.6163940429688,556.0176391601562,778.6044311523438,665.697998046875,615.0086059570312,661.626953125
627,20.89994681933842,777.8366088867188,277.9337158203125,790.3715209960938,273.0135498046875,774.041259765625,266.1944274902344,797.8049926757812,284.8409729003906,754.9616088867188,264.3559875488281,791.63916015625,345.3760070800781,704.0853271484375,294.2384338378906,848.9122314453125,397.862548828125,633.755615234375,245.4280548095703,903.9713745117188,430.85400390625,574.1993408203125,205.29791259765625,719.18115234375,460.93438720703125,657.6411743164062,442.07281494140625,749.5679931640625,567.6124877929688,629.9849243164062,552.9353637695312,777.0657348632812,666.405517578125,613.3538208007812,660.7858276367188
628,20.933280067854113,785.9105224609375,287.9506530761719,797.7005004882812,282.0675048828125,781.38671875,276.5118103027344,804.5601196289062,292.2502746582031,761.563720703125,274.2962951660156,797.2882080078125,353.6058044433594,711.2724609375,300.59027099609375,853.9008178710938,411.58636474609375,643.9561157226562,245.12957763671875,914.8906860351562,453.7164306640625,585.951416015625,198.69456481933594,717.2288208007812,468.05560302734375,656.1705932617188,448.5670471191406,748.0170288085938,573.4021606445312,627.947265625,558.673583984375,778.744140625,666.333984375,609.0577392578125,658.5835571289062
629,20.966613316369806,792.129638671875,295.10107421875,804.6063842773438,288.42962646484375,786.7864379882812,283.510009765625,812.8333129882812,296.8946533203125,765.9148559570312,280.15179443359375,801.6870727539062,357.1658020019531,716.9170532226562,304.2447814941406,851.677490234375,419.26727294921875,656.6956176757812,249.34268188476562,914.1378173828125,467.2168884277344,605.6786499023438,198.20046997070312,716.2296142578125,470.2353210449219,655.0764770507812,450.98468017578125,746.8553466796875,574.7374267578125,626.8089599609375,561.0493774414062,777.7249145507812,665.3617553710938,609.5673828125,658.5494384765625
630,20.999946564885498,799.9489135742188,304.2754821777344,812.0361328125,298.129638671875,795.2467041015625,292.05584716796875,817.587890625,305.9356994628906,770.9356079101562,286.0760803222656,801.2069091796875,363.6273193359375,719.0218505859375,306.2948913574219,845.4522094726562,423.8296203613281,659.9212646484375,241.65074157714844,901.0805053710938,474.724365234375,608.8562622070312,187.4628448486328,716.7838134765625,471.7220153808594,656.6771240234375,451.1455383300781,749.3349609375,575.5554809570312,627.8992309570312,561.0791015625,776.2237548828125,663.1712646484375,608.5296630859375,657.0592041015625
631,21.033279813401187,806.4002075195312,312.7001953125,817.72705078125,306.29974365234375,802.1878051757812,300.5151672363281,821.462890625,312.21514892578125,777.4014282226562,292.86419677734375,802.23046875,366.90386962890625,725.3179321289062,310.2727355957031,846.1093139648438,431.07049560546875,672.4384155273438,249.57437133789062,901.3201904296875,485.8439025878906,629.6177978515625,190.1278076171875,714.2880249023438,468.490478515625,656.8256225585938,448.2924499511719,748.6163330078125,570.4749755859375,629.0513916015625,557.6793823242188,775.0335693359375,662.1921997070312,608.171875,657.7183837890625
632,21.06661306191688,806.57421875,317.082763671875,818.9766845703125,311.4722900390625,802.78369140625,305.067138671875,824.2305297851562,320.0743408203125,779.484619140625,298.908935546875,802.9118041992188,375.9325256347656,728.5988159179688,314.5457458496094,847.7064819335938,442.71343994140625,680.0615844726562,249.21388244628906,900.9335327148438,500.12078857421875,645.78173828125,189.0997772216797,710.9412231445312,468.3851318359375,654.4741821289062,446.6320495605469,747.8920288085938,571.078857421875,628.5076293945312,559.4703369140625,773.9696044921875,661.470703125,606.77294921875,660.890380859375
633,21.09994631043257,813.8577880859375,330.0033874511719,825.912109375,323.97113037109375,810.6860961914062,317.13018798828125,828.6881713867188,328.59515380859375,785.0653076171875,305.7132568359375,802.9657592773438,380.97149658203125,731.3928833007812,316.6064758300781,843.013916015625,447.9908447265625,685.61572265625,241.5344696044922,901.133056640625,511.38714599609375,649.90673828125,168.98855590820312,710.7000122070312,476.5555114746094,655.44775390625,454.126220703125,747.6499633789062,572.6975708007812,625.7867431640625,560.1050415039062,774.2073974609375,660.8191528320312,605.238037109375,659.263916015625
634,21.13327955894826,815.84765625,342.3053894042969,828.5367431640625,335.7995910644531,813.012939453125,328.9772033691406,832.8414916992188,336.4512634277344,789.2592163085938,313.2134704589844,806.2122802734375,386.1790771484375,736.2940673828125,318.3338317871094,843.9266967773438,458.51983642578125,693.2067260742188,241.6414031982422,899.0478515625,524.3170166015625,663.7037353515625,170.4251251220703,710.223388671875,478.9694519042969,655.46435546875,455.48760986328125,748.5086059570312,575.3316040039062,624.6549072265625,564.146728515625,778.5595703125,660.0862426757812,603.7297973632812,662.5465698242188
635,21.166612807463952,823.1986694335938,351.3716125488281,835.3170166015625,343.7410583496094,819.72900390625,337.92938232421875,838.1788330078125,341.92547607421875,794.0388793945312,320.80059814453125,807.9287719726562,391.7745666503906,741.602783203125,323.16680908203125,841.45703125,467.9609069824219,703.8182373046875,242.36154174804688,891.9967651367188,532.750244140625,675.8250732421875,165.34664916992188,706.8668823242188,485.2779235839844,653.4818725585938,462.0686950683594,747.7909545898438,576.8313598632812,624.6249389648438,569.0117797851562,782.9066772460938,658.2471923828125,603.404541015625,665.7084350585938
636,21.199946055979645,826.0661010742188,359.4375,838.7011108398438,353.4017028808594,824.318603515625,345.77398681640625,840.2368774414062,353.4788818359375,798.58349609375,327.8227844238281,804.953857421875,400.2249450683594,745.9605102539062,329.6771545410156,835.3825073242188,468.5672607421875,711.6956176757812,246.75531005859375,878.6822509765625,532.7529296875,684.8965454101562,179.48736572265625,708.0336303710938,484.0682067871094,659.0429077148438,459.97601318359375,748.0056762695312,577.1311645507812,627.316650390625,568.872314453125,781.5383911132812,657.4205322265625,607.2142944335938,667.2515869140625
637,21.233279304495337,829.5230712890625,370.26947021484375,839.0775756835938,364.38934326171875,829.7367553710938,358.1466064453125,834.7127075195312,360.12396240234375,805.0576171875,337.0220031738281,800.006103515625,399.002685546875,748.8963012695312,328.6228942871094,832.8418579101562,471.56512451171875,717.808837890625,239.83953857421875,872.7744750976562,544.5369873046875,696.576171875,170.8719024658203,702.46923828125,482.115234375,657.3292846679688,459.1325988769531,741.6672973632812,577.9860229492188,621.6028442382812,575.507568359375,787.468994140625,653.3975830078125,605.2166748046875,670.0441284179688
638,21.266612553011026,833.7808837890625,379.78863525390625,843.3375854492188,376.148193359375,836.1281127929688,368.4893798828125,839.923828125,375.1709899902344,815.3585205078125,349.2611083984375,808.0585327148438,409.2972412109375,757.7758178710938,335.9989013671875,839.0751342773438,477.5196533203125,724.7632446289062,254.87904357910156,870.1057739257812,547.9916381835938,706.245361328125,184.84866333007812,703.99658203125,481.19488525390625,658.4786987304688,455.5499267578125,751.8869018554688,580.9962158203125,626.9552612304688,576.9256591796875,795.3989868164062,641.8859252929688,603.87939453125,658.8405151367188
639,21.299945801526718,840.7135620117188,384.64434814453125,849.0263061523438,381.1458740234375,843.1436157226562,374.1028747558594,841.9797973632812,382.0130920410156,821.5355834960938,357.6881408691406,803.8186645507812,416.6000061035156,765.9866943359375,343.8399963378906,833.7745361328125,481.33819580078125,734.8616333007812,257.7687683105469,868.6197509765625,557.6815795898438,718.1485595703125,192.0298614501953,695.7598266601562,486.0042419433594,657.9337768554688,461.1865539550781,749.6250610351562,584.0186157226562,635.611083984375,583.9613647460938,790.7850341796875,641.4205322265625,605.26318359375,662.8073120117188
640,21.33327905004241,838.236572265625,394.111328125,846.8041381835938,391.07305908203125,839.557861328125,382.3033447265625,839.4348754882812,390.6018981933594,819.6469116210938,363.6311340332031,804.3346557617188,420.9522399902344,767.9857788085938,346.01141357421875,831.1179809570312,483.0793151855469,742.5661010742188,254.79501342773438,865.5121459960938,574.1554565429688,727.27880859375,186.459716796875,697.2991943359375,484.4490966796875,661.7311401367188,456.8000183105469,741.4271850585938,583.4531860351562,639.2756958007812,571.7484741210938,769.7008056640625,658.7539672851562,609.3312377929688,661.0358276367188
641,21.3666122985581,841.4185180664062,402.29010009765625,848.2831420898438,398.8740539550781,843.8820190429688,391.3052978515625,836.4345092773438,395.8636779785156,825.2786865234375,371.8975830078125,796.1729736328125,419.33831787109375,774.3390502929688,352.0725402832031,820.7678833007812,467.7835388183594,750.8633422851562,254.81935119628906,851.8516845703125,554.4534912109375,736.6697387695312,188.1767578125,688.4833374023438,483.6119079589844,661.9552001953125,459.87127685546875,738.018310546875,579.4364013671875,644.189453125,574.5586547851562,771.1168823242188,655.7081909179688,613.7144775390625,665.6681518554688
642,21.39994554707379,842.8167724609375,407.31671142578125,850.751708984375,404.0670471191406,844.1920776367188,395.6642150878906,839.6959838867188,402.2477111816406,823.4942016601562,376.0194091796875,794.4769287109375,427.96710205078125,773.7721557617188,354.1716003417969,820.15380859375,483.1163330078125,757.8014526367188,258.79888916015625,857.7240600585938,567.3135375976562,748.1530151367188,195.09910583496094,683.3043823242188,486.873779296875,657.5780029296875,461.03179931640625,738.340576171875,580.8629760742188,650.22802734375,572.8010864257812,774.0066528320312,657.6763305664062,624.6588134765625,664.6920166015625
643,21.433278795589484,844.3214111328125,414.8606262207031,851.47412109375,411.85394287109375,847.1146240234375,403.0141906738281,841.0499267578125,406.8363037109375,825.009033203125,378.8126525878906,796.3992309570312,431.900390625,769.63720703125,353.1546325683594,821.1906127929688,506.07647705078125,763.4442138671875,252.4190216064453,841.755859375,584.981201171875,760.3917236328125,180.33155822753906,683.7250366210938,487.343017578125,650.2332153320312,460.5309753417969,752.7715454101562,587.4000244140625,631.5538940429688,578.3947143554688,784.271728515625,656.10009765625,594.0370483398438,665.4089965820312
644,21.466612044105172,845.21923828125,417.33026123046875,850.99169921875,414.1246643066406,848.0411987304688,405.9606628417969,837.0665893554688,410.7643127441406,824.6333618164062,383.6174621582031,791.2526245117188,437.1684265136719,769.8900756835938,357.4700927734375,821.0504150390625,512.8607177734375,766.3263549804688,251.30946350097656,839.276123046875,592.1926879882812,756.1307983398438,173.53318786621094,680.2550048828125,490.240966796875,650.1456909179688,463.6964111328125,750.5289306640625,586.43310546875,633.6824951171875,579.6834716796875,786.7178344726562,652.48046875,600.12890625,664.7267456054688
645,21.499945292620865,845.4459838867188,422.1451110839844,852.8247680664062,419.74981689453125,848.1492309570312,410.0384216308594,841.4046630859375,417.1932678222656,822.4821166992188,386.87530517578125,792.72265625,442.45697021484375,768.5537109375,362.1615295410156,813.6124267578125,509.6254577636719,763.275390625,251.9075469970703,829.8494262695312,587.6602172851562,755.5682983398438,175.53250122070312,686.7645874023438,491.71087646484375,654.7677001953125,464.16888427734375,750.4227905273438,585.4642944335938,631.110107421875,574.1240234375,780.43505859375,655.8335571289062,595.8419799804688,660.9180908203125
646,21.533278541136557,845.99462890625,430.8170471191406,847.9323120117188,422.613525390625,844.7681274414062,425.3127746582031,828.80224609375,402.10546875,824.6920776367188,411.80389404296875,782.6444091796875,373.1757507324219,778.4447631835938,426.33343505859375,783.6273803710938,286.0096740722656,798.4149169921875,489.8179626464844,774.96875,223.1552276611328,812.7146606445312,543.7098999023438,663.0540771484375,463.71942138671875,650.8959350585938,477.14483642578125,717.8892211914062,569.1262817382812,675.4111328125,572.2625122070312,739.8263549804688,654.0715942382812,672.6845092773438,657.3797607421875
647,21.56661178965225,845.5911865234375,435.8811340332031,851.5525512695312,429.4255676269531,845.8308715820312,426.49664306640625,839.9203491210938,416.07318115234375,821.7507934570312,409.19525146484375,798.039306640625,413.8465881347656,767.3881225585938,418.8590393066406,800.3326416015625,420.7926025390625,772.8327026367188,461.78973388671875,805.0992431640625,432.0348205566406,799.3304443359375,491.7177734375,687.99072265625,480.0336608886719,651.9998168945312,478.6501159667969,749.2857055664062,574.8936767578125,629.8279418945312,574.0440673828125,781.016845703125,657.6483764648438,597.776123046875,663.4660034179688
648,21.599945038167938,844.3121948242188,440.69134521484375,849.9489135742188,433.27789306640625,844.5853271484375,431.3429870605469,837.9765625,417.9587097167969,822.8348999023438,413.43609619140625,799.1409301757812,420.4864807128906,770.3721923828125,425.44110107421875,804.078369140625,463.5390319824219,771.14501953125,502.64178466796875,821.1393432617188,522.6080932617188,798.6072998046875,581.1028442382812,690.52392578125,477.034423828125,657.6412963867188,475.70697021484375,747.209716796875,569.51220703125,630.7843017578125,570.8052978515625,778.420654296875,658.4612426757812,597.0631103515625,668.1170043945312
649,21.63327828668363,842.4310913085938,446.06988525390625,847.66015625,436.1053771972656,841.5843505859375,437.93536376953125,835.6036376953125,415.6391296386719,820.0745239257812,421.7851867675781,794.2858276367188,378.9819641113281,764.8521728515625,450.92437744140625,797.8133544921875,299.05029296875,794.6061401367188,540.9913330078125,791.670166015625,216.92156982421875,814.6909790039062,615.6038818359375,683.5957641601562,460.362548828125,649.56201171875,484.4886169433594,747.552978515625,567.6859741210938,638.8079833984375,580.4041748046875,764.3954467773438,645.95703125,610.4588012695312,654.535400390625
650,21.666611535199323,842.04833984375,448.2529602050781,846.3642578125,437.6392822265625,840.9857788085938,440.6775817871094,832.8510131835938,416.42108154296875,819.5325927734375,425.8171081542969,793.4141235351562,377.84375,763.2899169921875,459.01654052734375,798.0059814453125,292.18597412109375,792.460693359375,553.560791015625,794.719970703125,214.87965393066406,808.6234130859375,628.63720703125,683.2675170898438,464.42626953125,649.5231323242188,492.1037292480469,746.9135131835938,569.25927734375,639.0597534179688,583.6270751953125,763.2119750976562,644.8099365234375,612.3825073242188,651.0324096679688
651,21.69994478371501,841.1322631835938,450.16107177734375,843.8994140625,438.7928771972656,840.0316162109375,443.6085205078125,828.5558471679688,414.557373046875,819.8952026367188,428.2764892578125,789.0093994140625,372.7361145019531,765.8308715820312,457.8024597167969,795.6978759765625,291.6011962890625,802.406005859375,554.620849609375,795.2042846679688,218.5420379638672,819.8594360351562,622.7937622070312,674.6082763671875,462.08648681640625,644.931396484375,491.2961120605469,740.5892333984375,563.2394409179688,639.31640625,579.2128295898438,763.9571533203125,643.569091796875,615.6687622070312,649.340087890625
652,21.733278032230704,842.2047729492188,450.2226867675781,843.7944946289062,438.0923156738281,841.3372802734375,444.64306640625,825.62109375,411.2080078125,823.96240234375,429.10064697265625,783.06884765625,368.75347900390625,771.9561767578125,456.37738037109375,791.4362182617188,290.9106750488281,808.0106201171875,553.399169921875,795.0090942382812,221.19956970214844,823.98681640625,610.49853515625,657.1959838867188,465.8536071777344,640.3497314453125,495.70831298828125,713.8526611328125,560.50634765625,660.5144653320312,576.4946899414062,727.3760375976562,647.3363037109375,650.4603881835938,650.9807739257812
653,21.766611280746396,841.9482421875,451.63201904296875,844.0737915039062,439.6485595703125,841.2166748046875,445.60357666015625,826.444091796875,412.8858337402344,823.1282348632812,429.4091491699219,783.6091918945312,369.0585632324219,770.6597900390625,457.72625732421875,791.6316528320312,290.4418640136719,808.2073364257812,556.9619140625,794.5620727539062,222.17123413085938,821.949462890625,615.3146362304688,659.88427734375,462.1900939941406,640.1396484375,492.4541015625,721.5995483398438,558.1900634765625,652.3377685546875,575.0971069335938,735.6435546875,645.6973266601562,635.6657104492188,651.8153076171875
654,21.79994452926209,841.9566040039062,450.9568176269531,843.1604614257812,439.44140625,841.5607299804688,445.8766174316406,822.6729125976562,412.0293273925781,825.6288452148438,429.98944091796875,776.8413696289062,369.878662109375,776.23974609375,458.7572937011719,789.372802734375,290.85760498046875,809.6895751953125,556.1403198242188,796.0401000976562,225.54075622558594,823.3971557617188,613.6117553710938,646.5958251953125,469.54620361328125,644.6832275390625,499.64453125,681.5126953125,557.089111328125,689.1766967773438,573.1990966796875,672.478759765625,653.7061767578125,695.5081787109375,656.50634765625
655,21.833277777777777,841.8548583984375,451.312744140625,843.9044799804688,440.0733337402344,841.5303344726562,445.63671875,824.3417358398438,414.78692626953125,824.9124755859375,430.8615417480469,778.4444580078125,373.1309509277344,774.12158203125,464.34112548828125,789.682373046875,292.4270324707031,805.6259765625,566.345703125,796.7547607421875,223.23948669433594,815.19091796875,621.0673828125,652.8856811523438,473.0837707519531,646.3955078125,504.4635314941406,698.0098266601562,562.4762573242188,684.163330078125,580.62939453125,686.2523803710938,649.4595336914062,679.5654907226562,655.8162231445312
656,21.86661102629347,840.6004028320312,451.98748779296875,842.2191162109375,440.8200988769531,840.4779663085938,446.3439636230469,821.1273803710938,413.636962890625,823.8563232421875,429.42742919921875,773.3995971679688,372.095947265625,773.1470336914062,459.9409484863281,788.36376953125,294.1257019042969,808.1881103515625,559.7494506835938,796.3178100585938,223.9785919189453,820.8107299804688,618.29833984375,647.0929565429688,475.2470703125,646.0006103515625,506.09979248046875,691.3858032226562,556.5366821289062,701.5562744140625,574.2471313476562,681.73193359375,647.2579956054688,712.3875122070312,653.755126953125
657,21.89994427480916,838.3744506835938,450.0163879394531,838.9544067382812,439.03387451171875,838.466796875,445.2892761230469,815.9932861328125,410.6551513671875,823.2432861328125,428.5396728515625,768.2632446289062,369.3973693847656,774.11083984375,460.89337158203125,786.27001953125,289.5398254394531,808.2608032226562,561.4988403320312,796.7477416992188,220.65663146972656,824.297119140625,619.6365356445312,641.5498046875,480.48529052734375,650.443603515625,513.1234130859375,668.1380004882812,556.2979736328125,723.0189208984375,577.5927124023438,643.7598266601562,647.4713745117188,746.1788940429688,657.3521728515625
658,21.93327752332485,837.5802001953125,448.1705322265625,839.9074096679688,437.3268737792969,837.914794921875,442.1211853027344,820.4752807617188,412.3056335449219,821.379638671875,426.14361572265625,776.4264526367188,371.5935974121094,768.6011352539062,459.4964294433594,789.2949829101562,289.78704833984375,806.0695190429688,559.9910888671875,794.7157592773438,216.12545776367188,822.0271606445312,621.5521240234375,656.4029541015625,479.427490234375,644.9166259765625,510.08612060546875,711.1240234375,557.89794921875,678.1322631835938,574.4860229492188,714.4264526367188,647.3167724609375,679.113037109375,653.3092651367188
659,21.966610771840543,835.2695922851562,446.85833740234375,836.7634887695312,436.984375,834.98486328125,441.715087890625,819.8502807617188,409.88916015625,819.5780639648438,425.7012939453125,785.1431884765625,370.77081298828125,769.0551147460938,449.4259338378906,794.2294311523438,280.640625,800.0977783203125,549.1461791992188,794.8676147460938,213.53965759277344,827.0480346679688,616.3418579101562,666.2607421875,476.77484130859375,644.5862426757812,500.9109802246094,732.31396484375,550.9187622070312,663.3290405273438,564.0468139648438,762.7509765625,643.85693359375,658.1809692382812,653.3112182617188
660,21.999944020356235,835.2514038085938,448.8511657714844,839.6829223632812,438.8558349609375,835.515869140625,441.12274169921875,825.3403930664062,416.0732421875,818.1156616210938,423.34478759765625,783.2780151367188,377.010986328125,767.2505493164062,453.19134521484375,791.6544189453125,292.6065979003906,800.5358276367188,544.4205932617188,794.6470336914062,214.8254852294922,811.8992309570312,619.8626098632812,675.2520141601562,478.8938293457031,651.9032592773438,504.9042053222656,741.8938598632812,558.9967651367188,653.9603881835938,572.3377075195312,756.9036254882812,644.9749755859375,635.6895751953125,653.0302124023438
661,22.033277268871924,839.5988159179688,444.1180419921875,841.4893188476562,435.5848693847656,840.0731201171875,437.74908447265625,823.7752075195312,411.9724426269531,825.468505859375,421.492919921875,787.3447875976562,377.17462158203125,777.8157348632812,443.7660827636719,795.00927734375,291.7435302734375,802.3873901367188,540.7142944335938,803.2776489257812,220.19757080078125,821.736083984375,614.6139526367188,679.06787109375,471.30279541015625,659.2748413085938,489.551025390625,749.9539794921875,564.5263671875,653.190185546875,572.6334838867188,775.6719970703125,649.9724731445312,623.4100341796875,658.4173583984375
662,22.066610517387616,838.056640625,441.7174987792969,841.5703735351562,432.572265625,836.710205078125,435.5575866699219,829.59765625,409.69219970703125,820.3900146484375,421.37078857421875,792.5802612304688,375.4044494628906,775.7807006835938,446.8052062988281,792.4777221679688,284.362060546875,804.9027099609375,543.6449584960938,788.1674194335938,205.3456573486328,829.6121215820312,609.2819213867188,680.2167358398438,467.20068359375,654.0470581054688,487.4546813964844,747.8621215820312,562.3113403320312,651.72216796875,571.669677734375,769.7446899414062,647.0645751953125,622.7329711914062,656.8250122070312
663,22.09994376590331,834.8314819335938,439.71990966796875,846.433349609375,437.0696105957031,836.0332641601562,426.6638488769531,846.6148071289062,433.5897521972656,816.22119140625,403.3788146972656,801.5205688476562,454.3973693847656,775.5770263671875,372.9603576660156,814.500732421875,513.8455810546875,775.9209594726562,281.4195861816406,834.3304443359375,610.5572509765625,788.3956909179688,219.41317749023438,689.2003173828125,476.0550537109375,657.4557495117188,444.6911926269531,757.3040161132812,576.4002685546875,649.7870483398438,558.7099609375,777.4480590820312,645.600341796875,608.3890991210938,644.768310546875
664,22.133277014419,833.8075561523438,436.4239501953125,847.1981811523438,435.37542724609375,836.5159301757812,422.8778381347656,849.8569946289062,433.997314453125,818.5601196289062,398.1742248535156,800.3433837890625,454.3797912597656,773.8502807617188,370.717529296875,808.139892578125,525.8172607421875,761.4263916015625,281.85186767578125,822.1707763671875,601.6465454101562,763.800537109375,218.0631866455078,698.1990966796875,470.4546813964844,664.3028564453125,439.7646484375,758.6415405273438,575.685302734375,636.493896484375,555.1864013671875,779.4672241210938,656.6206665039062,599.7316284179688,652.3884887695312
665,22.16661026293469,832.9148559570312,434.964599609375,846.7347412109375,433.5828857421875,835.1614990234375,421.4485778808594,850.6463623046875,433.9803161621094,817.4270629882812,399.37493896484375,805.018310546875,458.2935485839844,777.4580688476562,371.5914306640625,814.0582275390625,520.1688842773438,773.5650634765625,283.2361755371094,831.8133544921875,600.174072265625,787.8082885742188,221.18836975097656,694.9614868164062,474.1445007324219,662.0505981445312,440.1421813964844,752.2857666015625,571.5009155273438,643.4494018554688,550.0094604492188,774.8400268554688,649.8711547851562,606.4510498046875,646.490478515625
666,22.199943511450382,834.227294921875,429.5784606933594,849.1910400390625,429.49908447265625,837.6558227539062,415.484375,852.4263305664062,433.0201416015625,820.2474975585938,393.9482116699219,806.139404296875,459.0470275878906,777.7672729492188,371.8273620605469,813.83837890625,517.3421020507812,777.1010131835938,285.0074768066406,830.329833984375,595.1295776367188,788.235595703125,220.38284301757812,697.2264404296875,485.3025817871094,663.8117065429688,450.3755798339844,753.7384643554688,572.2817993164062,641.9894409179688,546.1654663085938,772.7897338867188,653.6475830078125,609.2382202148438,644.6597290039062
667,22.233276759966074,834.3209838867188,428.04217529296875,849.6419677734375,428.20574951171875,837.6039428710938,413.7993469238281,853.05126953125,432.7993469238281,819.8473510742188,392.8406982421875,806.833740234375,459.5528869628906,777.9141235351562,372.369140625,814.0538940429688,515.1698608398438,778.4442749023438,282.957763671875,828.9671630859375,590.6312866210938,787.2067260742188,217.0889434814453,698.7022705078125,489.8362121582031,664.9852905273438,454.86297607421875,755.3132934570312,574.4339599609375,643.23486328125,548.1593627929688,770.2197875976562,653.4551391601562,608.3067626953125,644.6553344726562
668,22.266610008481763,833.60009765625,427.7129211425781,847.4708862304688,426.5444641113281,835.6592407226562,414.1157531738281,850.0972900390625,428.60693359375,816.7724609375,393.4460754394531,806.1640625,455.8144226074219,775.6661987304688,373.2866516113281,815.619384765625,512.0982055664062,776.8016967773438,283.6454772949219,828.8552856445312,591.36767578125,787.595703125,216.93630981445312,698.5025024414062,491.0296936035156,663.7922973632812,458.6427001953125,757.0459594726562,575.7530517578125,644.55908203125,555.5357666015625,773.0245361328125,650.631103515625,606.1151733398438,648.4041137695312
669,22.299943256997455,834.8486938476562,426.08331298828125,849.5390014648438,425.6505126953125,837.4968872070312,411.8531799316406,852.0354614257812,429.57403564453125,818.567138671875,391.23748779296875,807.5552368164062,458.0795593261719,775.6474609375,372.7952575683594,815.5023193359375,513.3057250976562,778.2316284179688,283.67974853515625,828.0616455078125,586.0027465820312,787.2257080078125,215.9404754638672,698.2073364257812,494.288818359375,662.7108154296875,459.9366149902344,756.6102905273438,577.0154418945312,643.2550048828125,550.1552734375,772.6942138671875,653.7578735351562,609.2246704101562,642.904296875
670,22.333276505513147,835.6259765625,425.10369873046875,850.915771484375,425.3249816894531,838.9016723632812,410.61602783203125,853.2433471679688,430.6347961425781,819.9659423828125,389.77117919921875,807.5146484375,460.56353759765625,776.031982421875,371.0880432128906,816.6602783203125,519.2621459960938,778.1768798828125,283.0667724609375,828.8675537109375,586.9796752929688,786.9998168945312,217.5121307373047,697.1185302734375,494.0965881347656,662.129150390625,458.0948486328125,752.9232177734375,576.6539306640625,641.8037719726562,549.184814453125,769.7940673828125,652.6317138671875,610.2588500976562,643.757568359375
671,22.36660975402884,836.2858276367188,424.9103088378906,851.3136596679688,425.0079040527344,839.3519897460938,410.56134033203125,853.2429809570312,430.5396423339844,820.1226806640625,390.3341979980469,807.5885620117188,461.40130615234375,776.2374267578125,371.5263366699219,815.8541870117188,521.0868530273438,776.91650390625,282.78265380859375,829.30029296875,586.6079711914062,786.42236328125,216.00143432617188,697.2365112304688,493.85845947265625,662.4274291992188,457.78851318359375,751.6605834960938,578.3860473632812,641.5668334960938,551.041259765625,770.0502319335938,652.1306762695312,609.646728515625,642.9227294921875
672,22.39994300254453,836.9864501953125,425.25244140625,851.2486572265625,424.852294921875,839.6715698242188,411.30511474609375,852.559326171875,429.5095520019531,819.9613647460938,391.4672546386719,807.1569213867188,460.08782958984375,776.7346801757812,372.1233825683594,814.97119140625,520.2603759765625,776.2479858398438,283.64910888671875,828.3012084960938,587.6803588867188,786.6741333007812,216.05824279785156,697.5548095703125,490.4105224609375,663.373291015625,455.2056579589844,750.0244750976562,576.8079223632812,641.7173461914062,550.500244140625,770.934814453125,651.5966186523438,610.2797241210938,641.7745971679688
673,22.43327625106022,837.416015625,424.9629211425781,851.7529907226562,424.500244140625,839.9453125,410.8267517089844,853.0136108398438,429.41375732421875,819.9814453125,391.0948791503906,807.2459716796875,460.3530578613281,777.0487060546875,372.3988342285156,815.5953979492188,519.9813842773438,776.950439453125,284.77764892578125,829.7183837890625,587.1156005859375,785.5057373046875,218.57894897460938,697.6937255859375,490.61474609375,663.7523193359375,455.3687438964844,751.3240356445312,577.133544921875,642.895751953125,550.8071899414062,770.5245971679688,651.6000366210938,609.88525390625,642.4028930664062
674,22.466609499575913,836.5881958007812,425.54754638671875,851.2119140625,425.2352600097656,839.4839477539062,411.6114501953125,853.0884399414062,429.9569396972656,820.23681640625,391.4638366699219,806.3521118164062,459.64556884765625,777.124755859375,371.1262512207031,815.9811401367188,520.2079467773438,776.1107788085938,284.1048278808594,829.6179809570312,585.9730224609375,785.1202392578125,219.62181091308594,695.6131591796875,485.8205871582031,661.9688720703125,450.70086669921875,750.2322387695312,575.82861328125,640.9501953125,551.7730102539062,771.6118774414062,650.6465454101562,608.3798217773438,646.1378173828125
675,22.499942748091602,836.14697265625,425.88873291015625,851.389892578125,425.8086853027344,839.4031372070312,411.733642578125,854.0089111328125,430.35711669921875,820.51513671875,390.76470947265625,807.59716796875,459.1465759277344,776.1377563476562,371.07562255859375,816.845947265625,519.2511596679688,774.1331176757812,286.27459716796875,830.333740234375,586.4846801757812,781.8812255859375,222.3194122314453,696.8865356445312,486.949462890625,661.97119140625,451.83734130859375,751.4140625,576.1514282226562,640.464599609375,551.53662109375,770.7769165039062,650.2381591796875,609.276611328125,645.783447265625
676,22.533275996607294,836.5043334960938,426.6833190917969,851.6515502929688,426.7799072265625,840.1617431640625,412.5018005371094,853.8151245117188,430.7160339355469,821.7614135742188,390.65521240234375,807.213623046875,458.0504150390625,776.7015991210938,370.5756530761719,816.442138671875,516.1513671875,774.6185913085938,285.3876037597656,832.4564819335938,584.836669921875,781.466064453125,221.88165283203125,697.1405639648438,488.3647766113281,662.9295654296875,453.51727294921875,752.4269409179688,576.2742919921875,641.7638549804688,551.1758422851562,771.3662109375,649.7000732421875,611.2606201171875,644.1907348632812
677,22.566609245122986,837.3169555664062,426.63885498046875,852.7122802734375,426.7049560546875,841.018310546875,412.4773864746094,854.75390625,430.35467529296875,822.0885620117188,390.28515625,806.5635986328125,456.1258239746094,776.75830078125,370.5315856933594,815.4757080078125,512.0984497070312,774.2431640625,285.5536804199219,834.0991821289062,584.2763061523438,780.8564453125,222.57882690429688,697.6549682617188,487.0938720703125,663.8124389648438,453.3713684082031,751.6851806640625,574.1368408203125,640.8193359375,551.826416015625,769.1383666992188,647.3178100585938,609.6827392578125,645.7494506835938
678,22.59994249363868,838.3038940429688,425.94482421875,853.5941162109375,425.8204650878906,841.9534301757812,411.9349365234375,855.7269897460938,428.95428466796875,822.94873046875,389.6127624511719,806.8714599609375,453.970703125,777.4169921875,368.72296142578125,815.6182861328125,511.13177490234375,773.7095336914062,284.7181701660156,832.0762939453125,581.283447265625,781.047607421875,222.56922912597656,696.767333984375,480.8338317871094,663.0287475585938,447.46295166015625,750.3060913085938,573.1002197265625,640.0247192382812,552.4307861328125,769.793212890625,645.5070190429688,609.1810913085938,646.3609619140625
679,22.633275742154368,839.9437255859375,425.7645263671875,854.9220581054688,425.6357421875,843.4363403320312,411.8540344238281,856.3795776367188,429.0853576660156,823.756591796875,390.0510559082031,806.736328125,454.3632507324219,778.0855712890625,368.47357177734375,814.6759033203125,512.1397705078125,773.28125,283.4620056152344,830.7406005859375,581.2631225585938,781.198486328125,221.61715698242188,695.8587646484375,480.2131042480469,662.51171875,446.6815490722656,749.412109375,572.2591552734375,640.2200317382812,551.8536376953125,768.6553955078125,644.5140380859375,607.64501953125,645.298583984375
680,22.66660899067006,839.55615234375,424.7933349609375,854.5401611328125,424.7159118652344,842.9984130859375,410.7975769042969,856.1615600585938,428.7193908691406,823.7882080078125,389.47833251953125,807.9784545898438,455.13848876953125,778.6441040039062,368.9969482421875,814.448974609375,512.2716064453125,772.92236328125,284.1889953613281,830.9552612304688,580.3701782226562,778.7637939453125,222.39346313476562,698.8045654296875,483.02520751953125,665.29833984375,448.84661865234375,749.89306640625,574.418212890625,640.7572631835938,550.42431640625,770.3552856445312,646.7249755859375,610.2604370117188,641.426025390625
681,22.699942239185752,840.12255859375,424.33734130859375,854.673583984375,424.20550537109375,843.4194946289062,410.6628112792969,856.0296020507812,428.1826171875,824.180419921875,389.7887878417969,807.8963012695312,454.7914123535156,778.7635498046875,368.40338134765625,815.4505615234375,513.2526245117188,772.301513671875,283.9498596191406,830.2567749023438,579.2603759765625,777.2496948242188,223.42398071289062,696.615478515625,481.43865966796875,663.0512084960938,447.3596496582031,750.760986328125,575.6882934570312,641.1337890625,553.2330322265625,771.455078125,645.1640014648438,608.229248046875,642.65673828125
682,22.73327548770144,839.72265625,424.61810302734375,853.9266357421875,424.35687255859375,842.9381713867188,411.2028503417969,854.9268798828125,428.08660888671875,823.3945922851562,390.2886657714844,807.417236328125,455.2049255371094,777.8768920898438,367.7256774902344,817.4634399414062,514.96435546875,771.0621337890625,280.97381591796875,830.2570190429688,577.830810546875,775.2072143554688,220.6183624267578,696.6487426757812,481.7755432128906,662.8153686523438,447.7342529296875,750.0869140625,574.2692260742188,640.7186889648438,554.2124633789062,774.147705078125,643.8456420898438,609.5921630859375,645.9335327148438
683,22.766608736217133,839.0833129882812,423.7464294433594,853.6859130859375,423.6395263671875,842.1595458984375,409.89349365234375,855.0348510742188,428.1908264160156,822.3218994140625,389.1203918457031,808.0645141601562,456.8785400390625,776.8422241210938,368.1171569824219,818.1112670898438,516.4812622070312,771.4063720703125,280.2120056152344,831.6763305664062,581.8963012695312,774.285888671875,218.30926513671875,698.0702514648438,485.4831848144531,663.2966918945312,450.696044921875,753.71044921875,577.0671997070312,642.339111328125,554.8927612304688,774.5983276367188,646.0955810546875,609.9307250976562,645.8690185546875
684,22.799941984732826,837.9542846679688,423.4848937988281,853.0503540039062,423.8095397949219,841.3861694335938,409.4285583496094,854.7498779296875,429.04998779296875,821.791015625,388.3026123046875,807.6583251953125,457.5146789550781,775.7420043945312,366.7342834472656,818.902099609375,516.5342407226562,771.4147338867188,277.6706848144531,832.2614135742188,579.8663330078125,773.9651489257812,216.60733032226562,697.3452758789062,484.2296142578125,662.1149291992188,448.4735412597656,753.0984497070312,577.2131958007812,640.7962036132812,553.2277221679688,774.7120361328125,646.1273193359375,610.6160278320312,644.7274169921875
685,22.833275233248514,837.396240234375,423.0162353515625,852.63671875,423.19915771484375,840.6620483398438,408.75732421875,854.2264404296875,428.6495361328125,820.628662109375,387.6964111328125,806.8908081054688,458.2061767578125,774.6716918945312,366.87103271484375,819.2617797851562,518.3798828125,771.9904174804688,277.84796142578125,830.6312866210938,581.14013671875,773.7040405273438,216.58950805664062,696.0469360351562,486.4440002441406,660.5816040039062,450.6354064941406,754.4813842773438,577.7974243164062,641.9497680664062,554.6224975585938,775.8575439453125,646.3390502929688,611.9257202148438,647.1665649414062
686,22.866608481764207,836.1550903320312,423.83831787109375,851.5313110351562,423.9309997558594,839.4703369140625,409.5525817871094,853.4640502929688,429.3335266113281,819.7774658203125,388.4893798828125,806.3358154296875,459.6640930175781,774.3472900390625,368.07366943359375,819.7939453125,521.6177368164062,772.2760009765625,280.5271911621094,831.5636596679688,582.6854858398438,776.0138549804688,218.5775146484375,695.3673706054688,486.1422119140625,660.0578002929688,450.33123779296875,753.249755859375,578.07177734375,640.6903076171875,556.0052490234375,775.7208862304688,647.4559326171875,610.5120239257812,650.5115356445312
687,22.8999417302799,836.9078369140625,422.60491943359375,852.3347778320312,423.0892333984375,841.33154296875,407.8644104003906,852.173583984375,429.4898986816406,821.9819946289062,386.0674133300781,798.638671875,458.11358642578125,770.9324951171875,369.5710144042969,811.0926513671875,527.6165161132812,770.80615234375,274.64288330078125,826.5557861328125,586.5040893554688,772.8224487304688,194.16558837890625,694.1636962890625,488.36859130859375,658.9273071289062,456.0206604003906,753.7161254882812,580.9171142578125,626.8042602539062,557.638427734375,776.194580078125,660.7369995117188,601.0213012695312,656.9702758789062
688,22.93327497879559,836.3510131835938,422.49072265625,852.0966796875,423.15704345703125,840.9166870117188,407.754638671875,852.5386962890625,429.9183654785156,822.206787109375,386.2131652832031,799.0196533203125,457.99609375,771.6036376953125,370.2889404296875,810.6324462890625,526.5867919921875,772.3970947265625,276.3360595703125,827.3538818359375,586.0726318359375,776.6567993164062,195.210205078125,695.0398559570312,487.55889892578125,659.9193725585938,455.46807861328125,753.7283325195312,580.5821533203125,626.7503662109375,557.1171264648438,775.4598388671875,660.4970703125,600.8654174804688,655.9751586914062
689,22.96660822731128,835.32373046875,423.3941345214844,850.9915161132812,423.99200439453125,838.9163818359375,409.26922607421875,853.2874145507812,430.522216796875,819.932861328125,389.3710021972656,805.7512817382812,459.17730712890625,775.5372924804688,371.6152038574219,816.8088989257812,516.01220703125,775.7684326171875,286.226318359375,833.6712036132812,581.1217651367188,783.4969482421875,220.48788452148438,696.7769775390625,488.0612487792969,662.2423095703125,453.41754150390625,753.5975952148438,574.15185546875,640.1026611328125,550.4793701171875,771.5305786132812,649.9251098632812,607.9796752929688,647.4453125
690,22.999941475826972,834.377197265625,422.8702697753906,850.2332763671875,424.173583984375,838.1361083984375,408.7411193847656,853.0527954101562,432.0315856933594,819.7962036132812,389.2084655761719,805.9788818359375,460.4377136230469,776.4552612304688,369.9921875,817.6798706054688,516.954833984375,778.8624877929688,281.6662292480469,832.8280029296875,582.2393798828125,786.3562622070312,216.9967498779297,697.3876342773438,487.093017578125,663.0884399414062,451.01995849609375,754.4574584960938,575.2158203125,640.39208984375,549.5233764648438,769.4868774414062,650.1034545898438,606.0247802734375,645.8848266601562
691,23.033274724342665,833.9951171875,421.7368469238281,850.1260986328125,423.48724365234375,837.895751953125,407.6600341796875,853.1279296875,432.60919189453125,819.86767578125,388.9490966796875,806.49072265625,460.96392822265625,776.561279296875,371.0251159667969,817.0217895507812,514.7289428710938,780.3458251953125,280.6611022949219,832.0647583007812,583.393798828125,786.5336303710938,214.2282257080078,698.5693359375,490.4667053222656,663.8593139648438,454.261474609375,755.3718872070312,578.4041137695312,639.0337524414062,551.2970581054688,767.47509765625,650.90625,603.42431640625,644.1962280273438
692,23.066607972858353,834.08740234375,422.03302001953125,850.077880859375,422.9895935058594,837.3616333007812,408.0177307128906,853.4473876953125,431.13360595703125,818.8585815429688,389.58843994140625,806.898193359375,459.4128112792969,776.6968994140625,372.3426208496094,815.7683715820312,511.6977233886719,780.2304077148438,281.2355041503906,829.737548828125,582.3802490234375,787.6777954101562,213.34181213378906,699.5838012695312,488.125244140625,664.8727416992188,453.1360168457031,753.0621337890625,577.4819946289062,638.258544921875,552.0448608398438,766.3032836914062,650.6722412109375,603.1712036132812,644.521484375
693,23.099941221374046,833.8495483398438,421.5882568359375,849.5232543945312,422.417236328125,837.0062255859375,407.78350830078125,852.7449340820312,430.2544860839844,818.4435424804688,389.3324890136719,806.3569946289062,459.0181884765625,776.5501098632812,370.8987121582031,816.767822265625,512.5736083984375,780.6427001953125,278.11639404296875,829.0838012695312,582.3765869140625,790.2174072265625,212.2729034423828,698.3720092773438,486.4925231933594,663.8796997070312,451.39013671875,751.4896240234375,577.3790893554688,637.9599609375,553.5374145507812,766.7637939453125,649.8032836914062,603.0133056640625,646.4310913085938
694,23.133274469889738,833.4415283203125,421.145263671875,849.1646728515625,422.0089111328125,836.3983764648438,407.36346435546875,852.6793212890625,430.3634338378906,817.9388427734375,389.48052978515625,806.2738647460938,459.57073974609375,776.6443481445312,370.6134338378906,816.129638671875,512.4038696289062,780.41552734375,275.673828125,828.3649291992188,579.8575439453125,789.7354125976562,209.48211669921875,697.5517578125,486.0029602050781,663.2355346679688,450.5156555175781,750.7575073242188,577.4446411132812,638.2315063476562,552.9378662109375,765.5227661132812,648.991455078125,602.3003540039062,644.642578125
695,23.16660771840543,833.9308471679688,419.6431579589844,849.3153076171875,420.7306823730469,836.7506713867188,406.2358093261719,852.428466796875,430.3320007324219,818.285400390625,389.8850402832031,806.40087890625,460.9140319824219,777.1265258789062,371.1383056640625,816.3345336914062,515.1286010742188,780.6052856445312,275.5987243652344,827.58349609375,579.807861328125,790.6122436523438,209.0547637939453,696.86376953125,487.73876953125,662.6610107421875,452.05291748046875,750.4735717773438,578.135009765625,638.7136840820312,554.4859619140625,764.8054809570312,648.5057373046875,600.9154052734375,645.5401611328125
696,23.19994096692112,833.3482055664062,419.4564208984375,848.5623168945312,420.6443176269531,836.0368041992188,405.9061584472656,851.3672485351562,430.7663879394531,817.9835815429688,390.1043701171875,807.1373291015625,462.28680419921875,777.482421875,373.26434326171875,814.5409545898438,514.2630004882812,781.6339111328125,277.46044921875,828.8113403320312,577.8576049804688,789.5217895507812,208.57908630371094,699.9822998046875,495.8138732910156,665.7471313476562,459.8285217285156,752.1986694335938,582.6101684570312,639.6068115234375,555.1593017578125,764.2579956054688,650.654541015625,600.6385498046875,640.7174682617188
697,23.23327421543681,834.3035888671875,418.614990234375,849.460205078125,419.78509521484375,836.9481201171875,405.4423522949219,851.5218505859375,430.1430969238281,817.5861206054688,390.25103759765625,805.6170654296875,460.42401123046875,775.1624145507812,373.5603942871094,814.6954345703125,510.8896484375,780.1904296875,278.9485778808594,827.3184814453125,573.6919555664062,788.2175903320312,210.71841430664062,696.0276489257812,493.35302734375,660.77294921875,458.6111755371094,751.7548828125,579.8767700195312,637.47412109375,554.7813720703125,767.7923583984375,649.3550415039062,601.9962768554688,642.401611328125
698,23.266607463952504,833.7526245117188,418.0039367675781,849.296142578125,419.4991455078125,836.8408203125,404.85040283203125,851.884033203125,429.9649353027344,818.0311889648438,389.2150573730469,804.896484375,458.912353515625,775.509765625,371.4048767089844,813.0787963867188,507.9788818359375,779.0949096679688,276.9244384765625,823.7196655273438,561.011962890625,788.2227783203125,210.8152313232422,696.4176635742188,487.2443542480469,661.640869140625,452.5456237792969,752.0144653320312,576.6625366210938,637.8912963867188,552.3070678710938,770.3585815429688,647.710693359375,603.665283203125,643.3431396484375
699,23.299940712468192,833.3016357421875,418.5980224609375,848.6381225585938,419.77008056640625,836.4134521484375,405.575927734375,851.18701171875,428.784423828125,817.4615478515625,388.9537658691406,804.2840576171875,456.1819152832031,774.6768188476562,370.5391540527344,815.4224853515625,507.34808349609375,778.3751831054688,279.1559753417969,827.2637939453125,566.235595703125,787.4454345703125,212.24679565429688,695.804931640625,483.54461669921875,660.9127197265625,449.93841552734375,752.0938720703125,573.8644409179688,637.9646606445312,552.6533203125,770.1986083984375,645.618896484375,604.1661987304688,645.6561889648438
700,23.333273960983885,832.8696899414062,420.2054443359375,847.7236328125,421.22161865234375,836.457275390625,407.3899230957031,849.5244750976562,428.7750549316406,818.0630493164062,389.6939392089844,802.82861328125,454.6611633300781,774.0668334960938,370.1022033691406,816.6248168945312,509.0177307128906,778.343017578125,282.4613037109375,828.9683227539062,570.9421997070312,789.4456176757812,213.95423889160156,692.9901733398438,479.73199462890625,658.6758422851562,446.7967834472656,751.2019653320312,572.8818359375,638.4288330078125,553.3426513671875,771.3002319335938,644.5955200195312,606.8901977539062,646.8189697265625
701,23.366607209499577,831.5601806640625,420.70867919921875,846.541259765625,421.3951416015625,835.2415161132812,407.9523620605469,849.2090454101562,428.0364990234375,817.9457397460938,389.89276123046875,802.8385009765625,453.75030517578125,774.4194946289062,370.3381652832031,815.386474609375,509.1825866699219,776.6807250976562,285.2242736816406,828.594482421875,570.8573608398438,788.9323120117188,216.29075622558594,692.6616821289062,477.9436340332031,658.6478271484375,445.378662109375,749.2330932617188,571.4412841796875,637.1586303710938,551.9740600585938,771.3753051757812,646.2586669921875,606.935791015625,647.9461059570312
702,23.399940458015266,832.3457641601562,420.5956726074219,846.9356689453125,421.2010192871094,836.1723022460938,407.9493713378906,848.4646606445312,427.4111022949219,818.3197021484375,389.4847412109375,801.5573120117188,453.7394104003906,773.6355590820312,369.64599609375,816.511474609375,510.6865539550781,775.0972900390625,283.61651611328125,831.5231323242188,575.1115112304688,787.5157470703125,216.6253204345703,691.122314453125,480.7956848144531,657.641845703125,448.579833984375,748.755126953125,570.8277587890625,638.5137329101562,554.2902221679688,771.8125610351562,644.2340087890625,608.778564453125,650.7389526367188
703,23.433273706530958,831.4354858398438,422.13482666015625,845.7572631835938,422.1377868652344,835.2509765625,409.648193359375,847.1500244140625,426.65948486328125,817.9421997070312,390.464599609375,800.8111572265625,452.15521240234375,773.2801513671875,370.6296691894531,815.8312377929688,509.6809387207031,774.3322143554688,286.65606689453125,832.6007080078125,575.3014526367188,787.0089721679688,218.59046936035156,690.875732421875,481.63018798828125,657.8549194335938,450.6910400390625,747.263671875,571.0499877929688,638.5992431640625,556.4261474609375,773.7056274414062,644.7240600585938,611.9371948242188,652.9857788085938
704,23.46660695504665,831.7357788085938,422.0489807128906,846.46533203125,422.1235656738281,835.6007690429688,409.2943115234375,848.0990600585938,427.30657958984375,818.3244018554688,390.2515869140625,801.1800537109375,454.7829895019531,773.24560546875,371.0159606933594,814.32080078125,513.0457153320312,772.5389404296875,286.0455627441406,831.0681762695312,573.7696533203125,784.47314453125,219.8035125732422,690.8864135742188,487.10772705078125,657.52001953125,455.3847351074219,748.8497924804688,572.1361083984375,639.0960693359375,556.8220825195312,776.3034057617188,646.4846801757812,612.1161499023438,655.3414306640625
705,23.499940203562343,831.8740844726562,422.5639343261719,846.29296875,422.4086608886719,835.6824951171875,410.1910400390625,848.0146484375,426.56060791015625,818.8057861328125,390.8092346191406,801.1889038085938,452.3904113769531,773.9857177734375,369.3670654296875,814.7725219726562,510.825439453125,772.3306884765625,283.4246520996094,829.7643432617188,569.8580322265625,785.1626586914062,217.42100524902344,690.4752807617188,482.2181701660156,657.5993041992188,451.20758056640625,748.02783203125,570.4959716796875,640.5651245117188,557.8530883789062,776.61181640625,643.8873901367188,614.3502807617188,656.9176635742188
706,23.53327345207803,831.6482543945312,422.60394287109375,846.33935546875,422.2093505859375,834.937744140625,410.0758056640625,848.9890747070312,426.40582275390625,817.7604370117188,390.9544372558594,802.5126953125,452.30145263671875,774.307861328125,369.7148742675781,814.4730834960938,509.5208740234375,773.4124145507812,283.2913513183594,829.9532470703125,565.7152099609375,786.00244140625,216.2652130126953,692.731689453125,480.74493408203125,659.0194091796875,449.6401062011719,748.4375610351562,571.954345703125,639.0363159179688,557.8143920898438,777.8589477539062,644.50927734375,612.0982055664062,654.5349731445312
707,23.566606700593724,832.9865112304688,422.2232666015625,847.2998046875,421.8663635253906,836.2166748046875,409.9707336425781,849.1906127929688,426.059326171875,818.5050659179688,391.0458984375,802.9077758789062,451.8146057128906,774.4801635742188,369.0508728027344,816.5594482421875,510.14471435546875,774.1162109375,281.2464599609375,831.7034301757812,567.5509033203125,787.03466796875,213.72482299804688,692.902587890625,482.0766906738281,658.973876953125,451.3275451660156,749.2745971679688,572.3446044921875,640.4347534179688,560.6005859375,778.3594970703125,642.2178955078125,613.0557861328125,655.974365234375
708,23.599939949109416,833.1749877929688,422.65667724609375,846.3848876953125,421.9540100097656,836.5570068359375,409.9989929199219,846.0762329101562,425.1466979980469,818.6795043945312,389.62591552734375,797.1140747070312,449.85498046875,771.2011108398438,368.650390625,813.9765625,520.7787475585938,773.551513671875,271.6417541503906,830.8410034179688,581.8255004882812,781.3446044921875,183.8845977783203,692.140625,477.6270446777344,657.4727172851562,449.4737548828125,752.7711181640625,578.9666137695312,627.8960571289062,565.722900390625,782.1288452148438,654.6420288085938,599.5231323242188,660.8424682617188
709,23.633273197625105,833.1868286132812,422.0826721191406,847.5983276367188,421.5488586425781,836.36376953125,409.462158203125,849.7155151367188,425.5261535644531,818.455322265625,390.043701171875,804.3614501953125,452.9850158691406,774.35400390625,368.75921630859375,818.7741088867188,514.3793334960938,773.9393310546875,282.3356628417969,834.54150390625,574.1930541992188,787.9999389648438,214.6981658935547,694.5214233398438,481.7154235839844,659.7929077148438,450.0648498535156,748.0584106445312,574.4999389648438,637.8538818359375,561.2278442382812,778.142822265625,644.3681640625,610.4510498046875,655.9692993164062
710,23.666606446140797,834.2122192382812,423.90716552734375,847.5261840820312,422.9704284667969,837.4998168945312,411.7093200683594,848.4029541015625,424.768798828125,819.2496948242188,390.9665222167969,803.267822265625,450.2353210449219,774.25048828125,366.41064453125,820.3944702148438,513.0297241210938,773.6085205078125,278.57843017578125,835.9093017578125,575.2868041992188,789.2151489257812,212.40908813476562,693.14697265625,476.61187744140625,658.848876953125,445.6449890136719,746.15283203125,571.9716796875,635.8560791015625,561.9393920898438,779.9158935546875,642.188720703125,608.471435546875,658.2281494140625
711,23.69993969465649,833.9215698242188,423.13153076171875,847.8023071289062,422.5133056640625,837.5850219726562,410.5649108886719,848.5303955078125,425.2266845703125,819.5343017578125,389.6805114746094,803.1866455078125,452.69830322265625,773.3516845703125,366.7014465332031,820.05126953125,516.9134521484375,774.0279541015625,279.1541748046875,835.5452270507812,575.5531005859375,789.6342163085938,211.9973602294922,692.33837890625,482.969482421875,657.575927734375,451.0986328125,747.1176147460938,574.0409545898438,635.8896484375,562.589599609375,780.9522094726562,643.629150390625,610.5838623046875,659.7354736328125
712,23.73327294317218,834.785400390625,423.4575500488281,847.8629760742188,422.6355895996094,838.1251220703125,411.4163818359375,848.0597534179688,424.63897705078125,819.6644287109375,390.91949462890625,802.68017578125,449.71905517578125,774.138916015625,366.13238525390625,820.6498413085938,512.02734375,774.8095092773438,277.55035400390625,836.897705078125,572.4959106445312,790.2372436523438,209.72860717773438,691.9785766601562,477.0632629394531,657.7412719726562,446.3694763183594,747.254638671875,573.2833862304688,636.1256713867188,563.9203491210938,780.9505615234375,641.9658203125,608.1572875976562,659.2249145507812
713,23.76660619168787,834.0822143554688,423.5972595214844,847.2258911132812,422.9232177734375,837.5178833007812,411.5758361816406,848.0452880859375,424.831298828125,819.7128295898438,390.8018798828125,803.3299560546875,449.95257568359375,774.9270629882812,365.2301025390625,821.86376953125,513.3932495117188,774.1591186523438,276.0783996582031,838.2854614257812,575.4908447265625,789.90185546875,208.90188598632812,693.1679077148438,476.05450439453125,659.2979736328125,444.9187927246094,747.3473510742188,572.8424072265625,637.8516235351562,563.6574096679688,778.7064208984375,641.1672973632812,608.3092041015625,659.0503540039062
714,23.799939440203563,833.7200317382812,423.07666015625,846.9742431640625,422.5553894042969,837.343994140625,410.9989318847656,847.994384765625,424.5404968261719,820.0592041015625,390.1002502441406,803.4203491210938,449.6806945800781,775.2713623046875,365.1490173339844,821.044189453125,512.3976440429688,773.5904541015625,276.5779113769531,837.651611328125,574.9137573242188,788.5819702148438,210.15899658203125,694.1380004882812,476.8866271972656,660.5977783203125,445.7530517578125,748.2374877929688,572.2385864257812,638.9883422851562,562.5982055664062,778.4080810546875,640.6659545898438,609.2314453125,658.0046997070312
715,23.833272688719255,833.4312133789062,422.34564208984375,847.2841796875,422.21551513671875,837.2379760742188,410.05517578125,848.4131469726562,425.1943359375,820.248779296875,389.2491149902344,802.8493041992188,451.45343017578125,775.9210815429688,364.9063415527344,820.6054077148438,515.120361328125,773.8291015625,276.267822265625,837.8844604492188,575.0383911132812,787.829345703125,209.7332305908203,693.0120239257812,480.43450927734375,660.9406127929688,448.52862548828125,746.1000366210938,572.15087890625,643.2822875976562,561.6986694335938,773.58056640625,640.7849731445312,615.9710693359375,658.2011108398438
716,23.866605937234944,833.4752197265625,421.4187316894531,847.83642578125,421.5768127441406,837.39111328125,408.7171325683594,849.5613403320312,425.74700927734375,820.4300537109375,388.1898498535156,803.8988647460938,453.7106628417969,775.9131469726562,364.92010498046875,820.92431640625,517.1889038085938,773.5595703125,275.41741943359375,837.89501953125,576.1322631835938,786.9595947265625,210.07603454589844,693.9588623046875,481.4433898925781,660.9618530273438,448.2897644042969,748.1461791992188,573.3745727539062,640.8382568359375,560.4766235351562,775.4520263671875,642.027587890625,611.5049438476562,656.94970703125
717,23.899939185750636,832.4766845703125,420.4582214355469,847.2914428710938,420.892822265625,836.3043212890625,407.4112243652344,849.7628784179688,426.0126953125,819.587890625,387.1700134277344,804.258544921875,454.8544006347656,776.1150512695312,364.7865905761719,821.7724609375,518.5982666015625,774.2951049804688,275.9296569824219,839.3080444335938,578.0090942382812,786.3831176757812,210.5104522705078,694.0652465820312,481.6048889160156,661.1990966796875,447.5833740234375,749.39599609375,574.1505126953125,642.43798828125,559.3992309570312,772.016357421875,641.8829956054688,610.2196655273438,654.7354736328125
718,23.93327243426633,832.1586303710938,419.9692687988281,847.0826416015625,420.3911437988281,835.8828125,407.15386962890625,849.8841552734375,425.961181640625,819.2781982421875,387.6197204589844,803.4569091796875,454.39910888671875,776.5244750976562,365.0347900390625,821.1483764648438,516.9900512695312,774.351806640625,275.8760070800781,838.4017333984375,575.532958984375,785.9118041992188,211.37557983398438,692.7687377929688,478.12603759765625,660.4432983398438,444.5359191894531,748.6549682617188,572.5848999023438,641.487548828125,559.1334838867188,772.9727172851562,640.3680419921875,609.3119506835938,655.0010375976562
719,23.96660568278202,831.8463745117188,419.4746398925781,847.2332763671875,420.11761474609375,835.5582885742188,406.35052490234375,850.9658203125,426.51739501953125,819.168701171875,387.1492919921875,805.4608154296875,455.71942138671875,776.2788696289062,365.90771484375,820.6760864257812,517.2291259765625,774.4163208007812,277.2513122558594,836.7633056640625,574.7823486328125,785.1791381835938,212.2136993408203,695.2068481445312,480.39483642578125,661.2056274414062,445.9883117675781,751.0906982421875,573.4341430664062,639.2568359375,556.4287719726562,774.1618041992188,642.6154174804688,606.092041015625,652.1697998046875
720,23.99993893129771,831.4000244140625,420.4818115234375,846.9843139648438,421.2931213378906,835.1609497070312,407.3498840332031,850.8816528320312,427.9259033203125,818.749267578125,388.1942443847656,805.3125610351562,456.49383544921875,775.9071655273438,366.9977722167969,819.9442749023438,516.78515625,774.5791625976562,278.59112548828125,835.6607055664062,572.4933471679688,785.2452392578125,213.27069091796875,695.3585205078125,481.66705322265625,661.1792602539062,447.264404296875,750.980224609375,573.191650390625,639.307861328125,555.500732421875,773.322509765625,643.4901733398438,606.8555297851562,652.108154296875
721,24.0332721798134,831.806884765625,420.98126220703125,847.8017578125,422.0230407714844,836.1591796875,407.5133056640625,852.059326171875,428.2876281738281,820.3179321289062,387.18768310546875,805.9797973632812,456.2596130371094,776.38720703125,366.0889587402344,819.40380859375,516.9520874023438,773.241943359375,279.7751770019531,833.5691528320312,572.435546875,783.744140625,215.53854370117188,696.0916137695312,479.911865234375,662.0308227539062,445.060791015625,751.1417236328125,571.7861938476562,639.821533203125,553.05322265625,771.900146484375,644.4860229492188,608.157470703125,652.7079467773438
722,24.066605428329094,832.6446533203125,420.6972961425781,848.9061889648438,421.86810302734375,837.127685546875,407.298095703125,853.0821533203125,428.6385803222656,821.0101318359375,387.3525085449219,805.8558959960938,456.38824462890625,776.2122192382812,366.6807556152344,818.3882446289062,517.3240356445312,773.2219848632812,281.27642822265625,831.03662109375,571.7572021484375,784.31884765625,216.0251922607422,694.7218627929688,479.8979797363281,660.3782958984375,445.41143798828125,750.5352172851562,570.906494140625,638.7850952148438,553.5473022460938,771.4248046875,643.4808959960938,607.8403930664062,654.1963500976562
723,24.099938676844783,832.0076904296875,421.68511962890625,847.8966064453125,422.5232849121094,835.9738159179688,408.4151916503906,851.7156982421875,428.9266052246094,819.1622314453125,388.7527770996094,804.7117309570312,456.2370300292969,775.6407470703125,367.6714172363281,818.2076416015625,516.5176391601562,775.466064453125,281.1535339355469,831.2626342773438,572.387451171875,786.36279296875,214.76963806152344,694.5234985351562,480.52392578125,660.2012939453125,446.5992431640625,751.4525146484375,571.0072021484375,638.57470703125,554.4822387695312,773.1632690429688,643.41357421875,606.7100219726562,654.4488525390625
724,24.133271925360475,832.787109375,421.462646484375,848.0516967773438,422.139892578125,836.9747314453125,408.4616394042969,851.0543212890625,427.28973388671875,820.5350952148438,388.09112548828125,805.1364135742188,453.7161560058594,775.9188842773438,366.3257141113281,817.7991333007812,513.9318237304688,775.6717529296875,280.3206787109375,828.7583618164062,567.18212890625,787.1617431640625,213.73683166503906,695.2894897460938,480.819580078125,661.0291137695312,447.3729553222656,750.3869018554688,569.1644287109375,639.052490234375,552.4767456054688,774.7478637695312,641.5682373046875,610.8843383789062,651.80078125
725,24.166605173876167,832.4677734375,421.6772766113281,847.542724609375,421.969970703125,836.4186401367188,408.9066162109375,850.7525634765625,426.4942321777344,820.2530517578125,388.62713623046875,803.9951171875,452.5733642578125,776.9464721679688,366.0274963378906,817.7388305664062,513.3982543945312,776.1235961914062,279.5465393066406,830.1986083984375,569.489501953125,787.6536865234375,213.3607635498047,693.7833862304688,476.69476318359375,660.833251953125,444.03363037109375,750.0670166015625,568.2012329101562,639.9843139648438,554.5460205078125,775.3374633789062,640.4655151367188,609.9964599609375,654.8679809570312
726,24.199938422391856,832.888916015625,421.46490478515625,847.751220703125,421.72808837890625,836.9210815429688,408.8014831542969,850.624755859375,425.9671630859375,820.571533203125,388.28564453125,803.9203491210938,452.1109619140625,776.9503173828125,365.1327209472656,818.2835693359375,514.2022094726562,775.1904907226562,278.1158447265625,831.10546875,571.353759765625,787.5513916015625,212.60693359375,694.8038330078125,476.3560485839844,661.8745727539062,443.8661804199219,749.9525146484375,567.4992065429688,639.7102661132812,555.6554565429688,775.9459228515625,639.6071166992188,609.2946166992188,656.9578247070312
727,24.23327167090755,833.7340087890625,420.9690856933594,848.691162109375,421.25103759765625,837.822021484375,408.2245788574219,851.017822265625,425.8659362792969,820.971435546875,387.83203125,803.380859375,452.5650329589844,776.4437255859375,364.52667236328125,817.4932861328125,515.44189453125,774.5538940429688,277.3904113769531,829.453369140625,569.5537109375,787.1334838867188,212.029052734375,693.1408081054688,475.7615661621094,660.2451782226562,442.9206237792969,748.9197387695312,567.3218383789062,639.9036865234375,554.8699951171875,777.017578125,639.8233032226562,612.2086791992188,656.9662475585938
728,24.26660491942324,834.0130004882812,421.169189453125,849.069580078125,421.3867492675781,838.0079345703125,408.1024475097656,851.095703125,426.2354736328125,820.1976928710938,387.6214294433594,804.7455444335938,454.3682556152344,774.1978759765625,365.5273132324219,819.1956176757812,517.708251953125,772.3186645507812,278.0442810058594,830.934814453125,573.1253662109375,785.7051391601562,212.21571350097656,694.98681640625,480.44647216796875,660.1124267578125,447.01678466796875,749.2896118164062,568.6730346679688,639.3201904296875,554.0179443359375,777.6326904296875,641.4236450195312,614.2093505859375,655.1453247070312
729,24.299938167938933,834.753662109375,421.2974853515625,849.3536376953125,421.3602600097656,838.4804077148438,408.37158203125,850.9548950195312,425.62628173828125,820.0678100585938,387.69891357421875,805.2814331054688,453.5362243652344,773.8563842773438,364.5135192871094,821.2874145507812,517.6260375976562,771.755126953125,275.6263427734375,835.611572265625,578.8746337890625,786.3377075195312,210.17059326171875,695.314697265625,480.2134704589844,659.9561767578125,446.7677307128906,749.4153442382812,569.516357421875,639.7503662109375,554.8488159179688,777.1539916992188,640.8292846679688,613.6390380859375,653.3468017578125
730,24.33327141645462,836.619873046875,423.2557678222656,849.6388549804688,422.6693420410156,840.0159301757812,410.8450622558594,848.8440551757812,424.852294921875,820.705322265625,389.7494201660156,803.2026977539062,451.0250244140625,774.2515258789062,364.74737548828125,823.0629272460938,515.5723266601562,772.10693359375,275.51348876953125,841.7423095703125,582.4353637695312,785.6694946289062,208.2318572998047,692.5358276367188,480.1734313964844,659.2446899414062,448.3937683105469,748.1854248046875,568.7421875,644.6766357421875,557.3177490234375,776.7684936523438,639.4912109375,618.91064453125,653.9705200195312
731,24.366604664970314,837.7145385742188,423.05609130859375,849.2304077148438,422.0786437988281,841.2301635742188,410.5392761230469,846.0638427734375,423.2300720214844,821.6443481445312,388.6734313964844,798.761474609375,446.0209045410156,771.2548217773438,363.442626953125,818.8936157226562,520.4180908203125,766.6917724609375,266.9113464355469,835.9229125976562,585.7382202148438,772.2061157226562,184.5770263671875,694.9319458007812,470.455078125,660.3302612304688,441.9609069824219,753.4189453125,571.9893798828125,633.63427734375,559.3131103515625,781.753662109375,650.7903442382812,604.9058227539062,657.7186279296875
732,24.399937913486006,836.9259033203125,422.09979248046875,848.790771484375,421.12286376953125,840.1910400390625,409.5513916015625,846.6185302734375,423.3774108886719,820.6470336914062,388.7160949707031,799.1253662109375,447.1373596191406,771.5066528320312,364.00482177734375,818.4298095703125,520.3709106445312,766.4703369140625,264.9561462402344,835.7584228515625,584.2655029296875,771.429931640625,180.7586212158203,695.9462280273438,469.0779724121094,661.1008911132812,440.28021240234375,752.328857421875,573.2566528320312,631.4323120117188,560.2669677734375,780.384521484375,651.8076171875,601.2942504882812,658.0847778320312
733,24.433271162001695,835.0855102539062,421.4491271972656,847.1986083984375,420.65972900390625,838.6080932617188,408.88262939453125,846.083251953125,422.85321044921875,819.9063110351562,387.60064697265625,800.25537109375,446.2222900390625,769.9544677734375,362.0066833496094,819.3200073242188,519.1430053710938,763.8275146484375,262.07659912109375,836.5597534179688,584.990478515625,768.845458984375,181.55126953125,697.63623046875,470.1486511230469,661.1453247070312,440.7745361328125,752.2066650390625,574.474853515625,629.3580322265625,560.4714965820312,780.144775390625,652.8737182617188,600.2353515625,658.4232177734375
734,24.466604410517387,836.152099609375,419.14788818359375,849.032958984375,418.7770080566406,839.9866333007812,406.5636901855469,848.6559448242188,423.0646057128906,821.583984375,386.7274475097656,801.3366088867188,447.95050048828125,770.7721557617188,362.55450439453125,819.443359375,520.15771484375,762.0713500976562,261.6007385253906,836.7770385742188,584.229736328125,769.67333984375,180.3222198486328,697.0198974609375,468.8654479980469,660.11474609375,439.04962158203125,751.6724243164062,573.2872314453125,628.0033569335938,559.138671875,779.1213989257812,653.5914306640625,598.5966186523438,659.6405029296875
735,24.49993765903308,835.276123046875,418.7398681640625,848.779541015625,418.3914489746094,839.0188598632812,406.14642333984375,849.8338623046875,423.2648010253906,821.421875,386.780517578125,802.5233154296875,448.9950866699219,771.4130859375,363.3188171386719,819.2207641601562,520.4047241210938,762.217529296875,261.02899169921875,835.9654541015625,583.5511474609375,768.5801391601562,178.6326904296875,697.3738403320312,471.0479431152344,660.0196533203125,441.02874755859375,751.8644409179688,573.2946166992188,627.0196533203125,558.9561157226562,778.9932861328125,653.4465942382812,597.7101440429688,659.7860107421875
736,24.533270907548772,834.703857421875,417.76763916015625,847.7711791992188,417.5213928222656,838.5599365234375,405.4434509277344,848.5492553710938,423.0389099121094,821.3218994140625,387.03179931640625,802.6510620117188,448.43585205078125,770.6691284179688,363.3253173828125,820.4529418945312,519.11181640625,761.131103515625,262.40802001953125,835.8489379882812,581.699462890625,768.134521484375,182.65965270996094,697.3832397460938,469.2911071777344,659.42529296875,439.30029296875,752.2742309570312,574.2962036132812,626.83984375,559.3316040039062,780.5491943359375,654.3614501953125,597.9933471679688,659.322021484375
737,24.56660415606446,833.4812622070312,416.9762268066406,846.3687744140625,416.7345275878906,837.5328369140625,405.0339050292969,847.4905395507812,423.28338623046875,821.2620849609375,388.1369934082031,803.0090942382812,449.2521667480469,770.3334350585938,365.21856689453125,821.3423461914062,520.80712890625,760.7933959960938,265.78985595703125,836.5530395507812,583.2492065429688,767.714599609375,185.4849853515625,697.3675537109375,470.5174255371094,658.9213256835938,441.0109558105469,751.22021484375,574.3438720703125,625.4012451171875,560.549560546875,781.7167358398438,653.872802734375,598.3812866210938,660.0409545898438
738,24.599937404580153,834.0143432617188,417.72674560546875,847.3531494140625,417.6392822265625,838.306640625,405.2320861816406,848.5798950195312,423.57196044921875,822.287109375,386.8424072265625,803.280517578125,449.5457458496094,771.0128784179688,364.0552978515625,821.0006713867188,522.7039794921875,761.5504760742188,265.95172119140625,837.15283203125,584.20751953125,767.0443725585938,182.79861450195312,696.9592895507812,471.1189880371094,658.9341430664062,440.8346252441406,753.4281005859375,575.4696044921875,627.4356689453125,559.41162109375,781.7439575195312,654.1563110351562,599.9563598632812,657.8541870117188
739,24.633270653095845,834.380126953125,417.788818359375,847.5599975585938,417.624267578125,838.5938720703125,405.2972717285156,848.1756591796875,423.2533874511719,822.3073120117188,386.76373291015625,802.7345581054688,449.184326171875,771.2233276367188,365.1675720214844,820.6028442382812,520.5474243164062,762.4255981445312,267.1650085449219,836.9306030273438,583.6080322265625,765.5379638671875,184.99044799804688,697.0383911132812,474.3985290527344,659.6527099609375,444.733154296875,754.228759765625,576.315673828125,628.3346557617188,561.2750244140625,781.1546020507812,654.0512084960938,599.5451049804688,659.0812377929688
740,24.666603901611534,833.8277587890625,418.5046081542969,846.4365234375,418.38726806640625,838.2254028320312,406.3835144042969,847.3197631835938,423.5181579589844,822.7865600585938,387.8050231933594,803.4678344726562,448.15545654296875,771.8920288085938,364.1455078125,820.7578735351562,519.5888061523438,760.7283325195312,266.1998291015625,835.3067626953125,581.1982421875,764.17431640625,185.42616271972656,698.8719482421875,470.2409362792969,661.4846801757812,440.4471740722656,753.5504150390625,575.416748046875,628.395263671875,559.9771728515625,781.0385131835938,653.4999389648438,599.3024291992188,657.4666137695312
741,24.699937150127226,834.0721435546875,419.6217346191406,847.2111206054688,419.4842224121094,838.7470703125,407.1228942871094,848.056640625,423.88519287109375,823.374755859375,387.1315002441406,803.311279296875,448.5529479980469,771.3330688476562,364.3509521484375,821.0936889648438,521.7901611328125,762.5185546875,269.9475402832031,836.5386962890625,584.5048217773438,764.8632202148438,190.57669067382812,697.147216796875,473.3880920410156,659.3817138671875,443.4616394042969,754.2684936523438,578.4415893554688,626.8883666992188,562.5650024414062,782.8309326171875,655.0416259765625,599.98291015625,659.84033203125
742,24.73327039864292,833.0130615234375,418.05633544921875,846.8067016601562,418.1678466796875,837.8628540039062,405.4483642578125,849.1246337890625,423.75335693359375,823.5211791992188,386.20654296875,804.5027465820312,449.45745849609375,771.9266357421875,364.4231872558594,820.5977172851562,522.0123901367188,761.8450927734375,269.5826721191406,836.9761352539062,583.3734130859375,765.3929443359375,190.25469970703125,698.323974609375,474.20672607421875,660.1878051757812,443.75445556640625,753.8361206054688,578.0886840820312,625.9207763671875,561.0067749023438,781.4275512695312,655.7127075195312,598.6063842773438,658.9874877929688
743,24.766603647158608,832.5810546875,416.6897277832031,846.9868774414062,417.74273681640625,836.90771484375,404.98736572265625,851.691162109375,424.6429443359375,822.8117065429688,387.77813720703125,811.398681640625,452.2720947265625,775.4905395507812,363.3318176269531,825.2219848632812,516.0999755859375,762.2420043945312,274.6926574707031,839.9290771484375,578.3809814453125,772.5927124023438,209.38841247558594,698.769287109375,478.1645202636719,660.80517578125,444.06219482421875,752.2822265625,577.1953125,639.9367065429688,560.6033935546875,776.197021484375,642.7439575195312,609.12646484375,651.0963134765625
744,24.7999368956743,832.9248657226562,415.2894287109375,847.2703247070312,416.5822448730469,837.2056884765625,403.765625,851.8531494140625,424.67205810546875,823.137939453125,387.7221374511719,811.4574584960938,453.37506103515625,776.0231323242188,363.78460693359375,824.6446533203125,516.8347778320312,761.775146484375,274.37261962890625,839.2151489257812,576.6314086914062,772.2479248046875,209.3177032470703,698.664794921875,478.3467712402344,660.9449462890625,443.90679931640625,751.6668090820312,577.7798461914062,639.468017578125,560.6718139648438,775.4303588867188,643.6414794921875,607.267822265625,651.2063598632812
745,24.833270144189992,832.6502075195312,415.8459167480469,847.0435791015625,417.2145080566406,836.9959716796875,404.11053466796875,851.693359375,425.0852966308594,823.0623779296875,387.5525207519531,811.43310546875,453.7413330078125,776.2346801757812,363.6999206542969,824.2820434570312,516.8951416015625,761.9114379882812,274.03631591796875,840.94091796875,577.5659790039062,771.683349609375,209.06768798828125,699.8168334960938,480.2821350097656,662.2857666015625,445.623046875,753.4125366210938,578.651611328125,640.3461303710938,560.9639282226562,775.31494140625,643.9364624023438,606.2093505859375,650.8550415039062
746,24.866603392705684,831.5304565429688,416.2407531738281,846.1495971679688,417.6445617675781,835.9307250976562,404.2903137207031,850.9014892578125,425.3970947265625,821.9659423828125,387.2512512207031,810.884033203125,454.0816345214844,775.0890502929688,363.8243103027344,824.4517211914062,516.9116821289062,762.3961791992188,273.98724365234375,840.765625,578.2506103515625,771.3054809570312,208.73831176757812,699.3610229492188,482.92254638671875,661.4356689453125,448.095703125,754.1362915039062,578.6517333984375,639.9561767578125,560.379150390625,775.5731201171875,643.236328125,606.6651000976562,649.73876953125
747,24.899936641221373,833.2613525390625,416.38812255859375,847.645263671875,417.7417907714844,837.8378295898438,404.4800109863281,851.26416015625,425.2647399902344,823.1702270507812,387.0998229980469,810.1663208007812,453.9955749511719,775.2860717773438,363.0987243652344,824.74365234375,518.30322265625,762.3499755859375,273.0380859375,839.7703857421875,577.8505249023438,772.0455932617188,207.98118591308594,698.6046752929688,481.41900634765625,661.1790161132812,446.7743835449219,753.57275390625,578.3733520507812,640.3302612304688,561.8875122070312,777.958251953125,642.782470703125,608.72900390625,652.431640625
748,24.933269889737065,831.0337524414062,418.6241149902344,845.6033935546875,419.8665771484375,835.630859375,406.7226257324219,850.35302734375,426.6164245605469,821.8739013671875,388.6932373046875,810.2030029296875,454.011474609375,774.9991455078125,363.3680419921875,825.3240966796875,517.576904296875,762.7075805664062,272.7548828125,841.3555297851562,579.8031616210938,772.3365478515625,207.83082580566406,698.5054321289062,480.4299621582031,661.1348266601562,445.64410400390625,751.75537109375,578.3204956054688,640.1746826171875,560.8206787109375,776.0313110351562,643.25732421875,610.4058227539062,650.9274291992188
749,24.966603138252758,827.9382934570312,420.8333740234375,843.0841674804688,421.70147705078125,832.3475952148438,408.63250732421875,849.079345703125,427.4239196777344,819.0526123046875,389.60357666015625,808.336669921875,454.4510498046875,774.2979125976562,364.0420227050781,823.317138671875,517.7272338867188,763.142822265625,273.5880432128906,835.5737915039062,574.93408203125,771.8678588867188,209.33450317382812,696.9429321289062,479.8737487792969,660.2526245117188,445.33795166015625,750.91943359375,576.9954833984375,639.6533813476562,561.3736572265625,775.5719604492188,642.9927978515625,609.4207153320312,654.954345703125
750,24.999936386768447,828.4938354492188,421.3247375488281,843.8922729492188,422.2375793457031,832.7822265625,408.6813049316406,848.9263305664062,428.0567321777344,818.1686401367188,389.13262939453125,807.1446533203125,455.84246826171875,772.7156372070312,364.8897705078125,823.1621704101562,519.2723999023438,763.4087524414062,274.8948059082031,836.365966796875,576.535400390625,771.4197387695312,209.61756896972656,695.7745971679688,483.6707458496094,659.2261352539062,448.9897155761719,751.9561157226562,577.3148803710938,642.7921142578125,560.7371215820312,775.5886840820312,641.9617919921875,614.8910522460938,652.7932739257812
751,25.03326963528414,830.7863159179688,418.42169189453125,845.7046508789062,418.7977294921875,835.3892211914062,404.8715515136719,848.0562744140625,426.61688232421875,819.9539794921875,386.0959777832031,801.495849609375,456.2290954589844,769.999755859375,368.79937744140625,818.8516845703125,526.72998046875,763.2218627929688,271.13720703125,838.6973266601562,584.8397216796875,761.9469604492188,190.25430297851562,699.14306640625,489.4604187011719,661.9171142578125,458.2911376953125,756.369140625,577.359130859375,627.4395141601562,559.9683227539062,780.4850463867188,655.158935546875,599.3201293945312,659.9349365234375
752,25.06660288379983,831.506591796875,418.6141052246094,846.6378173828125,419.16253662109375,836.0155639648438,404.7992858886719,848.4454345703125,427.3365173339844,819.3673706054688,385.7825622558594,800.5278930664062,457.1855773925781,769.046875,369.068603515625,818.43798828125,527.0960693359375,762.8735961914062,272.24029541015625,838.2833251953125,583.7468872070312,762.2477416992188,192.3079833984375,698.4747924804688,487.96990966796875,661.3353881835938,456.4459228515625,756.2578735351562,577.1807250976562,627.8264770507812,558.9310302734375,778.4378662109375,655.6981811523438,599.3104858398438,660.1248168945312
753,25.099936132315523,830.876220703125,419.2372131347656,845.8992919921875,419.70318603515625,835.2526245117188,405.4228210449219,847.4542236328125,427.9734802246094,818.2312622070312,386.588623046875,799.0026245117188,458.1809997558594,768.8048095703125,370.0126037597656,818.3629150390625,528.2067260742188,762.6821899414062,271.7433166503906,839.2033081054688,587.4722290039062,761.1907958984375,190.70748901367188,697.718994140625,487.8549499511719,661.4879760742188,456.5021667480469,755.7276000976562,576.1932373046875,628.3650512695312,558.9661254882812,778.0518188476562,655.4873046875,599.086669921875,660.8269653320312
754,25.133269380831212,828.8975219726562,421.76251220703125,843.5386352539062,421.89239501953125,832.9871826171875,407.9548034667969,845.18603515625,427.7418518066406,815.7263793945312,387.2503356933594,798.3403930664062,455.94390869140625,766.7403564453125,368.36846923828125,818.069580078125,525.9763793945312,762.2405395507812,267.97442626953125,838.8677368164062,586.52685546875,762.0606079101562,184.6321563720703,698.3176879882812,487.7118835449219,661.3717041015625,456.7713928222656,756.7366333007812,576.3936157226562,630.0458374023438,559.3787841796875,778.9371948242188,654.556640625,601.4005126953125,659.4030151367188
755,25.166602629346905,829.0280151367188,422.17327880859375,843.2119140625,422.2702331542969,833.1610717773438,408.49932861328125,844.0664672851562,427.7684631347656,815.7373046875,387.71258544921875,797.4993286132812,455.2533874511719,766.6431274414062,368.34271240234375,817.7549438476562,525.3075561523438,763.6849365234375,268.4803771972656,838.020263671875,585.4572143554688,763.970947265625,183.64199829101562,697.53125,486.7212219238281,661.0232543945312,455.973876953125,756.3206787109375,574.1325073242188,630.499267578125,556.623291015625,779.0541381835938,654.183837890625,602.9810791015625,657.7916870117188
756,25.199935877862597,828.6185913085938,420.08319091796875,843.576416015625,421.256591796875,832.426025390625,407.02197265625,846.3480834960938,429.0423583984375,814.473388671875,388.60577392578125,804.3927612304688,460.12335205078125,769.2247314453125,367.76483154296875,824.4562377929688,521.9867553710938,764.4535522460938,274.26800537109375,840.1463623046875,582.1524658203125,774.156005859375,208.6086883544922,698.2470092773438,492.2283935546875,660.9277954101562,457.2392578125,756.1727905273438,573.9227905273438,642.8268432617188,557.6246948242188,775.21142578125,642.9537963867188,609.7222900390625,654.5408935546875
757,25.233269126378286,827.075927734375,419.0270690917969,842.2108154296875,420.5850524902344,830.8252563476562,406.01416015625,845.7276000976562,429.4062805175781,813.4041137695312,388.4010925292969,804.5947875976562,460.7684020996094,768.664306640625,367.7021179199219,824.34033203125,521.3225708007812,763.9551391601562,272.9798583984375,842.357177734375,584.0192260742188,774.2411499023438,207.73741149902344,698.5054931640625,493.094970703125,660.8034057617188,457.5081787109375,757.1228637695312,575.4832763671875,643.8130493164062,556.8585815429688,773.2423095703125,643.81298828125,609.1023559570312,651.38232421875
758,25.266602374893978,827.35791015625,418.6833190917969,842.4336547851562,420.02398681640625,830.8057250976562,405.7792663574219,846.2041015625,428.94049072265625,813.130126953125,388.726806640625,805.109619140625,460.22100830078125,768.9939575195312,367.9513854980469,825.0726928710938,521.4976806640625,764.2178955078125,274.28802490234375,841.7659912109375,584.5355834960938,773.738525390625,208.62811279296875,698.7962036132812,489.1771240234375,660.8399047851562,453.864990234375,756.6804809570312,575.1422119140625,642.4503784179688,557.3320922851562,773.97021484375,643.913818359375,607.413818359375,652.3998413085938
759,25.29993562340967,826.2781982421875,420.0848388671875,840.8250732421875,420.5667724609375,830.2800903320312,406.5299377441406,843.0205078125,428.4344482421875,813.5037841796875,387.8486633300781,796.3429565429688,456.7285461425781,766.4497680664062,368.4234619140625,818.635498046875,526.4154052734375,762.6221313476562,267.61114501953125,838.3286743164062,587.9291381835938,764.698974609375,185.22998046875,696.7507934570312,479.26336669921875,660.8098754882812,447.9319152832031,755.7929077148438,574.6394653320312,630.9514770507812,557.2151489257812,777.4795532226562,654.7503662109375,600.4559326171875,658.3006591796875
760,25.333268871925362,827.116943359375,420.5927734375,841.32666015625,420.45684814453125,830.5946655273438,407.19427490234375,842.9166259765625,427.7776184082031,812.9291381835938,389.0128479003906,795.610595703125,456.37982177734375,766.2051391601562,369.6394958496094,818.6304931640625,527.989990234375,763.5200805664062,270.80743408203125,837.6985473632812,588.9505004882812,765.9290161132812,187.8923797607422,694.1103515625,477.65228271484375,658.2876586914062,447.1965637207031,754.2638549804688,574.263916015625,629.9743041992188,559.2421264648438,778.983154296875,653.448974609375,600.080810546875,659.9047241210938
761,25.36660212044105,826.6771240234375,421.1625671386719,841.1948852539062,421.32818603515625,830.4518432617188,407.5497131347656,843.5369873046875,427.8088073730469,813.1646728515625,387.6979064941406,796.6323852539062,455.31561279296875,766.0316772460938,366.2904357910156,817.6036376953125,526.9657592773438,761.8499145507812,266.0488586425781,835.002685546875,585.2108764648438,764.7534790039062,185.3639678955078,696.9462280273438,477.6427307128906,660.3123168945312,446.13421630859375,754.4972534179688,574.6981811523438,629.3526611328125,557.5777587890625,778.990478515625,655.1557006835938,600.352783203125,659.6602783203125
762,25.399935368956744,826.5819702148438,423.3425598144531,841.2437744140625,423.7991638183594,829.9000854492188,410.4727478027344,844.4718627929688,429.0765686035156,811.4437866210938,390.45684814453125,803.0262451171875,456.5589904785156,768.0416259765625,366.5108947753906,826.0791015625,518.4002685546875,766.23681640625,274.50225830078125,838.6561889648438,579.4993896484375,774.5665893554688,209.7885284423828,697.530517578125,482.7299499511719,660.2874145507812,448.5758056640625,751.4112548828125,573.3209228515625,639.510498046875,558.2012939453125,775.7372436523438,642.0408935546875,611.209716796875,654.075927734375
763,25.433268617472436,826.487548828125,423.4460754394531,840.6734008789062,423.30206298828125,830.0171508789062,409.81500244140625,842.6664428710938,427.6331787109375,812.0159301757812,388.21075439453125,795.84375,453.19732666015625,765.3841552734375,364.98455810546875,817.4537353515625,524.7390747070312,761.5367431640625,265.1321716308594,834.60986328125,584.0792236328125,764.6627197265625,185.27224731445312,697.1937866210938,474.0277099609375,660.7254638671875,442.86151123046875,754.2233276367188,574.16064453125,629.7288818359375,557.2046508789062,779.4659423828125,654.9754638671875,601.0978393554688,659.244140625
764,25.466601865988125,826.2796020507812,423.6663513183594,841.1570434570312,423.9645690917969,829.6621704101562,410.82415771484375,845.18798828125,429.20574951171875,812.0910034179688,391.11895751953125,803.2378540039062,457.3428039550781,768.9313354492188,366.9853515625,824.1590576171875,519.9739379882812,764.4121704101562,274.8504333496094,837.1525268554688,578.1195678710938,775.8385620117188,210.22532653808594,697.2079467773438,480.2086486816406,660.474853515625,446.2603759765625,751.60107421875,573.91748046875,641.3246459960938,559.93359375,777.6344604492188,642.9267578125,612.47119140625,656.609619140625
765,25.499935114503817,826.107177734375,424.2090759277344,840.6275634765625,424.2664489746094,829.1515502929688,411.1914978027344,844.1809692382812,429.0649719238281,810.91748046875,391.3349609375,802.519775390625,457.4189147949219,768.4970092773438,367.7821960449219,825.019775390625,519.756103515625,765.1344604492188,275.4510498046875,841.6660766601562,583.5054931640625,776.9751586914062,210.023193359375,697.4354248046875,481.8359375,661.0973510742188,448.1710510253906,752.3599853515625,574.2496948242188,642.6856079101562,560.5966796875,774.6435546875,643.384765625,610.2120361328125,656.4510498046875
766,25.53326836301951,824.913818359375,423.8464660644531,839.322021484375,423.61175537109375,828.1859741210938,410.1968994140625,842.105224609375,428.57623291015625,810.7210693359375,389.4769592285156,795.482421875,454.8936767578125,766.1712036132812,367.7257385253906,816.81201171875,525.8004760742188,762.7997436523438,268.0655212402344,835.677001953125,585.199462890625,765.2367553710938,185.89022827148438,698.3390502929688,475.1185607910156,662.7525024414062,444.4526672363281,755.058837890625,574.5018310546875,631.327392578125,558.72412109375,778.3318481445312,653.5158081054688,600.323974609375,658.9505004882812
767,25.566601611535198,825.5157470703125,424.6706848144531,839.63037109375,424.0944519042969,828.51416015625,411.1328125,841.73681640625,428.8213806152344,810.3174438476562,390.7488708496094,794.395751953125,455.2093811035156,765.5404663085938,368.8117980957031,816.3031005859375,526.6048583984375,763.0081787109375,269.9869384765625,835.9098510742188,586.895751953125,765.2547607421875,188.61676025390625,695.563720703125,474.585205078125,660.0569458007812,444.2744140625,753.9041137695312,574.5951538085938,629.9642333984375,559.3001708984375,779.4747314453125,654.1253051757812,599.628662109375,659.8463134765625
768,25.59993486005089,825.947021484375,423.59979248046875,840.2527465820312,423.0362243652344,828.8804931640625,410.1934814453125,842.4532470703125,428.9344482421875,810.6473999023438,391.19219970703125,794.4521484375,455.9304504394531,765.5949096679688,370.28515625,815.8355712890625,526.3831176757812,762.4859619140625,270.8520812988281,836.0772705078125,586.1156005859375,764.4729614257812,187.21372985839844,694.2236328125,474.6582336425781,658.4851684570312,444.72076416015625,753.9234008789062,574.25732421875,629.1028442382812,559.5291748046875,780.3155517578125,653.888671875,598.805908203125,659.951416015625
769,25.633268108566583,826.0961303710938,424.009765625,840.9061279296875,424.1708984375,828.7870483398438,411.1271057128906,844.6932373046875,430.7461853027344,809.8910522460938,393.10845947265625,801.9085693359375,459.8149719238281,767.6357421875,369.774658203125,823.2540283203125,521.236572265625,764.1139526367188,276.7734069824219,838.62646484375,581.7769165039062,775.1065063476562,211.72561645507812,695.5248413085938,480.59173583984375,658.791259765625,446.6990051269531,750.8165283203125,573.995361328125,641.1099853515625,559.824462890625,775.27783203125,644.3978881835938,609.9124755859375,656.8226928710938
770,25.666601357082275,825.7658081054688,424.7237243652344,840.117431640625,424.67706298828125,828.331787109375,412.0601806640625,843.7538452148438,430.4350891113281,809.5466918945312,393.864990234375,801.0971069335938,458.6783142089844,768.3001098632812,369.8262023925781,822.9838256835938,520.5596313476562,763.9241943359375,277.5969543457031,837.9434204101562,579.9620971679688,774.5101318359375,212.10011291503906,695.7337646484375,477.75311279296875,659.7771606445312,444.5995178222656,751.4713134765625,573.1985473632812,641.2998657226562,561.6085205078125,775.0679931640625,643.0584106445312,606.3881225585938,659.1293334960938
771,25.699934605597964,825.8550415039062,424.74505615234375,840.3306274414062,425.01751708984375,828.7207641601562,411.8896484375,843.67041015625,431.0203552246094,809.9984130859375,393.2980041503906,801.9719848632812,459.406005859375,768.0114135742188,370.6131896972656,824.0100708007812,519.8114624023438,764.8815307617188,278.6631774902344,839.385986328125,580.2774658203125,774.1732788085938,212.90521240234375,697.8427124023438,483.8230895996094,661.3378295898438,450.33148193359375,752.972900390625,574.5809936523438,642.0264282226562,560.6582641601562,775.0573120117188,644.4813842773438,608.968017578125,657.0588989257812
772,25.733267854113656,825.8031616210938,424.5075988769531,840.2223510742188,424.5212097167969,828.5009155273438,411.93035888671875,843.8062744140625,430.49200439453125,810.0496826171875,393.94561767578125,801.3789672851562,459.0630187988281,768.7822265625,370.79498291015625,822.731201171875,520.2314453125,764.2899169921875,278.9638366699219,838.0691528320312,578.6567993164062,773.8740844726562,213.4560089111328,696.5071411132812,481.017822265625,660.692138671875,448.016357421875,750.9944458007812,573.5165405273438,640.6566772460938,561.6096801757812,776.2897338867188,643.3693237304688,607.6971435546875,658.6466064453125
773,25.766601102629348,825.64697265625,424.6860656738281,840.1021728515625,424.71954345703125,828.3482666015625,411.96868896484375,843.4707641601562,430.7186279296875,809.7947998046875,393.8539733886719,801.2437744140625,459.6032409667969,768.204345703125,371.0364685058594,822.7998657226562,521.233154296875,764.65966796875,279.4007873535156,838.6363525390625,580.8733520507812,773.7402954101562,213.10316467285156,695.9983520507812,484.0766296386719,659.9314575195312,450.8480529785156,751.6278686523438,574.8949584960938,641.1376342773438,561.9185791015625,776.955322265625,644.4055786132812,609.1949462890625,657.938232421875
774,25.799934351145037,825.236572265625,424.450927734375,839.9325561523438,424.7833251953125,828.3833618164062,411.80023193359375,843.591796875,430.8576965332031,810.5859985351562,393.27984619140625,801.5917358398438,459.0403137207031,768.7433471679688,370.1490783691406,822.7786254882812,520.2915649414062,765.4046630859375,278.80914306640625,835.6045532226562,576.1097412109375,774.2785034179688,213.14266967773438,696.871337890625,483.36285400390625,660.7661743164062,449.9591979980469,751.7576904296875,574.2776489257812,640.4509887695312,561.0897827148438,778.3716430664062,643.63916015625,610.3652954101562,657.8566284179688
775,25.83326759966073,825.64599609375,423.2169494628906,840.7340698242188,423.9747314453125,828.93212890625,410.66790771484375,845.253662109375,431.3261413574219,811.8578491210938,393.1347351074219,803.6140747070312,459.8761901855469,769.9309692382812,370.1415710449219,822.3696899414062,520.6487426757812,764.720458984375,278.37109375,834.6742553710938,575.47412109375,774.1719970703125,212.50315856933594,698.33837890625,482.12847900390625,661.7233276367188,448.0128173828125,751.7101440429688,575.0489501953125,640.1634521484375,559.596435546875,777.6767578125,644.1934204101562,610.3426513671875,654.9756469726562
776,25.86660084817642,825.724365234375,423.58135986328125,840.7645874023438,424.0841979980469,828.9396362304688,410.9974670410156,844.9921875,431.05029296875,811.6422119140625,393.3092956542969,802.87060546875,459.95458984375,769.3082275390625,370.5107727050781,821.70849609375,520.89013671875,764.234375,278.3832092285156,835.2515258789062,576.6334838867188,774.2223510742188,212.59193420410156,696.8910522460938,484.78350830078125,660.387939453125,451.023193359375,751.2145385742188,575.269287109375,640.6323852539062,560.5989990234375,778.5347290039062,644.6514282226562,612.1032104492188,656.2418212890625
777,25.899934096692114,825.7937622070312,422.6086730957031,841.0072021484375,423.5470275878906,829.2840576171875,410.0935974121094,845.1791381835938,431.2742004394531,811.8680419921875,392.5049743652344,803.267822265625,460.6331481933594,768.6636352539062,369.58392333984375,822.6689453125,522.1566162109375,763.7957763671875,276.64068603515625,834.8523559570312,576.436279296875,774.6045532226562,211.88980102539062,697.3576049804688,485.9910583496094,660.167236328125,451.60528564453125,750.519775390625,575.4346313476562,639.5481567382812,560.4567260742188,777.8718872070312,644.3746337890625,612.3102416992188,656.602294921875
778,25.933267345207803,826.5799560546875,421.7039489746094,841.5006713867188,422.8263244628906,830.224853515625,409.4450378417969,845.1002807617188,431.01678466796875,812.8517456054688,392.4158935546875,802.6101684570312,460.00616455078125,769.594482421875,369.1683654785156,822.1610717773438,521.1343994140625,764.01611328125,276.291748046875,832.8864135742188,571.718994140625,774.8060302734375,211.3382568359375,696.6795043945312,482.6029357910156,660.39306640625,448.44427490234375,750.1050415039062,573.9112548828125,640.0787963867188,559.86279296875,777.9051513671875,643.1670532226562,612.1256103515625,656.8316650390625
779,25.966600593723495,825.750732421875,421.8938903808594,841.2769775390625,423.53948974609375,829.7008056640625,409.3243103027344,845.3280639648438,432.87457275390625,812.8568115234375,392.4169006347656,803.0900268554688,462.5818786621094,769.4734497070312,370.0225830078125,820.879638671875,523.1591796875,764.7835083007812,277.130126953125,832.4442749023438,571.8831176757812,775.1870727539062,211.23619079589844,697.553466796875,486.02093505859375,660.9940795898438,450.6416320800781,750.6790771484375,576.3727416992188,640.1651611328125,558.1619262695312,777.8093872070312,646.0748291015625,614.039306640625,654.2643432617188
780,25.999933842239187,826.9400024414062,421.9613037109375,842.0809326171875,423.3523254394531,830.8009033203125,409.4795227050781,845.5143432617188,432.243408203125,813.7843627929688,392.5769348144531,802.9183959960938,461.929443359375,770.2521362304688,370.5248107910156,822.5244750976562,522.7869873046875,765.7805786132812,278.2698669433594,835.2413330078125,573.4072265625,774.5165405273438,211.74893188476562,696.3335571289062,487.2789611816406,660.3524780273438,452.648681640625,752.0408325195312,575.43115234375,641.5388793945312,559.443603515625,778.6062622070312,644.2329711914062,613.623046875,655.2823486328125
781,26.033267090754876,826.5684204101562,422.8022155761719,841.51513671875,423.7983093261719,830.1586303710938,410.3283996582031,845.279052734375,431.58087158203125,813.2225341796875,392.9090576171875,802.9739990234375,460.46185302734375,770.6494140625,370.1521301269531,821.6630859375,520.9685668945312,765.530517578125,278.2695007324219,834.0238647460938,570.9014892578125,774.4239501953125,212.86436462402344,697.4912109375,484.9154968261719,661.7083740234375,450.80633544921875,752.4086303710938,575.923828125,642.035400390625,560.7831420898438,779.3016967773438,643.2587890625,612.6156616210938,654.9118041992188
782,26.06660033927057,826.5671997070312,423.14117431640625,841.2970581054688,423.9893798828125,829.883544921875,410.5725402832031,844.8930053710938,431.89764404296875,812.8591918945312,393.5602111816406,802.0777587890625,461.2793884277344,771.3760375976562,370.8680725097656,820.7674560546875,521.6400146484375,765.6575927734375,278.89276123046875,834.6201782226562,570.8369140625,773.7813720703125,213.57798767089844,696.4069213867188,484.6725158691406,661.6924438476562,450.53472900390625,753.0770263671875,576.2554321289062,643.66064453125,561.2764282226562,777.8951416015625,643.9827270507812,610.2559204101562,655.6024169921875
783,26.09993358778626,827.0890502929688,422.9906005859375,842.097900390625,424.0489501953125,830.5106201171875,410.43682861328125,846.0646362304688,432.5835266113281,813.5582275390625,393.74853515625,802.8802490234375,462.02166748046875,771.91259765625,370.955322265625,821.7066040039062,522.89453125,765.23583984375,278.9327087402344,836.8076171875,574.9342651367188,774.1879272460938,213.2632598876953,696.7600708007812,481.6156005859375,661.9859619140625,447.1512756347656,752.02099609375,575.6569213867188,642.8853759765625,560.4954833984375,776.1547241210938,643.7969360351562,609.476318359375,655.301025390625
784,26.13326683630195,825.8284301757812,423.9690246582031,840.8301391601562,424.9249267578125,829.2327270507812,411.3642272949219,845.188720703125,432.8035583496094,812.4119262695312,394.0837707519531,801.7505493164062,461.0579528808594,771.8307495117188,370.6009521484375,821.3797607421875,521.0618286132812,765.225830078125,278.5268249511719,837.914794921875,574.7002563476562,774.5799560546875,213.33544921875,697.1530151367188,478.4804992675781,663.0198364257812,444.3810119628906,751.9328002929688,573.3106689453125,642.8892211914062,559.1988525390625,774.5703125,643.9346923828125,607.484375,656.8330078125
785,26.16660008481764,825.3939819335938,424.2424011230469,840.3200073242188,425.2110290527344,828.8319702148438,411.5814208984375,844.4076538085938,433.1279602050781,811.8635864257812,394.33160400390625,802.0665893554688,461.80145263671875,770.7153930664062,372.17108154296875,822.1576538085938,520.6483154296875,765.2280883789062,279.623779296875,839.6845092773438,576.7640991210938,774.5028686523438,212.9260711669922,698.5281372070312,483.1454162597656,663.6061401367188,449.2759704589844,752.9697875976562,574.6799926757812,642.434814453125,560.2151489257812,774.9714965820312,644.9293823242188,607.6937255859375,656.9033813476562
786,26.199933333333334,824.8417358398438,424.87506103515625,839.7745361328125,425.8755187988281,828.3065795898438,412.3353271484375,844.34716796875,433.5213317871094,811.6821899414062,394.8653259277344,801.5958251953125,461.2503356933594,771.15185546875,371.10699462890625,822.5980834960938,520.6859741210938,764.642333984375,278.1988220214844,840.8660888671875,578.5988159179688,774.274169921875,212.3658905029297,697.2922973632812,477.98468017578125,662.9894409179688,443.99542236328125,751.5082397460938,572.9261474609375,642.1171264648438,559.3522338867188,772.4630737304688,642.8278198242188,605.8404541015625,656.3506469726562
787,26.233266581849026,824.706298828125,424.7777099609375,839.7947387695312,426.0111389160156,828.4678344726562,412.0073547363281,844.2869873046875,433.8121643066406,812.0892944335938,394.05316162109375,801.7537231445312,461.8080749511719,771.1356811523438,370.480712890625,823.4278564453125,521.2547607421875,764.5545654296875,277.67608642578125,842.9463500976562,579.912109375,774.619873046875,212.50201416015625,697.6781005859375,478.3797607421875,663.6678466796875,443.6900939941406,750.6231689453125,573.3787231445312,643.0120239257812,557.9107055664062,770.5250854492188,644.0343017578125,608.0335693359375,655.0665283203125
788,26.266599830364715,825.0355834960938,424.5856018066406,840.235107421875,425.83392333984375,828.5897216796875,411.6755065917969,844.5841674804688,434.11383056640625,811.5464477539062,394.0598449707031,802.13720703125,462.6081237792969,770.5143432617188,371.4908142089844,823.2992553710938,520.880615234375,764.9271850585938,277.96026611328125,842.9729614257812,580.3433837890625,774.2909545898438,212.39804077148438,698.96728515625,481.6390686035156,664.0899658203125,446.9211120605469,752.7064819335938,574.9943237304688,642.459228515625,558.6544799804688,772.31103515625,645.6972045898438,606.9462280273438,655.1995239257812
789,26.299933078880407,825.4261474609375,424.63726806640625,840.8096313476562,426.17572021484375,829.1535034179688,411.7649841308594,845.0869140625,434.92706298828125,812.0150146484375,394.17462158203125,801.9981079101562,463.3372802734375,770.6502685546875,370.9832458496094,823.4013671875,522.5120849609375,765.2567749023438,277.7806396484375,841.5062255859375,578.0087890625,775.1944580078125,212.15750122070312,697.59423828125,479.73876953125,662.8087158203125,444.5063781738281,751.3554077148438,574.8416137695312,641.6517944335938,558.2593994140625,771.29931640625,645.2545776367188,606.703369140625,655.4631958007812
790,26.3332663273961,825.1541137695312,423.6422119140625,840.6831665039062,425.5293273925781,829.1138916015625,410.9019775390625,845.32470703125,434.93463134765625,812.5446166992188,393.68377685546875,802.4293823242188,463.2485656738281,771.1734619140625,370.6669921875,823.6522216796875,521.5409545898438,764.8965454101562,277.3575134277344,842.2477416992188,577.8604736328125,774.5126953125,212.83197021484375,698.2655639648438,479.0404968261719,663.5918579101562,443.57000732421875,751.5543823242188,574.278076171875,641.7686767578125,556.8717041015625,770.7196044921875,644.8543701171875,606.8381958007812,653.8828125
791,26.36659957591179,825.5604248046875,423.9358215332031,841.3125610351562,426.1250305175781,829.9227905273438,411.0299987792969,845.9053344726562,435.54998779296875,813.5499877929688,393.1019287109375,803.1907348632812,463.56781005859375,771.3893432617188,370.01708984375,824.8697509765625,522.130615234375,764.8799438476562,277.520263671875,842.41162109375,577.1066284179688,773.90771484375,213.86207580566406,699.2579345703125,479.7045593261719,664.3187866210938,443.6875915527344,751.7724609375,574.0698852539062,641.4293212890625,555.7679443359375,770.2779541015625,645.0433959960938,607.5255126953125,653.90673828125
792,26.39993282442748,825.7590942382812,424.25164794921875,841.4674682617188,426.5882263183594,830.1712646484375,411.21685791015625,845.7200317382812,436.1217346191406,813.6519775390625,393.0588073730469,803.2821044921875,464.5458984375,771.44677734375,370.2449951171875,825.0568237304688,523.7283325195312,765.7982788085938,277.9944152832031,842.3215942382812,577.6802978515625,773.9334106445312,213.87069702148438,699.754150390625,482.1253662109375,664.8709716796875,445.7149353027344,752.7196655273438,575.60009765625,642.2597045898438,556.6417846679688,769.7141723632812,644.8016357421875,607.5170288085938,653.323486328125
793,26.433266072943173,825.7569580078125,424.1867980957031,841.6502685546875,426.5123291015625,830.2992553710938,410.9892578125,846.031005859375,435.67852783203125,813.8663330078125,392.22509765625,803.5639038085938,463.88958740234375,770.9501342773438,369.1889343261719,824.8028564453125,524.0210571289062,765.8906860351562,277.8712463378906,841.086181640625,576.6217041015625,774.2704467773438,213.425537109375,699.3462524414062,482.3475036621094,663.7073974609375,445.721435546875,753.8887939453125,576.2156372070312,641.2984619140625,556.5661010742188,771.7286987304688,646.1422729492188,607.3331909179688,654.4234619140625
794,26.466599321458865,826.3347778320312,424.07183837890625,842.2025146484375,426.2777404785156,830.620361328125,410.9255065917969,846.4503784179688,435.8375244140625,813.7552490234375,392.8835754394531,803.4949340820312,464.68731689453125,771.1585083007812,370.3592834472656,823.7578125,523.850830078125,765.1825561523438,277.73486328125,841.2033081054688,575.466064453125,774.9452514648438,212.10838317871094,699.2335205078125,482.1825256347656,663.921142578125,445.7853698730469,752.7029418945312,575.99169921875,641.92822265625,556.5806884765625,770.1431884765625,646.2633056640625,607.2984619140625,654.128662109375
795,26.499932569974554,825.9771728515625,423.99542236328125,841.7978515625,426.20440673828125,830.3202514648438,410.9732666015625,846.2191162109375,435.53753662109375,813.5535278320312,392.7179870605469,802.94140625,463.7149658203125,771.0781860351562,368.7816162109375,824.850341796875,524.413330078125,765.4361572265625,276.48187255859375,841.1130981445312,575.6316528320312,775.2692260742188,211.41702270507812,697.8728637695312,477.63018798828125,662.573974609375,441.1688232421875,752.6467895507812,574.7108764648438,640.9518432617188,556.3921508789062,772.0120239257812,645.22705078125,606.6151733398438,655.316162109375
796,26.533265818490246,825.7755737304688,424.1058654785156,841.2786865234375,426.1329345703125,830.02197265625,411.09869384765625,845.2662963867188,434.7699890136719,813.0552978515625,392.4494323730469,802.6182861328125,462.49041748046875,770.4905395507812,368.74749755859375,824.7528686523438,522.5166625976562,765.728515625,276.9337158203125,841.3515625,575.495849609375,774.9440307617188,211.95486450195312,698.6232299804688,478.986328125,663.2413940429688,442.97625732421875,753.738037109375,575.4189453125,642.1307983398438,556.7669067382812,773.39892578125,645.284912109375,608.7386474609375,654.0128784179688
797,26.56659906700594,825.784912109375,423.3688049316406,841.5491333007812,425.57940673828125,830.0713500976562,410.3116760253906,845.9498901367188,434.8924255371094,813.4236450195312,392.15411376953125,803.60791015625,463.3712463378906,770.4993286132812,368.89910888671875,823.7998046875,523.23046875,764.9937744140625,276.9950256347656,839.3573608398438,572.6823120117188,774.5968017578125,211.95469665527344,698.9691772460938,480.77630615234375,662.969482421875,444.26116943359375,754.2041625976562,576.028564453125,642.4429931640625,555.5596923828125,774.1177368164062,646.2276000976562,610.0161743164062,652.5414428710938
798,26.599932315521627,825.6554565429688,423.8868713378906,841.1574096679688,425.6507263183594,829.593994140625,410.8414306640625,845.3305053710938,434.3379821777344,812.680419921875,392.70965576171875,803.4303588867188,462.9897155761719,770.2109985351562,369.61004638671875,824.6680908203125,522.7203979492188,765.8590698242188,276.9053649902344,841.9906005859375,575.9497680664062,775.8331909179688,210.46762084960938,698.4573364257812,481.57293701171875,662.592041015625,445.5379638671875,753.7059936523438,576.5311279296875,643.3216552734375,556.3016357421875,774.6948852539062,645.63037109375,611.9755249023438,650.8209228515625
799,26.63326556403732,825.8734130859375,423.75665283203125,841.2493286132812,425.4646301269531,829.71533203125,410.5929260253906,845.0664672851562,433.91461181640625,812.322265625,392.2312927246094,803.4268188476562,462.8688659667969,769.5953369140625,369.7854309082031,824.3651733398438,522.64208984375,765.7427368164062,277.3346252441406,842.1787719726562,576.7874145507812,775.8355712890625,210.22799682617188,699.38818359375,483.9743957519531,663.1888427734375,448.0870056152344,755.28759765625,576.0274047851562,644.4429931640625,555.78076171875,774.3339233398438,645.1722412109375,612.1508178710938,650.3478393554688
800,26.666598812553012,826.1578369140625,423.85479736328125,841.6817626953125,425.7862548828125,830.0874633789062,410.4602966308594,845.3623046875,434.5932312011719,812.3743896484375,391.9201354980469,803.8228149414062,463.98980712890625,769.356689453125,370.0164489746094,823.947021484375,523.6713256835938,765.4679565429688,277.5487365722656,842.7047729492188,578.3612060546875,775.4198608398438,210.4087371826172,700.9661865234375,486.2550048828125,664.3897094726562,449.7989807128906,756.4138793945312,576.2468872070312,644.4987182617188,554.2512817382812,773.8475341796875,646.4195556640625,611.71240234375,649.379638671875
801,26.699932061068704,826.0831909179688,423.1273498535156,841.6268920898438,425.18524169921875,830.2464599609375,409.7506408691406,845.3671264648438,434.07000732421875,812.9583129882812,391.07720947265625,803.5709228515625,463.59136962890625,769.83447265625,368.8035583496094,823.4863891601562,524.1593017578125,764.9696044921875,276.5052795410156,841.75,578.197021484375,775.0179443359375,210.61355590820312,700.7722778320312,485.92047119140625,664.5914306640625,449.2513732910156,756.5073852539062,574.3530883789062,644.7901611328125,552.7186279296875,774.0110473632812,646.0910034179688,611.74853515625,650.2071533203125
802,26.733265309584393,826.4713745117188,422.71337890625,841.6729125976562,424.73382568359375,830.6182250976562,409.7593078613281,845.6494140625,433.3898620605469,813.9821166992188,391.5428161621094,803.3648681640625,461.82244873046875,771.4778442382812,367.8461608886719,823.2421264648438,522.5142211914062,764.1539916992188,275.4172058105469,841.8619384765625,578.641845703125,774.8590087890625,209.4223175048828,699.4174194335938,478.7559814453125,664.5305786132812,442.57305908203125,754.752685546875,573.2171020507812,645.8194580078125,553.193603515625,771.621826171875,644.5221557617188,610.8009033203125,650.0093383789062
803,26.766598558100085,826.2476806640625,423.8511657714844,841.4014892578125,425.742431640625,830.609130859375,410.7015686035156,845.3768310546875,433.3997497558594,814.3226318359375,391.35345458984375,804.0172119140625,461.5547180175781,771.1671752929688,367.252197265625,824.427490234375,523.2488403320312,763.4290771484375,275.42901611328125,842.153076171875,580.6676025390625,773.791748046875,210.2180938720703,700.2307739257812,480.865478515625,665.1098022460938,444.5055847167969,754.3970336914062,573.5828247070312,646.7022705078125,553.357421875,771.0542602539062,644.5183715820312,613.4522094726562,650.0059814453125
804,26.799931806615778,824.548583984375,425.24591064453125,839.36279296875,427.0805358886719,829.0059814453125,412.3481140136719,843.8389892578125,433.62457275390625,813.5767822265625,392.35040283203125,803.967041015625,459.9140930175781,770.2784423828125,366.1614990234375,824.2218017578125,521.3023681640625,762.110595703125,274.2314453125,843.0715942382812,580.5699462890625,774.1458129882812,210.69528198242188,700.8473510742188,479.5422058105469,665.3834228515625,443.4731750488281,754.2306518554688,572.79736328125,648.0538330078125,552.6223754882812,770.7617797851562,642.5602416992188,615.9214477539062,647.4249877929688
805,26.833265055131466,823.41162109375,429.42535400390625,838.3787231445312,430.88873291015625,827.9220581054688,415.91204833984375,842.921142578125,435.3251037597656,812.3923950195312,393.41448974609375,804.1802368164062,461.21990966796875,768.5748291015625,366.37249755859375,824.9505004882812,523.5477905273438,761.4158325195312,274.8841247558594,842.5635986328125,581.491455078125,771.4375,211.9218292236328,701.0389404296875,484.6728820800781,664.8367919921875,447.8241882324219,753.549072265625,574.9010620117188,647.829833984375,552.2351684570312,771.7965087890625,643.9345092773438,619.7211303710938,645.8099365234375
806,26.86659830364716,823.3743286132812,428.95196533203125,837.844970703125,430.85235595703125,828.4923706054688,415.71722412109375,841.3966674804688,435.4154357910156,813.422607421875,392.94464111328125,803.0513305664062,460.53167724609375,768.9326171875,364.93585205078125,825.546142578125,524.8128662109375,762.3535766601562,274.2986755371094,841.3079833984375,582.4419555664062,770.6655883789062,211.0944366455078,701.0712890625,483.79888916015625,665.576904296875,446.8360595703125,753.8563232421875,574.9668579101562,647.0707397460938,553.7439575195312,772.4050903320312,643.0291137695312,618.5079956054688,648.2311401367188
807,26.89993155216285,824.123779296875,428.5618591308594,836.9390258789062,429.4309387207031,828.640625,416.0511169433594,837.7761840820312,432.8343811035156,812.0213623046875,394.31097412109375,799.6825561523438,458.4742431640625,767.2633666992188,366.1323547363281,825.7451782226562,524.8746948242188,762.2801513671875,274.5916442871094,842.7842407226562,585.4060668945312,771.1932983398438,208.80398559570312,698.40380859375,486.4410095214844,663.6942749023438,451.78076171875,751.6347045898438,573.446044921875,646.341552734375,557.9255981445312,778.499267578125,641.4157104492188,620.941650390625,652.0628662109375
808,26.93326480067854,821.9546508789062,430.20184326171875,833.6126708984375,430.32977294921875,826.0958862304688,418.5692138671875,834.9962768554688,431.42547607421875,810.9668579101562,396.6448974609375,799.4408569335938,454.15008544921875,767.7373046875,364.4393615722656,826.4410400390625,521.1586303710938,761.5423583984375,272.1953125,846.504150390625,588.3218994140625,771.5349731445312,207.78704833984375,699.1272583007812,479.4977111816406,665.0968017578125,446.1834716796875,749.6995849609375,571.4473266601562,648.0496826171875,557.7575073242188,780.7213745117188,637.4197387695312,625.1143798828125,647.7662353515625
809,26.966598049194232,822.7212524414062,435.2203674316406,832.6121826171875,433.7106628417969,825.8231811523438,424.4043884277344,833.2860717773438,430.36944580078125,810.8623657226562,401.6194152832031,798.6779174804688,447.58331298828125,769.664794921875,365.140380859375,826.5578002929688,512.821044921875,762.798828125,273.3253173828125,852.7362060546875,592.56005859375,772.8441162109375,207.23837280273438,697.0739135742188,469.1046142578125,664.7302856445312,439.0181884765625,748.1002197265625,569.9568481445312,648.49072265625,560.968994140625,778.9871826171875,633.4378051757812,620.52099609375,645.895751953125
810,26.999931297709924,825.69189453125,434.5019836425781,836.101806640625,433.1727294921875,828.7490234375,423.2047424316406,836.5433959960938,430.4291687011719,812.4822998046875,400.1575012207031,800.2684326171875,448.477294921875,770.08349609375,365.1630859375,826.6270751953125,514.247802734375,763.056396484375,275.01470947265625,852.6265258789062,592.4844970703125,771.3021240234375,207.83656311035156,698.0188598632812,469.956787109375,664.8043823242188,439.3490295410156,749.60498046875,570.2553100585938,647.8251953125,559.96240234375,778.7724609375,634.1651611328125,619.2808227539062,645.6580200195312
811,27.033264546225617,827.5452880859375,433.9449768066406,838.2325439453125,433.0529479980469,830.6723022460938,422.4307861328125,838.3140258789062,431.5218505859375,813.6025390625,399.8302001953125,801.3673095703125,450.1888732910156,770.1881103515625,366.3295593261719,826.7598266601562,514.0609741210938,763.4087524414062,276.01324462890625,850.9952392578125,590.458984375,770.6092529296875,207.84222412109375,699.10302734375,471.6546325683594,665.2650146484375,440.5056457519531,752.1658325195312,570.990478515625,649.452880859375,558.2244873046875,779.1869506835938,636.0133056640625,621.082275390625,644.234375
812,27.066597794741305,825.7448120117188,437.63671875,837.1707763671875,436.396728515625,828.7467041015625,426.2291564941406,839.8439331054688,433.6357727050781,812.9114379882812,403.03369140625,802.6155395507812,448.27496337890625,770.8900146484375,367.1393127441406,827.5308227539062,510.44757080078125,763.4873046875,278.5505676269531,851.5186767578125,588.7946166992188,770.9908447265625,208.74867248535156,697.7599487304688,461.679443359375,663.2391357421875,431.4256896972656,749.3286743164062,569.2279052734375,644.7977294921875,558.3430786132812,775.6420288085938,635.4248046875,615.2189331054688,646.0048217773438
813,27.099931043256998,826.1914672851562,440.0234680175781,836.7252197265625,438.029296875,828.896728515625,429.0054016113281,838.55810546875,432.7970886230469,812.7761840820312,404.7320251464844,802.6172485351562,445.3910827636719,770.302490234375,367.4730529785156,830.1478271484375,507.0521545410156,763.531005859375,278.8897705078125,853.6309204101562,590.7551879882812,769.5909423828125,210.13629150390625,696.8738403320312,461.1871032714844,662.0584106445312,432.53961181640625,748.5711669921875,571.193359375,643.0856323242188,564.2982177734375,776.3049926757812,633.831787109375,612.6400146484375,649.3646850585938
814,27.13326429177269,826.6605834960938,441.7333068847656,836.9031982421875,439.56121826171875,829.4155883789062,430.6620178222656,837.8047485351562,433.138671875,812.913330078125,405.198486328125,801.5331420898438,445.8309326171875,770.0526733398438,367.28662109375,829.9637451171875,508.61077880859375,763.9067993164062,278.36700439453125,854.8585815429688,592.357666015625,769.7615966796875,210.85586547851562,695.7075805664062,463.093994140625,661.525390625,434.3895568847656,747.6661987304688,572.1111450195312,642.4065551757812,565.9859008789062,776.6598510742188,632.8545532226562,612.00244140625,650.2861938476562
815,27.16659754028838,827.7728271484375,442.001953125,838.0477294921875,439.6698303222656,830.4078369140625,430.7512512207031,838.27392578125,432.8519592285156,813.0520629882812,404.75653076171875,801.0148315429688,445.92083740234375,769.8228149414062,366.8540954589844,829.386474609375,509.60589599609375,764.5360107421875,277.9875793457031,854.6200561523438,594.130126953125,770.6049194335938,211.58998107910156,694.7589111328125,464.2747802734375,660.8330078125,435.4282531738281,745.9510498046875,572.6334838867188,641.6123046875,566.4658813476562,776.4824829101562,633.0730590820312,612.8546142578125,650.5902709960938
816,27.19993078880407,828.653076171875,441.8836669921875,838.74267578125,439.2203369140625,830.8622436523438,430.62750244140625,838.0204467773438,432.20184326171875,812.38671875,405.0283508300781,799.7801513671875,444.853515625,769.3910522460938,368.1131591796875,827.9564208984375,507.748046875,765.4334716796875,280.6074523925781,855.1851806640625,595.2483520507812,771.5076293945312,212.72528076171875,693.6146240234375,464.1772766113281,660.242919921875,436.3378601074219,746.0160522460938,571.5216674804688,642.7899780273438,565.9898071289062,776.2010498046875,632.3773193359375,614.3783569335938,649.4407348632812
817,27.233264037319763,828.7762451171875,441.2831115722656,839.1080932617188,439.0340576171875,831.2086181640625,429.9969787597656,838.6216430664062,433.31182861328125,812.92041015625,405.03912353515625,800.191162109375,446.58624267578125,769.71923828125,367.91949462890625,828.36669921875,510.08306884765625,764.9050903320312,279.6038818359375,854.2412719726562,595.2831420898438,770.2732543945312,211.91184997558594,694.3126220703125,463.75274658203125,661.0000610351562,435.12152099609375,746.1282348632812,572.427734375,644.5700073242188,565.7503662109375,776.763671875,632.2330932617188,617.84521484375,648.068115234375
818,27.266597285835456,828.5765380859375,440.64990234375,839.7517700195312,438.97528076171875,831.4526977539062,429.1660461425781,840.718017578125,434.5697937011719,813.9669189453125,404.36676025390625,801.910400390625,449.2579345703125,770.3604736328125,367.1905517578125,826.7007446289062,513.9265747070312,763.548095703125,277.7454833984375,848.999755859375,589.8797607421875,770.006591796875,210.2666473388672,696.2528686523438,464.90704345703125,661.6376953125,434.8981018066406,747.3020629882812,574.5272216796875,641.357177734375,566.8301391601562,779.34912109375,634.4285888671875,613.4883422851562,651.2047729492188
819,27.299930534351144,830.2716064453125,440.70965576171875,840.66455078125,438.53521728515625,832.8424682617188,429.50274658203125,840.7596435546875,432.937255859375,815.288818359375,404.79815673828125,801.6663818359375,446.5587463378906,772.0139770507812,366.9937438964844,826.1333618164062,511.1963806152344,763.8963012695312,278.37432861328125,849.4382934570312,591.8275756835938,770.7550659179688,209.79640197753906,694.5135498046875,460.10675048828125,661.0753173828125,431.1490173339844,747.83154296875,573.85400390625,642.2932739257812,567.7858276367188,778.2886352539062,633.18603515625,610.0945434570312,650.8139038085938
820,27.333263782866837,831.3577880859375,440.379150390625,841.3021240234375,438.0701904296875,834.0289306640625,429.3074035644531,840.0574951171875,431.84027099609375,816.37353515625,404.2669982910156,800.885986328125,445.77099609375,772.4151611328125,366.69256591796875,825.1134033203125,510.6122741699219,764.784912109375,277.3460388183594,848.8862915039062,594.10693359375,771.4802856445312,209.38038635253906,693.5613403320312,464.2995910644531,661.1375122070312,435.67315673828125,747.703125,573.8204956054688,644.5133666992188,567.8527221679688,779.415283203125,632.1971435546875,614.7398681640625,649.5126342773438
821,27.36659703138253,831.91259765625,438.83673095703125,841.5194091796875,436.5621643066406,834.6934814453125,427.73046875,839.0457153320312,431.034912109375,816.7764282226562,403.24176025390625,798.9352416992188,446.9916687011719,772.65625,366.72027587890625,824.7286376953125,513.8682250976562,765.4569091796875,277.31402587890625,850.0596313476562,599.31884765625,770.6646728515625,209.66123962402344,690.8992309570312,467.7264099121094,659.73095703125,438.7694091796875,747.9447631835938,575.0459594726562,644.6444091796875,569.4387817382812,780.0858764648438,633.5567626953125,613.0746459960938,651.73291015625
822,27.399930279898218,831.1993408203125,439.35736083984375,840.6973876953125,437.2872619628906,834.5028076171875,428.13592529296875,837.2753295898438,431.6401672363281,817.2012329101562,403.10406494140625,795.9518432617188,447.4463195800781,772.998046875,366.6291198730469,821.77880859375,514.52001953125,765.6500854492188,277.6711730957031,849.2466430664062,600.027587890625,769.3204956054688,209.8644561767578,688.3677978515625,469.4449462890625,659.771484375,440.349609375,745.493896484375,575.3961181640625,646.8147583007812,569.5470581054688,777.0115966796875,634.4802856445312,616.679443359375,652.7162475585938
823,27.43326352841391,831.174560546875,436.29278564453125,840.7406616210938,434.6601867675781,834.7676391601562,425.2169494628906,837.0394897460938,430.86322021484375,817.2913818359375,401.7008972167969,795.9694213867188,447.8927001953125,772.166015625,368.4683532714844,821.4844360351562,511.3973693847656,765.0267333984375,278.21282958984375,848.0984497070312,598.3070068359375,768.3821411132812,209.84140014648438,690.1635131835938,474.3497009277344,660.6712646484375,445.8178405761719,747.3081665039062,576.481201171875,644.6743774414062,571.4307250976562,777.3298950195312,634.3980712890625,612.8488159179688,653.3092651367188
824,27.466596776929602,831.1514282226562,437.9919738769531,840.4608154296875,436.0899963378906,834.7367553710938,427.0698547363281,836.673583984375,431.2569885253906,817.881591796875,403.0567626953125,795.617431640625,446.7993469238281,773.5203247070312,368.26409912109375,821.8902587890625,511.0477600097656,766.3484497070312,278.6540832519531,847.9511108398438,603.1781616210938,769.3919067382812,210.27122497558594,688.3197021484375,469.1269836425781,660.1904296875,440.7965393066406,745.4833374023438,573.9556884765625,645.3807373046875,569.2990112304688,774.640625,633.5722045898438,613.4905395507812,652.85302734375
825,27.49993002544529,832.2852172851562,437.9442443847656,841.770263671875,435.94781494140625,835.5597534179688,426.7347412109375,837.6802978515625,431.3396911621094,817.2844848632812,402.651123046875,795.9170532226562,448.272705078125,772.4766845703125,368.3980407714844,822.6492309570312,515.6981811523438,766.1538696289062,280.27996826171875,846.9769897460938,607.2333984375,769.2318115234375,211.1126708984375,687.5753173828125,469.56243896484375,658.496337890625,440.6687316894531,745.0611572265625,574.256103515625,644.0347290039062,569.4591674804688,774.12255859375,633.1279296875,612.049072265625,652.9712524414062
826,27.533263273960983,830.974609375,440.27606201171875,840.0935668945312,437.7306213378906,834.0320434570312,429.519287109375,836.48291015625,431.3094177246094,816.6358642578125,405.0577392578125,795.6112060546875,444.88494873046875,773.146484375,369.3560791015625,822.6163330078125,508.80987548828125,767.0618896484375,280.8739013671875,846.2623291015625,606.9554443359375,770.527587890625,211.8780975341797,686.8644409179688,464.0711975097656,658.2337646484375,436.8537292480469,745.0219116210938,572.2811889648438,642.4163818359375,569.6705322265625,774.9898681640625,631.15625,609.2605590820312,652.1941528320312
827,27.566596522476676,830.1265869140625,441.29559326171875,839.8234252929688,439.06451416015625,833.156494140625,430.18731689453125,837.7086791992188,433.0367431640625,815.614990234375,405.2558288574219,796.9680786132812,446.55487060546875,772.6707153320312,369.0241394042969,822.6649169921875,510.2762451171875,766.1690063476562,279.6125793457031,845.2523193359375,605.240966796875,769.9487915039062,211.59669494628906,690.1151733398438,464.09039306640625,660.2061157226562,436.0753479003906,746.3045654296875,571.6221923828125,641.9849243164062,568.6845092773438,772.7369995117188,631.5364990234375,606.21240234375,653.539794921875
828,27.599929770992368,830.7116088867188,442.6880187988281,839.490478515625,439.7881774902344,833.3199462890625,432.3577880859375,836.5195922851562,432.25701904296875,815.9984130859375,408.46588134765625,796.4052124023438,441.3157958984375,773.8379516601562,372.7901611328125,820.8108520507812,496.7446594238281,767.1911010742188,284.9241943359375,841.0782470703125,596.7674560546875,772.663818359375,215.0209503173828,688.4617309570312,456.88037109375,659.5687866210938,432.1578063964844,747.3392944335938,569.3590698242188,642.0868530273438,569.4418334960938,771.6401977539062,629.944580078125,602.5521850585938,652.6653442382812
829,27.633263019508057,828.7442016601562,443.8920593261719,837.8834838867188,441.4422912597656,831.6165771484375,433.18310546875,836.1778564453125,434.3238525390625,814.9447021484375,408.1848449707031,796.8744506835938,445.54791259765625,773.6687622070312,369.9818420410156,822.7562255859375,507.53497314453125,766.5037231445312,279.7801818847656,843.624267578125,605.0079345703125,771.3673095703125,211.95973205566406,691.067626953125,458.9419860839844,661.9376220703125,431.677490234375,747.2791748046875,570.3873901367188,643.7432861328125,568.7848510742188,772.4988403320312,630.9342651367188,605.3311767578125,653.8060913085938
830,27.66659626802375,828.0264282226562,444.41876220703125,837.20947265625,442.30267333984375,831.0905151367188,433.46173095703125,835.3727416992188,435.6311340332031,814.41162109375,408.05914306640625,795.99560546875,447.99462890625,773.5238037109375,369.2074890136719,822.2747802734375,512.331787109375,766.4374389648438,278.2872314453125,844.0843505859375,607.525634765625,771.3030395507812,211.6107635498047,691.9368286132812,461.8780822753906,663.6051635742188,433.4423522949219,746.8789672851562,569.5765991210938,646.7255249023438,566.820556640625,770.779052734375,630.9109497070312,609.0250244140625,653.2715454101562
831,27.69992951653944,828.559326171875,445.1875305175781,837.4087524414062,442.7051696777344,831.1435546875,434.01947021484375,834.62890625,435.0340270996094,812.8588256835938,408.0966491699219,796.2611083984375,446.6339416503906,771.3678588867188,370.3929748535156,822.6930541992188,509.8729553222656,766.3054809570312,281.5550231933594,843.5438232421875,607.1708374023438,770.581787109375,213.24375915527344,693.5238647460938,465.2120666503906,663.866455078125,437.5206604003906,748.4291381835938,568.54833984375,647.95458984375,564.6005249023438,771.2581787109375,631.3985595703125,612.162353515625,650.3584594726562
832,27.73326276505513,828.576904296875,443.70379638671875,837.3311767578125,441.61724853515625,831.4927978515625,432.7570495605469,834.0882568359375,435.6802062988281,813.662353515625,408.26751708984375,795.8609008789062,449.37213134765625,771.6547241210938,371.8179931640625,822.7267456054688,512.2485961914062,765.6143798828125,281.25885009765625,842.9800415039062,605.7421875,769.7905883789062,212.44918823242188,692.8681640625,469.798583984375,663.5659790039062,441.5828857421875,748.3851928710938,568.0615234375,648.2131958007812,563.1444702148438,773.3601684570312,632.2734985351562,613.7723388671875,649.844482421875
833,27.766596013570823,828.608154296875,445.9244689941406,836.3858032226562,443.0927734375,831.2409057617188,435.4886779785156,831.53369140625,435.13653564453125,813.3004150390625,411.0048522949219,794.1410522460938,446.5880432128906,771.0092163085938,375.1739196777344,820.2594604492188,505.7101745605469,765.9950561523438,286.2409973144531,841.1145629882812,605.6207275390625,770.8847045898438,217.202880859375,690.72607421875,473.89471435546875,662.1851806640625,448.07470703125,748.4439086914062,567.2039794921875,648.9624633789062,563.8753662109375,775.7697143554688,631.7925415039062,616.461669921875,648.388916015625
834,27.799929262086515,829.242431640625,445.36273193359375,836.4766845703125,442.46466064453125,831.8939819335938,435.2449951171875,830.5335693359375,434.9494934082031,814.0546875,411.9342956542969,793.2661743164062,446.71881103515625,771.7162475585938,377.5555114746094,819.2250366210938,503.960693359375,766.5487670898438,289.0140380859375,839.2029418945312,603.0505981445312,771.9657592773438,218.84072875976562,689.1634521484375,475.92425537109375,661.4981079101562,450.9580078125,748.4058837890625,569.745849609375,648.3751220703125,567.8762817382812,774.4896240234375,632.0839233398438,612.3243408203125,649.9403076171875
835,27.833262510602207,828.8428955078125,446.5576171875,835.9351806640625,443.41595458984375,831.3888549804688,436.2480773925781,829.5823364257812,434.5637512207031,813.228759765625,411.5207824707031,792.5298461914062,446.25213623046875,771.1173706054688,376.0453796386719,819.6422119140625,506.5563659667969,767.1428833007812,288.9325866699219,840.8510131835938,605.1287841796875,771.7564697265625,219.4263153076172,689.079345703125,477.5685119628906,661.7684326171875,452.2706604003906,747.04833984375,569.5953369140625,649.1026000976562,567.264404296875,775.3553466796875,631.7407836914062,616.0845336914062,649.1632080078125
836,27.866595759117896,828.7329711914062,443.401123046875,835.9071655273438,440.8006896972656,831.603759765625,433.2736511230469,829.6633911132812,434.8556823730469,814.3967895507812,410.76910400390625,792.3629150390625,450.191650390625,772.666015625,376.24444580078125,821.2325439453125,512.8548583984375,766.5748291015625,286.0157470703125,843.5306396484375,611.5081176757812,770.2332763671875,215.9671173095703,687.4251708984375,479.4742126464844,661.3936767578125,452.7117004394531,744.8013305664062,570.5010375976562,649.5236206054688,567.434326171875,772.1605834960938,633.28662109375,615.032470703125,650.45263671875
837,27.899929007633588,830.2098999023438,443.5618591308594,836.1591186523438,440.0129699707031,832.9451904296875,434.4272155761719,827.0427856445312,432.2681579589844,816.8082885742188,413.61114501953125,789.76953125,442.76873779296875,775.168212890625,384.09527587890625,814.2017211914062,488.2093200683594,769.620849609375,298.25018310546875,830.8740844726562,578.5350341796875,771.2919921875,224.80282592773438,683.1317749023438,485.3074035644531,660.9319458007812,463.8958740234375,741.3151245117188,572.138427734375,651.9080810546875,571.7667846679688,768.349365234375,635.5021362304688,619.3372192382812,651.2921142578125
838,27.93326225614928,830.6388549804688,443.7451171875,836.3157348632812,439.9278869628906,833.3262329101562,434.88543701171875,826.3748779296875,431.9381103515625,817.2652587890625,414.7386474609375,789.546142578125,441.5975036621094,775.1294555664062,387.55487060546875,811.012939453125,481.74945068359375,770.322021484375,303.4825134277344,823.9139404296875,566.560302734375,770.9131469726562,229.75244140625,684.0632934570312,493.3059997558594,661.6013793945312,473.5252380371094,742.3605346679688,575.1656494140625,651.3775634765625,574.6333618164062,773.3574829101562,637.6953125,622.143798828125,651.1865844726562
839,27.96659550466497,830.67041015625,444.99444580078125,835.7630615234375,440.8330078125,833.3002319335938,436.5088195800781,825.3790283203125,430.43646240234375,817.5510864257812,415.5661926269531,788.9823608398438,433.3768005371094,775.5700073242188,388.1582336425781,807.0909423828125,458.0699768066406,770.3849487304688,307.390625,813.5565795898438,520.3375244140625,771.2337646484375,234.91600036621094,684.648681640625,484.9081115722656,662.41748046875,468.08172607421875,742.146484375,572.9834594726562,649.5072021484375,573.8082885742188,772.896484375,636.4041137695312,617.4265747070312,650.5083618164062
840,27.99992875318066,830.13525390625,443.6405029296875,837.21435546875,440.93377685546875,833.2672119140625,433.3121643066406,830.0269775390625,434.3573303222656,815.624755859375,409.8774719238281,793.6491088867188,451.4461975097656,771.3792724609375,377.2738037109375,821.1965942382812,514.2139282226562,765.347900390625,286.98773193359375,843.005615234375,611.2802124023438,767.58837890625,218.6373291015625,689.2305908203125,494.17010498046875,661.169677734375,467.2987976074219,746.3005981445312,576.7825317382812,646.5540161132812,572.3107299804688,779.3829345703125,634.5122680664062,616.0487060546875,649.0823974609375
841,28.033262001696354,832.939697265625,442.235107421875,839.769775390625,439.273193359375,835.8394165039062,431.88946533203125,831.0338134765625,432.338623046875,816.4620971679688,408.4126892089844,792.6549072265625,449.3610534667969,771.3966064453125,376.8099060058594,818.8578491210938,511.6849060058594,765.8359375,287.1403503417969,840.6633911132812,611.2205810546875,767.4793701171875,218.06175231933594,688.1021728515625,493.4749450683594,660.5133666992188,467.3875732421875,746.1746826171875,575.8656616210938,646.1563720703125,572.3770141601562,779.4325561523438,634.0095825195312,615.7378540039062,649.5631713867188
842,28.066595250212046,831.7274780273438,439.0597229003906,839.1608276367188,436.8783874511719,835.158935546875,428.4119873046875,831.0841064453125,432.1844482421875,816.7808837890625,405.5201721191406,792.5057373046875,451.8875732421875,771.988525390625,374.7395324707031,819.4952392578125,515.6982421875,765.5335083007812,282.80657958984375,845.3152465820312,609.9630126953125,765.2173461914062,213.1307373046875,689.6603393554688,497.47100830078125,662.6181030273438,469.61151123046875,746.1217041015625,577.5240478515625,646.7398681640625,571.9022216796875,778.2494506835938,635.39306640625,616.2657470703125,649.810302734375
843,28.099928498727735,830.0064697265625,437.0303649902344,838.53369140625,435.2037658691406,833.6141967773438,426.23333740234375,832.8578491210938,431.615234375,816.3909301757812,403.633544921875,794.66064453125,452.00030517578125,771.6445922851562,373.37884521484375,821.3400268554688,516.110107421875,765.1212768554688,281.3643493652344,845.30224609375,607.8959350585938,764.7565307617188,210.96981811523438,690.3388061523438,496.06646728515625,661.9249267578125,467.5017395019531,744.9169311523438,577.215087890625,646.112060546875,570.9694213867188,775.766357421875,636.7615966796875,618.1091918945312,651.6644287109375
844,28.133261747243427,828.2962646484375,433.35833740234375,838.3604736328125,433.1662292480469,832.9969482421875,421.9396057128906,835.4635620117188,432.4268798828125,817.4656982421875,399.2499694824219,798.5263061523438,454.17376708984375,771.016845703125,370.0732421875,823.4567260742188,519.7296142578125,762.8031005859375,280.8529052734375,844.2732543945312,600.2867431640625,763.9224243164062,211.34376525878906,695.6428833007812,495.08544921875,664.4215698242188,463.8743896484375,750.7858276367188,576.4555053710938,648.86376953125,565.4837036132812,775.2924194335938,639.2542114257812,620.0592651367188,651.4076538085938
845,28.16659499575912,827.1261596679688,432.3911437988281,837.5325317382812,432.5011291503906,832.4112548828125,420.8887634277344,835.5562133789062,431.63079833984375,818.0765380859375,397.4198913574219,798.908203125,452.5273132324219,771.3352661132812,367.7008361816406,824.1062622070312,518.9013061523438,762.263671875,279.78338623046875,844.7413940429688,600.25390625,763.0970458984375,211.9378204345703,696.583984375,491.075927734375,665.180419921875,459.6365661621094,752.0462646484375,574.9745483398438,647.4556884765625,564.9253540039062,775.182373046875,638.0006103515625,617.0203857421875,653.2372436523438
846,28.19992824427481,832.065185546875,428.8239440917969,843.0210571289062,429.6786193847656,837.75537109375,416.568115234375,839.1453857421875,430.5996398925781,820.9473266601562,392.85003662109375,800.2843627929688,454.3901672363281,770.8712768554688,366.3392028808594,823.3605346679688,520.7289428710938,762.02294921875,278.0187683105469,841.821044921875,595.5518798828125,762.7516479492188,209.73495483398438,698.7887573242188,499.2400817871094,665.9287719726562,466.3587341308594,756.4500122070312,575.15771484375,648.4183349609375,561.1522827148438,779.3544921875,640.8539428710938,620.1136474609375,651.9920043945312
847,28.2332614927905,832.5562744140625,431.69219970703125,844.3175659179688,432.00030517578125,837.9576416015625,418.80621337890625,841.0300903320312,430.6788330078125,820.2836303710938,392.7054748535156,798.6971435546875,452.5160827636719,770.8231201171875,365.4202880859375,820.3297729492188,518.8223266601562,762.0388793945312,279.55096435546875,840.1928100585938,594.004150390625,761.3488159179688,212.26222229003906,695.5004272460938,492.9234313964844,663.8387451171875,460.6221618652344,754.6967163085938,573.59619140625,648.4642944335938,561.0957641601562,776.3635864257812,638.4826049804688,619.882568359375,652.9244384765625
848,28.266594741306193,830.941162109375,433.7587890625,843.9541625976562,434.40283203125,836.5029907226562,420.1897888183594,843.939208984375,432.6103210449219,820.693115234375,392.32598876953125,801.2144165039062,454.0747375488281,772.8578491210938,361.9083251953125,819.17919921875,524.0081787109375,761.1126708984375,276.9076843261719,837.860107421875,593.0075073242188,760.7681274414062,212.3625946044922,696.5994262695312,486.9100646972656,664.8262939453125,452.3041687011719,754.9601440429688,573.854736328125,649.4966430664062,559.0504150390625,772.2984008789062,638.7734985351562,616.6638793945312,653.1472778320312
849,28.29992798982188,833.8762817382812,427.8620910644531,848.509033203125,429.4637145996094,839.0958251953125,413.768310546875,849.0277709960938,432.9672546386719,821.2562255859375,389.2951354980469,803.1102905273438,458.6593017578125,773.862060546875,364.24542236328125,818.36474609375,525.5938110351562,761.6334838867188,278.42242431640625,833.9428100585938,588.5364379882812,760.1307983398438,212.6375732421875,698.323486328125,487.1227111816406,665.6231079101562,451.0321960449219,757.1685791015625,574.6986694335938,648.6072387695312,556.341552734375,769.8055419921875,642.6503295898438,612.8408203125,653.4468383789062
850,28.333261238337574,834.2514038085938,426.0252990722656,849.5195922851562,427.9853210449219,839.5355834960938,411.52032470703125,849.930419921875,433.0547790527344,821.0269775390625,387.633056640625,803.0468139648438,460.1646423339844,772.8607177734375,364.9969177246094,817.4036254882812,525.545654296875,762.1564331054688,280.25177001953125,833.3568725585938,585.0919189453125,759.9668579101562,213.9672088623047,697.964111328125,488.7542724609375,664.751220703125,451.97283935546875,758.7971801757812,574.7935180664062,649.5602416992188,552.9602661132812,770.5623779296875,644.1498413085938,615.9668579101562,650.643310546875
851,28.366594486853266,835.3118286132812,424.01263427734375,850.692138671875,426.1809997558594,840.5896606445312,409.4170227050781,850.66455078125,432.49847412109375,821.7711181640625,386.5103759765625,803.288330078125,460.5546875,773.3317260742188,365.8279724121094,816.7310180664062,524.2306518554688,762.5711059570312,281.7402648925781,833.757568359375,582.5418701171875,759.4229736328125,214.87155151367188,698.7014770507812,489.7158508300781,665.693603515625,452.90264892578125,760.7919311523438,573.8927612304688,651.3336791992188,550.5336303710938,770.3590698242188,644.3153076171875,617.0921020507812,648.6541137695312
852,28.39992773536896,831.8768310546875,421.1793518066406,847.462158203125,424.06927490234375,837.8135375976562,407.6085510253906,849.5670776367188,431.7804870605469,822.5524291992188,386.2911682128906,803.3575439453125,458.833984375,775.963623046875,363.5284729003906,817.372314453125,522.6968383789062,761.6022338867188,278.58349609375,833.445556640625,579.453125,760.11865234375,214.9195556640625,698.4660034179688,481.6363220214844,667.3416137695312,444.8826599121094,756.5079956054688,573.6583862304688,651.872314453125,553.0715942382812,767.1422119140625,641.420654296875,618.1018676757812,650.2176513671875
853,28.433260983884647,832.010986328125,420.7917785644531,847.4735717773438,423.0975036621094,837.0999145507812,407.62237548828125,849.95166015625,431.22186279296875,821.2091674804688,388.1273498535156,803.2349243164062,459.3171691894531,775.8545532226562,366.3399353027344,816.478759765625,522.1495971679688,761.193115234375,280.1252746582031,832.3314819335938,579.6079711914062,760.3192138671875,215.0943603515625,696.7230224609375,481.2569885253906,665.23193359375,445.70654296875,755.6550903320312,573.9603271484375,649.7744750976562,556.39453125,767.6607055664062,639.8796997070312,613.2838745117188,651.736083984375
854,28.46659423240034,832.1685180664062,420.3709716796875,847.2095947265625,422.43682861328125,837.2990112304688,407.5169372558594,849.7093505859375,429.8216857910156,821.9395751953125,387.8931884765625,803.9960327148438,457.89312744140625,776.8223876953125,365.1217956542969,817.763671875,522.6900634765625,760.5962524414062,279.38079833984375,832.5830078125,580.3447875976562,760.7293090820312,214.740966796875,697.6070556640625,477.96923828125,666.578369140625,442.5736999511719,752.1199340820312,573.02490234375,649.01025390625,556.7689819335938,765.98388671875,639.31396484375,614.0532836914062,652.755126953125
855,28.499927480916032,832.0071411132812,420.4681091308594,846.65087890625,422.1877746582031,837.1693725585938,407.9808654785156,849.0720825195312,428.07574462890625,822.595703125,387.8421325683594,803.3580322265625,454.7040710449219,777.9100341796875,364.0097351074219,817.3486328125,520.8258056640625,759.9097290039062,280.6148986816406,832.0416870117188,578.826416015625,761.3396606445312,215.4237060546875,695.560302734375,474.0405578613281,666.8065795898438,439.7527770996094,745.3607788085938,571.9948120117188,653.2700805664062,558.9793701171875,755.1944580078125,637.6134643554688,619.9570922851562,655.3988037109375
856,28.53326072943172,831.53759765625,420.206298828125,846.2755737304688,422.2256164550781,836.8992919921875,407.68695068359375,848.9017333984375,429.26031494140625,822.6253051757812,388.1332702636719,803.9324340820312,457.3694763183594,777.6485595703125,364.1209411621094,817.1034545898438,524.795166015625,760.2169799804688,279.6961669921875,831.19091796875,577.6273803710938,761.4954833984375,214.7042694091797,696.9456176757812,475.81317138671875,666.7113647460938,440.33099365234375,748.38671875,573.1920776367188,648.5340576171875,558.009765625,763.5694580078125,639.4633178710938,614.7535400390625,655.265625
857,28.566593977947413,832.7639770507812,418.5523986816406,847.7718505859375,420.8455810546875,838.2024536132812,405.7572326660156,850.8233032226562,428.8634338378906,823.8367919921875,386.51361083984375,806.3674926757812,458.39935302734375,778.8099365234375,363.29022216796875,818.4595947265625,527.2106323242188,760.06591796875,279.2617492675781,831.8597412109375,578.5720825195312,761.2593383789062,214.37069702148438,700.7097778320312,475.8251647949219,669.1908569335938,439.29718017578125,751.7197875976562,573.6376342773438,646.2574462890625,556.537109375,767.0648803710938,641.1404418945312,609.5527954101562,654.6751098632812
858,28.599927226463105,833.0562744140625,418.9648742675781,847.01611328125,420.8713073730469,838.2158203125,406.75714111328125,849.4825439453125,428.07763671875,823.763671875,388.1070251464844,806.096923828125,456.9281005859375,778.7850952148438,363.5428771972656,818.1666870117188,525.8795166015625,759.44970703125,278.82232666015625,831.9498901367188,577.9315795898438,761.8585205078125,214.42306518554688,701.2540893554688,475.76361083984375,669.4930419921875,440.3212585449219,753.02392578125,573.814208984375,646.434814453125,559.1723022460938,770.9099731445312,641.2791748046875,608.0798950195312,656.779052734375
859,28.633260474978798,832.926513671875,419.00921630859375,847.0997314453125,420.9619140625,838.5186767578125,406.8519592285156,849.7586059570312,427.7060852050781,824.6340942382812,387.5032653808594,806.279296875,455.5957336425781,778.7731323242188,362.6868896484375,817.78125,524.2225952148438,759.7866821289062,278.3976135253906,829.368408203125,574.7316284179688,762.386474609375,214.32672119140625,701.488037109375,475.88006591796875,669.3370971679688,440.7304382324219,752.4664916992188,573.1317138671875,644.2340698242188,559.274169921875,772.8115844726562,641.2413330078125,608.5477905273438,658.5908813476562
860,28.666593723494486,832.6839599609375,416.9041748046875,847.3167724609375,418.87091064453125,838.0628662109375,404.4993896484375,850.9501342773438,426.26654052734375,824.2511596679688,385.6197814941406,807.5315551757812,454.7539978027344,778.9443359375,362.2682800292969,818.5499877929688,522.3736572265625,759.6940307617188,278.6570129394531,830.1961059570312,574.221435546875,761.4757690429688,214.65492248535156,702.7452392578125,475.6495361328125,669.8182373046875,440.46954345703125,755.7345581054688,572.2947387695312,645.4102783203125,557.5519409179688,772.7645263671875,641.9154663085938,607.1018676757812,657.9165649414062
861,28.69992697201018,831.2735595703125,415.2507019042969,845.849609375,416.1603698730469,837.4893798828125,401.42523193359375,848.4426879882812,422.8544616699219,825.6328735351562,380.4064636230469,801.0552978515625,451.1712951660156,775.8780517578125,360.7910461425781,815.2392578125,529.3387451171875,760.7900390625,271.4027099609375,829.1025390625,587.5244750976562,753.4915771484375,194.23587036132812,700.6568603515625,473.04248046875,667.8662719726562,440.4434509277344,758.55419921875,577.1807861328125,631.8588256835938,558.9375610351562,779.0828247070312,654.6270751953125,598.5933837890625,661.0059814453125
862,28.73326022052587,830.0488891601562,414.4410095214844,844.5017700195312,415.1887512207031,836.1754150390625,400.7488098144531,847.2860107421875,421.98992919921875,824.7594604492188,380.2091064453125,801.0444946289062,451.5461730957031,775.02490234375,361.2540588378906,815.8301391601562,530.7957153320312,761.1740112304688,271.5151062011719,828.8820190429688,589.49560546875,754.446533203125,193.74949645996094,699.7118530273438,477.1263122558594,666.3482055664062,444.6038513183594,758.477294921875,578.4520874023438,631.3023071289062,560.6100463867188,780.2508544921875,655.044677734375,598.948486328125,661.8389892578125
863,28.76659346904156,828.6500854492188,415.4287414550781,844.021484375,417.25830078125,834.0096435546875,402.91876220703125,849.855224609375,424.9467468261719,821.5963745117188,384.1940612792969,808.4077758789062,454.8210754394531,777.4216918945312,361.23114013671875,820.0128173828125,523.9214477539062,759.6312866210938,276.6349182128906,829.020751953125,576.103271484375,762.9280395507812,213.77261352539062,703.4996337890625,477.4049377441406,669.078857421875,441.7249450683594,754.4844360351562,575.537841796875,643.2140502929688,560.9530639648438,773.6490478515625,643.156982421875,607.5245971679688,660.2425537109375
864,28.799926717557252,829.5449829101562,415.0680236816406,844.683349609375,416.13970947265625,835.9300537109375,400.9585266113281,847.0347900390625,422.8755798339844,823.4881591796875,379.1686096191406,799.2144775390625,451.5285949707031,773.0774536132812,360.8026428222656,815.6273193359375,529.8653564453125,761.2730102539062,272.2676086425781,830.0087280273438,590.933349609375,756.385498046875,195.46115112304688,699.2044677734375,474.3465881347656,665.787353515625,441.5273132324219,756.6476440429688,580.0797119140625,628.8644409179688,561.0040283203125,779.0454711914062,657.2184448242188,599.3970947265625,662.8785400390625
865,28.833259966072944,829.4585571289062,416.0575256347656,845.4757690429688,417.99725341796875,835.0818481445312,402.7019348144531,850.0836181640625,425.5063171386719,821.3884887695312,382.33819580078125,807.0905151367188,456.1482238769531,775.6192016601562,361.3356628417969,819.835693359375,524.9896240234375,760.4213256835938,277.470703125,830.4990844726562,577.8862915039062,762.707275390625,214.21644592285156,702.5687866210938,482.1805114746094,668.1050415039062,445.9009704589844,754.9391479492188,578.3232421875,643.062744140625,561.5322875976562,774.266357421875,644.399169921875,610.6360473632812,659.4479370117188
866,28.866593214588633,829.5872192382812,414.0835876464844,845.0578002929688,415.3118896484375,835.9927368164062,399.79443359375,847.5240478515625,422.7152404785156,823.3182373046875,378.1387634277344,798.9209594726562,452.3497619628906,772.9990844726562,360.6842041015625,816.1505126953125,530.6585083007812,761.1077880859375,272.27484130859375,831.2872924804688,588.9911499023438,756.3438110351562,196.78591918945312,699.55615234375,475.4962158203125,666.4133911132812,442.5426330566406,757.202880859375,580.7922973632812,630.3392333984375,562.6689453125,778.3521728515625,657.2019653320312,600.1182861328125,665.3775024414062
867,28.899926463104325,829.152587890625,413.409912109375,844.2484130859375,414.6885986328125,835.6781005859375,399.53240966796875,846.7269897460938,422.9232482910156,823.6355590820312,379.14501953125,798.7702026367188,452.7113342285156,773.477783203125,360.8897705078125,817.1314086914062,532.1181640625,760.7427368164062,272.050537109375,831.8703002929688,591.6739501953125,756.7072143554688,196.5085906982422,698.517333984375,472.19049072265625,665.6132202148438,439.2342224121094,756.4411010742188,579.7639770507812,629.8441772460938,562.1813354492188,779.5390014648438,656.1307983398438,599.6310424804688,664.4486694335938
868,28.933259711620018,828.7822265625,413.79254150390625,844.3477783203125,415.8117370605469,834.4869995117188,400.93670654296875,848.9677124023438,423.9559326171875,821.49609375,381.7221984863281,806.13916015625,454.76519775390625,776.26611328125,359.54168701171875,820.9271850585938,526.3112182617188,759.8781127929688,276.8356018066406,832.9229736328125,579.027099609375,763.2584228515625,214.27755737304688,700.7464599609375,477.874267578125,667.3297729492188,441.74237060546875,752.322509765625,576.51416015625,643.7461547851562,561.5315551757812,773.6896362304688,643.5888671875,611.7836303710938,660.5110473632812
869,28.96659296013571,828.0410766601562,414.1213684082031,843.1367797851562,415.9958801269531,833.6618041992188,401.5419616699219,847.3002319335938,423.9361877441406,820.6659545898438,382.67144775390625,804.5379028320312,454.2501220703125,775.6192016601562,359.9454650878906,821.2486572265625,525.1475219726562,759.9329833984375,276.21307373046875,836.5061645507812,581.6929931640625,763.5942993164062,213.5998992919922,699.0377807617188,478.4732666015625,666.5138549804688,442.9922790527344,750.1644897460938,574.6637573242188,644.9157104492188,561.3228759765625,771.1995239257812,642.7306518554688,613.6769409179688,661.0436401367188
870,28.9999262086514,826.9305419921875,413.78729248046875,841.989013671875,415.9979553222656,832.8434448242188,401.2291259765625,846.7460327148438,424.10760498046875,820.7627563476562,382.351806640625,804.8870239257812,453.7580261230469,776.022705078125,360.134765625,820.6589965820312,522.7530517578125,759.5064697265625,277.3661804199219,836.5516357421875,579.2826538085938,763.2357177734375,215.2438201904297,700.9189453125,477.745361328125,668.2215576171875,442.2523193359375,753.3618774414062,574.630126953125,644.8079833984375,560.2008666992188,771.4188842773438,643.6314697265625,609.3563842773438,660.1578979492188
871,29.03325945716709,827.2732543945312,413.7648620605469,842.7094116210938,415.9160461425781,833.1427001953125,400.9541320800781,847.6984252929688,423.769287109375,820.645751953125,381.3325500488281,805.2154541015625,453.7320251464844,776.0833129882812,358.33343505859375,820.8418579101562,524.7100830078125,759.6824340820312,275.35858154296875,834.30615234375,577.782470703125,763.4780883789062,214.27281188964844,701.175537109375,476.4267272949219,668.3052978515625,440.31695556640625,751.634765625,573.9468994140625,643.6495361328125,559.8838500976562,770.407958984375,643.48583984375,609.1815185546875,662.184326171875
872,29.066592705682783,826.886962890625,413.3791198730469,842.5211181640625,415.66094970703125,832.7022094726562,400.5501403808594,847.7847290039062,424.15472412109375,820.307373046875,381.4339599609375,804.8267211914062,454.55084228515625,776.2274169921875,358.9233703613281,820.7296752929688,524.4515991210938,759.5158081054688,275.0799560546875,835.3796997070312,578.4758911132812,763.42529296875,213.99566650390625,700.046630859375,476.5867919921875,667.7593383789062,440.3208312988281,750.6044921875,573.2999267578125,644.62255859375,559.05126953125,766.848876953125,643.9989624023438,608.9341430664062,662.4466552734375
873,29.099925954198472,826.4512939453125,413.2082214355469,842.2161254882812,415.63311767578125,832.3618774414062,400.2327880859375,847.6548461914062,424.210693359375,820.066650390625,380.8758850097656,804.6400756835938,454.51202392578125,775.6807250976562,358.27728271484375,821.332763671875,524.7982177734375,759.4481201171875,274.7616882324219,837.8605346679688,581.3550415039062,763.7432861328125,213.13670349121094,699.39990234375,475.0561828613281,666.7918090820312,438.4700622558594,753.0513916015625,574.2450561523438,645.4808959960938,558.7477416992188,768.6759643554688,644.421875,609.10009765625,661.0551147460938
874,29.133259202714164,826.3207397460938,414.7685546875,841.875,416.89556884765625,832.1719970703125,401.87060546875,847.2593383789062,423.9411926269531,820.1292724609375,381.4275207519531,804.4063720703125,452.3897705078125,776.5010375976562,357.6064453125,822.4635620117188,522.449462890625,759.8746948242188,275.0989074707031,840.4461059570312,580.3392944335938,763.8797607421875,213.509765625,699.4981079101562,472.62957763671875,668.331298828125,436.7574462890625,749.8731689453125,572.584228515625,648.9069213867188,558.490478515625,763.4863891601562,642.2263793945312,614.4550170898438,660.298828125
875,29.166592451229857,826.7068481445312,414.9787902832031,842.0428466796875,416.9283447265625,832.40087890625,402.2591857910156,847.1161499023438,423.7681579589844,820.185546875,382.1011962890625,804.0955200195312,452.129150390625,776.1981811523438,358.2382507324219,822.0828247070312,521.8307495117188,760.0695190429688,275.392578125,840.8158569335938,581.6787109375,764.1012573242188,213.5138397216797,698.2362670898438,473.6352844238281,666.9022827148438,438.22247314453125,750.5157470703125,573.289794921875,648.894287109375,559.5758666992188,765.837158203125,642.6410522460938,615.1456909179688,660.527099609375
876,29.19992569974555,825.7053833007812,414.4500732421875,840.4730834960938,415.5371398925781,832.032470703125,400.6412048339844,843.9789428710938,421.84161376953125,821.2998657226562,378.72979736328125,797.139404296875,449.29510498046875,773.798583984375,357.5606689453125,819.075439453125,528.708251953125,762.1092529296875,267.6171875,836.1233520507812,591.3436889648438,756.6261596679688,192.4851837158203,697.1578979492188,466.6168212890625,666.0864868164062,433.9561462402344,757.5473022460938,574.8277587890625,635.3692016601562,558.6923828125,776.1547241210938,653.4231567382812,601.902587890625,664.086669921875
877,29.233258948261238,825.8055419921875,414.3949890136719,840.1117553710938,415.21710205078125,831.9869384765625,400.8752136230469,843.3775634765625,421.2102966308594,821.2462158203125,379.36798095703125,797.19091796875,448.573486328125,773.5177612304688,357.437255859375,819.4560546875,528.680908203125,761.3460083007812,267.8588562011719,835.5201416015625,591.5634765625,755.9417724609375,194.6215057373047,696.3737182617188,465.9453430175781,664.8853759765625,433.5759582519531,756.5938720703125,575.485595703125,633.6015625,560.245849609375,777.749755859375,653.733154296875,600.37451171875,665.194091796875
878,29.26659219677693,825.511962890625,413.87225341796875,840.0682983398438,414.9375305175781,831.9546508789062,400.3002014160156,843.8099365234375,421.4393615722656,821.7720336914062,378.8509521484375,797.553955078125,448.78411865234375,774.1157836914062,356.4137878417969,820.19580078125,529.5137329101562,760.9556274414062,266.1147766113281,835.65380859375,592.6826171875,756.0748901367188,192.68173217773438,696.7272338867188,463.0875244140625,665.4305419921875,430.2450866699219,757.3215942382812,575.8258666992188,634.664306640625,560.1763916015625,778.2823486328125,653.44921875,601.4141235351562,664.7362060546875
879,29.299925445292622,824.9769897460938,414.8752136230469,839.9210815429688,415.8211975097656,831.3810424804688,401.2041015625,844.6751708984375,421.5806579589844,821.63525390625,378.9544372558594,798.4476318359375,448.4524230957031,774.3469848632812,355.8717956542969,820.006591796875,529.8607177734375,761.0235595703125,266.1722717285156,835.0011596679688,591.5750122070312,756.0635986328125,193.29917907714844,697.2245483398438,463.26318359375,665.6856079101562,430.3819580078125,756.740478515625,576.1665649414062,635.3857421875,560.82080078125,777.3255615234375,653.3284912109375,603.2762451171875,665.8321533203125
880,29.33325869380831,825.5631713867188,415.45709228515625,840.4307861328125,416.11761474609375,831.7355346679688,401.9596862792969,844.9532470703125,421.30511474609375,821.8555908203125,379.7337341308594,798.193359375,447.3123474121094,774.803466796875,356.30389404296875,819.1643676757812,527.6221313476562,761.6924438476562,266.82464599609375,834.0955200195312,587.5078125,755.3861083984375,192.8701629638672,696.0349731445312,462.4233093261719,665.0125122070312,430.2393493652344,754.7833251953125,575.8419799804688,635.124267578125,561.2722778320312,778.011474609375,652.221923828125,605.8134155273438,665.1287231445312
881,29.366591942324003,825.693603515625,416.44403076171875,840.7069702148438,417.2413024902344,832.0156860351562,402.8954162597656,845.2322998046875,422.59356689453125,821.6885986328125,380.6390380859375,798.6177368164062,448.5040588378906,773.6532592773438,358.1781921386719,818.0213623046875,526.6443481445312,760.6677856445312,268.9725341796875,831.9444580078125,582.5134887695312,755.54736328125,194.8042449951172,697.307861328125,465.8854064941406,664.6328735351562,433.7554626464844,755.2394409179688,575.8319702148438,630.17626953125,560.4284057617188,780.4827270507812,653.73779296875,600.534912109375,665.1571044921875
882,29.399925190839696,826.80712890625,417.3015441894531,842.3492431640625,418.6340026855469,832.1074829101562,404.5718994140625,848.4501342773438,424.4861755371094,819.9658203125,384.37615966796875,805.744384765625,451.6434326171875,776.51318359375,360.8788146972656,819.46826171875,518.652099609375,760.59228515625,279.4358825683594,832.3037109375,569.9470825195312,763.9432373046875,217.08657836914062,699.6557006835938,474.90960693359375,666.7268676757812,440.5357971191406,751.9805297851562,572.0441284179688,645.6455688476562,558.43798828125,771.2395629882812,642.45751953125,612.5709838867188,659.6323852539062
883,29.433258439355384,826.841552734375,416.6426696777344,841.6410522460938,417.4598693847656,833.0333251953125,403.12139892578125,845.9343872070312,423.1037292480469,822.617431640625,381.3768310546875,799.4224243164062,450.0868835449219,774.5944213867188,359.69818115234375,817.480712890625,527.966064453125,760.1790161132812,269.1839599609375,831.7169799804688,586.77197265625,754.5794067382812,193.79428100585938,697.5635986328125,468.986328125,665.0399169921875,436.61126708984375,756.1130981445312,577.0820922851562,630.801025390625,560.3853759765625,779.7007446289062,654.8446044921875,598.8720703125,663.2000732421875
884,29.466591687871077,826.6329956054688,416.4742126464844,841.3427734375,417.35382080078125,832.8632202148438,403.00146484375,845.6103515625,423.45635986328125,822.7103881835938,381.6600341796875,799.3710327148438,451.15704345703125,774.9103393554688,360.2596740722656,817.4146118164062,529.0233764648438,760.86181640625,269.4029541015625,832.0095825195312,586.3859252929688,755.528564453125,194.56471252441406,697.9219970703125,471.1453552246094,665.6870727539062,438.5630798339844,756.1018676757812,577.1353149414062,631.5060424804688,560.1412963867188,779.3355102539062,655.2877807617188,599.53466796875,663.5089111328125
885,29.49992493638677,825.6835327148438,416.6143493652344,840.8689575195312,417.6640625,832.0243530273438,402.9800109863281,845.5252075195312,424.7403259277344,822.1801147460938,381.9744567871094,797.71484375,453.38421630859375,775.5556030273438,361.37060546875,817.0861206054688,530.9678344726562,761.433837890625,270.259033203125,831.85009765625,587.7290649414062,754.9754028320312,195.86260986328125,696.5380249023438,469.7144775390625,665.701904296875,436.7803039550781,755.8510131835938,576.666259765625,631.3527221679688,560.1403198242188,779.0103149414062,655.4100952148438,598.6209716796875,665.3876953125
886,29.53325818490246,825.64111328125,416.76458740234375,841.0748291015625,417.9842529296875,832.0885620117188,402.867431640625,845.7227172851562,425.4732360839844,822.10400390625,381.6954650878906,797.7855224609375,455.0699768066406,775.063232421875,361.9743347167969,816.8143310546875,532.5531616210938,761.2852783203125,270.49737548828125,831.9039306640625,587.9152221679688,754.3990478515625,195.71168518066406,696.8504028320312,474.0091552734375,665.7376098632812,440.4918212890625,755.7572021484375,577.8963623046875,630.7301025390625,559.9683227539062,778.3538818359375,656.7927856445312,598.4125366210938,665.0682983398438
887,29.56659143341815,825.6963500976562,418.3067932128906,840.1421508789062,419.0574645996094,831.8936157226562,404.8373718261719,843.9380493164062,424.8430480957031,821.8421020507812,383.2176208496094,797.7493286132812,452.90582275390625,774.5980834960938,361.30352783203125,818.13671875,532.3687133789062,761.0550537109375,270.4657287597656,832.4383544921875,590.9390258789062,753.6332397460938,195.2743682861328,695.8595581054688,471.4549255371094,664.4580688476562,438.6337585449219,755.3656616210938,577.6881103515625,630.2496337890625,561.1951293945312,780.0167236328125,654.6365966796875,597.9742431640625,663.875732421875
888,29.599924681933842,826.7477416992188,417.17425537109375,840.9678955078125,418.0584716796875,833.2496337890625,403.9694519042969,844.43212890625,424.94305419921875,823.3807983398438,383.57916259765625,798.011474609375,453.1383972167969,775.2743530273438,361.6361999511719,818.4630737304688,532.820556640625,760.2618408203125,271.431396484375,832.4304809570312,589.261474609375,753.6319580078125,196.72830200195312,695.582275390625,469.1478271484375,664.1760864257812,436.4837951660156,754.515380859375,576.9263305664062,629.0250244140625,561.407470703125,780.9329223632812,654.9561157226562,596.9044189453125,665.5632934570312
889,29.633257930449535,826.1974487304688,417.6554260253906,840.2333984375,418.5346984863281,832.6765747070312,404.6265563964844,843.78564453125,425.3173522949219,823.0689086914062,384.42864990234375,797.54931640625,452.50506591796875,776.02001953125,362.1443786621094,818.89794921875,531.0858154296875,761.1117553710938,271.7880859375,832.5574951171875,589.8773193359375,753.8240966796875,196.527099609375,695.9639892578125,465.7664794921875,665.306396484375,433.5158386230469,754.3616333007812,576.0694580078125,629.2061767578125,561.0972290039062,780.9130249023438,654.7042236328125,596.510498046875,665.1771850585938
890,29.666591178965223,826.9008178710938,417.4901428222656,841.0018310546875,418.3547668457031,833.2893676757812,404.38226318359375,844.2255249023438,425.02203369140625,823.4283447265625,384.00006103515625,797.697265625,452.006591796875,776.4660034179688,362.0140075683594,819.2844848632812,530.6724243164062,762.0846557617188,272.5057678222656,833.287841796875,590.579833984375,754.0242919921875,197.03033447265625,696.1012573242188,465.1961364746094,665.769287109375,433.0758361816406,755.4395751953125,575.4546508789062,630.8956298828125,560.4639892578125,780.7079467773438,653.5498657226562,598.100830078125,664.3099975585938
891,29.699924427480916,828.3841552734375,418.00323486328125,842.118408203125,418.8808288574219,834.7849731445312,404.8460693359375,843.9227294921875,425.2208557128906,824.213623046875,383.98077392578125,796.9751586914062,451.77435302734375,776.8884887695312,361.8211975097656,819.9484252929688,530.6217041015625,763.41015625,272.7002258300781,834.3211669921875,591.2212524414062,753.8928833007812,197.4605255126953,696.0750122070312,465.2403564453125,666.6939086914062,433.1897277832031,754.9576416015625,575.853759765625,631.8594970703125,561.08642578125,779.8016967773438,652.7798461914062,599.4483032226562,663.9423217773438
892,29.733257675996608,828.4421997070312,416.23846435546875,843.125244140625,417.32232666015625,834.8213500976562,402.4977111816406,846.2598876953125,424.3865966796875,824.1260375976562,381.37274169921875,798.7107543945312,452.51593017578125,776.9131469726562,360.6863098144531,819.4730834960938,531.825927734375,763.2090454101562,271.92840576171875,834.1883544921875,590.9746704101562,755.3283081054688,197.3358612060547,698.20458984375,467.0831298828125,667.6903076171875,434.00390625,755.9535522460938,576.1765747070312,631.0888671875,559.1576538085938,778.5706176757812,654.3733520507812,597.5372314453125,663.1639404296875
893,29.7665909245123,829.3558959960938,415.65399169921875,844.2034301757812,416.7458190917969,835.7012329101562,401.7696228027344,847.2129516601562,423.7327880859375,824.5546264648438,380.4734191894531,799.2361450195312,451.85467529296875,776.5770874023438,360.41845703125,818.9705200195312,530.33056640625,762.8175048828125,272.446533203125,833.4686279296875,587.4856567382812,755.4188232421875,197.97885131835938,698.2019653320312,468.3639221191406,667.0094604492188,435.3346862792969,756.832763671875,575.5540771484375,630.911865234375,557.7528686523438,779.190185546875,655.3048706054688,597.4318237304688,662.948974609375
894,29.79992417302799,830.023681640625,415.05718994140625,845.0492553710938,416.06109619140625,836.097900390625,401.0354919433594,848.2000122070312,423.46875,824.6709594726562,380.0568542480469,799.14990234375,452.64898681640625,777.4482421875,359.9792785644531,818.9700927734375,531.7166137695312,763.2797241210938,270.279296875,834.4258422851562,590.3408813476562,755.5756225585938,196.15745544433594,697.3521118164062,467.34222412109375,666.8405151367188,433.9284973144531,756.9347534179688,575.2758178710938,632.093505859375,557.4283447265625,778.8508911132812,654.2644653320312,597.3941040039062,661.9368896484375
895,29.83325742154368,830.0386352539062,414.90899658203125,845.216552734375,416.0043640136719,836.1879272460938,400.8177185058594,848.629638671875,423.4544372558594,824.8609008789062,379.6883850097656,799.1867065429688,452.5496520996094,777.7984619140625,359.9220275878906,817.854736328125,530.939208984375,762.9217529296875,270.6433410644531,833.60986328125,589.2838134765625,755.24658203125,197.2464599609375,698.20458984375,467.2218017578125,667.9144287109375,433.7473449707031,756.5924072265625,576.0745239257812,631.8775634765625,557.8133544921875,777.8583374023438,655.746337890625,596.781982421875,662.8020629882812
896,29.866590670059374,829.7955322265625,415.28546142578125,844.8252563476562,416.256591796875,835.75146484375,401.3739013671875,848.4005737304688,423.4278259277344,824.2329711914062,380.3453369140625,799.557861328125,452.4722900390625,777.1621704101562,360.13763427734375,818.6226196289062,531.1092529296875,762.3075561523438,270.3077087402344,833.8717651367188,589.6435546875,755.1243896484375,196.78463745117188,698.3370361328125,467.2806091308594,667.3871459960938,434.0016784667969,756.2894897460938,576.6193237304688,631.5429077148438,558.92041015625,778.3765869140625,655.72265625,597.0253295898438,663.3029174804688
897,29.899923918575062,830.5894165039062,415.21142578125,845.5255737304688,416.0876770019531,836.4808959960938,401.32958984375,848.5912475585938,423.4297790527344,824.623291015625,380.59307861328125,799.2333984375,452.6824645996094,777.3361206054688,360.60205078125,819.325439453125,531.9336547851562,762.5130004882812,271.7892150878906,835.330078125,590.3729858398438,755.3846435546875,198.42398071289062,697.357177734375,466.13690185546875,666.6516723632812,433.06085205078125,756.3878784179688,576.59765625,631.5460815429688,559.6618041992188,778.8789672851562,655.5553588867188,596.5645751953125,664.426513671875
898,29.933257167090755,832.3858642578125,415.30450439453125,847.198974609375,416.3368225097656,838.4424438476562,401.4074401855469,849.2490234375,423.9600524902344,825.8632202148438,380.6333312988281,799.01708984375,453.6107177734375,777.3778076171875,360.8605041503906,819.215576171875,532.7996215820312,762.21875,271.79144287109375,834.9859619140625,589.4957275390625,755.4544067382812,199.10067749023438,696.7830810546875,467.6712951660156,666.2792358398438,434.398681640625,755.4783325195312,576.2212524414062,631.42822265625,559.3652954101562,777.5684814453125,655.792724609375,596.8153686523438,665.4699096679688
899,29.966590415606447,833.7133178710938,415.8439025878906,848.0386962890625,416.6044616699219,839.5100708007812,402.0928039550781,849.109619140625,423.3605041503906,826.0875244140625,381.0091552734375,798.9114990234375,452.71466064453125,776.99755859375,360.6246337890625,819.764892578125,532.8418579101562,762.2059326171875,271.74774169921875,835.2979736328125,590.5516967773438,755.3695068359375,199.1081085205078,695.883056640625,467.8013610839844,665.1923828125,434.97216796875,755.8053588867188,576.2694702148438,632.0618286132812,560.480224609375,778.4915771484375,654.7459716796875,597.4190673828125,665.7219848632812
900,29.99992366412214,833.818603515625,416.1581115722656,848.0855712890625,416.7586975097656,839.4191284179688,402.37396240234375,849.0306396484375,423.326171875,825.6478881835938,381.2898864746094,798.8749389648438,452.9455261230469,776.7945556640625,361.3120422363281,819.4391479492188,533.1600952148438,762.4950561523438,272.71136474609375,835.3467407226562,591.9957885742188,754.8659057617188,199.7024383544922,696.0533447265625,469.34027099609375,665.2825317382812,436.603759765625,755.17919921875,576.5509643554688,631.2386474609375,560.4376220703125,778.6060180664062,655.0200805664062,597.2351684570312,664.9449462890625
901,30.033256912637828,835.3466186523438,417.9312438964844,848.7421264648438,418.3776550292969,841.0948486328125,404.6235046386719,848.23046875,423.9543762207031,827.0899658203125,383.3867492675781,798.5333251953125,451.5748596191406,776.9849853515625,361.5712890625,819.60400390625,531.2369384765625,762.0606689453125,272.89654541015625,834.36279296875,589.1619262695312,754.0244750976562,200.03208923339844,694.8224487304688,467.74078369140625,664.1807861328125,435.81005859375,754.3400268554688,576.3997802734375,630.2832641601562,561.806884765625,780.6112060546875,653.6546630859375,597.0704956054688,664.9871215820312
902,30.06659016115352,835.6131591796875,419.2690124511719,848.2711181640625,419.4932861328125,841.3671264648438,406.284912109375,846.8189697265625,423.9517822265625,827.4539794921875,384.67529296875,797.5531616210938,450.5924377441406,777.1902465820312,361.7521667480469,819.8024291992188,530.7459716796875,761.598388671875,272.8908386230469,835.08740234375,593.5517578125,752.2910766601562,200.65638732910156,693.2461547851562,467.1885070800781,663.4756469726562,435.8895263671875,754.02099609375,576.8561401367188,630.912841796875,563.8143310546875,780.8259887695312,652.9099731445312,596.7902221679688,665.6068115234375
903,30.099923409669213,835.5609741210938,420.74365234375,847.4203491210938,420.6910705566406,841.087158203125,408.0199279785156,845.3578491210938,424.3483581542969,827.1314697265625,386.31695556640625,797.0276489257812,450.0036926269531,777.7599487304688,361.833984375,820.2363891601562,530.2171020507812,762.8501586914062,272.203125,834.4811401367188,594.787353515625,751.4635009765625,201.10009765625,693.486328125,466.5435791015625,664.4500122070312,435.5700378417969,753.593994140625,576.30517578125,631.3793334960938,564.2525634765625,780.8621826171875,652.4411010742188,596.3563232421875,665.90673828125
904,30.1332566581849,835.6564331054688,419.7813415527344,847.938232421875,420.0088806152344,841.3350219726562,406.7973327636719,846.06640625,424.45306396484375,827.1888427734375,385.30413818359375,797.6658325195312,451.206298828125,777.237060546875,363.10675048828125,819.64404296875,530.6896362304688,762.8152465820312,274.9589538574219,834.4152221679688,593.0253295898438,752.9783325195312,202.261962890625,695.0487670898438,469.9980163574219,665.4576416015625,438.8291015625,754.27978515625,577.2694702148438,632.1087646484375,563.6774291992188,779.2964477539062,653.82666015625,597.5448608398438,665.1908569335938
905,30.166589906700594,835.103515625,419.7525939941406,847.5728149414062,420.1978454589844,841.0465698242188,406.6740417480469,846.0670776367188,425.01617431640625,827.5550537109375,384.98663330078125,797.829345703125,451.9784851074219,777.7982177734375,362.4898986816406,819.88916015625,531.6002197265625,763.3804931640625,274.0760803222656,834.2017822265625,593.3482055664062,753.27880859375,203.7553253173828,695.9435424804688,470.44500732421875,666.6000366210938,438.6260681152344,754.0083618164062,578.1387939453125,631.4741821289062,563.68310546875,779.5285034179688,654.466064453125,597.3133544921875,665.29443359375
906,30.199923155216286,835.439208984375,421.20867919921875,847.3068237304688,421.3800354003906,841.1394653320312,408.3361511230469,844.5994262695312,425.4068603515625,826.8419189453125,386.4852600097656,796.3413696289062,451.3582763671875,777.0670776367188,363.06170654296875,820.1610107421875,530.7084350585938,764.4099731445312,273.2052001953125,834.4462890625,594.669921875,753.0806884765625,200.89892578125,694.0715942382812,470.7555236816406,665.22314453125,439.69097900390625,753.9559936523438,577.5711059570312,632.5943603515625,564.7351684570312,780.3917846679688,653.1531982421875,599.2089233398438,665.5748901367188
907,30.233256403731975,834.58935546875,420.6393737792969,846.591796875,420.8177795410156,840.2996826171875,407.6774597167969,844.4107666015625,425.0174865722656,826.3997802734375,385.8574523925781,796.8493041992188,451.5040588378906,776.7994995117188,362.6649169921875,820.6072387695312,531.4414672851562,764.7088012695312,273.5184631347656,834.274169921875,594.4291381835938,753.9627685546875,202.63568115234375,694.775390625,471.923583984375,665.3622436523438,440.5397033691406,754.3510131835938,578.0335693359375,631.8533325195312,564.6751708984375,780.9064331054688,653.7639770507812,598.3883666992188,665.88671875
908,30.266589652247667,835.1810913085938,420.5487060546875,847.2099609375,420.8294372558594,841.0309448242188,407.55157470703125,844.8961791992188,425.2814636230469,827.2816162109375,385.705078125,796.2473754882812,451.62518310546875,777.7060546875,361.7039489746094,820.6309814453125,532.2320556640625,765.1950073242188,272.53558349609375,834.0778198242188,595.2769775390625,754.1525268554688,203.24310302734375,693.1483764648438,468.7666015625,664.5469970703125,437.04644775390625,754.20654296875,578.2127075195312,631.7305297851562,565.2142944335938,780.9326782226562,653.4249267578125,597.1607666015625,666.764892578125
909,30.29992290076336,835.0245361328125,420.7813720703125,846.8551025390625,421.0801086425781,840.9367065429688,407.8766174316406,844.1926879882812,425.6003112792969,827.3561401367188,386.3409729003906,796.8206176757812,452.0652160644531,777.4241943359375,363.293212890625,820.509033203125,532.7117919921875,765.3574829101562,275.6024475097656,834.6557006835938,596.335205078125,754.6690673828125,204.63844299316406,694.5910034179688,472.09600830078125,665.7527465820312,440.58807373046875,753.9400024414062,578.353515625,632.8523559570312,564.0376586914062,780.5005493164062,653.4879150390625,600.3997192382812,663.8552856445312
910,30.333256149279052,835.2101440429688,420.95977783203125,846.765380859375,421.2142639160156,841.0686645507812,408.2333679199219,843.8594970703125,425.7460021972656,827.7469482421875,386.9925537109375,796.6265258789062,451.7165832519531,778.4296875,363.07537841796875,820.381103515625,532.5609130859375,766.4759521484375,274.33648681640625,833.8140869140625,596.4749145507812,754.6290283203125,201.63973999023438,694.6207885742188,470.64398193359375,666.7030029296875,439.2734069824219,753.569580078125,578.2376098632812,634.8049926757812,564.2998657226562,780.1664428710938,652.9009399414062,603.188232421875,663.47265625
911,30.36658939779474,836.0877075195312,421.00030517578125,848.5836181640625,422.2303771972656,841.218505859375,409.0882263183594,847.9161376953125,427.5155029296875,825.78173828125,389.4224853515625,804.4105834960938,454.3315124511719,779.8536376953125,362.646728515625,823.0816040039062,525.2265014648438,765.395263671875,278.46173095703125,838.529052734375,585.6619873046875,766.4113159179688,213.76953125,697.408935546875,476.0242614746094,667.7108154296875,441.4869689941406,748.0951538085938,575.6489868164062,647.4744262695312,562.6834106445312,770.5846557617188,641.5985107421875,614.6610107421875,657.0845336914062
912,30.399922646310433,836.4103393554688,420.6076354980469,848.9166259765625,421.97607421875,841.4697875976562,408.6192321777344,848.2604370117188,427.9762878417969,825.889892578125,389.50762939453125,805.0025024414062,455.6797180175781,780.10302734375,363.4479675292969,822.6442260742188,525.7060546875,765.04541015625,278.63055419921875,837.302490234375,583.906494140625,765.566650390625,214.19863891601562,698.5911865234375,477.7496032714844,668.5001831054688,442.7955017089844,750.169921875,575.7894287109375,647.5205688476562,561.4136962890625,772.0829467773438,642.7460327148438,612.8397216796875,656.230224609375
913,30.433255894826125,837.1802978515625,422.5352478027344,848.7526245117188,423.25970458984375,841.9844970703125,411.0805969238281,846.813720703125,427.4131774902344,826.2026977539062,391.5632629394531,802.9781494140625,453.1010437011719,780.5811157226562,363.1955871582031,822.3613891601562,523.70703125,765.7407836914062,278.40875244140625,838.1107788085938,585.6882934570312,766.1607666015625,214.1313018798828,694.6748657226562,475.4485778808594,666.8806762695312,441.8375244140625,743.9525756835938,573.966064453125,650.44384765625,562.6412963867188,766.8396606445312,640.6959838867188,619.6698608398438,657.1193237304688
914,30.466589143341814,836.80029296875,420.5652160644531,848.9203491210938,421.4621276855469,841.56005859375,408.9403076171875,847.2543334960938,426.6578063964844,825.4403076171875,389.9448547363281,802.50146484375,453.70733642578125,779.95751953125,363.15606689453125,822.034423828125,524.5111083984375,765.6248168945312,278.69476318359375,837.6171264648438,585.459228515625,766.0863647460938,214.21694946289062,694.0671997070312,475.9024658203125,666.2205810546875,442.072021484375,743.7052001953125,574.2490234375,650.31201171875,562.857177734375,766.4539184570312,641.6768188476562,620.41748046875,658.7364501953125
915,30.499922391857506,835.7239990234375,420.4398193359375,848.0265502929688,421.35455322265625,840.2940063476562,408.68145751953125,847.2774658203125,426.803466796875,824.2774658203125,389.8623046875,803.5576782226562,454.19281005859375,779.03955078125,363.2012634277344,821.9049072265625,524.4528198242188,765.3027954101562,278.3423156738281,836.55810546875,584.1303100585938,765.6000366210938,214.3461456298828,695.8322143554688,476.0775146484375,666.06640625,441.83819580078125,748.178466796875,575.3825073242188,648.2018432617188,562.1712646484375,772.455810546875,641.48828125,616.3319091796875,655.8279418945312
916,30.5332556403732,835.0568237304688,419.4362487792969,847.2471923828125,420.55291748046875,839.6834106445312,407.8960876464844,846.1033325195312,426.3656005859375,824.0491333007812,389.50653076171875,802.234375,454.17828369140625,779.06103515625,363.1483459472656,822.0404052734375,524.7744140625,764.9417724609375,278.58392333984375,837.551025390625,585.3073120117188,765.3447265625,214.1645965576172,693.2689208984375,477.3748474121094,665.5775146484375,443.1756896972656,744.0824584960938,574.2123413085938,654.2985229492188,561.1327514648438,764.10693359375,641.021484375,625.4082641601562,655.5239868164062
917,30.56658888888889,834.2347412109375,419.6182861328125,847.4285278320312,420.8760070800781,838.8291625976562,407.6515808105469,848.2509765625,427.5411071777344,823.3377685546875,389.3858947753906,804.1980590820312,455.7970886230469,779.0693969726562,364.0500183105469,822.0419311523438,524.9376831054688,764.4381103515625,278.9956970214844,837.1558227539062,583.8458251953125,764.5631103515625,214.51275634765625,696.5087890625,474.8295593261719,666.1654663085938,440.0625915527344,749.5604248046875,574.6402587890625,646.4740600585938,560.4261474609375,772.6273193359375,641.8955078125,612.5585327148438,655.3568115234375
918,30.59992213740458,834.8179321289062,419.3685607910156,848.3071899414062,420.46923828125,839.1243286132812,407.1951599121094,849.2277221679688,427.2021484375,823.1326293945312,389.06341552734375,804.5972900390625,455.8962097167969,778.8395385742188,364.9776916503906,821.16259765625,524.0768432617188,764.6122436523438,280.6805725097656,836.6177978515625,584.2844848632812,764.3217163085938,215.82693481445312,695.8968505859375,476.0013427734375,665.3743896484375,441.3133544921875,749.4556884765625,576.2230224609375,647.3489379882812,560.582275390625,771.5062866210938,642.5715942382812,614.2899780273438,653.288818359375
919,30.633255385920272,834.2232055664062,421.25830078125,847.4068603515625,421.722900390625,838.3378295898438,409.1689758300781,847.5443725585938,426.37933349609375,821.908203125,389.677001953125,802.109619140625,453.66375732421875,777.9934692382812,364.67352294921875,820.5711669921875,521.9397583007812,765.0974731445312,280.6795654296875,837.775390625,585.2643432617188,764.5138549804688,216.24948120117188,693.4683837890625,475.9146423339844,664.6402587890625,442.46331787109375,745.58056640625,573.724853515625,650.1165161132812,560.619140625,768.9407348632812,640.45703125,621.8948364257812,654.3504638671875
920,30.666588634435964,833.56298828125,421.54254150390625,847.0026245117188,422.16912841796875,837.8196411132812,409.3338623046875,847.6033935546875,427.20916748046875,821.5524291992188,389.8299255371094,802.5149536132812,454.74969482421875,777.6610107421875,365.0191345214844,820.6499633789062,522.894775390625,764.6598510742188,280.6851501464844,837.9097900390625,584.0735473632812,764.7582397460938,215.61720275878906,694.9143676757812,475.4610290527344,665.3833618164062,441.65313720703125,746.349609375,573.7440795898438,648.1067504882812,560.1651000976562,770.4496459960938,640.8032836914062,619.199462890625,654.5354614257812
921,30.699921882951653,833.2727661132812,421.3268737792969,846.9478149414062,422.1917419433594,837.45751953125,408.82781982421875,848.0198364257812,427.8893127441406,821.2525024414062,389.50567626953125,803.9759521484375,456.6469421386719,777.3510131835938,365.7812805175781,820.8252563476562,524.0916137695312,764.2469482421875,280.96612548828125,838.2099609375,584.7282104492188,764.2120971679688,215.88681030273438,696.9747314453125,478.5625,666.23193359375,443.8597717285156,750.4301147460938,576.161376953125,648.7931518554688,559.3056030273438,772.5274658203125,642.0272216796875,617.4949951171875,651.05322265625
922,30.733255131467345,834.8176879882812,421.0701599121094,848.4133911132812,422.1519470214844,839.3265380859375,408.72918701171875,848.801025390625,428.3922119140625,822.7947387695312,389.8059387207031,804.5243530273438,457.0726318359375,777.4566040039062,366.7241516113281,820.8283081054688,523.6400146484375,763.6549072265625,282.10418701171875,837.4476318359375,581.87451171875,764.0881958007812,216.64141845703125,697.7515869140625,480.1216735839844,666.4855346679688,445.65411376953125,749.3914794921875,576.24169921875,645.9559936523438,559.8561401367188,773.8314208984375,642.9705200195312,616.1130981445312,652.5325927734375
923,30.766588379983038,834.712890625,420.3548583984375,848.11572265625,421.5661926269531,839.2810668945312,408.19854736328125,848.467041015625,428.05035400390625,822.919677734375,389.56243896484375,804.773681640625,456.889404296875,777.2767944335938,365.83111572265625,821.9842529296875,525.0672607421875,763.3263549804688,281.0655517578125,839.4201049804688,584.7837524414062,764.5010986328125,215.72877502441406,697.9541015625,480.5879211425781,666.5209350585938,446.0298767089844,749.1410522460938,576.2774047851562,646.9847412109375,560.766845703125,772.9871826171875,642.3997192382812,617.3226318359375,653.390380859375
924,30.799921628498726,835.38134765625,418.8228454589844,848.9308471679688,420.2493896484375,839.878662109375,406.796142578125,849.205322265625,427.9753723144531,823.2364501953125,389.3421936035156,805.0452270507812,457.74591064453125,777.1934204101562,366.75555419921875,821.6854858398438,524.9785766601562,763.2277221679688,281.4521789550781,838.431640625,582.8455810546875,764.7405395507812,215.87034606933594,697.272216796875,481.95208740234375,665.5317993164062,447.4713439941406,749.6398315429688,577.3491821289062,647.2840576171875,562.1740112304688,772.544189453125,642.6893920898438,616.8604125976562,654.4002075195312
925,30.83325487701442,835.2747192382812,419.5088806152344,848.6256103515625,420.7658386230469,839.6636962890625,407.5216979980469,848.7537231445312,427.7992248535156,823.0875854492188,389.682861328125,804.4864501953125,456.6573486328125,777.4390258789062,366.15728759765625,821.968017578125,524.3572998046875,763.623779296875,281.4931335449219,838.8565063476562,582.9014282226562,764.7017211914062,215.9076690673828,696.2772216796875,480.17596435546875,665.3812866210938,445.9831848144531,748.6893920898438,576.8607177734375,649.8263549804688,562.3043212890625,770.5582885742188,641.5635375976562,620.0554809570312,653.9216918945312
926,30.86658812553011,834.8890380859375,418.9147644042969,848.15185546875,420.0039978027344,839.1754760742188,407.0216369628906,848.3829345703125,426.57574462890625,822.8236694335938,389.0558166503906,804.1226196289062,454.9430236816406,777.6506958007812,365.1455383300781,822.7308349609375,523.4332885742188,764.0745849609375,281.125,839.8064575195312,584.361572265625,764.9623413085938,215.51507568359375,695.3543701171875,479.5404968261719,665.1262817382812,445.7825012207031,747.3754272460938,577.3633422851562,651.8345336914062,564.091552734375,768.0719604492188,641.4896850585938,622.7476806640625,655.2838134765625
927,30.899921374045803,834.9276733398438,419.2345275878906,847.7656860351562,420.3204650878906,839.2460327148438,407.5177917480469,847.3296508789062,426.7210693359375,822.8442993164062,389.6709899902344,803.3257446289062,454.7703857421875,777.6994018554688,365.6912536621094,822.8536376953125,522.843017578125,764.3641357421875,281.45489501953125,839.5565795898438,584.2656860351562,765.154541015625,215.3751983642578,694.789306640625,480.3429260253906,665.2698364257812,446.9533996582031,746.6898193359375,577.9562377929688,652.9627685546875,565.6051025390625,766.3792114257812,641.5363159179688,623.2369384765625,656.1943969726562
928,30.933254622561492,835.1636352539062,419.1036682128906,847.9437866210938,419.25738525390625,840.3826293945312,406.0830993652344,845.8988647460938,425.7071838378906,825.4313354492188,386.6978454589844,796.52880859375,454.4263916015625,775.5903930664062,367.219482421875,818.7169799804688,532.486572265625,764.4227905273438,278.28369140625,834.2337036132812,595.200439453125,754.1535034179688,202.47804260253906,691.952392578125,475.5116882324219,661.962890625,444.6330261230469,753.8460693359375,580.1795654296875,632.0086059570312,565.8095703125,781.3505859375,654.0523681640625,601.2516479492188,663.2886352539062
929,30.966587871077184,834.4832763671875,419.4402160644531,847.4597778320312,419.62322998046875,839.6574096679688,406.3069763183594,846.0222778320312,426.183349609375,824.8162841796875,386.726318359375,795.9674072265625,455.0949401855469,775.8173828125,366.273681640625,818.7804565429688,533.7002563476562,764.09765625,275.6829528808594,834.0087890625,596.0936889648438,753.8988037109375,200.62770080566406,691.2737426757812,472.34649658203125,661.6436767578125,440.94683837890625,753.134033203125,579.8348999023438,630.676025390625,565.9649047851562,780.7404174804688,653.7539672851562,598.0358276367188,664.397705078125
930,30.999921119592877,835.1024169921875,418.7151184082031,848.5303955078125,419.3600158691406,840.4832763671875,405.32391357421875,846.9723510742188,427.46392822265625,825.1634521484375,386.4053039550781,796.2957153320312,457.51849365234375,775.6123046875,367.5927429199219,818.2841186523438,534.8598022460938,763.7723999023438,276.6377868652344,834.3096313476562,595.232666015625,755.0768432617188,201.1007843017578,692.7548217773438,474.9022521972656,662.8802490234375,442.8332824707031,753.6915893554688,579.1456298828125,631.4989624023438,563.03369140625,779.712646484375,654.5072631835938,599.5120849609375,662.1005249023438
931,31.033254368108565,835.274169921875,419.18304443359375,849.0647583007812,419.6499328613281,840.4541625976562,405.6288757324219,847.4024047851562,427.400146484375,824.4957275390625,386.2655334472656,795.1143798828125,457.22528076171875,775.2429809570312,367.59954833984375,818.4721069335938,535.1782836914062,764.85498046875,277.85565185546875,833.6209106445312,595.961669921875,755.8779907226562,202.81906127929688,689.9025268554688,472.9383239746094,660.7117309570312,441.2398986816406,752.5709228515625,577.4737548828125,632.773193359375,563.2608642578125,777.8518676757812,652.6327514648438,601.8771362304688,664.0947875976562
932,31.066587616624258,836.2103271484375,419.72100830078125,849.5437622070312,419.9632263183594,841.1237182617188,406.38006591796875,846.7747192382812,426.6016540527344,824.590576171875,386.5091552734375,793.5758666992188,455.1186828613281,775.5335693359375,366.5820007324219,818.5995483398438,533.5242309570312,766.0260620117188,277.0743103027344,833.7327270507812,597.4299926757812,755.66748046875,201.65968322753906,686.6799926757812,470.8491516113281,659.751220703125,439.8377990722656,749.8408203125,575.7864379882812,640.1614990234375,562.6261596679688,772.9598388671875,651.7399291992188,613.443359375,664.2267456054688
933,31.09992086513995,835.7614135742188,420.0742492675781,848.8176879882812,420.2827453613281,840.8150024414062,406.8026123046875,845.8731079101562,426.5540466308594,824.5272216796875,386.72320556640625,793.037353515625,454.44879150390625,775.496826171875,366.28155517578125,817.875732421875,532.7156372070312,765.44384765625,276.5674133300781,833.07861328125,597.3110961914062,754.6182250976562,200.7558135986328,687.1119995117188,469.5798645019531,659.8926391601562,438.7303466796875,751.7093505859375,576.126708984375,637.38525390625,563.3555908203125,776.092529296875,652.3706665039062,607.9348754882812,665.1903076171875
934,31.133254113655642,834.9422607421875,420.7121276855469,848.183837890625,420.9500732421875,839.9662475585938,407.0655822753906,845.7649536132812,426.8909912109375,823.59326171875,386.296875,793.8880615234375,455.08172607421875,774.798583984375,366.7253723144531,817.4682006835938,533.2615966796875,765.58349609375,277.5959777832031,832.773681640625,597.455810546875,755.2626342773438,200.77249145507812,689.7739868164062,472.8666687011719,661.2451782226562,441.69866943359375,755.0250854492188,576.7515869140625,636.0780029296875,562.8458862304688,776.3130493164062,653.2804565429688,602.6001586914062,664.82177734375
935,31.16658736217133,834.3703002929688,420.9991149902344,847.6234741210938,421.3239440917969,839.5674438476562,407.237548828125,845.8402709960938,426.1792297363281,824.1927490234375,385.23394775390625,794.8408203125,453.1557312011719,775.6162719726562,364.36529541015625,816.985595703125,531.9461059570312,765.61474609375,275.9319152832031,832.0953979492188,596.4200439453125,754.6497802734375,199.84983825683594,691.235107421875,471.3433532714844,662.8970336914062,439.8866271972656,756.222412109375,576.6497192382812,638.02685546875,561.832763671875,775.240966796875,652.0603637695312,603.5433349609375,662.6327514648438
936,31.199920610687023,833.7310791015625,421.7739562988281,846.6742553710938,421.8236083984375,838.7222290039062,408.1911315917969,844.7572021484375,425.9143981933594,823.365234375,385.9173278808594,793.8151245117188,452.27337646484375,775.5414428710938,363.5381774902344,816.8042602539062,531.6903076171875,766.4266357421875,274.77960205078125,831.6265869140625,596.3283081054688,755.4406127929688,199.9713592529297,689.8502197265625,469.3442687988281,662.0286254882812,437.97747802734375,754.6408081054688,574.5745239257812,637.4398803710938,559.9795532226562,776.5843505859375,651.4882202148438,604.6614379882812,662.0151977539062
937,31.233253859202716,833.8472290039062,421.3690490722656,847.0154418945312,421.5923767089844,838.8168334960938,407.88226318359375,845.3556518554688,425.72186279296875,823.6804809570312,385.6103820800781,793.9603881835938,451.3108825683594,775.7826538085938,362.7645568847656,817.115966796875,530.7921752929688,766.3182373046875,274.7886657714844,831.5006103515625,596.4730834960938,755.748779296875,200.1144561767578,688.6563720703125,466.1098327636719,662.1444702148438,434.9335021972656,752.5400390625,574.1722412109375,645.1107788085938,559.79248046875,770.0039672851562,650.0326538085938,616.0237426757812,661.3858642578125
938,31.266587107718404,833.4935302734375,421.62939453125,846.7537231445312,421.90631103515625,838.7365112304688,407.92071533203125,845.7066650390625,425.866943359375,824.082763671875,385.15740966796875,795.0196533203125,451.5705261230469,776.049072265625,362.3703918457031,816.8565063476562,531.2727661132812,765.6793823242188,274.43896484375,831.82763671875,596.0733032226562,756.1434936523438,199.67420959472656,691.3003540039062,466.0239562988281,662.947509765625,434.4158630371094,757.2722778320312,574.7958984375,638.3482666015625,559.8137817382812,776.3013916015625,651.1676635742188,602.8029174804688,661.9896240234375
939,31.299920356234097,833.552001953125,421.5426025390625,846.9844360351562,421.81585693359375,838.6908569335938,407.89447021484375,846.0173950195312,426.36871337890625,824.0027465820312,385.7763366699219,794.3411865234375,452.3675842285156,776.3575439453125,363.1580505371094,816.3635864257812,531.5592651367188,765.8450317382812,274.6863098144531,831.9225463867188,595.4147338867188,756.4940185546875,199.62359619140625,689.7758178710938,465.1114501953125,662.3162841796875,433.6695556640625,755.9479370117188,574.3551025390625,640.4976806640625,560.0824584960938,774.374755859375,650.8220825195312,606.0108642578125,662.8885498046875
940,31.33325360474979,834.1569213867188,421.1854553222656,847.63525390625,421.4593811035156,839.0277709960938,407.5033874511719,846.3773803710938,426.0143737792969,823.8474731445312,385.41802978515625,794.662841796875,452.3525695800781,776.0550537109375,363.2939453125,816.6559448242188,531.021728515625,766.3057250976562,273.99700927734375,832.6460571289062,596.1009521484375,756.434326171875,198.391845703125,689.3677368164062,467.98077392578125,662.5011596679688,436.62762451171875,754.549560546875,575.330322265625,645.8934936523438,560.5810546875,769.9849243164062,649.6298828125,614.2838134765625,660.69580078125
941,31.36658685326548,833.6597290039062,421.1148376464844,847.3157958984375,421.5296325683594,838.7944946289062,407.3385314941406,846.3250122070312,426.28131103515625,824.1846923828125,385.0905456542969,794.3090209960938,452.41851806640625,776.9242553710938,362.71905517578125,817.1448974609375,531.9703979492188,766.2435913085938,274.7652893066406,833.9905395507812,597.1197509765625,756.7804565429688,199.1260528564453,689.4716796875,463.9039306640625,663.4854125976562,432.1657409667969,753.2726440429688,573.744140625,645.345947265625,558.445556640625,768.52734375,649.9931640625,613.6631469726562,660.5473022460938
942,31.39992010178117,833.8713989257812,421.5889892578125,847.299560546875,421.8245849609375,838.6543579101562,407.84051513671875,845.903076171875,425.74188232421875,823.3688354492188,385.1700744628906,793.9862060546875,451.27587890625,776.2298583984375,362.673583984375,816.5020141601562,529.8153076171875,766.3179931640625,274.5440673828125,833.7141723632812,595.0759887695312,756.2587890625,198.55699157714844,689.473388671875,464.9906311035156,663.5509033203125,433.76177978515625,754.1575317382812,574.0005493164062,648.2832641601562,558.763671875,768.3866577148438,649.1122436523438,617.2188720703125,659.1776123046875
943,31.433253350296862,834.4381103515625,421.48736572265625,847.833740234375,421.7947692871094,839.3654174804688,407.67962646484375,845.9737548828125,425.8099365234375,823.55029296875,384.8824157714844,793.6013793945312,451.2915344238281,775.5929565429688,362.4887390136719,816.2998046875,529.5838012695312,765.7018432617188,274.51361083984375,833.10498046875,592.836669921875,756.354248046875,199.2152862548828,689.2412109375,465.188720703125,662.7952270507812,433.9298400878906,754.0380859375,573.8070068359375,645.9022216796875,558.9036865234375,769.27099609375,649.9502563476562,614.1000366210938,660.8515014648438
944,31.466586598812555,833.56494140625,422.475341796875,846.6409912109375,422.3557434082031,838.1812133789062,408.7530212402344,844.7854614257812,425.2754211425781,822.3338623046875,385.5763244628906,793.0250244140625,450.3450927734375,775.4888916015625,362.68206787109375,814.6963500976562,528.2681884765625,765.6904907226562,274.09039306640625,831.9927978515625,591.1069946289062,755.1082153320312,198.02691650390625,690.1378173828125,466.2012939453125,663.3045043945312,435.3839416503906,755.0033569335938,573.9033203125,641.949462890625,559.3531494140625,773.9869995117188,650.3980712890625,608.5172729492188,660.6941528320312
945,31.499919847328243,834.1464233398438,422.22418212890625,846.7645874023438,422.2879638671875,839.0430908203125,408.5414123535156,843.9893798828125,425.9618225097656,822.879638671875,385.85333251953125,792.3047485351562,451.7220458984375,775.7578735351562,363.4888000488281,814.9490356445312,529.1475830078125,765.1896362304688,274.1408386230469,831.9397583007812,591.2127075195312,754.3219604492188,198.82029724121094,691.2846069335938,466.2283935546875,664.6544189453125,435.1354064941406,755.3278198242188,574.5289916992188,638.6154174804688,560.0826416015625,775.3169555664062,651.0350341796875,601.935791015625,661.2296142578125
946,31.533253095843936,833.8259887695312,422.1944885253906,846.6427612304688,422.16668701171875,838.5845336914062,408.6951904296875,844.2081909179688,426.12451171875,822.5916137695312,386.60455322265625,792.0252075195312,451.62493896484375,775.7339477539062,364.1037902832031,815.0993041992188,528.8394775390625,765.56005859375,274.9206237792969,831.9669799804688,592.2808837890625,754.7772827148438,199.22535705566406,689.2060546875,464.18743896484375,662.7762451171875,433.41748046875,753.6012573242188,574.57861328125,638.43359375,560.7447509765625,774.980224609375,650.6552124023438,604.16015625,661.5623779296875
947,31.566586344359628,833.081298828125,421.3646240234375,846.409423828125,421.6950988769531,838.2247314453125,407.5930480957031,844.8922119140625,426.1286315917969,822.8696899414062,385.0758361816406,792.5537109375,451.55523681640625,775.6314086914062,362.47967529296875,815.8229370117188,528.2232055664062,765.3416748046875,273.2895202636719,831.6791381835938,589.6156005859375,755.6115112304688,199.90771484375,689.730224609375,462.7925109863281,662.60595703125,431.325439453125,755.231689453125,573.88037109375,637.1582641601562,559.3096313476562,775.5484008789062,651.691162109375,601.1845703125,662.9829711914062
948,31.599919592875317,832.4114990234375,421.2508850097656,846.0477905273438,421.905517578125,837.8619995117188,407.4027404785156,845.14892578125,427.195068359375,822.86328125,385.155029296875,793.53662109375,453.12982177734375,774.7278442382812,362.85369873046875,816.1541748046875,529.1582641601562,764.23291015625,272.2822570800781,831.8157958984375,590.3467407226562,755.5140380859375,199.06387329101562,690.8331298828125,465.18707275390625,662.3358154296875,433.0348815917969,754.9710083007812,575.3683471679688,634.263427734375,559.2789916992188,775.7243041992188,652.4417724609375,598.8309326171875,661.7205200195312
949,31.63325284139101,832.3571166992188,421.21466064453125,846.196044921875,421.8079833984375,837.6828002929688,407.30401611328125,845.0776977539062,427.6113586425781,822.3982543945312,385.55810546875,792.5213623046875,454.4219055175781,774.4562377929688,363.8762512207031,815.7630615234375,531.9121704101562,764.9520874023438,274.09417724609375,832.4495239257812,593.3486328125,757.5993041992188,199.13552856445312,688.6754760742188,464.6680908203125,660.787109375,432.5097961425781,754.18798828125,574.9630737304688,635.7659301757812,558.8985595703125,775.24951171875,651.583984375,601.860595703125,660.97216796875
950,31.6665860899067,832.1124877929688,420.7867126464844,846.1547241210938,421.634033203125,837.6546020507812,406.7361755371094,845.5357055664062,427.6826477050781,822.5587158203125,384.7471618652344,793.5882568359375,454.1873779296875,774.402587890625,363.1852722167969,815.528076171875,530.3576049804688,764.5188598632812,272.8248596191406,831.2246704101562,590.6229858398438,757.6008911132812,198.33724975585938,691.4202270507812,465.29931640625,662.7001953125,432.70709228515625,754.5653686523438,575.0728149414062,634.2201538085938,557.4878540039062,775.3775634765625,652.9523315429688,600.3058471679688,660.054931640625
951,31.699919338422394,831.9371337890625,420.9320983886719,846.1077270507812,421.8763122558594,837.5836181640625,406.8634948730469,845.5582885742188,428.27642822265625,822.4996948242188,384.9651184082031,792.9345092773438,455.1716003417969,774.0569458007812,363.28692626953125,815.1637573242188,531.0454711914062,764.1400146484375,272.1619873046875,831.1192626953125,589.4039916992188,757.7162475585938,199.3849334716797,690.217529296875,466.7080993652344,661.4932250976562,433.9141845703125,754.3261108398438,575.0659790039062,633.4080810546875,557.8595581054688,775.78662109375,653.9032592773438,599.21484375,662.246826171875
952,31.733252586938082,831.6848754882812,421.0606689453125,846.0458374023438,422.12335205078125,837.4283447265625,406.8431091308594,845.4447631835938,428.68780517578125,822.2274780273438,384.8321228027344,792.714599609375,455.89361572265625,773.5771484375,364.2471008300781,814.09423828125,530.99365234375,763.8980712890625,273.4090576171875,830.7463989257812,588.6884765625,757.7635498046875,199.6016387939453,690.94091796875,469.52294921875,662.1266479492188,436.7469787597656,754.7471313476562,575.6985473632812,633.6644897460938,557.8489990234375,775.18994140625,654.7526245117188,599.6076049804688,662.0767211914062
953,31.766585835453775,831.0357055664062,421.1356506347656,845.4450073242188,422.209228515625,836.908203125,407.0693664550781,845.3363037109375,428.4266357421875,822.2211303710938,384.8531799316406,792.9118041992188,454.59375,773.656982421875,363.4993896484375,813.6024169921875,528.97265625,763.5399169921875,272.837646484375,829.6192016601562,585.6586303710938,757.6253662109375,199.9467315673828,691.4364013671875,467.83154296875,662.4420166015625,435.2731628417969,753.359375,574.1083984375,632.0249633789062,556.670166015625,775.271728515625,654.3363037109375,599.2010498046875,662.2088623046875
954,31.799919083969467,830.8948364257812,421.0346374511719,845.4459228515625,422.0733947753906,836.6292724609375,406.8362121582031,845.5272216796875,428.4383544921875,821.716796875,384.6730041503906,792.88916015625,454.95440673828125,773.5010375976562,363.4980163574219,813.3252563476562,529.4720458984375,763.6775512695312,272.2318420410156,829.5947265625,587.247802734375,757.9666137695312,198.4492645263672,691.5466918945312,467.836181640625,662.4492797851562,435.0766296386719,753.8515625,574.0848999023438,632.4429321289062,555.9535522460938,775.1312866210938,655.122802734375,599.35107421875,661.837646484375
955,31.833252332485156,831.0604248046875,421.03680419921875,845.5968017578125,422.06280517578125,836.8294677734375,406.8987731933594,845.5927734375,428.42877197265625,822.0059204101562,384.7871398925781,793.1277465820312,455.01995849609375,773.6448974609375,363.88519287109375,813.5563354492188,529.263671875,763.9738159179688,272.697021484375,829.8994140625,587.3941650390625,757.913330078125,198.8941650390625,691.7078247070312,468.9582824707031,662.55859375,436.2518310546875,753.2150268554688,575.017333984375,631.7047729492188,556.5780029296875,775.6612548828125,655.6593627929688,599.907958984375,661.597900390625
956,31.866585581000848,831.5973510742188,420.77630615234375,846.310791015625,421.8822326660156,837.4300537109375,406.531494140625,846.4304809570312,428.3824768066406,822.4459228515625,384.3035888671875,793.9174194335938,454.95721435546875,773.4810180664062,363.3813781738281,813.0969848632812,529.5784301757812,763.783203125,273.23272705078125,828.9498901367188,586.2257690429688,758.5194091796875,199.8472442626953,692.3345947265625,468.4405822753906,662.5191040039062,435.3571472167969,752.70361328125,574.7628784179688,630.6358642578125,555.0462036132812,775.0328979492188,655.795166015625,599.7828369140625,660.3264770507812
957,31.89991882951654,831.6588745117188,420.54901123046875,846.2166748046875,421.7245178222656,837.5057373046875,406.2043762207031,846.137939453125,428.146728515625,822.5619506835938,383.7518310546875,794.2210693359375,454.8734436035156,773.6400756835938,362.9573669433594,813.719482421875,529.8529663085938,764.3142700195312,272.71832275390625,829.7296752929688,588.33935546875,758.2271728515625,199.28469848632812,693.2442626953125,469.54736328125,663.5087890625,436.24432373046875,754.2474975585938,575.716796875,632.108154296875,555.36279296875,774.7724609375,655.5798950195312,600.0155029296875,659.1079711914062
958,31.933252078032233,831.6884765625,420.1573486328125,846.1853637695312,421.28662109375,837.4622192382812,406.0757141113281,846.2269897460938,428.19097900390625,822.6213989257812,384.41522216796875,793.5180053710938,455.05010986328125,774.50634765625,363.59381103515625,813.759765625,528.951171875,763.982177734375,271.7178039550781,829.1370849609375,587.8594970703125,757.552734375,199.3151092529297,692.4635620117188,467.0774841308594,663.58203125,434.2513122558594,753.17236328125,576.51220703125,631.3101806640625,558.5357055664062,775.01171875,655.5882568359375,597.759033203125,662.2696533203125
959,31.96658532654792,831.4785766601562,420.11077880859375,846.0315551757812,421.4518737792969,837.4898071289062,406.0160827636719,845.9603881835938,428.67462158203125,822.7061157226562,384.3948669433594,793.6814575195312,455.16912841796875,773.7925415039062,363.9764709472656,814.1088256835938,528.004150390625,763.7791748046875,272.73345947265625,828.9698486328125,585.5817260742188,757.7662353515625,200.8022003173828,692.9147338867188,468.40380859375,663.4089965820312,435.5807800292969,753.6783447265625,576.9848022460938,630.7752075195312,558.6182861328125,774.9627075195312,656.5712280273438,597.6075439453125,662.9962768554688
960,31.999918575063614,831.4423828125,420.30145263671875,846.0060424804688,421.5032043457031,837.2037353515625,406.1180419921875,846.00048828125,428.5308532714844,821.98876953125,384.4054260253906,793.8272094726562,455.41168212890625,773.2730712890625,363.9091491699219,813.5247192382812,529.322998046875,763.78564453125,273.0915832519531,828.3011474609375,585.7802124023438,758.0166015625,200.61053466796875,693.24365234375,469.095947265625,663.3648681640625,436.1384582519531,753.5510864257812,576.1748657226562,631.0565185546875,557.439208984375,774.7596435546875,655.5419921875,598.40185546875,661.5625
961,32.033251823579306,831.3056640625,419.83074951171875,845.9108276367188,421.2688293457031,837.4163818359375,405.564453125,845.9443969726562,428.6524658203125,822.84814453125,383.8046569824219,793.8981323242188,455.9841003417969,773.954833984375,363.6495056152344,813.9683227539062,530.7196655273438,763.4035034179688,272.7196044921875,829.04052734375,588.700439453125,757.3707275390625,199.6546630859375,693.5550537109375,469.3259582519531,664.2454833984375,436.0724182128906,754.9494018554688,576.4783325195312,632.885009765625,557.7066650390625,773.8800048828125,655.4732055664062,598.5067138671875,661.8572998046875
962,32.066585072094995,830.7182006835938,419.7356872558594,845.275390625,421.06964111328125,836.728759765625,405.513671875,845.5081787109375,428.2141418457031,822.4251708984375,383.66522216796875,793.959228515625,455.465576171875,774.2880249023438,363.2137451171875,814.2310180664062,530.3947143554688,764.1095581054688,271.8316650390625,828.8154296875,588.7484130859375,757.5245361328125,198.9753875732422,694.3441162109375,468.9541320800781,665.2825927734375,435.7688903808594,754.8588256835938,576.6106567382812,633.2684326171875,558.10009765625,774.6865844726562,654.770263671875,599.4251098632812,661.3244018554688
963,32.09991832061069,830.1512451171875,420.22845458984375,844.8058471679688,421.48321533203125,835.8780517578125,406.1015625,845.5108642578125,428.94744873046875,821.1685791015625,384.79571533203125,793.7606201171875,456.3941345214844,773.2413330078125,364.1583251953125,814.1740112304688,530.4820556640625,763.1021728515625,271.5938415527344,828.0795288085938,587.9059448242188,756.8023681640625,199.19041442871094,693.2118530273438,469.2379150390625,663.4227905273438,436.0979919433594,753.7820434570312,576.20947265625,631.5568237304688,558.140869140625,774.4482421875,654.8792724609375,597.638916015625,661.8707275390625
964,32.13325156912638,829.1632080078125,421.41937255859375,843.4682006835938,422.38665771484375,834.5536499023438,407.3559875488281,844.0386352539062,428.8170471191406,819.7362060546875,385.6907653808594,793.0201416015625,455.4874267578125,773.026123046875,365.2078552246094,813.196533203125,528.7550048828125,763.6080932617188,272.9244079589844,827.7431640625,588.5046997070312,755.669189453125,198.74969482421875,694.0732421875,470.3358154296875,664.8246459960938,438.0030517578125,755.208984375,575.989990234375,633.7882690429688,558.7047729492188,773.9288330078125,654.553466796875,598.369384765625,661.70361328125
965,32.16658481764207,828.8048706054688,421.75360107421875,843.3425903320312,422.8560791015625,834.4185180664062,407.4701843261719,843.9345092773438,429.0356750488281,819.6161499023438,385.01336669921875,792.775146484375,455.3946838378906,772.190185546875,363.9195251464844,813.165283203125,529.9353637695312,763.5473022460938,272.2912902832031,828.0719604492188,588.3588256835938,756.7095336914062,197.06944274902344,693.3784790039062,469.3548583984375,663.7031860351562,436.4487609863281,754.7157592773438,575.869384765625,632.6680908203125,557.2743530273438,773.823974609375,654.5438842773438,598.6466064453125,660.534423828125
966,32.199918066157764,829.5087280273438,421.0130615234375,844.5741577148438,422.4063415527344,835.284423828125,406.6180725097656,845.4641723632812,430.0738525390625,820.05810546875,385.010498046875,793.0177612304688,457.2944030761719,772.0993041992188,365.14080810546875,812.8988037109375,531.1268310546875,763.10693359375,273.43597412109375,827.3820190429688,587.9994506835938,757.0973510742188,199.04672241210938,693.8076171875,470.1842346191406,663.6922607421875,437.1012878417969,754.6133422851562,575.3848876953125,631.6610717773438,557.2427368164062,773.294189453125,655.6569213867188,597.8034057617188,663.22021484375
967,32.23325131467345,828.3139038085938,422.10498046875,842.9522705078125,423.1006774902344,833.8805541992188,407.7915954589844,843.7361450195312,429.25152587890625,819.0994873046875,385.40283203125,792.5911865234375,455.832763671875,771.7361450195312,364.6590881347656,813.0020141601562,530.9074096679688,763.465087890625,273.774658203125,827.72998046875,588.4915771484375,756.6990356445312,197.874267578125,692.9175415039062,470.3686828613281,663.0921020507812,437.644287109375,754.2244262695312,575.56201171875,632.4320678710938,557.5785522460938,773.5081787109375,654.3771362304688,598.8848876953125,661.3862915039062
968,32.26658456318914,829.3914794921875,421.5063171386719,844.13671875,422.5306396484375,834.8773803710938,407.0482177734375,844.772705078125,428.71051025390625,819.3509521484375,384.39471435546875,793.2451782226562,455.57794189453125,771.5245361328125,363.7336730957031,813.24560546875,530.922607421875,763.3983154296875,272.93463134765625,827.1043090820312,588.1097412109375,756.9518432617188,198.90257263183594,693.9751586914062,470.8616027832031,663.5411987304688,437.8481750488281,754.1968383789062,575.5099487304688,631.87939453125,557.1229858398438,773.7472534179688,654.8195190429688,598.89306640625,661.6319580078125
969,32.29991781170484,827.7579956054688,421.9231262207031,842.3967895507812,422.8683776855469,833.2825927734375,407.59649658203125,843.49365234375,428.7908630371094,818.7689819335938,384.99383544921875,792.7767333984375,455.2809753417969,771.9924926757812,363.9323425292969,813.3564453125,530.5185546875,763.7282104492188,273.4092102050781,827.5260620117188,587.7683715820312,756.8954467773438,199.71188354492188,693.9806518554688,469.83062744140625,664.2435302734375,437.0563049316406,754.388671875,575.032958984375,632.7323608398438,557.2918090820312,774.1142578125,653.9728393554688,599.1829833984375,661.5626220703125
970,32.333251060220526,827.3663940429688,421.8460693359375,842.1185913085938,422.7470703125,832.8775024414062,407.59686279296875,843.5931396484375,428.8095703125,818.7130737304688,385.273193359375,792.6929931640625,455.1594543457031,772.27392578125,364.21728515625,813.6964721679688,530.0247802734375,763.5029296875,273.2244567871094,827.8457641601562,587.4366455078125,756.1100463867188,198.70846557617188,693.2376098632812,468.461669921875,663.7245483398438,435.9751892089844,754.1411743164062,575.8565673828125,632.6109008789062,559.2598266601562,773.9913330078125,653.8092651367188,598.4879760742188,662.9943237304688
971,32.366584308736215,827.1506958007812,422.0084228515625,841.721435546875,422.7161865234375,832.4559936523438,407.78948974609375,843.3114013671875,428.42205810546875,818.4442138671875,385.39007568359375,792.38671875,455.0384826660156,772.873291015625,363.60125732421875,813.9761352539062,531.09375,763.633544921875,272.29779052734375,827.6642456054688,588.3714599609375,755.43115234375,198.1456298828125,692.5973510742188,467.3309020996094,663.6451416015625,434.7476501464844,754.337646484375,575.6649780273438,633.3637084960938,559.5535278320312,774.8135986328125,653.9625244140625,598.162353515625,663.7620849609375
972,32.39991755725191,827.4971923828125,421.59503173828125,842.5140991210938,422.5110168457031,832.9383544921875,407.31744384765625,844.7560424804688,428.7012023925781,818.8555908203125,385.124267578125,794.0339965820312,454.9339294433594,772.5985717773438,364.2746887207031,813.733154296875,528.7755737304688,763.0554809570312,272.8176574707031,826.2332763671875,586.8843994140625,755.5596313476562,199.01939392089844,694.59912109375,468.8439025878906,664.3208618164062,436.2947998046875,754.3797607421875,576.1634521484375,631.811767578125,558.99462890625,774.3645629882812,655.5569458007812,597.7830200195312,663.4365844726562
973,32.4332508057676,828.0284423828125,421.748046875,842.9292602539062,422.73712158203125,833.6009521484375,407.4100646972656,844.3851928710938,428.8895568847656,819.288330078125,384.9923400878906,792.90380859375,455.1378479003906,772.5285034179688,364.4902648925781,812.8778686523438,528.55029296875,763.2946166992188,273.6390380859375,826.7293701171875,585.6774291992188,755.4046020507812,200.32521057128906,693.5121459960938,470.2300720214844,663.9158325195312,437.7529602050781,754.81884765625,576.2960205078125,632.55615234375,559.0535888671875,774.4697875976562,656.1172485351562,598.28271484375,664.24267578125
974,32.46658405428329,828.0542602539062,421.0456848144531,843.1727294921875,422.3420104980469,833.8802490234375,406.5831604003906,844.7597045898438,429.10308837890625,819.713623046875,384.1822509765625,793.5656127929688,455.6921081542969,772.3397216796875,363.86175537109375,813.2451171875,529.3177490234375,763.281494140625,272.7423095703125,826.5437622070312,585.7225952148438,756.4931640625,199.0232696533203,694.1231079101562,470.4118347167969,664.0675659179688,437.2263488769531,754.1900634765625,576.5625610351562,631.975830078125,557.513427734375,773.1306762695312,656.1419067382812,598.6031494140625,661.9160766601562
975,32.499917302798984,828.5305786132812,420.62957763671875,843.6581420898438,422.1236267089844,834.642333984375,406.13330078125,844.8795776367188,429.09002685546875,820.54345703125,383.5408630371094,793.1174926757812,455.78216552734375,772.6251220703125,363.2142639160156,813.6549072265625,529.8912353515625,762.9743041992188,272.5088806152344,827.609375,585.6343994140625,756.517822265625,199.09469604492188,693.6537475585938,469.26495361328125,663.9990234375,435.8603820800781,754.3289184570312,576.92578125,631.673828125,558.0160522460938,773.250732421875,656.6868896484375,597.7333984375,663.2820434570312
976,32.53325055131467,828.338623046875,420.7925720214844,843.4647827148438,422.314453125,834.3906860351562,406.3148498535156,844.6443481445312,429.4353332519531,820.2058715820312,383.92999267578125,793.2025756835938,456.0707702636719,772.490234375,364.45196533203125,813.6744995117188,528.656005859375,763.4751586914062,273.38165283203125,828.0197143554688,585.5523071289062,756.0550537109375,199.06320190429688,694.4690551757812,471.5013732910156,664.8167724609375,438.39776611328125,754.7708740234375,577.0665893554688,632.3773193359375,558.0238647460938,772.55810546875,656.8004150390625,598.6370239257812,662.734130859375
977,32.56658379983036,828.862060546875,420.4607849121094,843.8048706054688,421.9333190917969,834.8027954101562,406.1666564941406,844.8408203125,429.51947021484375,820.66162109375,384.6724853515625,793.286865234375,456.3426208496094,773.3314819335938,365.5284118652344,813.2141723632812,528.3148803710938,763.4479370117188,274.3887939453125,827.8773803710938,585.483154296875,756.026123046875,199.60964965820312,694.4208374023438,470.19610595703125,665.258544921875,437.397216796875,754.4246215820312,577.6380004882812,632.7460327148438,558.8535766601562,772.8756103515625,656.2313232421875,598.4927368164062,661.5324096679688
978,32.59991704834606,828.5665893554688,420.9787902832031,843.4034423828125,422.2393798828125,834.3926391601562,406.67694091796875,844.2327270507812,429.4889221191406,820.3211669921875,385.0390625,792.2220458984375,456.5174255371094,773.6552734375,365.6976318359375,813.3001708984375,529.385498046875,763.7340698242188,274.7583312988281,828.7777709960938,588.2396850585938,755.3397827148438,200.38780212402344,693.096435546875,469.0635986328125,664.8989868164062,436.4256591796875,754.4041137695312,577.5225219726562,633.4693603515625,559.8016967773438,773.0455322265625,655.7808837890625,598.3941040039062,662.8950805664062
979,32.633250296861746,828.94580078125,421.2159423828125,843.5817260742188,422.4855651855469,834.8264770507812,406.973388671875,843.97412109375,429.740966796875,820.7288208007812,385.37841796875,791.80322265625,457.2242736816406,774.0650634765625,366.3613586425781,813.006591796875,530.1039428710938,763.9557495117188,275.4519348144531,829.1615600585938,588.159912109375,755.0609130859375,201.439453125,693.2482299804688,471.6023864746094,665.5872802734375,439.01995849609375,754.5097045898438,577.168212890625,633.931884765625,559.633056640625,773.581298828125,656.4435424804688,598.9539184570312,663.8004760742188
980,32.66658354537744,828.4945678710938,421.0602722167969,843.2457885742188,422.43658447265625,834.4766845703125,406.70062255859375,843.9607543945312,429.2909851074219,820.5241088867188,384.3424987792969,792.1851806640625,456.2494201660156,773.9973754882812,364.84710693359375,813.0621337890625,529.5330810546875,764.025390625,273.8446350097656,829.0406494140625,588.4639892578125,754.8375854492188,200.65798950195312,695.1541137695312,471.4018249511719,667.3237915039062,438.6473693847656,755.1190185546875,576.73046875,634.4822387695312,559.2835693359375,772.4190673828125,656.0352172851562,598.9530639648438,664.2122192382812
981,32.69991679389313,828.4541015625,421.0848083496094,843.0191650390625,422.3437805175781,834.3268432617188,406.9040222167969,843.5556640625,429.4190979003906,820.375244140625,385.1593017578125,791.8359375,456.8695983886719,773.714111328125,365.65179443359375,813.495361328125,529.9824829101562,763.8631591796875,273.6282043457031,829.6768798828125,589.2553100585938,755.0526733398438,200.55572509765625,693.4443969726562,472.3019714355469,665.5176391601562,439.7174987792969,755.1038818359375,577.4098510742188,634.135498046875,560.3023071289062,774.6456909179688,655.6346435546875,599.1032104492188,663.6117553710938
982,32.73325004240882,829.8143920898438,421.20391845703125,844.3057250976562,422.2236633300781,835.4053955078125,406.98382568359375,844.4818115234375,428.8408203125,820.6790161132812,385.2237854003906,792.5072631835938,456.06658935546875,773.3907470703125,365.96136474609375,813.0747680664062,528.9373168945312,763.785888671875,273.92303466796875,829.1317138671875,590.4580078125,754.6286010742188,199.62030029296875,692.5580444335938,473.1545104980469,664.00634765625,440.93585205078125,755.1555786132812,578.1668090820312,634.12158203125,560.8713989257812,774.8233642578125,655.2047729492188,599.5809326171875,661.9147338867188
983,32.766583290924515,830.9735107421875,421.1485290527344,845.377685546875,422.37640380859375,836.7117309570312,406.8440246582031,844.7049560546875,429.6580505371094,821.5235595703125,385.39508056640625,791.8487548828125,457.0526123046875,773.89697265625,366.6731262207031,812.673583984375,529.5128784179688,764.6476440429688,275.8244323730469,828.7703247070312,589.1261596679688,755.901123046875,201.8697052001953,692.2271118164062,472.37255859375,664.365478515625,439.923095703125,755.5253295898438,577.4719848632812,634.9686279296875,559.228515625,774.4844970703125,655.8177490234375,600.20068359375,661.4564208984375
984,32.799916539440204,830.0205078125,421.8232727050781,844.1097412109375,422.7623291015625,835.4981079101562,407.7396240234375,843.1053466796875,429.47467041015625,820.0252075195312,386.4570617675781,790.7041015625,456.379150390625,772.7488403320312,367.7784423828125,812.0621948242188,527.6433715820312,764.4664306640625,276.2800598144531,828.383544921875,586.791748046875,754.8688354492188,200.74624633789062,691.1857299804688,474.2875671386719,663.2994384765625,442.6882019042969,754.725341796875,576.8224487304688,634.4827270507812,559.7627563476562,775.779296875,655.247802734375,601.1146240234375,661.5059814453125
985,32.83324978795589,829.4979858398438,423.52294921875,843.9087524414062,424.5520935058594,833.672607421875,410.1872863769531,845.05810546875,430.76885986328125,816.2813110351562,390.33245849609375,797.5615234375,457.7921447753906,774.096435546875,369.0252380371094,816.2673950195312,517.7943115234375,766.2925415039062,282.626953125,834.3497924804688,580.0281372070312,764.6915283203125,216.71755981445312,692.9555053710938,480.7436828613281,663.47119140625,447.16778564453125,754.3786010742188,574.5341796875,647.9110717773438,560.0523071289062,769.9769287109375,645.1160278320312,609.0067749023438,658.0491943359375
986,32.86658303647159,830.41552734375,424.03790283203125,845.3118896484375,425.5043640136719,834.8858032226562,410.3797912597656,846.426513671875,432.62646484375,817.2906494140625,390.38323974609375,797.7429809570312,460.1287536621094,774.3952026367188,368.6220703125,815.757568359375,521.4298095703125,766.1802978515625,282.46771240234375,833.5318603515625,580.3065185546875,765.5224609375,216.72450256347656,691.9291381835938,479.4841613769531,662.5363159179688,444.6331787109375,754.333984375,574.9489135742188,648.58251953125,558.1775512695312,769.324951171875,646.645751953125,610.2271728515625,657.6895141601562
987,32.89991628498728,832.8739624023438,422.8502502441406,848.7565307617188,425.4546203613281,837.7230224609375,408.84735107421875,850.2369384765625,435.5908203125,819.4131469726562,389.9128723144531,800.18603515625,464.1137390136719,775.299560546875,369.4537353515625,815.4915771484375,524.432861328125,766.2280883789062,283.36688232421875,833.2066650390625,580.9111328125,764.5823974609375,218.7995147705078,694.4808959960938,481.46917724609375,663.7191162109375,444.7974548339844,756.3980102539062,575.7617797851562,646.5077514648438,555.0528564453125,767.8409423828125,648.6468505859375,606.26708984375,655.74560546875
988,32.933249533502966,833.4219970703125,423.6785888671875,849.1943359375,426.07794189453125,838.185302734375,409.5023498535156,850.4854125976562,435.5203857421875,819.470458984375,389.82135009765625,799.7962036132812,463.9850158691406,775.7570190429688,367.9898986816406,815.4319458007812,527.0059204101562,766.6921997070312,282.3826904296875,833.20849609375,584.193115234375,765.7366943359375,218.6682891845703,694.305908203125,478.1099853515625,664.1713256835938,441.0509033203125,755.379150390625,574.0882568359375,647.2652587890625,553.627197265625,768.1014404296875,647.5333862304688,607.6858520507812,655.3089599609375
989,32.96658278201866,831.821533203125,425.53692626953125,847.7112426757812,427.7545471191406,836.7064208984375,411.1633605957031,849.49658203125,435.8644104003906,818.5510864257812,390.15447998046875,799.73046875,463.0495910644531,774.9707641601562,368.00408935546875,815.0589599609375,524.9703369140625,767.64306640625,282.1495056152344,831.8300170898438,583.3527221679688,767.0573120117188,217.9214324951172,695.080810546875,480.377685546875,664.4965209960938,443.6318664550781,756.1732788085938,575.1713256835938,647.1134643554688,554.59130859375,768.2372436523438,648.3695068359375,608.171142578125,655.9317016601562
990,32.99991603053435,829.6487426757812,427.1387023925781,845.1889038085938,429.0390625,834.4989013671875,412.9176025390625,847.3521728515625,435.7747497558594,817.3417358398438,391.2944030761719,799.1604614257812,462.212646484375,774.14208984375,368.6530456542969,815.1783447265625,523.7078857421875,767.2496948242188,283.2442626953125,832.1024780273438,584.0413818359375,766.9882202148438,218.8641815185547,693.9833374023438,481.832763671875,663.485595703125,445.61767578125,756.4127807617188,575.7315063476562,648.4215698242188,555.2749633789062,768.0264282226562,647.8510131835938,609.6849365234375,654.7589111328125
991,33.03324927905004,829.1458129882812,428.25701904296875,844.8008422851562,429.7550354003906,833.6248779296875,414.0046081542969,847.512451171875,436.0469055175781,816.37353515625,392.47503662109375,799.9896240234375,462.9342346191406,773.93994140625,370.43072509765625,814.4782104492188,523.5885620117188,767.2421264648438,284.3293151855469,832.1642456054688,582.5845336914062,768.15966796875,218.9767608642578,696.0363159179688,484.167236328125,664.8056640625,448.40374755859375,756.8621215820312,576.0293579101562,647.677734375,555.7598266601562,770.22265625,647.9148559570312,609.446533203125,654.398681640625
992,33.066582527565735,831.1827392578125,427.5184020996094,846.6027221679688,429.2226257324219,835.5106201171875,413.3376770019531,848.1489868164062,436.84930419921875,817.0780639648438,392.9690246582031,799.6305541992188,464.9391174316406,773.9385986328125,370.9439392089844,814.9132690429688,526.536376953125,767.985595703125,283.6987609863281,832.44970703125,583.7655639648438,769.1923217773438,217.95883178710938,693.8978881835938,485.25604248046875,662.76318359375,448.9449768066406,755.8633422851562,577.912353515625,647.4281005859375,557.438720703125,769.4901733398438,647.6567993164062,608.5574340820312,654.0249633789062
993,33.099915776081424,830.9589233398438,427.42254638671875,846.4679565429688,429.13262939453125,835.2354125976562,413.248779296875,847.7841796875,437.3565673828125,816.5104370117188,393.49884033203125,798.8517456054688,466.2984313964844,773.2738037109375,372.3759765625,813.6781616210938,527.4721069335938,767.5892333984375,284.0994567871094,833.09130859375,584.9098510742188,769.4362182617188,217.5164031982422,693.6600952148438,489.57208251953125,662.3436889648438,453.49151611328125,756.0516357421875,579.0765380859375,646.1737060546875,559.5064697265625,770.377685546875,649.746826171875,606.7730712890625,657.437255859375
994,33.13324902459712,830.1043090820312,428.4996337890625,845.8715209960938,430.2722473144531,834.8020629882812,414.29095458984375,847.970458984375,437.54144287109375,816.972412109375,393.2541198730469,798.4127197265625,464.2633361816406,774.130126953125,370.54473876953125,814.6298828125,525.4049682617188,767.814453125,283.425048828125,833.32763671875,585.605712890625,769.8350830078125,218.22781372070312,693.1212768554688,481.1045227050781,662.7623291015625,445.13116455078125,754.49267578125,575.9409790039062,645.6954345703125,557.2550048828125,768.3515014648438,648.6571044921875,606.6492919921875,658.1888427734375
995,33.16658227311281,829.8277587890625,428.9873046875,845.4732666015625,430.72998046875,834.4623413085938,414.8147888183594,847.2825927734375,437.9622802734375,816.3704223632812,393.8744812011719,797.7337646484375,464.5602722167969,773.4461059570312,371.6692199707031,813.7529907226562,523.8446655273438,767.8728637695312,283.3768005371094,833.0574951171875,585.2109985351562,769.3767700195312,218.04344177246094,693.0610961914062,484.4681701660156,662.580078125,448.8692626953125,755.5126342773438,576.39013671875,645.7635498046875,557.8797607421875,768.8382568359375,649.17041015625,606.2134399414062,658.5364379882812
996,33.1999155216285,829.4454345703125,429.13818359375,844.883056640625,430.7238464355469,833.9217529296875,415.1779479980469,846.9108276367188,437.6310119628906,816.1473999023438,394.5243225097656,798.208984375,463.88665771484375,773.49755859375,372.2810363769531,813.5474243164062,522.2374877929688,767.9190063476562,283.4439392089844,832.2455444335938,584.7741088867188,769.7318115234375,217.4930877685547,693.2577514648438,485.29046630859375,662.5592041015625,450.1208190917969,755.0951538085938,576.6282348632812,645.8004760742188,558.2225952148438,768.1661376953125,648.5339965820312,606.2454833984375,656.9955444335938
997,33.23324877014419,829.2178955078125,429.0391540527344,844.7626342773438,430.78564453125,833.728759765625,414.85595703125,846.8232421875,438.0489807128906,815.9379272460938,394.1153259277344,798.7527465820312,465.3714294433594,773.1090698242188,371.89849853515625,814.0196533203125,525.76171875,767.7815551757812,283.77789306640625,832.0760498046875,585.4537353515625,770.382080078125,217.1768035888672,693.416748046875,486.32330322265625,662.3319091796875,450.17095947265625,755.2726440429688,577.5900268554688,646.9235229492188,557.07421875,767.4951782226562,649.2315063476562,607.7560424804688,655.2781982421875
998,33.26658201865988,828.6974487304688,428.52154541015625,844.20166015625,430.4187927246094,833.4788208007812,414.4505920410156,846.5520629882812,437.49920654296875,816.4259033203125,393.3218078613281,798.388671875,463.99517822265625,774.2822875976562,369.8906555175781,814.5625,525.2158813476562,768.2913818359375,282.598388671875,831.22119140625,585.0940551757812,770.3526611328125,217.3476104736328,693.4495849609375,479.9902038574219,663.4501342773438,443.47662353515625,753.7849731445312,574.6796875,647.0346069335938,553.6373291015625,767.1431274414062,649.016357421875,609.2543334960938,654.5509643554688
999,33.29991526717557,828.0303955078125,428.3915100097656,843.6416015625,429.9753723144531,832.6644287109375,414.198486328125,846.143798828125,436.5062561035156,815.7156982421875,392.85791015625,798.5531616210938,463.3831787109375,773.4287109375,370.8251037597656,813.5562744140625,523.6752319335938,768.1212768554688,284.0118103027344,832.0609130859375,584.5164184570312,769.572998046875,217.87619018554688,694.18310546875,485.3862609863281,663.6380615234375,449.4759826660156,753.9387817382812,575.3198852539062,646.618896484375,554.1530151367188,768.3429565429688,648.8799438476562,610.7328491210938,653.3557739257812
1000,33.33324851569127,828.6830444335938,427.93695068359375,844.3697509765625,429.4858093261719,833.563720703125,413.75732421875,846.6605224609375,435.6169738769531,816.598876953125,392.0137023925781,798.2811279296875,461.8897705078125,773.2481079101562,370.5534973144531,814.441650390625,521.7406616210938,767.5932006835938,284.5173645019531,832.0477294921875,583.5879516601562,769.4703369140625,218.8101043701172,692.9411010742188,485.38128662109375,662.3123779296875,450.3977966308594,755.2822265625,574.4456176757812,646.7883911132812,556.63671875,768.1724853515625,647.1422119140625,609.21923828125,657.3003540039062
1001,33.366581764206956,831.7088623046875,423.98760986328125,847.66748046875,426.9737243652344,836.6532592773438,409.8699035644531,849.0281372070312,437.71478271484375,818.5972900390625,391.2989501953125,801.607666015625,466.7273254394531,773.03662109375,373.20458984375,813.96533203125,523.7798461914062,768.3024291992188,285.91229248046875,833.170166015625,586.2034912109375,766.7354736328125,218.8607177734375,696.2915649414062,497.6221923828125,662.8985595703125,460.5242614746094,760.2694091796875,582.947265625,645.2515258789062,556.3947143554688,770.045166015625,652.2077026367188,607.25927734375,648.6884765625
1002,33.399915012722644,831.6423950195312,424.2601013183594,847.5946655273438,427.2367248535156,836.561279296875,410.07183837890625,849.0323486328125,437.6622314453125,818.301513671875,390.9662170410156,801.7757568359375,466.28448486328125,772.84814453125,371.82391357421875,814.6011962890625,523.7103271484375,768.2753295898438,283.7950439453125,833.13330078125,586.1193237304688,765.9430541992188,217.84046936035156,696.9668579101562,495.2867431640625,663.4225463867188,457.7481994628906,760.1349487304688,583.163818359375,645.348876953125,555.6406860351562,771.16943359375,651.6350708007812,608.7101440429688,646.8683471679688
1003,33.43324826123834,831.5287475585938,424.3058166503906,847.574951171875,427.33599853515625,836.5479736328125,410.1366882324219,849.0423583984375,437.7713623046875,818.3449096679688,390.8924865722656,801.4022827148438,465.9892883300781,772.7469482421875,371.454833984375,815.1358642578125,523.2213134765625,768.09130859375,283.3153381347656,833.5536499023438,586.5003662109375,765.2696533203125,218.21421813964844,696.3394165039062,494.11639404296875,662.972900390625,456.66680908203125,759.9207763671875,583.4255981445312,645.2357177734375,556.718017578125,771.379150390625,651.5038452148438,608.9894409179688,648.2951049804688
1004,33.46658150975403,830.8233032226562,423.7532958984375,846.9832153320312,426.8132629394531,835.974853515625,409.6371765136719,848.7730102539062,437.2088317871094,818.227294921875,390.3007507324219,800.6552124023438,465.0546569824219,773.2481689453125,370.8272399902344,815.4330444335938,522.6046142578125,767.9443359375,283.5971984863281,833.5123291015625,585.0416259765625,765.1072387695312,219.15286254882812,695.9924926757812,491.6248779296875,663.3944091796875,454.5794677734375,759.4635009765625,580.4225463867188,645.2236328125,556.1707153320312,769.5486450195312,650.3795166015625,607.0755004882812,651.64306640625
1005,33.49991475826972,831.0596923828125,423.8707580566406,846.934814453125,426.84857177734375,836.1727905273438,409.920654296875,848.3800659179688,436.9082946777344,818.084716796875,390.4453125,799.8848876953125,464.00390625,773.207763671875,369.8270263671875,816.5118408203125,522.0521850585938,767.886962890625,282.39947509765625,832.9491577148438,583.5311889648438,764.9622192382812,218.6568603515625,694.7776489257812,487.80108642578125,662.649658203125,451.03948974609375,758.119384765625,578.4392700195312,645.1363525390625,556.287841796875,768.3788452148438,648.0886840820312,606.4389038085938,652.7689819335938
1006,33.53324800678541,831.5427856445312,423.50555419921875,847.20751953125,426.0216064453125,836.6107788085938,409.6523742675781,848.5479736328125,434.9090576171875,818.6793823242188,389.6334228515625,799.7839965820312,462.1048583984375,773.5375366210938,368.7739562988281,816.8046875,522.2028198242188,767.0424194335938,282.4418029785156,832.8499145507812,583.6778564453125,764.5545043945312,218.6153564453125,693.6412353515625,486.6295166015625,661.8319091796875,450.6339416503906,756.748291015625,577.8800048828125,644.6528930664062,558.8390502929688,768.4152221679688,645.9933471679688,605.79150390625,655.3552856445312
1007,33.5665812553011,831.248779296875,422.81048583984375,846.8643188476562,425.5409240722656,836.40087890625,409.13201904296875,848.0796508789062,435.1202087402344,818.6542358398438,389.7174072265625,799.360595703125,462.7646179199219,773.7921142578125,369.44158935546875,817.2960205078125,522.7620849609375,767.3683471679688,283.8221130371094,832.8687744140625,581.7999267578125,764.5039672851562,220.23724365234375,693.5074462890625,486.2152404785156,662.2680053710938,450.2807922363281,756.1906127929688,577.018310546875,645.1889038085938,558.79150390625,767.15966796875,644.9453735351562,606.0217895507812,656.1298828125
1008,33.59991450381679,830.807373046875,422.842529296875,846.4347534179688,425.4215087890625,835.8364868164062,409.2217102050781,847.8533325195312,434.80792236328125,817.951171875,389.80426025390625,799.5770263671875,462.3565368652344,773.3501586914062,369.30035400390625,817.5615844726562,522.7576904296875,767.2903442382812,283.710693359375,832.7747802734375,581.8336181640625,764.3442993164062,219.67149353027344,694.4769897460938,485.3165283203125,662.762939453125,449.44976806640625,755.2493286132812,576.00146484375,643.7317504882812,557.518798828125,768.9306030273438,644.9866943359375,607.1000366210938,655.3711547851562
1009,33.63324775233249,830.7857666015625,422.4273681640625,846.363525390625,424.842529296875,835.5010986328125,408.7408142089844,847.58544921875,434.5287170410156,816.8812255859375,389.7373046875,798.9917602539062,463.0282897949219,773.1849975585938,369.7518005371094,816.7344970703125,523.828125,767.6967163085938,282.7953796386719,832.2152709960938,581.8923950195312,764.4808349609375,217.57228088378906,695.6766357421875,486.5625,664.1257934570312,450.8763122558594,756.04736328125,575.1395874023438,644.2849731445312,557.9090576171875,769.538330078125,645.1697387695312,606.2510986328125,657.5681762695312
1010,33.666581000848176,830.5206909179688,422.3495178222656,846.0525512695312,425.01824951171875,835.4589233398438,408.5892028808594,846.701416015625,435.2221984863281,816.7544555664062,389.8149719238281,798.3904418945312,464.41009521484375,771.9577026367188,370.8146057128906,816.09765625,524.68212890625,767.0404663085938,284.2621765136719,833.1118774414062,581.4140014648438,764.850341796875,218.62969970703125,694.8189086914062,491.0321044921875,662.9195556640625,455.0920104980469,756.8090209960938,575.732421875,644.71484375,557.0152587890625,769.8387451171875,646.3818969726562,607.37158203125,656.6419067382812
1011,33.69991424936387,829.5044555664062,423.5933532714844,845.0364379882812,425.9045104980469,834.579345703125,409.82257080078125,846.0816650390625,434.93560791015625,816.5337524414062,390.22149658203125,798.217529296875,463.82958984375,771.7238159179688,370.80645751953125,815.97705078125,524.8072509765625,766.0374145507812,285.4591369628906,832.6438598632812,581.5867309570312,764.6072998046875,221.26510620117188,694.7197875976562,489.8068542480469,662.951416015625,454.1362609863281,755.2709350585938,575.1441650390625,643.8272094726562,556.83349609375,771.8619384765625,647.4461059570312,609.3651123046875,658.1363525390625
1012,33.73324749787956,827.6229248046875,425.1849365234375,843.03564453125,426.78802490234375,832.7403564453125,411.2113952636719,844.510009765625,433.4031982421875,815.7727661132812,389.832763671875,797.0850219726562,461.7527770996094,771.1990966796875,369.5960998535156,815.443359375,523.680908203125,765.1915283203125,285.6617126464844,834.2686767578125,582.064208984375,765.1070556640625,223.39088439941406,692.7772216796875,488.8011474609375,661.747314453125,453.6356201171875,753.75732421875,575.22021484375,644.0897216796875,557.724853515625,772.881591796875,647.2903442382812,611.1312866210938,658.8637084960938
1013,33.76658074639525,827.5094604492188,426.4759521484375,842.7461547851562,427.7845764160156,832.6221923828125,412.5494079589844,844.2384033203125,432.97930908203125,815.7611694335938,390.1407775878906,796.2593994140625,459.8080139160156,771.4574584960938,368.2153625488281,815.3655395507812,522.5029907226562,764.2007446289062,285.0563049316406,835.6785278320312,582.2239990234375,765.1737060546875,223.14425659179688,691.7027587890625,483.34100341796875,661.463134765625,448.6200866699219,752.5558471679688,574.0894775390625,644.684326171875,557.8330688476562,772.1922607421875,647.0209350585938,611.4735717773438,660.0409545898438
1014,33.799913994910945,826.7280883789062,426.9414367675781,842.107177734375,428.32080078125,831.7197875976562,413.14617919921875,843.9204711914062,434.0466003417969,814.7489013671875,391.3185119628906,796.4108276367188,460.8363342285156,770.5336303710938,369.4409484863281,815.1864624023438,521.7213745117188,763.2088623046875,284.2378234863281,835.1536865234375,580.5138549804688,763.9091796875,221.4217987060547,692.3250122070312,484.230224609375,661.4398803710938,449.5402526855469,752.1610717773438,575.7645874023438,644.2140502929688,559.0068359375,772.72509765625,647.7245483398438,612.6138305664062,659.69482421875
1015,33.833247243426634,825.762451171875,426.1339111328125,841.5413818359375,427.74920654296875,831.08056640625,412.2256164550781,844.0819702148438,433.4297790527344,815.2021484375,389.9043884277344,795.7232055664062,459.4095764160156,771.1497802734375,367.156982421875,814.4855346679688,521.18505859375,762.6568603515625,283.24237060546875,836.029052734375,580.6460571289062,763.293212890625,221.29876708984375,690.2657470703125,480.2092590332031,660.470458984375,445.19744873046875,751.1678466796875,574.3010864257812,645.885498046875,557.33154296875,769.5835571289062,646.7146606445312,613.87060546875,659.10986328125
1016,33.86658049194232,825.6100463867188,426.7408142089844,841.1171875,428.1867980957031,831.0055541992188,413.02886962890625,843.1031494140625,433.6161804199219,815.229736328125,390.7103576660156,793.82861328125,459.77252197265625,771.56787109375,366.2389221191406,815.4967041015625,524.9583129882812,761.792236328125,282.0221862792969,837.1907348632812,583.29296875,763.4715576171875,219.48130798339844,687.076416015625,475.66766357421875,659.0101928710938,440.71319580078125,747.4898071289062,573.7361450195312,646.7332153320312,560.08935546875,767.6375732421875,645.91748046875,615.1513671875,664.0919189453125
1017,33.89991374045802,825.7791137695312,427.1425476074219,841.2074584960938,428.6191101074219,831.1935424804688,413.5627746582031,843.2628173828125,433.78143310546875,815.3502807617188,391.046875,794.28759765625,459.2093505859375,771.4188842773438,365.72528076171875,816.2462768554688,524.4354858398438,761.4889526367188,282.1816101074219,836.7819213867188,582.2959594726562,763.4004516601562,221.30386352539062,687.4711303710938,473.6460876464844,659.0382690429688,438.6103820800781,746.78173828125,572.8189086914062,646.4839477539062,558.5220947265625,768.7923583984375,645.6048583984375,617.2267456054688,662.551025390625
1018,33.93324698897371,825.7351684570312,427.5072326660156,841.0289306640625,428.69915771484375,831.00927734375,413.9984436035156,842.7818603515625,433.0302429199219,815.3095703125,391.12548828125,792.9239501953125,458.23358154296875,771.8690185546875,364.9147033691406,815.286376953125,524.654296875,761.1914672851562,280.9141540527344,837.6729736328125,583.3619384765625,763.3256225585938,219.18338012695312,684.78369140625,473.5901184082031,658.1321411132812,438.98724365234375,744.213623046875,572.035400390625,650.6885986328125,559.388671875,764.6336059570312,644.9527587890625,622.46435546875,664.2030029296875
1019,33.966580237489396,825.9746704101562,426.0130920410156,840.417724609375,426.2081604003906,831.2776489257812,412.0730895996094,840.0814819335938,429.4761047363281,816.3492431640625,388.2325439453125,786.487060546875,453.1746520996094,769.2274780273438,364.86663818359375,809.6060180664062,529.1347045898438,762.422607421875,276.2970275878906,829.9952392578125,587.7734985351562,756.5266723632812,201.03958129882812,683.6723022460938,467.0980224609375,656.5355224609375,436.4292907714844,749.8333129882812,572.0907592773438,635.70947265625,558.3568725585938,775.5003662109375,653.1802978515625,609.6192016601562,666.25
1020,33.99991348600509,826.1525268554688,428.37249755859375,841.175537109375,429.1302185058594,831.2083129882812,415.341796875,842.392333984375,432.0917053222656,815.568115234375,392.02093505859375,792.1747436523438,456.69091796875,772.3292846679688,364.6128234863281,815.5182495117188,524.5637817382812,761.6135864257812,280.7149658203125,835.2593383789062,583.1434936523438,763.4148559570312,219.01513671875,682.1227416992188,474.6059875488281,658.170654296875,440.866943359375,734.773193359375,570.2269897460938,658.4224853515625,559.6355590820312,755.6652221679688,643.1927490234375,641.6438598632812,664.936279296875
1021,34.03324673452078,826.0398559570312,427.9696044921875,841.0070190429688,428.55377197265625,830.714111328125,415.0523986816406,842.1005249023438,431.50885009765625,814.9050903320312,392.2620849609375,791.4108276367188,456.0958557128906,772.6192626953125,365.5382995605469,814.2432250976562,522.8359985351562,761.7996826171875,281.89288330078125,835.5322265625,583.2171020507812,763.0723266601562,219.44712829589844,681.419189453125,474.9487609863281,659.2926025390625,441.8267822265625,731.7634887695312,570.1029663085938,664.4509887695312,559.624755859375,748.6435546875,642.9854125976562,649.990234375,663.9696655273438
1022,34.06657998303647,826.9955444335938,425.7093505859375,841.5908203125,425.82171630859375,831.693115234375,412.1058349609375,840.2416381835938,427.82952880859375,816.0626220703125,387.5630798339844,784.0184326171875,451.0287780761719,769.2710571289062,363.5884094238281,809.5982666015625,529.934326171875,763.5422973632812,278.00457763671875,829.5802612304688,592.4365844726562,756.4017333984375,201.4307861328125,676.8221435546875,464.4136962890625,658.3458251953125,434.4358825683594,729.205322265625,571.8859252929688,667.896240234375,557.001708984375,745.3067016601562,651.555419921875,670.618896484375,661.553466796875
1023,34.099913231552165,827.2940063476562,427.6338195800781,842.62109375,428.6545715332031,832.3560791015625,414.1684265136719,843.5465698242188,432.6600341796875,815.96044921875,391.07708740234375,793.5869750976562,459.1259460449219,772.1365356445312,366.02569580078125,815.786376953125,527.1133422851562,762.3822631835938,282.7912292480469,833.1648559570312,581.7431640625,762.7807006835938,220.35397338867188,684.9037475585938,481.743408203125,659.901611328125,447.4580078125,738.9354858398438,570.224609375,660.3261108398438,558.52685546875,756.71826171875,642.4657592773438,642.1728515625,663.993408203125
1024,34.133246480067854,828.2474975585938,425.0660095214844,842.4139404296875,425.1409912109375,833.5780029296875,410.92486572265625,840.6963500976562,428.11932373046875,817.7371826171875,386.5838317871094,787.0487060546875,452.68426513671875,769.6341552734375,364.1044616699219,810.5679321289062,531.130859375,763.5469970703125,278.32843017578125,829.5143432617188,589.4254760742188,755.8770751953125,205.02381896972656,684.6288452148438,470.3594665527344,657.9046630859375,439.5276794433594,748.3715209960938,571.324951171875,636.870361328125,557.6730346679688,773.4478149414062,651.014404296875,612.960693359375,664.860107421875
1025,34.16657972858354,828.5247802734375,424.9012756347656,842.7396850585938,425.1705627441406,833.8323364257812,410.72320556640625,840.8154907226562,428.4719543457031,818.0313110351562,386.452392578125,786.7614135742188,453.2173156738281,770.1986083984375,363.833984375,810.8123779296875,532.5519409179688,764.3519897460938,278.05743408203125,829.50634765625,592.3427734375,756.3080444335938,203.7801513671875,683.5657958984375,470.5050354003906,658.9276733398438,439.3003234863281,744.59814453125,570.71484375,644.7520751953125,555.889892578125,765.19140625,650.2669067382812,625.3901977539062,662.2338256835938
1026,34.19991297709924,827.5537109375,426.1363830566406,842.7108154296875,427.51739501953125,832.915771484375,412.5718994140625,844.2405395507812,432.86065673828125,817.2164306640625,390.33355712890625,796.36572265625,460.7447509765625,773.1109619140625,365.599609375,816.8777465820312,529.6111450195312,762.4216918945312,281.4992980957031,831.6635131835938,583.4265747070312,763.2252197265625,219.6900177001953,688.7459106445312,480.7320861816406,660.6102294921875,445.12591552734375,745.9915161132812,571.1258544921875,649.8416748046875,558.2020263671875,763.8450317382812,642.4408569335938,619.8858642578125,663.6033935546875
1027,34.23324622561493,827.9571533203125,425.34393310546875,843.1511840820312,426.9157409667969,833.1768188476562,411.897216796875,844.9825439453125,433.4161071777344,817.0425415039062,390.7452087402344,797.1450805664062,461.3800354003906,773.397216796875,366.5704345703125,817.67138671875,528.8801879882812,762.9784545898438,282.48834228515625,832.27490234375,581.0009155273438,763.5381469726562,220.1417236328125,690.7774047851562,477.2230224609375,661.5445556640625,441.58050537109375,748.6233520507812,570.3330688476562,646.205078125,556.779296875,768.5330810546875,643.1810913085938,613.7561645507812,662.9005737304688
1028,34.26657947413062,828.2637329101562,424.38983154296875,842.7880249023438,425.05670166015625,833.835205078125,410.1372985839844,842.7609252929688,430.35870361328125,818.68603515625,387.3060302734375,789.6536865234375,456.0871276855469,771.2667236328125,365.9270324707031,811.2976684570312,531.1414794921875,762.9378051757812,277.3023986816406,828.21044921875,586.2199096679688,756.0279541015625,203.87850952148438,688.8512573242188,469.1585388183594,660.4984130859375,437.22271728515625,752.1181640625,571.2583618164062,631.8577270507812,555.5159912109375,775.0604858398438,652.7626953125,600.1721801757812,663.4837646484375
1029,34.29991272264631,829.0636596679688,423.2965393066406,843.6450805664062,424.2261047363281,834.721435546875,408.9511413574219,843.2839965820312,430.7118225097656,819.6452026367188,386.9391174316406,789.1741943359375,457.2103271484375,772.984130859375,366.7721252441406,810.7827758789062,531.9124755859375,764.3857421875,278.78839111328125,828.3721313476562,587.2224731445312,757.4192504882812,204.4203643798828,689.21826171875,466.73553466796875,662.3574829101562,434.59759521484375,753.4358520507812,571.2532958984375,634.3632202148438,554.7476806640625,774.343505859375,652.3934326171875,600.67138671875,661.8347778320312
1030,34.333245971162,828.5448608398438,425.0390625,842.8816528320312,425.7497253417969,833.9384155273438,410.75921630859375,842.7780151367188,430.8140563964844,818.9471435546875,387.747314453125,788.9401245117188,455.7813720703125,773.4802856445312,365.777099609375,810.7032470703125,530.4849853515625,765.0053100585938,277.4093017578125,828.3436279296875,586.4385986328125,757.5750122070312,203.73731994628906,689.6648559570312,464.42962646484375,663.2910766601562,432.59246826171875,753.8395385742188,571.3767700195312,635.5570678710938,555.7516479492188,774.1588745117188,652.6392211914062,600.2821655273438,663.0740356445312
1031,34.366579219677696,826.99267578125,426.63861083984375,841.7890014648438,427.46258544921875,832.5618286132812,411.9668273925781,842.1204223632812,432.2130432128906,817.7334594726562,388.0248107910156,788.1286010742188,456.886962890625,772.1356201171875,366.3288879394531,809.4068603515625,531.1144409179688,765.0946655273438,278.6584167480469,829.0629272460938,586.1516723632812,758.3286743164062,203.72158813476562,689.2685546875,466.9202880859375,662.5797729492188,434.6221618652344,753.8682250976562,571.29638671875,634.7921752929688,553.5484619140625,773.31640625,654.6480102539062,600.6613159179688,662.4139404296875
1032,34.399912468193385,827.4689331054688,427.2308044433594,842.2076416015625,428.1147766113281,833.0156860351562,412.5749816894531,842.2280883789062,432.8898620605469,817.7119750976562,388.74365234375,787.8164672851562,457.0816345214844,771.54345703125,367.10986328125,808.615234375,530.0031127929688,764.752685546875,278.9904479980469,828.9180297851562,585.4150390625,758.3580932617188,202.7945098876953,688.2875366210938,467.5338134765625,661.2492065429688,435.3849792480469,754.5775146484375,570.4859619140625,634.7573852539062,551.9503173828125,773.71728515625,654.8727416992188,600.6740112304688,660.8558349609375
1033,34.433245716709074,827.4974975585938,428.2977600097656,841.854736328125,429.0657043457031,832.9130249023438,413.6020202636719,841.25146484375,433.2261047363281,817.1713256835938,389.2859191894531,787.7517700195312,457.27447509765625,771.1577758789062,367.25177001953125,809.1185913085938,531.3673095703125,765.4844970703125,279.072265625,828.9446411132812,587.9253540039062,757.7373657226562,202.0537567138672,689.2523193359375,470.2721862792969,662.3111572265625,438.1089782714844,754.3878784179688,569.517822265625,635.9808959960938,551.010009765625,773.0408935546875,653.5625,602.6548461914062,659.2490234375
1034,34.46657896522477,829.537841796875,429.08868408203125,845.0986938476562,431.00225830078125,834.6646728515625,414.7904968261719,846.58203125,437.658203125,817.422119140625,392.5404968261719,797.0780639648438,464.2087707519531,774.6890869140625,368.59539794921875,816.5498046875,528.4390869140625,766.7623901367188,284.9544982910156,835.474609375,580.9207153320312,764.4456176757812,221.46774291992188,692.4445190429688,478.6251525878906,664.1459350585938,442.0110168457031,751.5984497070312,570.4684448242188,648.4833984375,552.224853515625,765.9833374023438,645.7684936523438,612.655517578125,658.3421020507812
1035,34.49991221374046,830.3703002929688,428.7319641113281,845.9432373046875,430.71966552734375,835.5389404296875,414.49176025390625,847.4054565429688,437.4905700683594,817.9625854492188,392.2453308105469,797.3500366210938,463.85394287109375,774.942626953125,367.9205017089844,816.6207885742188,529.3135986328125,766.4807739257812,284.9893493652344,834.7764282226562,582.6680297851562,764.0784301757812,221.83872985839844,692.9244995117188,476.04058837890625,664.3378295898438,439.4023742675781,751.7305297851562,570.5335693359375,646.8792724609375,553.1612548828125,766.8057861328125,646.1035766601562,610.3666381835938,660.3807983398438
1036,34.53324546225615,830.6586303710938,425.6890869140625,845.29541015625,427.1048889160156,836.7831420898438,410.96044921875,844.3649291992188,432.68865966796875,820.6558227539062,386.705322265625,789.8382568359375,457.8692626953125,771.887939453125,364.5606384277344,810.9505615234375,533.533203125,764.0933837890625,276.2976379394531,826.5968627929688,587.6824951171875,757.452880859375,205.96913146972656,691.2774658203125,470.29595947265625,662.9894409179688,436.9559326171875,754.6898193359375,572.3147583007812,633.0607299804688,553.83056640625,775.3005981445312,656.3118286132812,600.8182373046875,664.577392578125
1037,34.56657871077184,832.5361328125,423.35040283203125,847.4527587890625,424.763916015625,838.442626953125,408.50311279296875,846.9804077148438,431.3833312988281,821.9801025390625,385.20904541015625,791.9767456054688,457.8637390136719,773.14013671875,363.6526794433594,811.6802978515625,534.1686401367188,763.7225952148438,274.81201171875,826.2135620117188,588.6968994140625,758.0343017578125,204.92425537109375,692.244384765625,468.16815185546875,663.41748046875,434.3388977050781,754.9295043945312,571.8553466796875,633.701416015625,552.5852661132812,774.52392578125,655.6834106445312,600.2783813476562,662.67236328125
1038,34.59991195928753,833.8614501953125,422.56414794921875,848.96337890625,423.9781799316406,839.8064575195312,407.7370300292969,848.3667602539062,431.2760009765625,823.2890014648438,385.0502014160156,792.7825927734375,459.0849609375,774.0459594726562,365.1095275878906,812.0899658203125,534.3029174804688,763.7014770507812,275.46234130859375,827.3508911132812,588.686279296875,757.1907348632812,205.1687469482422,692.31494140625,471.4814453125,663.554443359375,437.7051086425781,754.401611328125,573.177978515625,632.6424560546875,554.0487670898438,774.207763671875,656.7376708984375,599.303466796875,664.0001831054688
1039,34.63324520780322,833.5203247070312,422.8645935058594,848.3125,424.2436218261719,839.5552978515625,408.2505798339844,847.5741577148438,430.40277099609375,823.2754516601562,384.7465515136719,792.8279418945312,456.8963623046875,773.6218872070312,363.86785888671875,812.9947509765625,531.826171875,763.342041015625,273.9280700683594,826.9264526367188,587.3519897460938,756.4984130859375,203.54660034179688,691.93310546875,470.4956359863281,662.9609985351562,437.1853332519531,753.9816284179688,574.1585693359375,632.289794921875,556.11865234375,774.12548828125,655.978271484375,599.05126953125,664.3806762695312
1040,34.666578456318916,834.1986694335938,422.3592529296875,849.1560668945312,423.6576232910156,840.12939453125,407.57666015625,848.4509887695312,429.7572326660156,823.611083984375,383.9248962402344,793.2994995117188,456.3793640136719,773.9331665039062,363.0326843261719,812.9384765625,531.7626342773438,763.908203125,272.60980224609375,827.4642333984375,589.682861328125,757.57470703125,202.1168670654297,691.7216796875,469.3072814941406,662.7200927734375,435.8396301269531,753.75390625,574.5463256835938,632.2510986328125,556.3142700195312,772.9918212890625,654.9226684570312,598.3097534179688,663.052978515625
1041,34.699911704834605,833.9409790039062,421.9906311035156,848.6224975585938,423.2010192871094,839.6683959960938,407.4899597167969,847.7278442382812,429.73931884765625,822.89990234375,384.7333068847656,792.78173828125,456.2174377441406,774.0518188476562,364.4106750488281,813.4683227539062,529.5328369140625,763.9845581054688,273.69720458984375,826.94921875,586.8292236328125,756.1858520507812,203.5494384765625,692.3041381835938,468.2651062011719,663.6690673828125,435.42352294921875,753.0136108398438,574.9196166992188,631.7615356445312,557.8175048828125,773.1654052734375,655.6073608398438,597.7398071289062,664.6106567382812
1042,34.733244953350294,832.9676513671875,423.2513122558594,848.5585327148438,424.8314514160156,838.0072631835938,409.61346435546875,850.3062744140625,431.25616455078125,820.57373046875,388.1052551269531,799.8209228515625,457.40606689453125,776.7772827148438,365.2490234375,818.3635864257812,520.23291015625,765.8470458984375,279.6749267578125,834.1974487304688,580.3814086914062,764.3208618164062,216.06027221679688,694.03759765625,470.60931396484375,664.9928588867188,435.9263916015625,750.4494018554688,571.5011596679688,644.818359375,558.556884765625,766.91162109375,642.0487060546875,608.8079223632812,661.1348876953125
1043,34.76657820186599,832.2670288085938,422.53924560546875,847.8363037109375,424.470458984375,837.6611328125,408.92401123046875,849.6282348632812,431.1146545410156,820.7868041992188,387.16204833984375,800.0286865234375,457.1814270019531,776.8750610351562,364.34014892578125,819.0761108398438,520.3165283203125,765.8060913085938,279.4759521484375,834.4895629882812,579.4436645507812,764.1913452148438,216.83554077148438,695.7018432617188,471.27703857421875,666.63818359375,436.2099914550781,750.6981201171875,571.4325561523438,644.4765625,557.9909057617188,766.1809692382812,642.5270385742188,608.158935546875,661.5439453125
1044,34.79991145038168,832.1532592773438,421.98431396484375,847.8382568359375,423.9561462402344,837.6781005859375,408.3448181152344,849.7485961914062,430.675048828125,821.0322875976562,386.5854187011719,800.4730224609375,456.7589416503906,777.0131225585938,364.63983154296875,819.20166015625,519.7742919921875,765.90380859375,280.9427795410156,833.7687377929688,578.2303466796875,764.1738891601562,218.04180908203125,697.1368408203125,472.4716796875,667.8277587890625,437.7142639160156,751.5658569335938,570.5872802734375,644.37255859375,557.6762084960938,767.0030517578125,642.6077880859375,608.382568359375,662.5174560546875
1045,34.833244698897374,831.4620361328125,421.2909240722656,846.861328125,423.25335693359375,836.7575073242188,408.1267395019531,849.1160278320312,430.6804504394531,820.5277709960938,387.7702331542969,800.6484375,457.5723571777344,777.6376342773438,365.4729309082031,819.0924682617188,521.9213256835938,765.2208251953125,281.5381774902344,832.6419677734375,578.1392822265625,764.0076293945312,217.76809692382812,697.4266967773438,471.0682067871094,668.2853393554688,436.3858947753906,750.5051879882812,570.5234375,643.9539184570312,558.5885009765625,767.415283203125,642.2544555664062,607.2071533203125,663.129638671875
1046,34.86657794741306,831.1927490234375,420.473388671875,845.2461547851562,421.3690185546875,836.7960815429688,406.6299743652344,845.0386962890625,427.90386962890625,822.0877685546875,385.0439453125,792.83642578125,455.1889343261719,776.1188354492188,364.48846435546875,815.0083618164062,529.2510986328125,764.28466796875,272.61260986328125,828.107421875,585.6630859375,754.97607421875,200.98385620117188,695.5027465820312,467.2810974121094,668.276123046875,435.103515625,753.0489501953125,574.91748046875,632.99169921875,559.9697265625,776.5675048828125,655.361572265625,599.0967407226562,666.3572387695312
1047,34.89991119592875,831.580810546875,419.7431335449219,845.9512329101562,420.912841796875,837.53466796875,405.9192810058594,846.2811279296875,427.58880615234375,823.2966918945312,384.2264404296875,794.2092895507812,454.12469482421875,776.3910522460938,363.890380859375,815.1607055664062,527.1036376953125,762.4676513671875,272.51312255859375,828.7402954101562,583.203369140625,754.1763916015625,200.2745361328125,696.9640502929688,465.84344482421875,669.0170288085938,433.7835693359375,754.1394653320312,574.3641967773438,633.1265869140625,559.2119140625,775.9638671875,656.0850830078125,598.6543579101562,667.0206298828125
1048,34.93324444444445,832.28466796875,420.25421142578125,846.4240112304688,420.9780578613281,837.8389282226562,406.4739990234375,846.7658081054688,426.9546203613281,823.4489135742188,384.84857177734375,794.4442138671875,453.36773681640625,776.987060546875,363.5541687011719,814.897705078125,528.1974487304688,762.1417846679688,274.1618347167969,829.8906860351562,583.6007690429688,754.191162109375,202.2275390625,695.6321411132812,462.098876953125,667.8641967773438,430.2074890136719,753.9918823242188,573.4319458007812,633.5447998046875,558.484375,776.3920288085938,655.1276245117188,597.9345092773438,666.1732177734375
1049,34.966577692960136,832.92578125,420.403564453125,846.8898315429688,420.97674560546875,838.6280517578125,406.6568298339844,846.6304931640625,426.3049621582031,824.2367553710938,384.583740234375,794.7207641601562,452.1869812011719,776.6932983398438,363.39404296875,815.3749389648438,527.3047485351562,762.0331420898438,276.058837890625,830.558837890625,581.3389892578125,753.3132934570312,204.71148681640625,695.1766357421875,463.05841064453125,667.1870727539062,431.5314025878906,752.5474243164062,573.6533813476562,632.2492065429688,559.2178344726562,776.1050415039062,654.43115234375,598.2860717773438,666.4383544921875
1050,34.999910941475825,834.4744262695312,419.50079345703125,848.7310180664062,420.11920166015625,840.2493286132812,405.5422058105469,847.978759765625,425.8815612792969,825.1163330078125,383.51898193359375,795.2577514648438,452.6241760253906,776.2532958984375,363.5457763671875,815.99072265625,528.3997802734375,762.1923828125,277.6854248046875,832.1704711914062,581.0855102539062,755.068359375,206.18919372558594,694.521728515625,464.14959716796875,665.9150390625,432.4654541015625,751.7645874023438,574.0731201171875,631.0360717773438,559.324462890625,775.3026733398438,654.3139038085938,598.1009521484375,666.5709228515625
1051,35.03324418999152,833.4326782226562,420.59356689453125,847.683349609375,421.0850524902344,839.0598754882812,406.7544250488281,847.6218872070312,426.0093688964844,824.228271484375,384.31170654296875,795.511474609375,451.8830261230469,775.8169555664062,363.5390930175781,815.5424194335938,527.1844482421875,761.5922241210938,275.935791015625,831.8338012695312,583.2235717773438,754.4396362304688,201.72589111328125,694.52294921875,464.0010070800781,665.400146484375,432.6006774902344,752.681396484375,574.9089965820312,631.200927734375,560.1012573242188,775.63818359375,655.6959228515625,597.772216796875,666.9853515625
1052,35.06657743850721,833.9869384765625,420.616455078125,848.2527465820312,421.0887451171875,839.5216064453125,406.6912841796875,848.0460205078125,426.03778076171875,824.247314453125,384.21502685546875,795.7166137695312,452.1759338378906,775.5460205078125,363.4760437011719,816.4434814453125,528.3231811523438,761.9308471679688,275.455322265625,832.723388671875,586.1057739257812,755.2266845703125,199.6131134033203,693.7255859375,463.4557800292969,664.2305297851562,431.9203186035156,753.4717407226562,575.3410034179688,631.2954711914062,560.36328125,775.88671875,655.4451904296875,597.2862548828125,666.3831176757812
1053,35.0999106870229,833.0659790039062,420.8590087890625,847.1000366210938,421.2396545410156,838.6355590820312,406.9804992675781,846.5729370117188,425.9370422363281,823.6500244140625,384.3402404785156,794.5438842773438,452.11810302734375,775.25927734375,362.8482666015625,817.0489501953125,530.5440063476562,762.4373779296875,275.4252014160156,833.8902587890625,589.935791015625,755.416259765625,199.47999572753906,692.2216796875,461.9639587402344,663.3796997070312,430.3349304199219,752.745361328125,575.4343872070312,631.3674926757812,561.1864624023438,775.6881103515625,654.3192138671875,597.3541259765625,666.6799926757812
1054,35.133243935538594,832.29248046875,421.196044921875,845.9475708007812,421.40216064453125,837.6698608398438,407.5100402832031,845.088623046875,425.52337646484375,822.5713500976562,384.7887878417969,793.210693359375,451.18896484375,774.6489868164062,362.46435546875,816.8706665039062,529.8760986328125,762.3515625,274.82427978515625,833.7886962890625,589.8173217773438,754.9522705078125,198.9224090576172,690.6773681640625,460.44085693359375,662.197509765625,429.203125,752.8760986328125,574.6746826171875,631.4835815429688,561.482421875,776.7080688476562,653.0238647460938,596.8120727539062,666.5924072265625
1055,35.16657718405428,831.8092041015625,421.3502502441406,845.7095947265625,421.73370361328125,837.41552734375,407.5003967285156,844.9313354492188,425.9394226074219,822.3778686523438,384.3433837890625,792.7374877929688,451.5583190917969,773.74365234375,361.9881286621094,816.421630859375,530.4942626953125,761.9067993164062,275.26318359375,833.4315185546875,590.1385498046875,755.2874755859375,201.1846466064453,689.8079223632812,460.8567810058594,661.0801391601562,429.1761474609375,751.998779296875,574.7167358398438,630.5023803710938,560.4920043945312,776.0083618164062,653.539794921875,597.123046875,666.2811889648438
1056,35.19991043256997,831.9702758789062,420.7631530761719,845.9651489257812,421.6048889160156,838.21875,407.1422119140625,845.279052734375,426.3005065917969,823.9725341796875,384.0828552246094,793.5875244140625,451.1520080566406,773.6732177734375,361.5190124511719,815.7866821289062,528.2003173828125,761.321533203125,274.57012939453125,831.0675048828125,584.0435180664062,756.3977661132812,202.8134002685547,690.738525390625,462.86029052734375,661.367919921875,431.132568359375,751.0475463867188,573.1459350585938,629.6976318359375,558.5073852539062,776.5427856445312,652.9735107421875,599.3876953125,665.6795654296875
1057,35.23324368108567,830.9185791015625,420.8712463378906,845.2025756835938,421.8782958984375,837.1438598632812,406.9881896972656,845.1478881835938,427.0998229980469,823.1370239257812,384.0042419433594,793.5331420898438,452.7196350097656,773.6611328125,361.90081787109375,815.2344970703125,530.349365234375,761.6450805664062,274.2250671386719,830.8162841796875,587.7640380859375,757.0462036132812,200.79324340820312,691.5693359375,463.9998779296875,662.2730712890625,431.6863708496094,753.25927734375,572.9370727539062,631.7763671875,556.9149169921875,775.7332763671875,653.7823486328125,599.6670532226562,664.6632690429688
1058,35.26657692960136,831.0625610351562,421.69769287109375,845.3983154296875,422.81976318359375,837.3385620117188,407.7829895019531,845.2640991210938,428.1646423339844,823.2698974609375,384.8501281738281,793.1795654296875,452.9411926269531,773.7294311523438,362.7162780761719,815.5122680664062,529.25537109375,761.8112182617188,274.4281921386719,830.788330078125,588.0890502929688,756.6988525390625,199.84645080566406,690.6905517578125,462.4757385253906,661.7158813476562,430.5135192871094,755.1432495117188,573.6744384765625,633.9635009765625,558.4224243164062,775.6516723632812,653.1430053710938,600.3329467773438,664.9905395507812
1059,35.299910178117045,831.41162109375,422.104248046875,846.16357421875,423.4955749511719,837.51318359375,408.01873779296875,846.6109619140625,430.2247009277344,822.89208984375,385.9774169921875,793.14306640625,455.65692138671875,774.20263671875,364.6191101074219,814.2985229492188,529.1275024414062,761.6533203125,274.2765808105469,829.1177368164062,586.4144287109375,756.8432006835938,201.07948303222656,691.361572265625,462.7315979003906,662.5350341796875,430.366455078125,756.0607299804688,573.7465209960938,634.534912109375,557.8218994140625,774.069580078125,654.5557861328125,598.0271606445312,665.56689453125
1060,35.33324342663274,830.887939453125,426.2841796875,844.841552734375,427.0531921386719,836.5963134765625,412.20379638671875,844.1719970703125,430.7574462890625,821.080078125,388.1387023925781,791.29248046875,453.65826416015625,772.4635620117188,364.1375732421875,812.1216430664062,528.6514282226562,761.5609741210938,274.4900207519531,827.8040161132812,588.3861083984375,755.0204467773438,199.80499267578125,689.8107299804688,462.9192199707031,661.171142578125,431.265380859375,755.1071166992188,574.569580078125,634.3828125,559.1786499023438,775.1199340820312,653.9984130859375,599.156982421875,664.4705200195312
1061,35.36657667514843,829.65283203125,429.9273681640625,843.4655151367188,430.4059143066406,835.4462890625,415.7479248046875,842.7900390625,431.04638671875,820.6502685546875,388.7843933105469,789.9573974609375,451.48553466796875,772.6624755859375,362.20648193359375,811.7967529296875,529.0113525390625,762.6956176757812,274.7768859863281,827.6650390625,593.0043334960938,753.6414794921875,202.06605529785156,687.4541625976562,460.8393249511719,660.1722412109375,429.3617858886719,753.4337158203125,574.8546142578125,634.3311767578125,560.6849365234375,773.4796752929688,652.3499755859375,599.4454345703125,665.2969970703125
1062,35.399909923664126,829.1048583984375,432.7955627441406,843.505126953125,433.9048156738281,834.8214721679688,419.1629943847656,844.1282348632812,435.4639892578125,818.683837890625,393.4822692871094,796.168701171875,457.8634033203125,773.544677734375,365.2408142089844,817.4298095703125,525.94580078125,763.2543334960938,283.0490417480469,833.5841064453125,588.7642211914062,763.7799072265625,220.74237060546875,690.34033203125,471.34051513671875,662.3071899414062,436.65606689453125,747.7918090820312,572.5369873046875,647.0841674804688,560.1151123046875,767.1358642578125,641.9985961914062,615.661376953125,662.3189086914062
1063,35.433243172179814,828.3656616210938,432.4476623535156,841.39306640625,433.3916931152344,835.060546875,418.2038879394531,838.6026000976562,433.554443359375,820.132568359375,389.8948974609375,786.3822021484375,453.1683654785156,770.4990234375,361.7305908203125,810.90185546875,534.49853515625,762.2952270507812,275.1322937011719,826.3359985351562,599.5118408203125,752.4527587890625,199.79812622070312,686.145751953125,461.61944580078125,659.7613525390625,429.33563232421875,752.3679809570312,574.9219360351562,632.5569458007812,559.8729248046875,774.012451171875,652.3021240234375,599.8123779296875,664.7244262695312
1064,35.4665764206955,829.7484130859375,431.8639831542969,842.8626708984375,432.55084228515625,836.1835327148438,417.6703186035156,839.9332275390625,433.42364501953125,820.777587890625,390.3721008300781,786.5786743164062,454.4214172363281,771.4869384765625,363.2783508300781,810.7294311523438,536.1614379882812,762.647705078125,276.9827880859375,825.9783325195312,602.1798095703125,752.4885864257812,203.0881805419922,685.5209350585938,462.00579833984375,659.4979248046875,429.9163818359375,751.460693359375,575.3737182617188,631.9532470703125,561.2012939453125,774.7781372070312,652.9877319335938,599.5142211914062,666.5364379882812
1065,35.4999096692112,826.6098022460938,439.5238342285156,838.8065185546875,439.37017822265625,832.3958740234375,426.8199157714844,836.6430053710938,436.082275390625,817.4785766601562,399.146484375,789.8910522460938,453.79986572265625,773.6484985351562,366.07659912109375,814.6748046875,523.7193603515625,764.58447265625,283.2987060546875,838.2294921875,602.7968139648438,764.9617309570312,220.54733276367188,685.2075805664062,469.1588134765625,662.325439453125,437.1131896972656,737.8026733398438,572.3076782226562,648.4656372070312,565.3214111328125,761.7054443359375,638.3935546875,622.1304321289062,662.7968139648438
1066,35.53324291772689,824.7652587890625,440.9447937011719,834.6146240234375,439.09197998046875,829.61669921875,429.94866943359375,830.8688354492188,432.3934020996094,816.4003295898438,404.27252197265625,787.9490356445312,443.50823974609375,774.72216796875,371.703857421875,813.0508422851562,501.94024658203125,767.2249755859375,290.8679504394531,836.9990844726562,595.3427124023438,768.14306640625,222.8535919189453,681.7244873046875,464.6129455566406,661.6339721679688,438.4712829589844,734.1859130859375,569.4580688476562,651.4283447265625,567.615234375,754.8789672851562,635.9741821289062,624.5179443359375,659.9552001953125
1067,35.56657616624258,824.3297729492188,444.5326232910156,834.1182861328125,442.35137939453125,828.822998046875,433.1037902832031,830.7440185546875,433.58416748046875,814.3101196289062,405.12860107421875,788.15771484375,444.4698486328125,772.4738159179688,370.02899169921875,811.7855834960938,507.44873046875,765.9172973632812,288.36578369140625,836.3710327148438,605.6282958984375,767.251953125,222.85183715820312,684.329833984375,464.1380310058594,661.8670043945312,437.2250671386719,738.5040283203125,569.8795776367188,648.529052734375,567.5032958984375,762.3138427734375,634.3612670898438,619.7335815429688,658.34912109375
1068,35.59990941475827,824.8388671875,445.2579040527344,834.5380859375,443.2534484863281,829.4537353515625,433.6838684082031,830.9385986328125,434.85748291015625,814.497314453125,405.5400390625,788.6187133789062,446.9350891113281,771.9955444335938,370.04693603515625,813.328857421875,512.84375,765.4315185546875,287.9572448730469,837.108154296875,608.86669921875,766.7160034179688,222.1811981201172,685.0966796875,465.6684875488281,661.7836303710938,437.9034423828125,739.77978515625,570.6737670898438,647.7889404296875,567.716064453125,765.4113159179688,634.672119140625,618.722900390625,658.369140625
1069,35.63324266327396,825.3621826171875,443.7323913574219,835.4755249023438,442.24395751953125,830.1695556640625,432.1120300292969,832.4723510742188,435.2928771972656,815.21240234375,404.5520324707031,789.8799438476562,447.7960510253906,772.47509765625,369.2480163574219,814.7765502929688,512.8536987304688,765.1268310546875,285.8887939453125,838.16796875,606.2720947265625,766.0383911132812,220.8379669189453,686.83642578125,465.8229675292969,663.154052734375,437.347900390625,739.3971557617188,569.9567260742188,649.1571655273438,565.8302001953125,763.3036499023438,635.2836303710938,621.2137451171875,657.7770385742188
1070,35.66657591178965,826.49267578125,444.21820068359375,836.5266723632812,442.87353515625,831.5872192382812,432.46441650390625,832.746337890625,435.5477294921875,816.2455444335938,403.9439697265625,789.6194458007812,448.13519287109375,772.7003173828125,367.88153076171875,815.7129516601562,515.3290405273438,765.52490234375,285.2177734375,838.4452514648438,607.1213989257812,766.2855834960938,220.9578399658203,686.2420043945312,465.2731018066406,663.0891723632812,436.152099609375,737.0606689453125,570.2335815429688,648.469482421875,566.0071411132812,761.5867919921875,635.8375244140625,622.0856323242188,659.32080078125
1071,35.699909160305346,828.3668212890625,443.37481689453125,838.5608520507812,442.1666564941406,833.5492553710938,431.5604553222656,834.5729370117188,435.2339172363281,817.7804565429688,403.2638244628906,790.414794921875,447.660888671875,773.551025390625,367.80035400390625,815.2391967773438,514.6026000976562,765.6038208007812,286.0924072265625,838.379150390625,607.1100463867188,767.4088134765625,221.36907958984375,686.600341796875,462.296142578125,663.0440063476562,433.2916259765625,739.2789306640625,570.6002807617188,647.1019897460938,566.5217895507812,762.8097534179688,634.8317260742188,617.8876342773438,658.7907104492188
1072,35.733242408821035,828.5714111328125,441.8988342285156,838.5618896484375,440.64453125,833.7249145507812,430.3390808105469,834.3226318359375,434.5359802246094,818.1464233398438,403.3473205566406,790.8287963867188,447.2939453125,773.5617065429688,369.1501159667969,815.9744262695312,512.709716796875,765.6103515625,287.18756103515625,838.5806274414062,606.587890625,767.0482177734375,220.9215545654297,686.4837646484375,463.7865905761719,662.439697265625,435.4206237792969,740.9081420898438,570.5779418945312,646.7214965820312,566.987060546875,764.5384521484375,634.7496948242188,616.8867797851562,658.552978515625
1073,35.76657565733672,828.0429077148438,439.8116760253906,838.7467041015625,439.4028015136719,833.3782348632812,427.7850646972656,835.2827758789062,435.755859375,817.1695556640625,401.4395446777344,792.0390625,451.1130676269531,771.6707153320312,368.1400146484375,817.0303344726562,518.1378173828125,763.8087768554688,285.1523132324219,838.5122680664062,604.5355834960938,765.3184814453125,219.1438751220703,689.4063720703125,467.584228515625,663.38671875,437.173583984375,743.13037109375,571.443359375,648.3128662109375,564.2816772460938,765.464599609375,636.8697509765625,619.9332275390625,657.4030151367188
1074,35.79990890585242,826.9297485351562,441.09942626953125,837.4992065429688,440.5203552246094,832.3643188476562,429.1657409667969,834.3203125,435.90423583984375,816.8310546875,402.1199035644531,791.8546752929688,450.55865478515625,771.7966918945312,367.8354187011719,816.90185546875,518.374755859375,763.341796875,284.5142822265625,837.9550170898438,607.5487670898438,764.6915893554688,219.08741760253906,689.71142578125,467.8970031738281,663.9666748046875,437.6828308105469,742.0792236328125,570.9932250976562,647.204833984375,565.351806640625,763.8668823242188,636.28271484375,617.7926635742188,659.3992919921875
1075,35.83324215436811,827.4892578125,440.0897216796875,838.3704223632812,439.98291015625,833.2962646484375,428.1792297363281,835.27587890625,436.3954162597656,817.6578979492188,401.38134765625,792.1132202148438,451.32391357421875,771.5238647460938,367.4302978515625,817.4945678710938,517.7893676757812,762.6746215820312,283.4677429199219,838.2869873046875,602.46875,764.0714721679688,218.6466522216797,690.0315551757812,467.38470458984375,663.7724609375,436.7146301269531,742.4406127929688,570.9991455078125,646.6080932617188,564.1843872070312,766.5288696289062,636.811279296875,619.9317016601562,658.7335815429688
1076,35.8665754028838,828.1220703125,441.39935302734375,839.02880859375,441.20831298828125,834.167236328125,429.57470703125,836.0448608398438,436.685791015625,819.4951171875,401.9813232421875,791.9403686523438,451.3804931640625,773.4410400390625,366.3611145019531,816.134765625,519.490966796875,762.4542236328125,281.88397216796875,837.7190551757812,604.3623046875,764.9402465820312,218.62364196777344,687.850341796875,465.9431457519531,663.4473266601562,435.0182800292969,739.6973876953125,571.306396484375,649.44970703125,565.0466918945312,764.0856323242188,635.6907958984375,624.0902099609375,658.9639892578125
1077,35.89990865139949,826.911376953125,441.0022277832031,837.8765258789062,440.7732849121094,832.81787109375,429.3051452636719,835.8702392578125,436.34417724609375,818.7208251953125,402.1087646484375,792.5245361328125,450.43292236328125,773.6383056640625,366.38519287109375,816.6815185546875,517.029296875,762.6990356445312,280.8919677734375,837.852783203125,603.601806640625,765.0808715820312,217.1022186279297,688.8895874023438,464.4206237792969,663.8750610351562,433.8302001953125,741.393798828125,571.5079956054688,648.2747802734375,565.541015625,765.8041381835938,635.644287109375,620.7468872070312,658.3114013671875
1078,35.93324189991518,826.2302856445312,439.4181823730469,836.9044189453125,439.27520751953125,831.9601440429688,428.12152099609375,835.0010986328125,436.4769592285156,818.0601806640625,403.1271057128906,792.4159545898438,451.2989196777344,773.197265625,368.2159729003906,816.6345825195312,515.6655883789062,762.1254272460938,280.49749755859375,837.3677978515625,604.5739135742188,764.9794921875,216.1835174560547,688.3758544921875,465.3114929199219,662.8753051757812,435.0308837890625,742.2803344726562,571.0860595703125,648.0381469726562,565.03515625,766.6470336914062,635.6019287109375,619.2428588867188,656.715576171875
1079,35.96657514843088,824.826416015625,438.8605041503906,835.3643798828125,438.52935791015625,830.337158203125,427.6353454589844,833.6632080078125,436.0650634765625,816.7484741210938,403.3516845703125,791.5341796875,451.3056945800781,773.3143310546875,368.58953857421875,816.9229736328125,516.1654663085938,762.6442260742188,280.81781005859375,838.4254760742188,607.0845336914062,764.9652709960938,215.8878631591797,687.6461181640625,464.4373474121094,662.6549682617188,434.2464599609375,741.480224609375,570.859130859375,646.4730224609375,565.4924926757812,765.3800659179688,636.3057861328125,615.4008178710938,658.0599365234375
1080,35.999908396946566,826.2890014648438,435.7959899902344,837.4356689453125,436.44842529296875,832.60107421875,424.18658447265625,835.7815551757812,435.9009094238281,819.2520141601562,399.8184509277344,792.7348022460938,453.1263122558594,774.6810302734375,366.2399597167969,816.7089233398438,518.0440063476562,762.2306518554688,277.0185546875,837.5140380859375,601.3433837890625,764.0773315429688,213.4669647216797,691.1563720703125,468.3247375488281,665.9974975585938,436.5207824707031,744.609619140625,570.2296752929688,647.0153198242188,563.1006469726562,767.3380126953125,637.7759399414062,614.7206420898438,659.609130859375
1081,36.033241645462255,828.55419921875,435.7787780761719,839.7786865234375,436.48883056640625,834.8621826171875,424.15557861328125,837.9031982421875,436.19525146484375,820.8101196289062,399.7682189941406,793.6813354492188,453.8171081542969,775.5811157226562,365.4295959472656,817.1759033203125,520.18994140625,761.89208984375,275.7841796875,837.8178100585938,602.6764526367188,764.0809936523438,213.42874145507812,691.3896484375,465.9497375488281,666.1200561523438,433.6896667480469,743.4428100585938,569.9801025390625,646.0457763671875,563.3198852539062,767.145751953125,637.5712280273438,613.9854736328125,660.9903564453125
1082,36.06657489397795,828.9065551757812,434.0143127441406,840.4072875976562,435.22381591796875,835.6279296875,422.3016357421875,838.5997314453125,435.947998046875,821.5455322265625,398.029052734375,794.6333618164062,454.2067565917969,775.421875,364.68963623046875,817.94140625,520.1900024414062,761.0968627929688,275.207763671875,837.7402954101562,598.03125,762.7516479492188,213.20465087890625,694.366455078125,467.9368591308594,668.063232421875,435.2499084472656,745.6079711914062,569.7721557617188,644.3922729492188,562.833984375,769.7699584960938,638.3078002929688,612.1146240234375,662.5658569335938
1083,36.09990814249364,831.3543701171875,431.60595703125,843.1859130859375,433.11883544921875,838.0536499023438,419.7882385253906,841.256103515625,435.32769775390625,823.4186401367188,396.53045654296875,796.3087158203125,455.02972412109375,776.5142211914062,364.8996276855469,818.2386474609375,520.9768676757812,761.349365234375,275.7427978515625,836.7061157226562,597.7073364257812,762.4884033203125,213.01583862304688,694.8982543945312,468.94659423828125,667.9332885742188,435.86798095703125,747.8141479492188,570.3950805664062,644.1965942382812,562.5621948242188,770.5844116210938,639.191162109375,610.0525512695312,662.580322265625
1084,36.13324139100933,832.635009765625,427.8020324707031,843.7820434570312,429.49261474609375,840.3991088867188,414.7955322265625,838.6759643554688,432.7371520996094,826.5389404296875,389.947265625,789.2767333984375,453.01788330078125,774.7890625,361.72540283203125,813.61865234375,530.5294799804688,760.916015625,267.5398864746094,825.0926513671875,599.46630859375,748.3971557617188,193.05577087402344,693.12158203125,463.4710388183594,667.4850463867188,431.39947509765625,754.0863647460938,573.3494873046875,634.1034545898438,559.5619506835938,775.6431274414062,651.0430297851562,599.3663940429688,663.6935424804688
1085,36.166574639525024,834.0009155273438,429.82257080078125,845.52294921875,431.44012451171875,841.66845703125,416.5069885253906,840.1815795898438,433.23028564453125,826.697509765625,389.90985107421875,789.5591430664062,452.1978454589844,773.8533325195312,361.64129638671875,812.3838500976562,528.419921875,761.4813232421875,267.7315979003906,824.8807983398438,597.2180786132812,748.15625,192.71759033203125,692.7135009765625,466.8870849609375,666.2669677734375,435.0985107421875,754.3878173828125,574.3497924804688,633.1661376953125,560.2896728515625,775.3826904296875,651.9361572265625,599.7448120117188,664.6123046875
1086,36.19990788804071,835.609375,432.5269775390625,847.3126831054688,433.4724426269531,842.048828125,420.22802734375,843.4420776367188,433.61334228515625,824.9366455078125,394.9696044921875,795.6881713867188,452.2896728515625,775.8103637695312,363.73968505859375,817.2665405273438,517.3703002929688,761.8003540039062,275.6211242675781,836.9102172851562,594.4869384765625,761.7084350585938,213.69236755371094,692.8060302734375,470.38897705078125,665.7468872070312,438.3011474609375,749.07373046875,570.5352172851562,644.8526611328125,564.0071411132812,772.2598876953125,637.9521484375,611.4347534179688,663.32861328125
1087,36.2332411365564,835.5535888671875,432.8440246582031,846.8944091796875,433.5951232910156,841.9436645507812,420.68365478515625,842.53857421875,433.2039489746094,824.6707763671875,395.2435607910156,795.51123046875,451.5334777832031,775.8319091796875,363.882568359375,816.9984741210938,516.2398071289062,762.1072387695312,275.6731872558594,836.7775268554688,592.2783813476562,761.4537963867188,213.9862060546875,695.0374755859375,471.8146057128906,668.1248168945312,440.1797180175781,748.0685424804688,570.2340087890625,644.08740234375,564.3922729492188,773.488037109375,638.57275390625,612.3865966796875,664.4581298828125
1088,36.2665743850721,836.353759765625,434.0519714355469,847.6947021484375,434.390869140625,842.5532836914062,421.7160339355469,843.280517578125,432.6589050292969,825.2418823242188,395.3447570800781,795.4125366210938,450.20733642578125,776.7611694335938,363.5220947265625,815.52392578125,514.0056762695312,762.0667114257812,275.0636901855469,836.1276245117188,590.5624389648438,760.8251953125,213.72195434570312,694.1224365234375,471.9374084472656,668.0802001953125,440.7049865722656,747.2094116210938,570.4226684570312,645.3455810546875,564.6987915039062,772.2296142578125,638.8839111328125,613.2001953125,664.1830444335938
1089,36.299907633587786,833.6354370117188,433.4557189941406,845.944091796875,433.99261474609375,840.1181640625,420.6007385253906,843.1034545898438,432.1820373535156,824.1029663085938,393.22930908203125,795.6746215820312,450.2923583984375,776.3450927734375,363.0115051269531,815.4317626953125,515.2378540039062,762.2702026367188,278.2792053222656,836.33349609375,588.6171875,759.9218139648438,215.91470336914062,694.9006958007812,474.6031494140625,668.8567504882812,442.8670654296875,747.2831420898438,569.680908203125,646.4197387695312,562.46337890625,770.254638671875,640.5313110351562,616.1525268554688,664.9808349609375
1090,36.333240882103475,834.3576049804688,429.5235900878906,846.7929077148438,429.8758239746094,840.0010986328125,416.7160949707031,844.3070678710938,429.9849548339844,822.9331665039062,391.7774963378906,797.2518310546875,450.7910461425781,776.0762329101562,364.3927307128906,815.2427978515625,514.9827270507812,762.1823120117188,279.23089599609375,834.476806640625,587.6721801757812,758.6868896484375,216.20327758789062,696.90185546875,478.99273681640625,669.2314453125,447.4594421386719,750.2293090820312,570.2763061523438,646.1869506835938,562.4478759765625,773.0172729492188,640.6068115234375,614.1181030273438,662.928955078125
1091,36.36657413061917,834.047119140625,425.0779724121094,847.0823974609375,425.8438720703125,840.5438232421875,410.9305114746094,843.1646118164062,427.10504150390625,824.6817626953125,384.33416748046875,790.861572265625,448.65478515625,773.9490356445312,362.7519226074219,809.89306640625,523.5270385742188,763.4840087890625,276.8423767089844,825.8914794921875,590.5614013671875,749.035888671875,201.54229736328125,694.0927734375,472.9967956542969,667.250244140625,442.6722412109375,756.170166015625,575.3199462890625,635.4009399414062,560.5076293945312,775.94384765625,655.635498046875,603.5985717773438,666.1669921875
1092,36.39990737913486,833.0146484375,424.9900817871094,846.3209228515625,425.5120544433594,838.98583984375,410.70404052734375,842.8079223632812,427.3665466308594,822.1119995117188,384.88250732421875,790.0604248046875,450.0718688964844,771.9187622070312,364.4768981933594,809.0834350585938,525.0825805664062,763.6419677734375,278.6587829589844,825.6209106445312,591.04248046875,750.0861206054688,201.6811065673828,692.8895263671875,474.2850341796875,665.1370239257812,444.1579895019531,755.648681640625,575.0343627929688,634.3434448242188,560.7464599609375,774.7833251953125,655.1008911132812,602.3446044921875,666.5366821289062
1093,36.433240627650555,832.8740234375,423.8446044921875,846.1717529296875,424.36944580078125,838.6822509765625,409.668701171875,843.451416015625,426.6382141113281,822.282958984375,384.31500244140625,791.657958984375,450.20050048828125,772.5520629882812,363.4325256347656,810.8948364257812,526.3695678710938,763.317138671875,276.87969970703125,825.9680786132812,593.455810546875,749.470458984375,202.3877716064453,694.1658325195312,473.8267822265625,665.8068237304688,443.2275695800781,756.57861328125,576.2617797851562,634.803955078125,561.9547119140625,775.589599609375,654.3463134765625,601.7806396484375,666.0617065429688
1094,36.466573876166244,834.5787963867188,421.5173645019531,848.4246215820312,422.279296875,840.4418334960938,407.1793518066406,846.3302612304688,425.8105163574219,823.9336547851562,382.62628173828125,793.6968383789062,450.22412109375,773.6632080078125,362.7905578613281,810.2900390625,525.49365234375,762.58056640625,276.4343566894531,824.8857421875,591.1682739257812,750.0404663085938,203.58721923828125,696.0289306640625,473.3628845214844,666.9208374023438,442.3071594238281,757.2738037109375,576.058837890625,634.6658325195312,560.4276733398438,775.3406372070312,655.4842529296875,601.111328125,665.5402221679688
1095,36.49990712468193,833.6709594726562,422.0072021484375,847.6705932617188,423.1272888183594,839.2326049804688,408.9825439453125,847.6719970703125,426.7761535644531,822.7968139648438,386.39263916015625,799.267822265625,450.4132385253906,776.6900024414062,362.3277893066406,812.5953369140625,514.05615234375,761.6920776367188,279.3613586425781,828.4680786132812,579.6427612304688,759.1173095703125,219.47677612304688,698.1824340820312,476.510498046875,668.9224853515625,443.98516845703125,753.7001342773438,571.7733764648438,644.4807739257812,562.132568359375,773.5255126953125,641.210205078125,608.4295654296875,663.0214233398438
1096,36.53324037319763,835.7074584960938,419.8317565917969,850.19384765625,421.26983642578125,841.0014038085938,406.8328552246094,850.4298706054688,426.9179382324219,823.5046997070312,385.9113464355469,800.9157104492188,451.61004638671875,777.1644897460938,363.8328857421875,812.4592895507812,512.9320678710938,761.6273803710938,279.997802734375,827.1736450195312,575.9981079101562,758.7512817382812,218.9757843017578,699.8268432617188,476.91668701171875,669.4466552734375,444.3980712890625,755.2557983398438,571.7742309570312,643.3761596679688,561.6083374023438,773.7744140625,642.2671508789062,605.8616943359375,663.2138061523438
1097,36.56657362171332,834.7902221679688,418.4804382324219,847.9217529296875,419.7420654296875,840.2478637695312,406.62652587890625,847.3536376953125,425.2562561035156,823.9326782226562,387.3641662597656,799.7000122070312,448.5989074707031,777.5092163085938,363.7358703613281,810.9713134765625,508.20233154296875,760.05908203125,278.62969970703125,824.7534790039062,567.85888671875,759.4266967773438,218.15855407714844,700.0558471679688,473.2870178222656,670.464599609375,442.3501281738281,752.5035400390625,569.3654174804688,642.4571533203125,562.132080078125,776.503173828125,640.4796752929688,606.7464599609375,663.4296875
1098,36.599906870229006,833.6141357421875,418.85870361328125,846.8104248046875,420.1327819824219,839.142578125,406.84271240234375,846.9282836914062,425.25848388671875,823.4813842773438,386.86541748046875,800.4584350585938,449.82073974609375,777.4390869140625,362.6056213378906,813.1259765625,513.9291381835938,759.9762573242188,277.7162170410156,827.250732421875,578.8779907226562,759.4296875,216.5295867919922,700.4699096679688,475.1689147949219,670.5980834960938,443.31292724609375,753.4561157226562,570.6181030273438,643.8172607421875,563.3255004882812,775.2592163085938,641.242431640625,606.7888793945312,665.139892578125
1099,36.6332401187447,834.2218627929688,419.7119445800781,846.631591796875,420.5147399902344,839.7634887695312,408.03704833984375,846.0051879882812,424.2845153808594,824.558349609375,387.76763916015625,800.1546020507812,447.88165283203125,778.4825439453125,362.0237731933594,812.7716674804688,513.0473022460938,759.38330078125,277.25701904296875,828.1808471679688,580.6806030273438,759.1432495117188,215.76296997070312,700.0209350585938,473.6913757324219,671.2807006835938,442.5193176269531,750.5420532226562,569.2029418945312,644.3462524414062,563.2252197265625,773.6460571289062,640.9459838867188,608.2184448242188,665.488525390625
1100,36.66657336726039,835.6105346679688,419.17218017578125,848.4818725585938,420.2779235839844,841.1705322265625,407.1759948730469,847.91357421875,424.7872314453125,825.4773559570312,386.7469787597656,800.8435668945312,449.8074951171875,779.412841796875,361.2464294433594,813.6018676757812,517.1931762695312,759.647216796875,276.6845703125,828.8231201171875,584.5808715820312,759.2954711914062,215.36599731445312,699.4627685546875,473.2874450683594,671.0985717773438,440.89971923828125,749.9848022460938,569.0082397460938,645.3422241210938,561.6959228515625,771.1574096679688,641.155517578125,608.5597534179688,665.0006713867188
1101,36.69990661577608,836.3858032226562,419.423583984375,848.6160888671875,420.0240478515625,841.6239013671875,407.6058044433594,847.1138916015625,423.61444091796875,825.5767211914062,387.131103515625,799.9810791015625,448.53778076171875,779.8109741210938,360.6817932128906,813.7711181640625,517.2306518554688,760.4991455078125,276.2392272949219,829.60693359375,587.4419555664062,759.9544677734375,215.3649139404297,697.2552490234375,472.41119384765625,669.8890380859375,440.36962890625,747.7432250976562,567.7887573242188,646.4058227539062,561.1129760742188,769.5083618164062,640.9100341796875,610.3948974609375,664.957763671875
1102,36.733239864291775,835.6885375976562,417.18182373046875,847.5037841796875,417.67047119140625,841.899658203125,404.5105895996094,844.0741577148438,421.48907470703125,827.912109375,382.66815185546875,793.614013671875,445.465576171875,777.8568725585938,359.47747802734375,810.4419555664062,521.5275268554688,761.3428955078125,269.6626892089844,823.103271484375,587.4899291992188,750.4607543945312,200.0620574951172,694.9103393554688,465.66986083984375,668.0372314453125,435.798583984375,755.47802734375,572.1976318359375,634.9921875,560.8661499023438,779.5928955078125,652.310546875,599.4610595703125,667.024658203125
1103,36.766573112807464,836.0406494140625,419.03240966796875,847.8009033203125,419.40081787109375,841.232177734375,407.8262023925781,846.7483520507812,422.4195251464844,826.2918090820312,388.12109375,800.7139282226562,445.084228515625,780.3248291015625,360.969482421875,812.5715942382812,509.5058898925781,759.7706298828125,276.00860595703125,829.0078125,578.4934692382812,760.7631225585938,214.71951293945312,697.488037109375,467.7060852050781,669.7353515625,437.12921142578125,749.0136108398438,567.2011108398438,646.6775512695312,560.7897338867188,772.1411743164062,638.6868286132812,610.4290771484375,660.9463500976562
1104,36.79990636132315,834.1101684570312,417.997802734375,845.0048217773438,418.2545166015625,840.41845703125,405.917724609375,841.7171020507812,420.5776062011719,828.0999755859375,383.7102355957031,794.7188720703125,442.61029052734375,778.177978515625,357.38726806640625,812.619873046875,520.0374145507812,761.6751098632812,266.0460510253906,824.2001342773438,588.6371459960938,751.980224609375,195.65521240234375,695.2816772460938,462.64508056640625,668.2470703125,433.1696472167969,755.2067260742188,572.8524169921875,637.1320190429688,562.3394165039062,780.0803833007812,649.3488159179688,602.1954345703125,664.2418823242188
1105,36.83323960983885,833.3084716796875,416.81634521484375,844.9130859375,417.620849609375,839.86767578125,404.40570068359375,842.630126953125,421.88433837890625,827.7654418945312,382.9343566894531,795.1953735351562,445.8725891113281,777.7059936523438,357.9399108886719,813.4602661132812,524.67529296875,761.2494506835938,266.6116638183594,824.838623046875,591.3406982421875,753.4481811523438,194.56947326660156,695.7715454101562,462.6112365722656,668.103759765625,431.96136474609375,756.7954711914062,573.4651489257812,637.77197265625,561.4110107421875,778.3993530273438,649.5575561523438,601.19921875,663.5946044921875
1106,36.86657285835454,833.0343017578125,417.8957214355469,844.5005493164062,418.30401611328125,839.3341674804688,405.6512451171875,842.4615478515625,421.32379150390625,827.4590454101562,383.721923828125,795.333251953125,444.2735900878906,778.1607055664062,358.0237731933594,813.3253784179688,522.0763549804688,762.0831298828125,266.05230712890625,824.6288452148438,589.7188720703125,753.5675659179688,193.54940795898438,695.3096313476562,462.9942932128906,667.8182983398438,433.0938720703125,756.255126953125,572.71826171875,637.6978759765625,561.7394409179688,779.82177734375,649.7890014648438,602.2704467773438,664.488525390625
1107,36.899906106870226,831.0741577148438,418.055419921875,842.5090942382812,418.1258239746094,837.1294555664062,406.15570068359375,841.6734008789062,421.01690673828125,826.1156616210938,385.1288146972656,795.8650512695312,443.6711730957031,777.7457275390625,359.5610046386719,812.1497192382812,519.06396484375,760.7781982421875,267.78607177734375,824.338134765625,581.7468872070312,753.7199096679688,194.8632049560547,696.0601806640625,463.3716125488281,667.7064819335938,434.233642578125,755.2799682617188,571.8484497070312,635.5730590820312,561.2074584960938,781.15478515625,650.8781127929688,600.4472045898438,665.017822265625
1108,36.93323935538592,830.0165405273438,417.4647216796875,842.0200805664062,417.7277526855469,836.2968139648438,405.4681091308594,842.2308349609375,421.5884704589844,825.8495483398438,384.815673828125,795.7035522460938,445.0524597167969,777.578125,359.44781494140625,812.677490234375,521.1558227539062,760.1975708007812,268.14215087890625,824.8853149414062,582.7633056640625,753.5708618164062,197.18099975585938,695.2713012695312,462.1721496582031,666.6502075195312,432.4706726074219,754.9307250976562,571.8121948242188,633.7440795898438,561.05517578125,782.42529296875,651.8228759765625,599.4588012695312,666.8904418945312
1109,36.96657260390161,831.8876953125,415.8666076660156,844.5883178710938,416.3755798339844,838.2529907226562,403.24224853515625,844.34814453125,420.5889892578125,826.9429931640625,381.7018737792969,796.11181640625,445.43304443359375,777.649169921875,357.7801818847656,813.9867553710938,525.4957275390625,761.244140625,269.3736572265625,826.1502075195312,590.1934814453125,753.5589599609375,198.1304473876953,694.27880859375,462.72967529296875,665.9663696289062,432.2012023925781,755.6993408203125,572.7354736328125,636.6184692382812,561.2249145507812,779.3848876953125,650.8834838867188,603.0230712890625,666.6995239257812
1110,36.99990585241731,831.6825561523438,416.5124816894531,844.4766845703125,417.09649658203125,838.111328125,403.9918212890625,844.1930541992188,420.61895751953125,826.9911499023438,382.024658203125,795.6595458984375,443.284423828125,777.7434692382812,358.2021484375,812.5565795898438,520.12158203125,761.3555297851562,271.0237121582031,825.0401611328125,582.8329467773438,752.5258178710938,197.64854431152344,694.0791625976562,461.3110656738281,666.6856079101562,431.7571716308594,755.3245239257812,571.0520629882812,640.885009765625,559.6343383789062,776.5325927734375,650.6383056640625,609.9317626953125,666.18603515625
1111,37.033239100932995,831.8001098632812,416.7786560058594,844.337646484375,417.2257080078125,838.1031494140625,404.1514587402344,843.326416015625,420.3446960449219,826.2343139648438,381.82342529296875,795.1329956054688,443.69793701171875,776.7020263671875,358.2220458984375,811.9517822265625,522.1351928710938,760.2642822265625,270.8660583496094,824.2189331054688,586.8424072265625,751.2841796875,196.63287353515625,694.54541015625,462.4709167480469,666.3798217773438,432.70892333984375,756.5810546875,572.0755004882812,637.4119873046875,560.4169921875,779.1024780273438,650.058349609375,604.063232421875,664.9796142578125
1112,37.066572349448684,830.87353515625,418.55474853515625,842.2322998046875,418.775634765625,837.0431518554688,406.83209228515625,840.75634765625,421.4853210449219,826.3375854492188,385.6558532714844,794.91796875,444.02215576171875,777.6078491210938,359.84490966796875,813.4735717773438,524.470703125,759.7490234375,272.1547546386719,826.0814208984375,593.0006103515625,750.330322265625,196.0098876953125,693.5076293945312,461.102294921875,668.108642578125,432.0767822265625,750.5751342773438,571.5136108398438,648.3419799804688,561.2313232421875,769.4102172851562,648.9575805664062,621.1928100585938,664.499267578125
1113,37.09990559796438,830.0805053710938,418.62249755859375,841.7576293945312,418.9021911621094,836.4085693359375,406.66082763671875,840.8707275390625,421.18511962890625,826.0380859375,384.6304931640625,794.6751098632812,443.3567199707031,777.3035888671875,358.4865417480469,812.6394653320312,523.299560546875,759.2392578125,271.7919616699219,825.2196655273438,588.5408325195312,749.9744873046875,198.1990966796875,693.5386352539062,460.883544921875,667.5901489257812,431.5011901855469,752.1748046875,570.8426513671875,646.0684204101562,559.8135986328125,772.394287109375,649.6314086914062,617.6942749023438,664.9166870117188
1114,37.13323884648007,831.4373779296875,416.96002197265625,843.6485595703125,417.44256591796875,838.034912109375,404.4527893066406,842.992919921875,420.33734130859375,827.1666259765625,382.04248046875,796.0205078125,443.6399841308594,777.3881225585938,357.4718933105469,812.3018798828125,523.4722900390625,758.2803344726562,271.02264404296875,824.1822509765625,588.2250366210938,749.0696411132812,199.25401306152344,695.8526000976562,462.4126281738281,667.72119140625,432.30645751953125,756.6979370117188,571.9839477539062,638.1932983398438,559.9559936523438,779.4043579101562,650.5250854492188,604.1189575195312,664.7604370117188
1115,37.16657209499576,830.7769165039062,416.68548583984375,843.8859252929688,417.2793273925781,837.1460571289062,403.494873046875,844.34521484375,420.55743408203125,825.4207153320312,380.4059143066406,796.3316040039062,445.2590637207031,776.3937377929688,357.31787109375,811.7581176757812,525.7932739257812,757.9959106445312,271.9627380371094,823.4174194335938,589.2545776367188,748.7781982421875,201.02137756347656,697.4755859375,463.5358581542969,668.3327026367188,432.4295349121094,756.5580444335938,572.5457153320312,634.799560546875,558.6880493164062,778.2637329101562,652.1298828125,599.3080444335938,664.3807373046875
1116,37.19990534351145,829.1676025390625,416.81304931640625,842.3698120117188,417.5957336425781,835.6724243164062,403.5278625488281,843.551513671875,421.4570617675781,824.651611328125,380.6233825683594,796.7200317382812,447.2550964355469,776.5927734375,358.1432189941406,812.5170288085938,528.2517700195312,757.5867919921875,271.90301513671875,823.8409423828125,593.4935913085938,747.65771484375,201.14370727539062,699.947509765625,466.1512756347656,670.9092407226562,434.38970947265625,756.7591552734375,573.3577270507812,634.9932250976562,558.285888671875,777.9337158203125,653.08544921875,599.21826171875,663.1780395507812
1117,37.23323859202714,830.3820190429688,419.31561279296875,842.5140991210938,419.6245422363281,836.8496704101562,406.4360046386719,842.0097045898438,421.5005187988281,825.6654052734375,382.6507873535156,795.9509887695312,445.9667663574219,777.1041870117188,358.2756042480469,812.0518798828125,528.6884765625,757.6917724609375,272.56854248046875,823.57861328125,595.9622802734375,746.792724609375,202.583984375,699.203125,467.1263732910156,671.0740966796875,436.163818359375,754.70947265625,573.7268676757812,634.4127197265625,560.4952392578125,779.3744506835938,651.9241943359375,599.9029541015625,663.6961059570312
1118,37.26657184054283,830.1929321289062,420.9838562011719,842.358642578125,421.0854797363281,836.421630859375,408.0811462402344,842.3577880859375,421.8969421386719,825.1199951171875,383.5384521484375,796.4286499023438,445.1736145019531,777.1571655273438,358.33734130859375,812.4508666992188,527.1248779296875,757.6406860351562,272.5699768066406,823.4019775390625,595.2899169921875,745.2920532226562,202.87071228027344,699.5081176757812,466.0384826660156,671.1747436523438,435.41595458984375,754.9627685546875,573.882080078125,634.573974609375,561.3839721679688,778.9185180664062,652.159912109375,599.48486328125,664.8738403320312
1119,37.29990508905853,829.517333984375,421.07464599609375,842.0526733398438,421.2624816894531,835.547119140625,408.119384765625,842.5430297851562,422.4268798828125,823.6556396484375,383.8085021972656,796.3914794921875,445.5270080566406,775.8350219726562,359.2227478027344,811.9302978515625,525.158447265625,757.0247802734375,272.37445068359375,822.584228515625,591.5260009765625,745.4857177734375,201.8243408203125,699.9940185546875,466.4422912597656,670.683837890625,435.9815673828125,755.311767578125,574.6185302734375,633.671875,561.7750854492188,779.1555786132812,653.1331176757812,599.002197265625,665.1332397460938
1120,37.333238337574215,828.7269897460938,420.7415771484375,840.7025756835938,420.75860595703125,834.5859985351562,407.94354248046875,840.3169555664062,421.68096923828125,822.590087890625,383.7997741699219,795.3910522460938,445.3313293457031,774.6561889648438,358.98486328125,813.0874633789062,525.3129272460938,757.0448608398438,269.9753723144531,824.4219970703125,591.9039306640625,744.6342163085938,197.4959259033203,698.9609985351562,469.7507019042969,669.6019897460938,439.50091552734375,756.5735473632812,575.83642578125,634.7875366210938,563.6748657226562,781.2022705078125,651.967041015625,599.9188232421875,664.583740234375
1121,37.366571586089904,828.9653930664062,420.5423278808594,840.8302001953125,420.50689697265625,834.87939453125,407.9765319824219,840.5282592773438,421.493896484375,823.3910522460938,384.2694396972656,795.6491088867188,444.617431640625,775.5839233398438,359.2090148925781,812.3707885742188,522.7827758789062,757.4622192382812,268.7167663574219,823.281494140625,589.6893920898438,744.4100341796875,196.44053649902344,698.7329711914062,469.77935791015625,669.705078125,439.9316711425781,755.9258422851562,575.8353271484375,634.2357177734375,564.3385009765625,781.3828125,651.86181640625,599.515625,665.0174560546875
1122,37.3999048346056,828.831298828125,420.2540588378906,841.01513671875,420.48785400390625,835.0031127929688,407.4498291015625,840.6901245117188,421.7787780761719,823.4590454101562,383.3765869140625,795.6942749023438,444.543212890625,774.9878540039062,358.5863952636719,812.5557861328125,522.6431274414062,757.8289184570312,268.3732604980469,824.4749145507812,590.1323852539062,744.7651977539062,195.23997497558594,699.2523193359375,470.1494445800781,669.864013671875,440.0270080566406,757.00244140625,575.393798828125,634.6868286132812,562.9684448242188,781.1765747070312,650.92822265625,600.7656860351562,663.25732421875
1123,37.43323808312129,832.7652587890625,419.02923583984375,845.2062377929688,419.3187561035156,838.9348754882812,406.08837890625,844.4113159179688,421.24774169921875,826.4015502929688,382.4586486816406,796.528076171875,443.89080810546875,777.3767700195312,358.5444641113281,811.3323974609375,519.795654296875,758.1056518554688,269.81634521484375,822.8153686523438,582.91357421875,745.0421752929688,199.25648498535156,699.209716796875,466.6907958984375,670.6010131835938,436.7859191894531,756.11572265625,573.9547119140625,634.3966674804688,562.017333984375,779.7674560546875,652.44482421875,598.8883666992188,665.8175659179688
1124,37.46657133163698,833.798583984375,419.1243591308594,846.8428344726562,419.68328857421875,840.0287475585938,405.76519775390625,846.2271728515625,422.0373840332031,826.775390625,381.5782470703125,796.6614990234375,445.0003356933594,777.5230712890625,358.3705749511719,811.466064453125,520.2955322265625,758.279296875,270.5165100097656,822.7763671875,580.1077270507812,745.3267822265625,200.8775634765625,699.4879150390625,465.8558654785156,670.9231567382812,435.338134765625,756.0065307617188,574.725341796875,634.2785034179688,561.7752075195312,778.2691040039062,653.8370361328125,598.6404418945312,666.8417358398438
1125,37.49990458015267,834.0184326171875,418.89764404296875,846.6484985351562,419.1701354980469,840.01513671875,405.7465515136719,845.61279296875,420.5721130371094,826.6525268554688,381.3314514160156,796.66015625,442.92071533203125,777.6461791992188,357.75067138671875,811.30517578125,517.7056884765625,758.8319091796875,269.9262390136719,822.4955444335938,579.0512084960938,745.4645385742188,201.5419464111328,699.5262451171875,466.1207275390625,671.0931396484375,436.2351379394531,755.9697875976562,574.3870849609375,634.6509399414062,562.2658081054688,779.2109985351562,653.0055541992188,599.164306640625,666.5034790039062
1126,37.53323782866836,834.0494995117188,418.8253479003906,846.8193359375,419.0743103027344,840.1591186523438,405.61474609375,845.7847900390625,420.6495056152344,827.1654052734375,381.1526794433594,795.94091796875,443.4700927734375,778.1210327148438,356.94036865234375,811.1795654296875,520.1890258789062,759.0897216796875,269.2098083496094,823.6305541992188,582.703369140625,745.6180419921875,201.58383178710938,697.3052978515625,464.7360534667969,669.5131225585938,434.4178466796875,755.295166015625,574.6447143554688,633.8766479492188,562.6599731445312,779.4290161132812,652.6851806640625,598.3143920898438,667.265625
1127,37.56657107718406,832.0042114257812,417.8930969238281,845.0987548828125,418.4031066894531,838.5114135742188,404.7417297363281,845.22119140625,420.6356506347656,826.95068359375,380.69683837890625,796.3198852539062,442.67742919921875,778.038818359375,356.0536193847656,812.2118530273438,519.8106689453125,758.8388061523438,269.67578125,825.0497436523438,582.098388671875,746.7828369140625,201.4629669189453,697.5873413085938,460.6543884277344,669.6229248046875,430.2860107421875,756.2128295898438,573.4923095703125,635.9019165039062,561.3889770507812,778.8190307617188,652.202880859375,601.031005859375,667.2218017578125
1128,37.59990432569975,832.5646362304688,418.77105712890625,845.7164916992188,419.23443603515625,838.9065551757812,405.5979309082031,845.4661865234375,421.22210693359375,826.4298706054688,381.4043884277344,795.6094360351562,442.34429931640625,777.3607788085938,357.1223449707031,811.56640625,517.622802734375,758.9351806640625,272.2410888671875,824.2139282226562,577.6644287109375,746.8233032226562,204.42550659179688,697.04150390625,459.680908203125,668.927734375,429.85736083984375,756.2508544921875,572.3275146484375,635.532470703125,560.6353759765625,778.7369384765625,653.368896484375,600.9970703125,669.0841064453125
1129,37.633237574215435,832.63916015625,417.62603759765625,846.12255859375,418.2746276855469,839.0598754882812,404.3497314453125,846.3360595703125,421.79364013671875,826.6116333007812,381.1082763671875,795.7197265625,445.413818359375,777.4308471679688,357.5198669433594,812.5352172851562,523.5617065429688,758.0519409179688,271.7244567871094,825.3150024414062,585.8583984375,746.9468383789062,204.28111267089844,695.9348754882812,460.008544921875,667.604736328125,429.1737976074219,755.6702880859375,572.2843627929688,633.6314086914062,560.1383666992188,779.207275390625,653.1607055664062,598.4454345703125,668.7440795898438
1130,37.66657082273113,832.0159301757812,417.33770751953125,846.0127563476562,418.1556701660156,838.4383544921875,403.90350341796875,847.02197265625,422.0519104003906,825.9327392578125,380.6468811035156,795.8213500976562,445.5301208496094,777.1573486328125,357.78363037109375,811.4820556640625,521.6065673828125,757.6448364257812,272.114990234375,823.6399536132812,580.2337646484375,747.2874755859375,204.9694366455078,697.0499267578125,459.88916015625,668.435791015625,429.0407409667969,755.63720703125,572.3291015625,633.5541381835938,559.8015747070312,778.126953125,654.98779296875,598.3549194335938,670.3768310546875
1131,37.69990407124682,831.1432495117188,417.46832275390625,845.3536987304688,418.2021789550781,837.4252319335938,404.02191162109375,847.08935546875,422.1181335449219,825.1743774414062,380.87261962890625,796.1754760742188,445.68304443359375,777.122314453125,358.34783935546875,811.1351928710938,520.9719848632812,757.7149047851562,273.3301696777344,822.6682739257812,576.9862670898438,747.069091796875,206.83895874023438,698.0333862304688,460.57366943359375,669.1783447265625,429.8174133300781,755.5575561523438,571.945068359375,633.4708251953125,559.3899536132812,778.159423828125,655.2230224609375,598.7120971679688,670.8031005859375
1132,37.73323731976251,830.0838623046875,417.9519958496094,843.98095703125,418.3865661621094,836.2208862304688,404.7300109863281,845.4942016601562,420.5845031738281,824.0531005859375,380.6624450683594,795.6488647460938,441.8786315917969,775.9052734375,357.0496826171875,810.5297241210938,516.0944213867188,758.127197265625,273.16241455078125,821.4690551757812,571.0570068359375,747.4747924804688,205.40345764160156,697.4110107421875,458.4152526855469,668.123291015625,428.6998596191406,755.4839477539062,571.6119995117188,633.4797973632812,560.0330200195312,779.0240478515625,653.8035278320312,600.3130493164062,670.3759765625
1133,37.766570568278205,828.0097045898438,418.60540771484375,841.7271728515625,418.69683837890625,833.8007202148438,405.6545104980469,844.1924438476562,419.4932556152344,822.310791015625,381.1304016113281,796.5629272460938,439.30047607421875,774.9453735351562,356.0773010253906,811.4814453125,513.6069946289062,758.2626342773438,270.6150817871094,821.453857421875,573.4736328125,746.9917602539062,200.78851318359375,697.76513671875,457.9715270996094,667.56494140625,428.9974060058594,757.1992797851562,572.58349609375,636.471923828125,562.0347290039062,779.2857666015625,653.0162353515625,604.06787109375,670.4534912109375
1134,37.79990381679389,827.9896240234375,418.42681884765625,842.7385864257812,419.1728210449219,833.9180908203125,406.0706481933594,847.0247192382812,420.6384582519531,821.6709594726562,382.6689147949219,801.4855346679688,440.346435546875,776.8756713867188,357.59564208984375,811.74365234375,501.03533935546875,755.1588134765625,278.3673400878906,827.0873413085938,560.8566284179688,753.1427612304688,216.61862182617188,701.5926513671875,463.4597473144531,671.5885009765625,433.1149597167969,752.76953125,569.4652099609375,646.5961303710938,561.4915771484375,772.6443481445312,642.4931030273438,614.1554565429688,665.6865234375
1135,37.83323706530958,827.77978515625,416.94818115234375,842.1611328125,417.87640380859375,833.9459228515625,404.8543395996094,846.6664428710938,419.7438659667969,822.3201904296875,381.99603271484375,802.503173828125,439.9150695800781,776.7482299804688,356.488525390625,813.1444091796875,501.309326171875,752.1969604492188,276.90692138671875,827.7251586914062,561.8516235351562,750.6605834960938,216.54470825195312,702.5162353515625,462.35968017578125,671.9420776367188,431.71649169921875,752.9130249023438,569.374267578125,646.9907836914062,561.1610107421875,772.754150390625,642.3636474609375,613.884765625,664.730712890625
1136,37.86657031382528,827.1874389648438,418.0609436035156,841.2781372070312,419.07635498046875,833.64013671875,406.03948974609375,845.3836669921875,420.4378356933594,822.37744140625,382.650390625,801.6359252929688,440.4138488769531,775.9765014648438,356.12017822265625,813.9743041992188,503.5521545410156,749.767822265625,276.9349365234375,830.1869506835938,564.6919555664062,748.2060546875,215.691650390625,700.9349365234375,461.42889404296875,670.57568359375,430.5399475097656,753.6713256835938,569.3936767578125,647.9775390625,561.1336059570312,773.5914916992188,642.7867431640625,614.4356079101562,665.4990844726562
1137,37.89990356234097,824.569580078125,416.18316650390625,839.7435302734375,417.47607421875,831.5933227539062,403.2608642578125,845.245849609375,420.4985046386719,821.7031860351562,379.05914306640625,799.419677734375,443.86181640625,775.7955322265625,356.34619140625,815.902587890625,513.5210571289062,751.2357177734375,272.77044677734375,830.572265625,577.54638671875,746.0904541015625,212.02651977539062,704.2092895507812,461.09100341796875,674.1511840820312,429.7616271972656,755.819091796875,569.7546997070312,641.21728515625,559.9733276367188,772.9152221679688,650.1276245117188,607.6950073242188,671.7000122070312
1138,37.933236810856656,827.2909545898438,415.029296875,840.7465209960938,416.1585388183594,833.9986572265625,402.1120910644531,842.763671875,417.6352844238281,823.3506469726562,377.72271728515625,799.6818237304688,440.27734375,773.0657348632812,352.30096435546875,816.8018188476562,519.0580444335938,751.5368041992188,267.7053527832031,824.3455810546875,584.4038696289062,738.0729370117188,206.22007751464844,700.8153076171875,464.0245361328125,668.2473754882812,431.73541259765625,761.5298461914062,577.03662109375,640.8571166992188,560.3810424804688,781.4459228515625,657.1472778320312,603.9935913085938,668.7280883789062
1139,37.96657005937235,824.738037109375,415.86053466796875,840.3950805664062,417.42718505859375,831.6312866210938,402.5819091796875,845.858642578125,421.31719970703125,820.9111328125,378.1867370605469,799.2191772460938,446.6044006347656,775.0529174804688,354.782470703125,817.7037353515625,520.8971557617188,749.5217895507812,270.34100341796875,831.9535522460938,586.8231811523438,744.9185180664062,209.88824462890625,703.1755981445312,460.26593017578125,672.9949951171875,427.3073425292969,755.718994140625,570.4764404296875,642.81005859375,559.7353515625,771.12548828125,649.5787963867188,608.8604736328125,671.4750366210938
1140,37.99990330788804,824.7562866210938,416.00042724609375,840.46484375,417.4014892578125,831.48193359375,402.65948486328125,845.7662963867188,420.8332214355469,820.2919921875,377.93145751953125,798.7094116210938,445.54461669921875,774.358154296875,354.5308532714844,817.6146240234375,519.0440673828125,749.439453125,270.47802734375,831.8197631835938,584.90869140625,744.4198608398438,210.3053436279297,702.3114013671875,459.4682312011719,672.0720825195312,426.855712890625,754.97021484375,569.8531494140625,642.5567626953125,559.407470703125,770.7408447265625,649.8341064453125,609.5128173828125,671.9799194335938
1141,38.03323655640373,824.2157592773438,416.2648010253906,840.21533203125,417.876220703125,831.0908203125,402.7867126464844,845.7572021484375,421.19158935546875,819.9298095703125,377.3091735839844,798.6586303710938,445.9339599609375,773.9140014648438,352.81182861328125,817.854248046875,521.7911987304688,749.266357421875,268.8398742675781,832.21533203125,587.6592407226562,745.3433227539062,209.61685180664062,702.6362915039062,459.32855224609375,672.4366455078125,425.93408203125,753.3054809570312,569.786865234375,643.5061645507812,558.6290283203125,769.24462890625,649.5088500976562,613.1506958007812,671.5848388671875
1142,38.066569804919425,823.7391357421875,416.3458251953125,839.7067260742188,417.9345397949219,830.7184448242188,403.0129699707031,845.2625732421875,421.3958435058594,819.897705078125,377.85272216796875,797.7127685546875,445.5059509277344,774.0236206054688,353.3722229003906,817.4610595703125,519.4381103515625,749.4378662109375,269.8123779296875,832.2755737304688,582.7069091796875,744.814453125,211.1712188720703,701.392822265625,458.3880310058594,671.6098022460938,425.3783874511719,752.7928466796875,568.8223266601562,642.3583374023438,557.8056030273438,770.8038940429688,650.980712890625,613.0209350585938,673.0870361328125
1143,38.09990305343511,823.619384765625,416.85174560546875,839.5785522460938,418.3409729003906,830.533447265625,403.3756103515625,844.966796875,421.56793212890625,819.3604125976562,377.9043884277344,797.168212890625,445.7001647949219,773.595458984375,353.5895080566406,816.912109375,519.248779296875,749.23583984375,270.4739685058594,831.8052978515625,581.1759033203125,744.1185302734375,212.65997314453125,701.6759033203125,458.16229248046875,671.8197631835938,425.1241149902344,753.0078735351562,567.5748901367188,640.960693359375,556.3580932617188,771.6765747070312,651.2092895507812,611.0303955078125,673.26220703125
1144,38.13323630195081,823.2261352539062,417.2987365722656,839.1375732421875,418.7694396972656,830.2606201171875,403.7528991699219,844.4906616210938,421.6158752441406,819.3234252929688,377.8744201660156,796.8265380859375,445.3214111328125,773.3763427734375,353.58123779296875,816.2723388671875,518.2935791015625,749.2838745117188,271.0088195800781,831.8433227539062,579.2848510742188,743.6986083984375,213.5769500732422,701.6504516601562,458.58160400390625,671.8084716796875,425.6594543457031,753.4297485351562,568.1837158203125,639.9967651367188,556.8819580078125,772.3973388671875,651.2734375,609.3853149414062,673.2379760742188
1145,38.1665695504665,824.0936889648438,417.7379150390625,839.9427490234375,419.1429138183594,830.897705078125,404.00689697265625,844.8421020507812,421.95343017578125,819.2548828125,377.9050598144531,797.0343017578125,446.56597900390625,773.4833984375,353.62164306640625,816.7805786132812,520.5980224609375,749.5265502929688,270.4761657714844,832.2968139648438,580.7658081054688,743.04345703125,213.18040466308594,702.2131958007812,460.257568359375,672.4332885742188,426.83709716796875,753.6905517578125,568.1903076171875,640.6071166992188,556.3229370117188,772.2372436523438,651.0582885742188,609.5034790039062,672.636474609375
1146,38.19990279898219,823.4934692382812,417.9247741699219,839.393310546875,419.4349365234375,830.5957641601562,404.2621154785156,844.6285400390625,421.8221130371094,819.641357421875,377.67279052734375,797.1544799804688,445.4525146484375,773.4802856445312,352.97369384765625,816.04931640625,518.6207885742188,749.1942749023438,270.8007507324219,831.104736328125,575.6951904296875,742.705810546875,214.75057983398438,702.7673950195312,460.4011535644531,672.8563232421875,427.1630859375,753.5953369140625,568.0577392578125,640.1522827148438,556.2030639648438,773.081298828125,651.6873779296875,610.2600708007812,673.665771484375
1147,38.23323604749788,823.0039672851562,417.95245361328125,839.0592651367188,419.709228515625,830.3505859375,404.3680725097656,844.6805419921875,422.57745361328125,819.88671875,378.07080078125,797.0701293945312,445.23291015625,773.820068359375,353.1177978515625,815.1857299804688,515.8701782226562,748.8255615234375,270.3547668457031,830.44580078125,569.2275390625,742.7418212890625,214.60821533203125,703.4191284179688,459.3822021484375,673.6956787109375,426.2536926269531,753.5804443359375,567.4158935546875,640.5122680664062,555.2188110351562,772.6502685546875,652.182373046875,610.7801513671875,673.6830444335938
1148,38.26656929601357,823.0413818359375,418.5188903808594,838.7351684570312,420.010009765625,830.1002197265625,405.1288757324219,843.980224609375,422.54998779296875,819.2365112304688,379.1375427246094,797.0930786132812,445.42022705078125,773.1921997070312,354.14892578125,815.1939697265625,516.019775390625,748.8770141601562,270.0319519042969,830.2872314453125,571.010498046875,742.8292236328125,213.13491821289062,703.4794311523438,461.597900390625,673.3841552734375,428.90911865234375,753.1265869140625,568.0471801757812,640.335205078125,556.5526733398438,773.4418334960938,651.146728515625,611.3421630859375,672.6468505859375
1149,38.29990254452926,823.6179809570312,419.1045227050781,838.7536010742188,420.4488830566406,830.1362915039062,406.3076171875,843.9627685546875,422.21527099609375,818.9111938476562,381.6307067871094,800.0741577148438,443.73309326171875,774.0948486328125,354.7069091796875,814.00537109375,508.92755126953125,746.6527709960938,275.3283996582031,829.0127563476562,561.0439453125,742.04443359375,217.38792419433594,700.6785278320312,465.7437438964844,671.3627319335938,432.9167175292969,748.5615844726562,568.3194580078125,651.1738891601562,558.9116821289062,764.1715087890625,642.9655151367188,620.1612548828125,667.5822143554688
1150,38.333235793044956,823.3067626953125,419.05059814453125,838.7109985351562,420.5202331542969,829.912841796875,405.8572082519531,844.6377563476562,422.48956298828125,818.6615600585938,380.6427917480469,801.678955078125,445.1797790527344,773.5272216796875,353.4419250488281,815.5848999023438,512.6349487304688,746.7076416015625,273.3932189941406,828.9576416015625,565.7025756835938,742.4490966796875,216.69107055664062,703.1447143554688,466.1432800292969,671.7669067382812,432.0487976074219,753.3746948242188,569.4217529296875,648.330078125,558.0051879882812,771.4909057617188,643.6162109375,615.5444946289062,666.1997680664062
1151,38.366569041560645,822.2513427734375,418.5870056152344,837.8479614257812,420.26971435546875,829.6968994140625,405.08331298828125,843.8868408203125,422.8585205078125,819.8057250976562,378.74505615234375,798.7022094726562,446.11370849609375,773.8714599609375,353.2355041503906,816.8675537109375,518.2719116210938,748.9891357421875,268.78887939453125,830.609619140625,576.2762451171875,743.2943725585938,213.18438720703125,706.4891967773438,461.1106872558594,675.7213745117188,427.5077819824219,754.4559326171875,568.7844848632812,638.8383178710938,556.0595703125,774.1453247070312,652.2891845703125,608.0660400390625,672.2971801757812
1152,38.399902290076334,822.9768676757812,418.4137268066406,838.663330078125,419.9811096191406,830.291748046875,404.9747619628906,844.3753662109375,422.6373596191406,819.9608764648438,378.9446716308594,797.974853515625,445.8044738769531,773.9398193359375,354.1107482910156,815.668212890625,516.8277587890625,749.5197143554688,269.5480041503906,829.504150390625,574.8665771484375,744.372802734375,212.79180908203125,704.6396484375,461.02008056640625,674.2603149414062,427.99371337890625,753.1392822265625,568.19091796875,637.9917602539062,556.4888916015625,773.099609375,652.5073852539062,607.2736206054688,673.6594848632812
1153,38.43323553859203,823.6358032226562,418.44287109375,838.9590454101562,419.88177490234375,830.9569702148438,405.2104187011719,843.9080810546875,422.0346984863281,820.401611328125,379.1416931152344,797.6670532226562,444.3032531738281,773.787841796875,354.2521667480469,815.446044921875,514.6586303710938,749.7149658203125,270.7579650878906,829.3214111328125,574.0685424804688,744.2106323242188,214.38180541992188,704.3450927734375,460.55218505859375,674.1349487304688,428.1797180175781,752.2846069335938,567.875244140625,637.9725952148438,556.5396118164062,773.644775390625,652.042236328125,609.2930297851562,672.920654296875
1154,38.46656878710772,823.6695556640625,419.0695495605469,838.7762451171875,420.3761291503906,831.0296630859375,406.10601806640625,843.6807250976562,421.6073303222656,820.7242431640625,379.725830078125,797.4152221679688,441.8788146972656,774.1260986328125,354.1534118652344,814.5696411132812,510.0420227050781,750.3106079101562,270.0405578613281,828.8687133789062,572.0202026367188,744.8012084960938,212.87261962890625,704.0306396484375,458.5298156738281,674.1093139648438,427.1814270019531,751.8777465820312,567.283447265625,637.5379028320312,557.2243041992188,773.8245239257812,650.8843383789062,609.1828002929688,672.42626953125
1155,38.49990203562341,824.4640502929688,419.41485595703125,839.5467529296875,420.689453125,831.634521484375,406.3887939453125,843.7603759765625,421.9718322753906,820.4573364257812,380.0547790527344,796.435302734375,442.0888671875,773.904296875,354.8213195800781,814.1530151367188,509.48175048828125,750.5745849609375,271.20855712890625,828.6806030273438,570.51025390625,744.90673828125,213.80345153808594,702.9019165039062,457.64453125,673.4479370117188,426.472412109375,751.3081665039062,566.8009033203125,637.7071533203125,556.697998046875,773.0704345703125,651.8195190429688,609.3366088867188,673.1487426757812
1156,38.5332352841391,824.1433715820312,419.41058349609375,839.3536376953125,420.6481018066406,831.2568969726562,406.52410888671875,843.4739990234375,421.60882568359375,820.0755004882812,380.0179748535156,795.8397216796875,440.92376708984375,773.3952026367188,354.2188720703125,812.9734497070312,508.22406005859375,750.3796997070312,270.9501037597656,827.2333374023438,568.0098266601562,744.5382690429688,213.8487548828125,701.7125244140625,457.8043212890625,672.6873779296875,427.0165100097656,749.2525634765625,566.5462036132812,639.9508666992188,557.0235595703125,771.2415161132812,650.1449584960938,615.1267700195312,672.5306396484375
1157,38.56656853265479,825.4613037109375,419.1098937988281,840.7095947265625,420.1982421875,832.2581787109375,406.0438232421875,844.38134765625,421.0172119140625,820.0929565429688,379.3623352050781,795.906982421875,440.9385681152344,773.5513916015625,354.08807373046875,813.4024047851562,508.7077331542969,750.6099853515625,270.3659973144531,828.6229858398438,571.6458129882812,743.8928833007812,213.07981872558594,701.8067626953125,458.29681396484375,672.8892822265625,427.5198059082031,749.96044921875,566.0570678710938,640.5393676757812,556.8104248046875,770.8873901367188,650.2321166992188,614.5355834960938,672.9215698242188
1158,38.59990178117048,824.3944091796875,418.539794921875,839.94775390625,419.8402404785156,831.3861694335938,405.3678894042969,844.473388671875,421.116943359375,820.0091552734375,378.734375,796.3395385742188,441.2672119140625,773.8674926757812,353.6548767089844,813.7940673828125,509.4237365722656,750.1135864257812,270.5381774902344,828.6644287109375,573.3411865234375,743.2450561523438,213.9146728515625,702.3967895507812,457.3637390136719,673.4525146484375,426.1122741699219,750.702880859375,566.5297241210938,640.8837890625,556.4078979492188,770.1270141601562,650.9318237304688,613.7755126953125,672.6658935546875
1159,38.633235029686176,823.4732666015625,418.5640869140625,838.861572265625,419.860595703125,830.613037109375,405.662841796875,843.9630737304688,420.9717102050781,820.1138916015625,379.3509826660156,796.286376953125,439.83990478515625,774.2811279296875,353.8608093261719,812.6774291992188,505.2701110839844,749.4655151367188,270.9423522949219,826.8386840820312,566.1248779296875,742.6044921875,215.24374389648438,702.4371337890625,455.3145446777344,673.497802734375,424.62188720703125,750.9428100585938,565.5087280273438,639.7244873046875,555.744140625,770.675537109375,651.2094116210938,611.2711181640625,673.0010375976562
1160,38.666568278201865,823.7749633789062,417.7707824707031,839.5958251953125,419.0989990234375,830.6887817382812,404.5074768066406,844.9218139648438,421.1052551269531,819.4953002929688,378.5398254394531,797.009033203125,442.20294189453125,773.2904052734375,354.56683349609375,814.5679321289062,510.1848449707031,749.150390625,272.0633544921875,828.9130859375,574.8300170898438,742.279541015625,215.86917114257812,701.7953491210938,458.19647216796875,671.921630859375,426.81072998046875,752.0431518554688,567.0553588867188,640.0712890625,556.931884765625,769.53466796875,651.351806640625,610.4113159179688,673.3975830078125
1161,38.69990152671756,822.9402465820312,418.31903076171875,838.6844482421875,419.7119445800781,829.984375,404.8232116699219,843.552978515625,421.044189453125,818.6990356445312,377.6329345703125,795.8799438476562,442.40057373046875,772.0772094726562,352.61737060546875,815.6339721679688,514.4053955078125,749.3796997070312,271.62164306640625,830.5191040039062,581.4671020507812,741.6163940429688,216.34149169921875,700.2194213867188,459.10723876953125,670.5621337890625,426.903564453125,751.23095703125,566.971435546875,640.427001953125,556.29541015625,768.4779052734375,651.0172729492188,612.15869140625,673.44970703125
1162,38.73323477523325,822.271484375,417.8966064453125,837.8336181640625,419.1553955078125,829.2260131835938,404.99224853515625,842.3984985351562,419.5315246582031,818.215087890625,377.8239440917969,794.4088745117188,438.636962890625,771.1937866210938,351.88690185546875,814.1278686523438,508.2291259765625,748.0654296875,270.8056335449219,830.5015258789062,575.22021484375,739.7632446289062,214.4127655029297,696.7646484375,458.2984313964844,668.38427734375,427.56439208984375,745.804443359375,567.5671997070312,644.2085571289062,558.6005859375,762.8576049804688,651.0171508789062,622.0648193359375,674.7965087890625
1163,38.76656802374894,821.3238525390625,416.48291015625,837.0582275390625,417.8456115722656,828.2549438476562,403.4886474609375,842.061767578125,419.1158752441406,817.3358764648438,377.078857421875,794.6027221679688,438.8851318359375,770.5650024414062,352.3636474609375,813.6992797851562,506.90606689453125,746.4479370117188,271.1170349121094,830.45556640625,568.783203125,738.2667846679688,213.2029571533203,698.7320556640625,458.0070495605469,669.5863037109375,427.3172302246094,748.4373168945312,566.6068115234375,644.0061645507812,557.029052734375,764.9799194335938,650.362548828125,619.8871459960938,673.298095703125
1164,38.799901272264634,822.088134765625,414.11163330078125,837.9228515625,415.36212158203125,828.6133422851562,400.56024169921875,841.4384155273438,418.3736572265625,815.5270385742188,375.2778625488281,792.4744873046875,441.2966003417969,768.8424682617188,354.0485534667969,812.7118530273438,508.2758483886719,745.6093139648438,272.3152770996094,831.190673828125,565.7948608398438,736.8255615234375,213.39053344726562,699.734375,460.03729248046875,670.2709350585938,429.1319885253906,751.4750366210938,565.2568969726562,641.1105346679688,555.0225219726562,769.647216796875,650.6322021484375,613.780517578125,672.8712768554688
1165,38.83323452078032,822.6268310546875,411.29107666015625,838.4661865234375,412.4748229980469,828.7073364257812,397.3151550292969,840.4976806640625,417.2544860839844,813.28466796875,373.3304748535156,790.0307006835938,442.8963317871094,766.2537841796875,354.54058837890625,812.8530883789062,510.244140625,745.0740966796875,270.68975830078125,834.3464965820312,568.9078369140625,736.2337036132812,207.35958862304688,697.2276611328125,461.2832336425781,667.6748046875,430.02239990234375,750.7391967773438,564.5858764648438,639.8281860351562,553.938720703125,766.8216552734375,650.208251953125,610.4699096679688,671.6883544921875
1166,38.86656776929601,821.2388305664062,407.5633850097656,837.53857421875,408.4177551269531,826.4972534179688,393.4600830078125,841.4540405273438,415.0361633300781,811.0979614257812,371.6966857910156,793.0361328125,444.5473327636719,765.6619262695312,356.08966064453125,813.5067749023438,511.5629577636719,742.3684692382812,272.05706787109375,835.249267578125,570.7680053710938,732.18115234375,209.2078857421875,702.0679931640625,464.82989501953125,670.106689453125,432.91973876953125,752.3240966796875,566.1524047851562,637.0158081054688,552.6359252929688,768.3815307617188,652.7002563476562,605.98876953125,669.2072143554688
1167,38.89990101781171,822.8659057617188,405.03912353515625,838.257080078125,405.3546447753906,827.9089965820312,391.3114318847656,840.5925903320312,410.6147155761719,812.1390380859375,369.5635070800781,793.888916015625,440.33221435546875,765.3112182617188,354.98272705078125,816.0553588867188,510.1302490234375,742.41650390625,273.6315612792969,839.6141967773438,572.8060302734375,732.2713012695312,206.59658813476562,701.6200561523438,466.87066650390625,669.3497314453125,436.4731750488281,752.6912231445312,567.1681518554688,639.4083862304688,556.2054443359375,768.046630859375,650.3019409179688,609.4069213867188,669.1796264648438
1168,38.933234266327396,821.421875,401.1540832519531,836.2099609375,401.0707092285156,826.2980346679688,388.2405700683594,838.6411743164062,404.8326721191406,812.026611328125,366.77667236328125,793.6717529296875,433.19671630859375,765.5818481445312,350.8941345214844,814.7227783203125,503.7183532714844,740.1300659179688,271.6258544921875,838.2564697265625,564.2017211914062,730.7252197265625,204.70034790039062,699.7401733398438,465.09600830078125,668.2131958007812,435.9385681152344,747.7060546875,566.3290405273438,640.7295532226562,556.3125,765.8009643554688,651.1686401367188,615.2406005859375,669.3250732421875
1169,38.966567514843085,822.8252563476562,392.59112548828125,837.69775390625,392.3464050292969,827.3970947265625,379.1307067871094,840.0545043945312,399.0873718261719,812.3638305664062,360.3446044921875,795.551513671875,433.6294860839844,765.492431640625,350.285400390625,817.3574829101562,505.45050048828125,738.1909790039062,270.79638671875,845.1686401367188,570.5138549804688,726.9505004882812,201.4451141357422,702.53515625,467.5338134765625,669.546630859375,437.5729675292969,751.150390625,565.387451171875,636.6774291992188,553.4047241210938,767.0162963867188,652.4775390625,604.9422607421875,667.2208251953125
1170,38.99990076335878,821.7421264648438,390.69427490234375,835.60595703125,389.632080078125,825.8151245117188,378.4796447753906,838.2382202148438,393.56884765625,812.3468627929688,359.7474365234375,796.3114013671875,423.8370056152344,767.1981811523438,346.8249206542969,819.5319213867188,493.4183044433594,735.8320922851562,266.349853515625,846.5966186523438,566.0541381835938,719.6441650390625,197.7733154296875,702.1285400390625,461.6178894042969,670.7388916015625,434.597412109375,747.1388549804688,564.6494750976562,642.1029663085938,558.0616455078125,763.5615234375,649.882568359375,613.3665161132812,669.12646484375
1171,39.03323401187447,825.3235473632812,385.0400695800781,838.3572998046875,384.2524108886719,829.6965942382812,372.9429016113281,837.9525756835938,388.67987060546875,814.2765502929688,354.32476806640625,794.7379760742188,418.3377990722656,766.4449462890625,341.10693359375,817.8534545898438,486.3217468261719,730.634033203125,260.4787902832031,846.5162353515625,548.8980102539062,708.037841796875,193.888671875,704.2266235351562,459.56707763671875,673.3284912109375,432.6966857910156,745.7660522460938,565.2642211914062,640.8917846679688,558.0936279296875,766.7977905273438,651.5723266601562,615.32958984375,669.971435546875
1172,39.06656726039016,827.4343872070312,374.2276306152344,841.6757202148438,372.8352355957031,830.4102172851562,360.81134033203125,842.79736328125,378.5167541503906,811.12158203125,342.54400634765625,798.490966796875,414.1362609863281,762.0221557617188,334.9913024902344,822.2474365234375,484.1126403808594,725.3698120117188,257.96649169921875,848.3658447265625,541.4927978515625,702.54541015625,196.22567749023438,707.679931640625,457.27630615234375,671.0737915039062,429.41888427734375,750.9284057617188,565.205078125,635.62744140625,556.3259887695312,771.9861450195312,654.4531860351562,605.4960327148438,671.7149047851562
1173,39.099900508905854,823.7378540039062,370.0108337402344,837.4945068359375,368.0096435546875,826.06103515625,356.85028076171875,839.2507934570312,372.6798400878906,807.0170288085938,339.07489013671875,799.970703125,407.39227294921875,758.6607055664062,335.2682800292969,830.0701904296875,474.75665283203125,722.8102416992188,264.7882385253906,858.9788818359375,533.86376953125,693.1359252929688,198.7727508544922,711.4232788085938,457.7253112792969,672.3270874023438,432.306884765625,754.1412353515625,566.0965576171875,635.89453125,558.75927734375,773.0098266601562,656.9812622070312,605.8701171875,674.0872192382812
1174,39.13323375742154,825.271240234375,360.1377868652344,838.1670532226562,357.4710998535156,826.9031982421875,347.13214111328125,838.5548095703125,361.9273681640625,806.6636962890625,330.68304443359375,799.6332397460938,398.4434814453125,756.8095092773438,329.197021484375,831.2070922851562,467.5679626464844,718.0762939453125,263.8426208496094,860.9517822265625,525.561279296875,685.7440185546875,199.90464782714844,708.4163208007812,453.27899169921875,668.5689697265625,429.07415771484375,756.5023193359375,565.0945434570312,639.3984985351562,558.2374877929688,776.4140014648438,658.5885009765625,608.345703125,674.6802978515625
1175,39.16656700593724,825.240234375,351.9482727050781,837.0272827148438,349.26611328125,826.8403930664062,338.7103576660156,835.3681030273438,352.0890808105469,806.7335815429688,321.93731689453125,799.084228515625,389.0617370605469,754.3629760742188,318.9728698730469,835.4255981445312,467.97998046875,718.0973510742188,255.97645568847656,867.2075805664062,527.4473266601562,676.6056518554688,202.9476776123047,703.4901733398438,453.8800048828125,662.1089477539062,428.77789306640625,760.2269897460938,565.1387939453125,639.6889038085938,552.550537109375,789.6542358398438,664.0948486328125,606.4899291992188,671.3933715820312
1176,39.19990025445293,826.3753051757812,338.8841857910156,839.4668579101562,335.4216613769531,826.4853515625,325.5068359375,840.4415893554688,340.48614501953125,805.5299682617188,312.4422912597656,803.5103149414062,381.6351623535156,754.615966796875,315.85101318359375,834.2675170898438,457.3047180175781,709.0790405273438,255.0312957763672,876.215087890625,520.35791015625,665.7418823242188,205.0209503173828,709.3936767578125,452.1822204589844,665.8727416992188,428.9216003417969,760.539794921875,562.2224731445312,639.463134765625,551.635009765625,786.8134155273438,664.021484375,602.8712158203125,671.564208984375
1177,39.233233502968616,824.1930541992188,334.5086669921875,835.02490234375,329.79241943359375,823.1254272460938,322.5404357910156,835.1324462890625,333.72564697265625,801.2635498046875,310.8686218261719,803.3380737304688,376.1099853515625,753.0162963867188,317.9600524902344,835.2277221679688,445.49224853515625,700.1109008789062,263.2184143066406,879.64111328125,505.6633605957031,661.00439453125,203.24327087402344,718.7659912109375,447.8791809082031,676.2410278320312,428.0869140625,755.6392211914062,559.2111206054688,644.645751953125,555.3104248046875,773.72802734375,658.8543701171875,609.3001098632812,671.3917846679688
1178,39.26656675148431,824.3927612304688,327.4847412109375,834.054931640625,321.82830810546875,821.9526977539062,315.8063049316406,832.8355102539062,324.49407958984375,797.214599609375,305.132080078125,803.5523071289062,366.99932861328125,749.1984252929688,316.0165710449219,831.2471923828125,430.78106689453125,694.78466796875,267.0046081542969,870.4966430664062,481.31689453125,654.1689453125,210.22470092773438,724.8959350585938,447.3200988769531,680.23388671875,430.1091613769531,757.3233642578125,559.6942749023438,647.5180053710938,556.7896118164062,774.195068359375,658.8364868164062,611.63818359375,670.3688354492188
1179,39.2999,823.3511962890625,321.49432373046875,833.2366333007812,315.85272216796875,820.90234375,309.71295166015625,833.124267578125,318.5888977050781,797.175537109375,300.2636413574219,808.6871337890625,361.41998291015625,749.0562133789062,314.38055419921875,835.8726196289062,422.37908935546875,688.9016723632812,268.00146484375,876.0145263671875,476.9790954589844,636.8673095703125,220.15689086914062,734.1715087890625,454.1500549316406,686.2099609375,437.2705993652344,764.23095703125,562.5657958984375,645.305419921875,557.0548095703125,782.537109375,664.4749755859375,604.9049682617188,672.3980712890625
