frame,time_s,nose_x,nose_y,l_eye_x,l_eye_y,r_eye_x,r_eye_y,l_ear_x,l_ear_y,r_ear_x,r_ear_y,l_shoulder_x,l_shoulder_y,r_shoulder_x,r_shoulder_y,l_elbow_x,l_elbow_y,r_elbow_x,r_elbow_y,l_wrist_x,l_wrist_y,r_wrist_x,r_wrist_y,l_hip_x,l_hip_y,r_hip_x,r_hip_y,l_knee_x,l_knee_y,r_knee_x,r_knee_y,l_ankle_x,l_ankle_y,r_ankle_x,r_ankle_y
1,0.033333225458468174,759.9473876953125,244.8082733154297,769.44873046875,236.65432739257812,751.1610107421875,236.70135498046875,781.5126953125,242.55447387695312,736.2633056640625,242.0159912109375,793.93359375,299.57757568359375,719.7028198242188,302.5219421386719,815.6249389648438,369.5132141113281,705.0488891601562,377.27960205078125,827.8906860351562,423.7447509765625,728.5677490234375,428.5697326660156,787.7550048828125,435.6497497558594,739.32373046875,438.9220275878906,787.68017578125,536.6795654296875,736.9264526367188,545.26025390625,787.11474609375,633.6915893554688,735.4237670898438,646.615234375
2,0.06666645091693635,768.650390625,245.02847290039062,777.4251098632812,236.97694396972656,759.491943359375,237.12327575683594,788.1863403320312,243.484619140625,743.1884765625,243.08116149902344,800.5084838867188,302.08172607421875,726.0357666015625,302.563232421875,823.3046875,373.6769104003906,708.6598510742188,375.6971130371094,835.1026000976562,426.5964050292969,727.19287109375,430.5794982910156,793.0479736328125,436.1524353027344,744.6361083984375,438.0055236816406,789.5595092773438,537.0346069335938,739.78857421875,543.7146606445312,787.1723022460938,633.8609619140625,735.12060546875,645.2008666992188
3,0.09999967637540454,771.3486938476562,244.83135986328125,780.502197265625,236.64706420898438,761.9620361328125,236.88116455078125,792.8260498046875,243.04885864257812,746.5331420898438,242.98719787597656,806.0572509765625,302.6202392578125,730.3123168945312,302.4596862792969,828.2564086914062,375.7747497558594,710.7057495117188,376.2589111328125,838.3173217773438,428.216552734375,724.4754028320312,434.4662170410156,796.4732666015625,436.8982849121094,747.3927001953125,438.1153564453125,791.7374267578125,537.6544799804688,741.5242919921875,543.8270874023438,788.3936157226562,632.7510986328125,735.2540893554688,644.2564086914062
4,0.1333329018338727,775.4086303710938,245.4775848388672,784.4083862304688,237.4762725830078,766.1228637695312,237.4873504638672,796.2247924804688,243.80703735351562,750.4739379882812,243.4088592529297,808.96044921875,302.7625427246094,733.599609375,302.4852294921875,831.6741943359375,374.75244140625,713.1942749023438,376.182373046875,841.86279296875,427.3356628417969,721.501220703125,434.9172058105469,797.0860595703125,435.9055480957031,748.2958374023438,436.64117431640625,794.20947265625,536.4555053710938,743.429931640625,541.1923828125,788.659423828125,631.81494140625,735.2632446289062,642.1595458984375
5,0.1666661272923409,777.294921875,245.902587890625,786.8658447265625,237.98301696777344,767.9083251953125,237.6787872314453,800.0459594726562,244.13711547851562,752.6019287109375,242.9181365966797,812.90966796875,303.8211364746094,735.19921875,301.5083923339844,834.8612670898438,378.11578369140625,712.9345092773438,374.683837890625,844.070068359375,428.9055480957031,718.101806640625,434.7048645019531,799.65087890625,437.5382995605469,749.1372680664062,437.2734680175781,797.2442626953125,538.1757202148438,742.0787963867188,541.1681518554688,792.5553588867188,633.3955078125,736.7183837890625,642.8720703125
6,0.19999935275080907,777.181640625,245.71900939941406,786.8092651367188,237.84335327148438,767.8262329101562,237.55499267578125,800.1639404296875,244.19200134277344,752.7840576171875,243.03843688964844,812.9965209960938,303.9002990722656,735.5223388671875,301.6655578613281,834.9049072265625,378.1109924316406,712.900390625,374.7193603515625,844.4368896484375,429.2406311035156,717.9957885742188,434.7359313964844,799.4699096679688,437.2220458984375,749.1058349609375,437.00933837890625,797.3056640625,537.89501953125,742.2627563476562,541.0988159179688,792.5988159179688,633.3497314453125,736.6700439453125,643.1004028320312
7,0.23333257820927725,781.083251953125,246.3053436279297,790.470458984375,238.47689819335938,771.6019897460938,238.31216430664062,803.2275390625,245.01556396484375,755.8619384765625,244.1940155029297,815.6885986328125,304.34173583984375,737.7469482421875,302.45538330078125,837.5946044921875,377.3610534667969,713.374755859375,374.2205505371094,846.6152954101562,430.0700378417969,716.0253295898438,435.224365234375,800.709716796875,437.2928771972656,750.0390014648438,437.1427307128906,798.5081787109375,537.5108032226562,742.6828002929688,541.1021118164062,792.8820190429688,632.966796875,735.669677734375,643.3065795898438
8,0.2666658036677454,785.0787353515625,245.67178344726562,794.3098754882812,237.8749542236328,775.4358520507812,237.71324157714844,806.455078125,244.5796356201172,758.7155151367188,243.8406524658203,818.218505859375,303.6977844238281,739.64697265625,301.9983215332031,839.6129150390625,375.1013488769531,713.4813842773438,372.17315673828125,848.1671142578125,428.37628173828125,713.5903930664062,432.21173095703125,802.0923461914062,436.4224853515625,751.097412109375,436.1940002441406,799.2984008789062,537.0614013671875,743.279296875,540.2359619140625,793.0156860351562,632.8038330078125,735.9410400390625,642.2901000976562
9,0.2999990291262136,786.9950561523438,245.2407989501953,796.3607788085938,237.5517120361328,777.5774536132812,237.2400665283203,808.7172241210938,244.21363830566406,761.4741821289062,243.20619201660156,820.2243041992188,302.7210998535156,741.8322143554688,300.72967529296875,840.8950805664062,372.1239929199219,713.128173828125,369.59344482421875,849.03125,423.8558044433594,712.5857543945312,429.70257568359375,802.8242797851562,435.764892578125,751.9387817382812,435.2398376464844,799.6848754882812,537.353515625,743.4444580078125,539.9201049804688,793.4664916992188,634.2989501953125,735.5093994140625,642.9321899414062
10,0.3333322545846818,788.1084594726562,245.3408660888672,797.7719116210938,237.163818359375,778.6871948242188,236.2786865234375,809.0003051757812,244.86276245117188,762.7982788085938,242.90826416015625,820.9230346679688,302.8039855957031,742.6112670898438,299.699951171875,842.2218627929688,368.19073486328125,712.1940307617188,365.4819641113281,850.3182373046875,418.9759826660156,711.2278442382812,422.7870788574219,805.1055297851562,435.30035400390625,753.273193359375,433.8065185546875,797.1696166992188,538.188720703125,744.7031860351562,539.31298828125,788.684814453125,637.4240112304688,735.1945190429688,643.6275634765625
11,0.36666548004314997,789.2797241210938,245.26344299316406,798.7308959960938,237.20166015625,780.0725708007812,236.22430419921875,809.6258544921875,244.64273071289062,764.3013916015625,242.4441375732422,822.4141235351562,301.9585266113281,743.3978271484375,298.1070251464844,845.3700561523438,365.3597106933594,711.4056396484375,360.6200256347656,850.5591430664062,415.703857421875,710.6942138671875,418.588623046875,805.9052734375,434.3381652832031,753.810791015625,432.42718505859375,797.1082153320312,538.7601928710938,744.8685302734375,539.8716430664062,787.6300659179688,638.0188598632812,734.3812866210938,644.3961791992188
12,0.39999870550161815,790.09033203125,245.55160522460938,799.5758666992188,238.1901092529297,781.1937255859375,237.40216064453125,812.3512573242188,244.77052307128906,765.926025390625,242.8147430419922,825.5074462890625,301.8102111816406,744.5892333984375,297.547119140625,849.09423828125,364.2333068847656,711.1504516601562,356.5216064453125,847.9734497070312,408.0472412109375,711.139892578125,410.8855285644531,804.1885375976562,434.4494323730469,751.968505859375,432.43011474609375,800.0347290039062,537.4973754882812,742.8872680664062,538.8441162109375,793.1956787109375,634.4617309570312,734.0165405273438,641.43798828125
13,0.4333319309600863,790.861328125,245.6564178466797,800.2078857421875,238.24974060058594,781.9967651367188,237.56439208984375,812.7380981445312,244.53526306152344,766.7390747070312,242.849365234375,826.6565551757812,301.0496826171875,744.7772827148438,297.3551940917969,850.195068359375,362.5535583496094,711.2640380859375,355.390869140625,845.9031982421875,405.6221618652344,712.1201782226562,406.9288024902344,804.4771118164062,434.1488342285156,751.6560668945312,432.2051696777344,800.4737548828125,536.5411376953125,742.5433349609375,537.9093017578125,792.5421142578125,632.7197875976562,733.4556884765625,639.6906127929688
14,0.4666651564185545,790.4676513671875,246.18173217773438,799.9013671875,238.61508178710938,781.463623046875,237.83419799804688,813.0598754882812,244.7523193359375,766.606201171875,242.8955841064453,828.58056640625,302.3125,744.531005859375,296.2364196777344,853.2867431640625,363.7135314941406,709.6378784179688,352.51959228515625,845.280517578125,396.2130432128906,711.3228149414062,401.96075439453125,804.6099853515625,435.6632385253906,750.5599975585938,432.2436218261719,799.6439819335938,537.7708740234375,741.4872436523438,536.2804565429688,792.239990234375,632.1441650390625,732.9324340820312,635.486083984375
15,0.49999838187702267,790.53125,246.4917449951172,799.8926391601562,238.83840942382812,781.557861328125,238.05181884765625,813.0339965820312,244.64666748046875,766.7540283203125,242.8404541015625,830.2677001953125,301.8475341796875,743.6240234375,295.6274719238281,856.4053344726562,362.04998779296875,707.4557495117188,351.5486145019531,843.7568359375,390.2103576660156,710.7230834960938,401.15679931640625,805.3499755859375,435.984130859375,749.7974243164062,432.1802978515625,799.7987670898438,538.3809814453125,740.5729370117188,535.886474609375,792.570556640625,631.7929077148438,732.935546875,633.5137329101562
16,0.5333316073354908,790.4904174804688,246.63169860839844,799.7200927734375,238.89942932128906,781.62890625,238.06785583496094,812.314208984375,244.3898468017578,766.5175170898438,242.47254943847656,830.2493896484375,301.1592712402344,741.4243774414062,295.49853515625,856.9447021484375,361.6544494628906,704.1713256835938,352.7376403808594,842.7072143554688,389.75567626953125,711.2736206054688,400.8619079589844,805.0361328125,436.3718566894531,748.337158203125,432.9296875,799.4313354492188,538.587890625,739.9988403320312,536.2862548828125,792.42919921875,631.8776245117188,734.0928344726562,632.797119140625
17,0.5666648327939591,790.2008056640625,246.4107208251953,799.1578979492188,238.68312072753906,781.3700561523438,237.99974060058594,811.0361938476562,243.81149291992188,765.8646850585938,242.40362548828125,829.5479125976562,298.68402099609375,739.50927734375,296.2940673828125,856.045166015625,355.0677490234375,702.7395629882812,352.6075744628906,843.1923828125,391.8171691894531,711.9650268554688,399.1166076660156,804.6926879882812,435.7682800292969,747.4837646484375,433.6896057128906,799.7749633789062,538.036865234375,740.0383911132812,536.323974609375,791.1824951171875,632.353759765625,734.70458984375,631.8602294921875
18,0.5999980582524272,788.895263671875,246.87403869628906,798.0431518554688,238.91050720214844,779.9833374023438,238.35028076171875,810.2979125976562,243.54641723632812,764.6836547851562,242.2444610595703,829.33349609375,298.1704406738281,737.0506591796875,295.9158935546875,856.0375366210938,353.5722351074219,699.1074829101562,352.6866455078125,844.1119384765625,389.4306335449219,714.3138427734375,400.4634094238281,804.3281860351562,436.5877380371094,745.831787109375,434.8592834472656,799.4187622070312,538.3150634765625,738.9464721679688,537.121337890625,791.2636108398438,632.8935546875,735.3121948242188,632.7868041992188
19,0.6333312837108954,787.2276000976562,245.89483642578125,796.2002563476562,237.26303100585938,777.742919921875,237.00550842285156,806.9532470703125,242.39820861816406,761.5042724609375,242.33197021484375,827.4334106445312,296.5459899902344,734.7302856445312,296.0603332519531,854.3980102539062,348.99462890625,698.6002197265625,351.09967041015625,847.59765625,386.95281982421875,715.2387084960938,396.50054931640625,806.9299926757812,432.9826965332031,746.8617553710938,431.65032958984375,796.2092895507812,538.6900634765625,738.697509765625,537.4308471679688,786.3148803710938,635.0870361328125,733.1468505859375,634.2050170898438
20,0.6666645091693636,786.255615234375,246.07611083984375,795.1634521484375,237.61329650878906,776.692138671875,237.1912384033203,805.3723754882812,243.19345092773438,759.625,242.70594787597656,824.9713134765625,297.46673583984375,732.5604858398438,296.1075744628906,852.2825317382812,349.4798278808594,695.928955078125,348.5582275390625,845.3836059570312,388.109375,711.404296875,392.7825012207031,805.1285400390625,432.515869140625,745.3955078125,431.0978088378906,795.7783203125,538.2449951171875,739.2056884765625,536.9691772460938,786.269287109375,634.7273559570312,734.5094604492188,633.67138671875
21,0.6999977346278318,785.1807861328125,245.857666015625,793.7489013671875,238.0371856689453,775.8839111328125,237.71844482421875,804.9603271484375,243.51663208007812,759.0654296875,242.49960327148438,822.4465942382812,298.744384765625,732.1868896484375,294.9844665527344,848.2192993164062,351.6658630371094,693.5582885742188,344.51556396484375,838.9535522460938,388.85675048828125,706.6748657226562,391.9271240234375,800.84130859375,436.03021240234375,743.6482543945312,434.3919982910156,797.055419921875,537.8873291015625,739.3787231445312,537.279296875,791.0005493164062,632.6461181640625,736.3052978515625,632.9218139648438
22,0.7333309600862999,782.4956665039062,246.016845703125,791.3485107421875,237.57577514648438,772.9503784179688,237.29129028320312,801.577880859375,243.0184326171875,756.1485595703125,242.74746704101562,819.5690307617188,297.0197448730469,729.7020263671875,295.62457275390625,844.5939331054688,348.3729248046875,691.8006591796875,346.6119079589844,842.6094360351562,391.5400695800781,705.5884399414062,393.58392333984375,800.929443359375,432.19451904296875,742.880126953125,431.2201843261719,793.6453857421875,537.9288940429688,738.6238403320312,537.2229614257812,785.3585815429688,634.4833374023438,733.4906005859375,634.0743408203125
23,0.7666641855447681,779.3470458984375,245.20108032226562,788.6517333984375,236.6497344970703,769.9408569335938,236.33477783203125,800.0028076171875,241.86709594726562,753.916748046875,241.55313110351562,817.8818969726562,296.0763244628906,727.356201171875,295.1345520019531,842.0189819335938,348.1219787597656,689.4474487304688,348.92279052734375,839.2156982421875,389.7098388671875,705.7867431640625,396.9652099609375,798.4180297851562,431.9367370605469,740.0036010742188,431.21307373046875,792.057373046875,537.6900024414062,737.1640014648438,537.4713745117188,784.2869873046875,634.6222534179688,733.3607788085938,635.1107788085938
24,0.7999974110032363,777.3935546875,244.92880249023438,786.5044555664062,236.27081298828125,768.121337890625,236.11669921875,797.802001953125,240.75013732910156,752.5296020507812,240.65438842773438,815.8480224609375,294.7979431152344,726.3863525390625,292.4530029296875,840.8009643554688,346.2864685058594,686.9605102539062,342.6103210449219,836.4000854492188,386.3178405761719,700.695556640625,392.11297607421875,795.8519287109375,431.48687744140625,738.2149047851562,430.1867980957031,788.8804931640625,537.0498046875,735.1311645507812,536.6549072265625,783.5975952148438,634.4180297851562,731.760498046875,635.1065063476562
25,0.8333306364617045,774.3856811523438,244.52053833007812,783.8612060546875,235.79641723632812,765.14453125,235.76828002929688,796.4890747070312,240.30181884765625,750.4801635742188,240.52780151367188,814.9028930664062,294.4411926269531,725.5194091796875,291.94964599609375,839.0151977539062,345.2559509277344,684.9185791015625,340.3283386230469,832.5540161132812,381.048095703125,696.1715087890625,386.5960693359375,794.6887817382812,430.6524658203125,737.107666015625,429.20880126953125,787.1661987304688,536.599365234375,733.681884765625,536.3086547851562,783.3687744140625,633.4562377929688,731.6611938476562,634.51611328125
26,0.8666638619201726,772.3148803710938,244.22854614257812,782.069580078125,236.00352478027344,763.2808837890625,235.84518432617188,796.1990966796875,239.73583984375,749.071533203125,238.9010772705078,814.283935546875,293.1925354003906,722.7058715820312,290.44952392578125,836.1546630859375,344.4688720703125,682.1586303710938,340.02716064453125,825.2276000976562,382.568115234375,697.2716674804688,389.5185852050781,793.1337280273438,433.58099365234375,735.1522827148438,432.71087646484375,790.2860107421875,535.9969482421875,732.6864624023438,536.165283203125,788.171630859375,631.9688720703125,735.405517578125,633.1659545898438
27,0.8999970873786408,771.3927612304688,243.28282165527344,780.52587890625,234.85498046875,762.0376586914062,235.05706787109375,793.371337890625,237.93875122070312,746.161865234375,237.83714294433594,811.7572631835938,290.75384521484375,719.359375,289.1795654296875,834.6171264648438,342.6385498046875,681.23876953125,339.0067443847656,822.7938232421875,385.3519287109375,695.475341796875,389.3479919433594,791.6443481445312,432.0962829589844,733.0726318359375,431.80224609375,789.5493774414062,534.3084716796875,731.6646728515625,534.8221435546875,788.2169189453125,630.2153930664062,735.6802368164062,631.1978149414062
28,0.933330312837109,769.8258666992188,241.9102325439453,778.58544921875,233.37086486816406,760.3350830078125,233.75167846679688,790.5782470703125,236.35794067382812,743.4310913085938,236.64227294921875,809.245849609375,288.7889099121094,715.9476928710938,288.65521240234375,833.2114868164062,340.5870361328125,678.3184814453125,339.4040832519531,820.5819091796875,384.79791259765625,692.745849609375,387.7486267089844,790.4475708007812,430.2601318359375,731.3164672851562,430.8069152832031,789.4449462890625,532.4501342773438,731.0767822265625,534.3297729492188,787.7481689453125,628.682373046875,735.4818725585938,630.9537963867188
29,0.9666635382955772,766.6754760742188,240.0078887939453,775.4511108398438,231.51931762695312,757.2645263671875,231.916259765625,787.5589599609375,235.0193634033203,740.837890625,235.3330841064453,807.4120483398438,287.7718200683594,713.2172241210938,288.264404296875,831.9671020507812,339.24652099609375,676.5389404296875,340.1990661621094,817.6768188476562,383.36102294921875,693.5516357421875,389.3341369628906,789.325927734375,429.91046142578125,729.5801391601562,430.707763671875,789.3185424804688,532.2333984375,730.0789184570312,534.124267578125,787.5825805664062,627.8185424804688,734.96435546875,629.823974609375
30,0.9999967637540453,764.0059814453125,238.8487548828125,773.0018310546875,230.30751037597656,754.565673828125,230.84474182128906,785.7582397460938,233.79254150390625,738.6539306640625,234.43011474609375,806.1971435546875,286.1515197753906,711.5860595703125,287.3679504394531,830.9645385742188,337.04180908203125,675.2442016601562,339.0794982910156,815.7975463867188,381.2793273925781,692.7122192382812,387.3619384765625,788.3114624023438,429.0138244628906,728.1630859375,430.1607360839844,788.8563842773438,531.85302734375,728.9110717773438,534.517578125,787.5540771484375,627.8095703125,734.3250122070312,630.7955932617188
31,1.0333299892125134,761.517822265625,237.36180114746094,770.6983642578125,228.8639678955078,752.302001953125,229.10952758789062,783.9066772460938,231.80606079101562,736.8776245117188,231.76707458496094,804.71240234375,283.90167236328125,709.9570922851562,283.84649658203125,829.7012939453125,336.0,673.80810546875,335.6589660644531,814.3511962890625,380.5272216796875,690.4329223632812,384.93829345703125,786.8516235351562,427.238037109375,726.552490234375,427.6637268066406,787.8267211914062,531.7386474609375,727.5465698242188,532.581787109375,787.3218994140625,628.9718627929688,733.7584838867188,629.61865234375
32,1.0666632146709816,760.0264892578125,236.25680541992188,769.1509399414062,227.7340850830078,750.73486328125,227.9840545654297,782.2694091796875,230.5377655029297,734.9671020507812,230.51321411132812,803.239501953125,282.2329406738281,708.46044921875,282.4604187011719,829.5014038085938,333.54803466796875,672.806396484375,334.4134521484375,814.410400390625,375.7861328125,688.2345581054688,382.5980224609375,786.0853881835938,425.7452392578125,725.6739501953125,426.2451171875,787.3132934570312,530.7455444335938,726.5018920898438,531.7883911132812,786.4507446289062,628.7534790039062,732.2376098632812,629.928955078125
33,1.0999964401294497,759.595458984375,235.49368286132812,768.373046875,226.92532348632812,750.0420532226562,227.22772216796875,780.8450927734375,229.48599243164062,732.90771484375,229.5800323486328,801.6646728515625,280.8895568847656,706.8660888671875,281.1660461425781,829.1727294921875,332.12371826171875,672.611328125,332.09765625,814.4877319335938,374.8609619140625,685.8236083984375,378.82598876953125,785.9133911132812,424.55169677734375,725.376220703125,425.0821228027344,787.2184448242188,530.6339721679688,726.2796020507812,531.6387329101562,786.01513671875,629.3692626953125,731.607421875,630.3004150390625
34,1.1333296655879181,758.3399047851562,234.43128967285156,766.9703369140625,225.7253875732422,748.538330078125,226.25686645507812,779.3421020507812,228.45921325683594,731.1885986328125,228.9908905029297,800.2525024414062,280.4009704589844,705.4066772460938,280.95654296875,826.9915771484375,331.8605651855469,671.0419921875,332.4151306152344,813.3783569335938,373.9410400390625,686.4100341796875,378.8723449707031,785.9363403320312,424.4434814453125,725.328857421875,425.3308410644531,787.0878295898438,530.7686767578125,726.357177734375,532.3988647460938,785.475830078125,629.2659912109375,731.1876831054688,630.842041015625
35,1.1666628910463863,755.816650390625,233.20193481445312,764.6807861328125,224.46609497070312,745.9923095703125,224.9608917236328,777.7640991210938,227.4362030029297,729.294677734375,227.88644409179688,799.2034301757812,279.8556213378906,704.1224975585938,280.0527648925781,825.9304809570312,331.4071960449219,670.0840454101562,332.1348876953125,812.573974609375,371.6756286621094,687.1387329101562,379.7403869628906,785.5035400390625,424.079345703125,724.59716796875,424.8302917480469,787.4169921875,530.9638061523438,725.796142578125,532.2190551757812,786.385498046875,629.641845703125,730.5191650390625,630.7623291015625
36,1.1999961165048545,754.5887451171875,232.0044708251953,763.549560546875,223.27780151367188,744.775390625,223.7616424560547,776.8221435546875,226.53871154785156,728.2030029296875,227.0001220703125,798.7943725585938,278.85400390625,702.9102172851562,279.74298095703125,826.4267578125,329.61083984375,669.1884765625,332.2638854980469,812.4730224609375,369.426025390625,688.3382568359375,378.5849914550781,785.426025390625,423.04254150390625,723.960205078125,424.12445068359375,787.7965087890625,530.6334838867188,725.2492065429688,532.4315185546875,786.6056518554688,629.7605590820312,730.1512451171875,631.1890869140625
37,1.2333293419633227,754.7169189453125,231.3045654296875,763.4574584960938,222.628662109375,744.8582153320312,223.13882446289062,776.0640258789062,225.82205200195312,727.3683471679688,226.2562255859375,797.6746826171875,277.2635803222656,701.6372680664062,279.0528259277344,825.52978515625,327.151123046875,669.1200561523438,331.6625671386719,811.8071899414062,369.26806640625,688.6697387695312,377.491943359375,785.65234375,421.5301513671875,723.9008178710938,423.156982421875,788.5625610351562,529.4832153320312,724.783203125,532.1627807617188,786.903076171875,628.8004760742188,729.6527099609375,631.2733764648438
38,1.2666625674217908,755.0343017578125,231.01792907714844,763.4371337890625,222.2768096923828,745.1192626953125,222.81796264648438,775.3933715820312,225.20535278320312,726.778564453125,225.60655212402344,796.9661254882812,276.4229431152344,700.5510864257812,277.5514221191406,826.3463745117188,326.6908874511719,667.3223266601562,329.5006103515625,811.4674072265625,366.9142761230469,686.9916381835938,375.10223388671875,785.6595458984375,420.1678466796875,723.5811767578125,421.7216491699219,788.9498291015625,528.32666015625,724.7960815429688,531.6534423828125,787.6946411132812,628.66455078125,729.2235107421875,632.2172241210938
39,1.299995792880259,755.0333862304688,230.52578735351562,763.2930908203125,221.81039428710938,745.082275390625,222.22427368164062,775.117431640625,224.7969207763672,726.5640869140625,224.92083740234375,796.7725219726562,276.31640625,700.3543090820312,276.36834716796875,825.4469604492188,327.2828063964844,666.6618041992188,328.2620544433594,810.5740356445312,366.9828186035156,686.3179321289062,375.2417907714844,786.2134399414062,419.8138732910156,723.9970703125,420.80426025390625,789.517822265625,529.009521484375,724.7528686523438,530.7332763671875,788.5887451171875,630.1109619140625,728.4959106445312,631.1903076171875
40,1.3333290183387272,755.0759887695312,230.0355682373047,763.1637573242188,221.3404998779297,745.1924438476562,221.76870727539062,774.5289916992188,224.35972595214844,726.3577880859375,224.4484405517578,796.5126342773438,275.4728088378906,699.5313720703125,275.8833923339844,826.3344116210938,325.0309753417969,665.774169921875,327.2993469238281,810.246337890625,363.34356689453125,685.8958740234375,374.0870361328125,786.4627075195312,419.5788879394531,723.8260498046875,420.7957458496094,790.129638671875,528.7364501953125,724.4035034179688,531.1864013671875,789.3038330078125,629.755859375,728.0843505859375,631.9791870117188
41,1.3666622437971954,755.2294311523438,229.41209411621094,763.1082153320312,220.78147888183594,745.35546875,221.1493377685547,774.1331176757812,223.8858642578125,726.2769165039062,224.0218963623047,796.6034545898438,274.47027587890625,699.254150390625,275.7314147949219,826.8248291015625,322.0199279785156,665.4796142578125,326.693359375,811.1764526367188,361.1922912597656,684.8687133789062,372.3882141113281,786.8491821289062,419.1932678222656,724.0183715820312,420.47113037109375,790.2442016601562,529.485595703125,724.1527709960938,530.7579956054688,789.0684204101562,631.6669311523438,727.5579223632812,631.1290893554688
42,1.3999954692556635,754.6117553710938,229.02243041992188,762.5868530273438,220.3950653076172,744.8536987304688,220.83120727539062,773.8858642578125,223.25445556640625,726.2728881835938,223.62680053710938,796.9931030273438,273.16229248046875,699.5560913085938,275.5707702636719,827.9348754882812,319.86346435546875,665.8942260742188,326.9726257324219,811.828369140625,361.02587890625,685.435791015625,373.57733154296875,787.2161865234375,418.5997619628906,724.4610595703125,420.2818908691406,789.5911865234375,528.7418212890625,723.90380859375,530.8837890625,788.192626953125,631.4171142578125,727.63623046875,631.8563232421875
43,1.4333286947141317,754.9464721679688,228.96896362304688,763.1846923828125,220.28042602539062,745.0845336914062,220.7611541748047,775.0337524414062,223.16802978515625,726.6563720703125,223.64524841308594,798.0331420898438,273.67083740234375,700.5289916992188,275.7682189941406,828.8990478515625,322.3938903808594,666.9346313476562,327.1523132324219,813.2422485351562,365.3526306152344,685.56884765625,373.254638671875,787.5247802734375,418.8746337890625,724.7914428710938,420.4596252441406,789.1319580078125,528.273193359375,723.5994873046875,530.8945922851562,787.499755859375,630.4173583984375,727.2501831054688,631.7645263671875
44,1.4666619201725999,755.583251953125,228.83419799804688,763.8604125976562,220.1144561767578,745.7117919921875,220.7935791015625,775.7800903320312,223.17190551757812,727.3845825195312,224.09686279296875,799.04248046875,273.78790283203125,701.3466796875,276.8033752441406,831.5383911132812,322.31695556640625,667.7233276367188,328.4667663574219,815.8115234375,367.2514343261719,687.2144165039062,376.4045715332031,787.8397827148438,418.660400390625,725.2498779296875,420.7607727050781,788.3367309570312,526.7766723632812,723.9393310546875,531.3767700195312,786.4343872070312,628.187744140625,727.7227172851562,632.3482666015625
45,1.499995145631068,756.0377197265625,228.62196350097656,764.5120239257812,220.50331115722656,746.1307983398438,220.63494873046875,777.0499267578125,223.93109130859375,729.6362915039062,224.37112426757812,801.4268798828125,272.86334228515625,703.3339233398438,276.16058349609375,834.6121826171875,320.73828125,669.466796875,328.80950927734375,820.7514038085938,364.2351989746094,683.4507446289062,379.4665832519531,788.6339721679688,420.54107666015625,727.20947265625,422.9212341308594,784.2944946289062,533.529541015625,723.2841186523438,538.9024047851562,774.0316772460938,636.1447143554688,728.1658935546875,641.9929809570312
46,1.5333283710895362,757.6693725585938,228.91050720214844,766.215087890625,221.04432678222656,748.02978515625,220.8194580078125,778.346435546875,224.79049682617188,731.30517578125,224.3327178955078,802.6376342773438,273.9201965332031,704.2039184570312,276.445556640625,837.6423950195312,321.7443542480469,669.4632568359375,328.60369873046875,826.0178833007812,367.8349914550781,679.8255615234375,380.80255126953125,789.3506469726562,422.0290222167969,728.0712280273438,423.9496765136719,784.3335571289062,535.687744140625,723.5353393554688,540.233154296875,773.0020141601562,638.5115966796875,728.6331787109375,643.8704223632812
47,1.5666615965480044,759.0166625976562,229.12669372558594,767.7036743164062,220.58506774902344,749.3440551757812,220.95477294921875,778.7048950195312,223.9792938232422,731.992431640625,225.03244018554688,801.8214111328125,274.91265869140625,707.1458129882812,278.3839416503906,840.98779296875,320.0738830566406,670.2189331054688,329.28643798828125,838.6588745117188,367.7691345214844,674.0468139648438,382.17437744140625,789.1326293945312,420.359130859375,728.4539184570312,421.43304443359375,785.317138671875,529.5726318359375,724.8458251953125,532.8234252929688,783.2584228515625,627.6864624023438,727.026123046875,633.1886596679688
48,1.5999948220064726,760.6729736328125,227.90896606445312,769.760498046875,220.20716857910156,751.4951782226562,219.65501403808594,782.2974853515625,224.01290893554688,735.0741577148438,222.53884887695312,806.0469970703125,274.1632080078125,708.4816284179688,275.6134033203125,847.8490600585938,318.70233154296875,667.5593872070312,323.679931640625,850.2496948242188,361.6305236816406,664.5062866210938,375.288330078125,791.601318359375,421.3184814453125,731.5198364257812,422.5279541015625,786.1517333984375,527.0751342773438,726.8095092773438,530.6737060546875,778.6685791015625,628.91064453125,732.4437866210938,635.0828247070312
49,1.6333280474649408,764.7119140625,228.45223999023438,773.760009765625,220.4806671142578,755.2813110351562,220.29075622558594,786.1200561523438,224.19859313964844,738.0980224609375,223.39535522460938,807.8614501953125,275.25653076171875,711.7291259765625,277.6211242675781,849.6083984375,316.59564208984375,665.677490234375,324.0756530761719,862.9437255859375,363.4404602050781,656.992919921875,375.1950378417969,793.334716796875,421.67742919921875,734.1357421875,423.1078796386719,788.058349609375,528.2655639648438,728.642822265625,531.47021484375,781.4926147460938,629.00830078125,730.8364868164062,634.3395385742188
50,1.666661272923409,768.7996215820312,227.56634521484375,777.1699829101562,219.69610595703125,759.2351684570312,219.3435821533203,787.9661865234375,223.4760284423828,740.0560302734375,222.30751037597656,808.3240966796875,275.2394104003906,713.8543701171875,276.4353942871094,855.8118286132812,313.5485534667969,667.4450073242188,322.2026672363281,877.1730346679688,351.9564208984375,644.8123168945312,377.8006591796875,792.8434448242188,420.8871154785156,734.9364624023438,421.42388916015625,789.3886108398438,529.214599609375,731.1213989257812,530.619140625,783.39990234375,628.3233642578125,730.4910888671875,633.3836669921875
51,1.699994498381877,769.8724365234375,227.8321533203125,778.9861450195312,220.039794921875,760.4691162109375,219.3813018798828,791.2030639648438,224.19981384277344,742.8082885742188,222.6141357421875,812.89453125,276.6437683105469,717.1905517578125,276.830078125,864.7166748046875,312.7690734863281,665.7471313476562,318.6752014160156,887.909912109375,343.92718505859375,630.4571533203125,366.9224853515625,793.3353271484375,421.7192687988281,735.2285766601562,421.1194763183594,789.9242553710938,530.7197875976562,731.3053588867188,530.5090942382812,783.3837280273438,628.7904052734375,729.63818359375,633.0579223632812
52,1.7333277238403453,772.228515625,227.61163330078125,781.2648315429688,219.79368591308594,762.81494140625,219.2161407470703,793.2789306640625,223.8394775390625,745.2465209960938,222.61514282226562,812.7734375,274.6716003417969,721.1082153320312,275.9814758300781,864.2891235351562,305.38812255859375,664.6790161132812,315.7010498046875,901.4511108398438,339.8366394042969,622.6356811523438,363.088623046875,795.5311279296875,419.73675537109375,739.3408203125,419.5899963378906,792.9503173828125,530.36474609375,732.7511596679688,529.7763061523438,789.2023315429688,631.526123046875,725.2954711914062,633.23046875
53,1.7666609492988135,774.4585571289062,228.36773681640625,783.9599609375,220.77255249023438,765.045166015625,219.55276489257812,796.8018798828125,224.525390625,748.7091674804688,222.2108154296875,817.7120361328125,274.9347229003906,723.0529174804688,275.23052978515625,870.494384765625,305.5415954589844,662.5816650390625,311.65838623046875,913.2982177734375,335.7691345214844,612.3939208984375,351.423828125,796.0355224609375,421.35894775390625,739.7058715820312,420.7968444824219,792.5693359375,528.328369140625,734.1984252929688,525.9217529296875,781.1383056640625,631.8369140625,727.1124267578125,631.6325073242188
54,1.7999941747572816,775.6727294921875,228.17066955566406,785.3711547851562,220.7345428466797,766.4461669921875,219.23684692382812,798.3800048828125,224.83123779296875,750.4970703125,221.8131103515625,818.8754272460938,275.5365905761719,725.230712890625,274.7362976074219,874.3377075195312,303.462158203125,663.719970703125,307.4068603515625,922.2017822265625,328.4666442871094,608.7843627929688,340.2809143066406,797.2049560546875,421.9365234375,741.366943359375,420.9530944824219,795.5521850585938,528.4214477539062,735.0542602539062,526.1436157226562,784.1295166015625,631.8363647460938,725.4877319335938,633.1232299804688
55,1.8333274002157498,777.6024169921875,227.9901123046875,787.6021728515625,220.654296875,768.3663330078125,218.99151611328125,801.0247802734375,225.12953186035156,752.6174926757812,221.6831817626953,821.8067626953125,276.0111389160156,726.8453979492188,274.5626525878906,878.1467895507812,301.1848449707031,664.18115234375,304.4909362792969,927.6043090820312,320.4909973144531,607.49560546875,331.7318420410156,799.13134765625,422.4270935058594,742.5050048828125,421.02490234375,798.080322265625,528.0089721679688,735.8631591796875,524.81298828125,786.1860961914062,629.7239379882812,726.455810546875,630.4220581054688
56,1.866660625674218,779.4691772460938,227.5216827392578,789.4334716796875,219.68695068359375,770.0804443359375,218.27886962890625,802.61279296875,225.875732421875,755.2369995117188,222.48150634765625,823.7110595703125,277.6822204589844,730.83251953125,273.8744812011719,884.5595703125,300.8818359375,664.8572998046875,303.397705078125,937.1755981445312,312.1014404296875,609.5642700195312,321.0367736816406,803.056640625,422.1766662597656,745.5926513671875,419.2518005371094,797.887939453125,530.5582275390625,735.671875,527.7791137695312,786.99462890625,630.6792602539062,723.716064453125,631.5934448242188
57,1.8999938511326862,782.2494506835938,228.30758666992188,792.0079956054688,220.3099822998047,772.6445922851562,219.09564208984375,804.7818603515625,226.11354064941406,757.2267456054688,223.20750427246094,826.7251586914062,277.3738708496094,732.1723022460938,273.5450439453125,889.2723999023438,299.2266540527344,663.807861328125,299.4697570800781,944.0121459960938,308.76043701171875,608.1466674804688,310.6141357421875,805.4395141601562,422.37744140625,746.90380859375,419.4290771484375,799.5782470703125,531.3944091796875,736.0387573242188,528.5416259765625,788.731689453125,631.9220581054688,722.9373168945312,631.6339111328125
58,1.9333270765911543,785.2357177734375,227.14854431152344,794.6409912109375,219.28396606445312,775.691162109375,218.1261749267578,806.4235229492188,225.5642547607422,759.7623291015625,222.8790740966797,829.3701782226562,276.4840087890625,732.742919921875,273.22015380859375,894.1854858398438,295.29998779296875,658.1748657226562,296.3752136230469,949.6949462890625,303.4884033203125,596.1867065429688,305.57379150390625,807.3928833007812,421.5459899902344,748.022216796875,418.7076416015625,800.2003784179688,531.9530029296875,736.6841430664062,529.142333984375,789.081298828125,632.4702758789062,723.1250610351562,631.793701171875
59,1.9666603020496225,786.657470703125,227.27720642089844,796.2052612304688,219.34124755859375,777.0861206054688,218.18453979492188,808.1547241210938,225.4208526611328,761.20703125,222.6609344482422,831.2868041992188,276.1205749511719,734.1104736328125,272.1883544921875,896.610595703125,293.5677795410156,657.5155639648438,293.17242431640625,952.2394409179688,295.586181640625,594.8326416015625,298.0516052246094,809.7581787109375,421.31512451171875,750.037841796875,418.21087646484375,801.1803588867188,531.4239501953125,737.5897827148438,528.451904296875,790.9442138671875,630.7249145507812,725.0105590820312,630.0440673828125
60,1.9999935275080907,787.8966674804688,226.90023803710938,797.5503540039062,218.8965606689453,778.180908203125,217.81773376464844,809.9649658203125,225.08155822753906,762.5797119140625,222.43270874023438,833.2772827148438,276.24749755859375,735.9766235351562,271.30230712890625,898.74658203125,293.2755432128906,659.4742431640625,290.56793212890625,954.8985595703125,290.8617858886719,598.2664794921875,292.8042297363281,811.2145385742188,421.4881286621094,751.500244140625,417.9423522949219,801.3453979492188,531.7066650390625,739.2650146484375,528.2872924804688,790.926025390625,630.5179443359375,727.1826171875,629.3648681640625
61,2.0333267529665586,789.482666015625,226.48211669921875,799.2483520507812,218.5681610107422,779.7684326171875,217.4403076171875,811.6747436523438,225.27345275878906,764.1642456054688,222.3857421875,834.73876953125,276.4862365722656,737.4076538085938,271.23565673828125,901.5455932617188,290.0982360839844,660.520263671875,287.4637145996094,960.0491943359375,283.90521240234375,600.6937866210938,286.74395751953125,812.7489013671875,421.9710388183594,753.1251831054688,418.4563903808594,801.8020629882812,531.3771362304688,740.5125732421875,528.7036743164062,790.64208984375,630.3072509765625,728.3767700195312,630.477783203125
62,2.066659978425027,790.0270385742188,226.33226013183594,800.0477905273438,218.3506622314453,780.4149169921875,217.25648498535156,813.2572021484375,224.997802734375,765.6121215820312,222.05221557617188,837.1143798828125,276.3966064453125,738.7860717773438,270.41357421875,906.6312866210938,287.78118896484375,662.53857421875,284.4864501953125,965.4269409179688,276.76641845703125,602.64013671875,282.4819641113281,812.971923828125,422.7210388183594,752.9598999023438,418.7509765625,802.230224609375,531.7301635742188,741.734619140625,528.65478515625,791.4568481445312,630.047119140625,731.4551391601562,630.568359375
63,2.099993203883495,790.8267211914062,226.5325469970703,801.134033203125,218.6267547607422,781.1033935546875,217.32778930664062,814.493896484375,225.1929473876953,765.82958984375,221.8031768798828,836.4296875,275.6092529296875,739.436279296875,269.9752197265625,904.67626953125,283.53607177734375,662.9886474609375,282.59375,966.8438720703125,269.5290832519531,598.8381958007812,277.5446472167969,812.9305419921875,421.95648193359375,753.8551635742188,418.2137145996094,802.837158203125,531.0022583007812,744.4835815429688,527.5414428710938,791.8623657226562,630.3001708984375,735.7288208007812,630.3997192382812
64,2.133326429341963,790.7118530273438,226.17298889160156,801.4651489257812,218.38583374023438,781.1046142578125,216.9932098388672,815.5906372070312,225.25474548339844,766.4542236328125,221.57701110839844,836.1420288085938,274.8807678222656,740.8798828125,269.61834716796875,902.2531127929688,278.357177734375,666.6011352539062,279.23101806640625,964.9979248046875,259.9632263183594,603.4539794921875,269.31781005859375,812.8202514648438,421.3499755859375,754.6007080078125,417.8393859863281,803.1982421875,529.9793090820312,745.6875610351562,526.7638549804688,792.419189453125,630.1016845703125,738.3993530273438,631.015380859375
65,2.1666596548004313,791.2470092773438,226.1453094482422,802.1387329101562,218.2777557373047,781.84521484375,216.86111450195312,816.164794921875,224.75135803222656,767.301025390625,220.89910888671875,835.48876953125,273.7315979003906,741.32470703125,268.8337707519531,902.0567016601562,274.1811828613281,665.3112182617188,274.9273681640625,967.4144287109375,253.1571044921875,599.883544921875,259.4727478027344,812.3088989257812,421.3569030761719,754.886962890625,418.4735412597656,803.3025512695312,528.7525024414062,746.798095703125,527.7021484375,793.0196533203125,630.0772705078125,739.8001708984375,634.3624267578125
66,2.1999928802588995,791.040283203125,226.05442810058594,801.9584350585938,218.1403350830078,781.7098999023438,216.7866668701172,816.1128540039062,224.5973358154297,767.556640625,220.9248809814453,834.94140625,273.0233459472656,741.6531982421875,269.027099609375,900.7659912109375,269.889892578125,667.3709716796875,273.7844543457031,966.4993286132812,245.0694122314453,602.6238403320312,254.5054931640625,811.017822265625,421.6632080078125,754.0762939453125,419.0563659667969,803.024169921875,530.0015869140625,747.167724609375,528.5137329101562,793.4829711914062,632.1830444335938,741.2450561523438,635.5360107421875
67,2.233326105717368,790.8154907226562,226.00241088867188,801.7219848632812,218.25503540039062,781.5492553710938,216.82810974121094,815.6272583007812,224.9191131591797,767.4137573242188,221.15890502929688,834.7162475585938,272.3420104980469,741.5551147460938,269.7999267578125,902.5127563476562,264.4956359863281,670.9102783203125,273.07855224609375,969.3040161132812,236.63009643554688,609.0317993164062,248.9447021484375,810.5078125,421.5596008300781,753.6227416992188,419.4222106933594,803.8651733398438,529.85302734375,747.9419555664062,528.3496704101562,793.4459228515625,630.2484741210938,742.665771484375,633.0136108398438
68,2.2666593311758363,790.504638671875,225.9300537109375,801.3206176757812,218.3701171875,781.40087890625,216.77444458007812,814.7504272460938,225.03782653808594,767.0565795898438,220.8619842529297,833.639892578125,271.5578918457031,740.7880249023438,268.85455322265625,902.6604614257812,260.1488037109375,670.6126098632812,269.214111328125,968.373291015625,229.1197967529297,609.5618286132812,243.6800537109375,809.707275390625,421.1432800292969,752.9307861328125,419.0127868652344,804.07421875,529.4755249023438,747.8060913085938,528.354736328125,793.4857177734375,629.5632934570312,742.387451171875,633.2314453125
69,2.2999925566343045,790.1763305664062,224.66488647460938,801.0404052734375,217.39724731445312,781.2433471679688,215.58518981933594,814.267578125,224.6909942626953,766.9143676757812,219.99600219726562,832.66064453125,270.60455322265625,740.68994140625,267.4817810058594,902.1260986328125,254.86419677734375,671.2007446289062,264.2740173339844,966.0735473632812,218.55352783203125,610.7869873046875,236.6775665283203,808.9234619140625,419.7388610839844,752.4720458984375,417.402099609375,803.4324340820312,527.7373046875,746.6124267578125,526.6707763671875,793.4267578125,628.9168701171875,741.1903686523438,633.0719604492188
70,2.3333257820927726,789.42529296875,223.41050720214844,800.139892578125,216.4415283203125,780.6179809570312,214.60389709472656,812.9155883789062,224.3116455078125,766.2836303710938,219.51039123535156,831.3782348632812,269.5793151855469,739.8032836914062,265.9420471191406,901.9354858398438,248.81944274902344,669.3468017578125,254.95603942871094,966.2190551757812,209.80494689941406,609.6095581054688,222.27206420898438,808.4681396484375,419.32666015625,752.2234497070312,417.1020202636719,802.8184814453125,527.2030029296875,746.2391357421875,527.1182861328125,793.3474731445312,628.8958129882812,740.69580078125,634.1937255859375
71,2.366659007551241,789.1404418945312,222.97581481933594,799.5931396484375,216.1190948486328,780.2984008789062,214.30641174316406,811.494384765625,223.87066650390625,765.3225708007812,219.17149353027344,830.2841186523438,267.63958740234375,738.99609375,265.14837646484375,901.2415161132812,242.28465270996094,671.02490234375,249.73997497558594,963.4180908203125,201.2168426513672,611.5785522460938,210.52694702148438,808.80419921875,418.44091796875,752.3577880859375,416.5599670410156,803.2433471679688,526.4696655273438,745.0513916015625,526.2158813476562,793.3388061523438,629.2791748046875,739.530517578125,633.7858276367188
72,2.399992233009709,787.7425537109375,222.65538024902344,798.4118041992188,215.95431518554688,778.9962158203125,213.97445678710938,810.7833251953125,224.0431671142578,764.6245727539062,219.03395080566406,828.9608154296875,267.5792541503906,738.791259765625,264.66448974609375,896.7202758789062,240.49765014648438,671.9063720703125,246.58309936523438,958.4672241210938,196.78721618652344,614.1366577148438,202.44281005859375,807.819580078125,418.8683166503906,751.6338500976562,416.7911376953125,803.5174560546875,527.6983642578125,744.2783813476562,526.2902221679688,793.602783203125,631.3184814453125,738.3405151367188,633.9356079101562
73,2.433325458468177,786.950439453125,221.34339904785156,797.2673950195312,214.79791259765625,778.209228515625,212.9442596435547,809.0532836914062,223.21087646484375,763.8028564453125,218.4937744140625,827.3272705078125,266.2408752441406,738.305908203125,263.4776916503906,892.8643188476562,237.8325653076172,674.1695556640625,242.22509765625,952.1691284179688,193.8732452392578,617.7418212890625,194.08154296875,807.3931884765625,418.6556091308594,751.4851684570312,416.6685485839844,803.5267944335938,528.925537109375,743.9976196289062,527.0237426757812,793.9468383789062,632.9896850585938,738.2860717773438,634.4968872070312
74,2.4666586839266453,785.7866821289062,219.96347045898438,796.1451416015625,213.93289184570312,777.3330688476562,211.7742462158203,807.8572998046875,223.2203826904297,763.3402099609375,217.7797088623047,825.3512573242188,265.93402099609375,737.8067016601562,261.6637878417969,887.4189453125,236.53536987304688,674.5506591796875,237.10069274902344,942.8597412109375,189.5714111328125,622.7246704101562,186.7171630859375,806.6425170898438,417.387451171875,751.2053833007812,415.01593017578125,803.7151489257812,528.9078979492188,744.3206787109375,526.6715698242188,794.3160400390625,632.994384765625,738.52783203125,634.2418823242188
75,2.4999919093851135,785.13525390625,219.08425903320312,795.6448364257812,212.94789123535156,776.7733764648438,210.97463989257812,807.840576171875,221.7395477294922,763.3631591796875,216.69813537597656,825.84912109375,263.5231628417969,737.6036987304688,259.6094055175781,888.8175048828125,230.33480834960938,672.6546630859375,230.8588409423828,943.3138427734375,181.73936462402344,623.7177734375,178.78445434570312,806.0980834960938,415.3301696777344,750.3712768554688,413.21807861328125,802.69287109375,527.9659423828125,744.2268676757812,526.7566528320312,793.4448852539062,632.9127197265625,738.6959838867188,635.2451782226562
76,2.5333251348435817,784.738525390625,219.28717041015625,795.2816162109375,213.0413818359375,776.2789306640625,211.1802520751953,807.6090087890625,221.2366180419922,762.864013671875,216.47683715820312,824.8604736328125,262.3565673828125,737.451904296875,258.4877624511719,884.3631591796875,226.09703063964844,672.415771484375,226.0548095703125,935.343505859375,175.792724609375,625.2405395507812,173.16513061523438,805.2330932617188,415.4525451660156,749.8828125,413.4037780761719,801.8374633789062,528.5758666992188,744.2664794921875,527.36865234375,792.2296752929688,633.1542358398438,738.603759765625,635.5001220703125
77,2.56665836030205,784.2864990234375,219.17776489257812,794.8084106445312,212.90403747558594,775.598876953125,211.0508270263672,806.8260498046875,220.81527709960938,761.412841796875,216.10247802734375,823.32763671875,261.56951904296875,736.6939086914062,257.8077392578125,881.1279296875,224.90020751953125,675.4791870117188,224.02041625976562,928.7357788085938,172.9046173095703,630.7902221679688,168.19554138183594,804.0933227539062,415.4014892578125,748.9354858398438,413.4096374511719,801.2294311523438,528.5511474609375,744.0374755859375,527.1638793945312,791.5460815429688,632.2403564453125,739.1548461914062,634.0926513671875
78,2.599991585760518,784.196044921875,219.08485412597656,794.7802734375,212.3402557373047,775.1119995117188,210.7942657470703,807.0247802734375,219.39361572265625,760.4122314453125,215.29220581054688,822.53271484375,260.13897705078125,736.63720703125,256.2862854003906,877.293701171875,225.2403564453125,679.2978515625,221.30224609375,924.2282104492188,171.0054931640625,637.6715698242188,159.75967407226562,803.5496826171875,415.318603515625,748.22705078125,413.58416748046875,801.8111572265625,528.2054443359375,743.5269775390625,527.2965087890625,793.005126953125,631.2246704101562,738.8237915039062,633.5936279296875
79,2.633324811218986,783.8759155273438,219.16537475585938,794.492431640625,212.1721954345703,774.1839599609375,210.92889404296875,806.8282470703125,219.0486602783203,758.3619384765625,215.7564697265625,822.5967407226562,258.986572265625,735.0172119140625,257.1440124511719,877.3187866210938,220.74966430664062,682.660400390625,222.54364013671875,922.4030151367188,163.27023315429688,649.6644287109375,158.78213500976562,804.3026123046875,415.0409851074219,747.5657958984375,414.1563720703125,802.5912475585938,528.0673217773438,743.3388061523438,528.01904296875,793.2646484375,631.0425415039062,739.6567993164062,633.5215454101562
80,2.6666580366774544,784.3102416992188,219.52369689941406,794.3270263671875,212.05137634277344,774.0575561523438,211.59315490722656,806.1339111328125,217.95526123046875,757.3259887695312,216.55104064941406,822.6332397460938,256.8125915527344,733.9489135742188,256.41400146484375,876.4734497070312,212.4013671875,682.517578125,214.88656616210938,916.8817138671875,155.5408935546875,656.119140625,152.1990509033203,803.8153076171875,414.56781005859375,746.300048828125,414.3882141113281,802.0155029296875,527.9646606445312,743.1558227539062,528.894287109375,793.8457641601562,631.483642578125,739.3018188476562,633.5287475585938
81,2.6999912621359226,783.6781616210938,220.84469604492188,793.877197265625,213.13880920410156,773.7023315429688,212.49876403808594,806.3463745117188,218.00286865234375,757.6033935546875,215.86178588867188,822.6961059570312,256.72113037109375,733.7297973632812,254.36619567871094,873.3848876953125,207.47738647460938,681.5579223632812,206.14053344726562,907.172607421875,150.5083770751953,659.3027954101562,146.52554321289062,802.6522827148438,417.50872802734375,745.2351684570312,416.6765441894531,803.8233032226562,529.3760986328125,741.8837890625,529.1754150390625,796.6968994140625,633.0210571289062,737.348388671875,633.4518432617188
82,2.7333244875943907,783.4765014648438,220.81092834472656,793.5888671875,213.10438537597656,773.4951171875,212.58291625976562,806.0059204101562,218.02256774902344,757.5924072265625,216.22903442382812,822.9273681640625,256.45361328125,733.62353515625,254.3168182373047,872.0935668945312,202.99197387695312,682.0374145507812,201.3445281982422,901.0765380859375,142.4336395263672,664.3666381835938,138.8115234375,802.6218872070312,418.5260314941406,744.9008178710938,417.73016357421875,802.9580688476562,530.2052001953125,741.3085327148438,530.1643676757812,795.16455078125,633.4462890625,736.8002319335938,633.7295532226562
83,2.766657713052859,783.6290893554688,220.42076110839844,793.41357421875,212.42507934570312,773.2188720703125,212.3294677734375,805.4363403320312,217.12948608398438,756.7489624023438,216.26651000976562,822.7106323242188,255.69464111328125,733.6840209960938,253.91183471679688,870.3890991210938,201.0123748779297,686.345703125,198.062744140625,897.1737670898438,137.49412536621094,675.75048828125,130.87628173828125,803.6517944335938,418.93359375,745.671875,418.4429016113281,803.4835205078125,530.3764038085938,741.9620971679688,530.72900390625,795.2708740234375,634.2557983398438,737.2608642578125,634.5653686523438
84,2.799990938511327,782.2980346679688,220.87704467773438,792.5751953125,212.93093872070312,771.8646850585938,212.74703979492188,805.5756225585938,217.6136932373047,755.9292602539062,216.43746948242188,820.5977172851562,255.47113037109375,734.2926025390625,251.83041381835938,862.743408203125,198.68801879882812,688.7697143554688,190.39157104492188,887.9500122070312,133.69178771972656,685.583251953125,123.6161117553711,802.0612182617188,419.8854064941406,745.09521484375,419.0386962890625,801.3777465820312,529.762451171875,740.9151611328125,529.9736938476562,795.1900024414062,634.661376953125,737.25341796875,634.4293212890625
85,2.8333241639697953,781.3793334960938,221.72366333007812,791.403564453125,214.15301513671875,770.7042236328125,213.58743286132812,805.3072509765625,218.97230529785156,754.2509765625,217.50881958007812,818.8021240234375,254.92626953125,734.6026000976562,251.40753173828125,862.4503784179688,201.3890380859375,690.8450927734375,198.11050415039062,881.8114013671875,133.24935913085938,682.6604614257812,129.92434692382812,799.3840942382812,420.31756591796875,743.2958374023438,418.8605041503906,802.11962890625,530.2139892578125,742.8433837890625,528.2263793945312,794.8521118164062,636.5464477539062,740.8651733398438,634.6151123046875
86,2.8666573894282634,780.4168701171875,221.6769561767578,790.7032470703125,213.88006591796875,769.4759521484375,213.51416015625,805.4918823242188,218.7605743408203,753.5045166015625,217.63922119140625,818.9386596679688,255.108642578125,734.5047607421875,250.77310180664062,859.2832641601562,199.2854461669922,690.2210693359375,192.2195281982422,873.5703735351562,130.2794647216797,687.4800415039062,122.79019165039062,799.56298828125,421.05633544921875,743.0027465820312,419.5764465332031,802.2111206054688,529.3922729492188,742.2460327148438,528.52001953125,795.0967407226562,634.9356689453125,739.9561157226562,634.1865234375
87,2.8999906148867316,780.8526000976562,221.29090881347656,791.9656372070312,213.18955993652344,769.6057739257812,213.2978057861328,806.1539916992188,218.0478057861328,752.7957763671875,217.90386962890625,819.788818359375,253.71421813964844,734.70947265625,254.33509826660156,851.3947143554688,193.2704620361328,701.0890502929688,195.18435668945312,863.2684326171875,123.76033782958984,699.6533203125,124.58740234375,803.3826904296875,420.4587097167969,745.52001953125,420.5333251953125,803.1017456054688,529.11181640625,738.5548706054688,528.2950439453125,796.0594482421875,633.6177368164062,737.8855590820312,632.9912719726562
88,2.9333238403451998,781.1992797851562,221.8227996826172,792.2549438476562,213.4355926513672,769.718994140625,213.81698608398438,806.3489379882812,217.5139923095703,752.4110107421875,218.12503051757812,818.7537231445312,252.07357788085938,735.8446655273438,254.33685302734375,847.4478149414062,188.8494415283203,705.6747436523438,195.38211059570312,854.9168090820312,117.1685791015625,703.6886596679688,126.51868438720703,802.759033203125,420.0157165527344,745.8624267578125,420.56671142578125,802.6707763671875,528.5789794921875,739.4055786132812,528.310546875,796.2677612304688,633.9541015625,738.854736328125,634.4400024414062
89,2.966657065803668,781.4102783203125,221.96226501464844,792.3587646484375,213.3462677001953,769.9216918945312,213.7830352783203,806.3155517578125,216.62928771972656,752.4573974609375,217.4488525390625,818.6507568359375,250.5872039794922,736.2260131835938,253.44773864746094,845.03662109375,186.02365112304688,708.029541015625,194.2437744140625,848.3742065429688,115.54031372070312,709.7501831054688,128.16770935058594,803.2953491210938,419.5262756347656,746.4449462890625,420.1789245605469,802.9232177734375,528.2650146484375,739.5186767578125,527.7713623046875,795.9727172851562,634.409912109375,738.3690185546875,634.4473876953125
90,2.999990291262136,780.9918212890625,222.6851348876953,792.0997314453125,214.13546752929688,769.6519165039062,214.41143798828125,806.1676635742188,217.26954650878906,752.2633666992188,217.6229705810547,817.6299438476562,250.8600616455078,736.222412109375,252.85084533691406,842.2711791992188,186.14918518066406,709.0264892578125,191.90748596191406,843.88232421875,116.04301452636719,713.9030151367188,127.02498626708984,802.8815307617188,419.6379699707031,746.4282836914062,420.1820983886719,802.6441040039062,527.4749755859375,739.59814453125,527.5303344726562,795.3189086914062,633.1692504882812,738.2537841796875,634.5042724609375
91,3.0333235167206043,779.9305419921875,222.25347900390625,791.4300537109375,213.9696044921875,768.87939453125,213.8248748779297,806.1588134765625,217.64039611816406,752.4066772460938,217.20957946777344,817.6024780273438,251.7729949951172,736.9961547851562,252.99143981933594,839.7894897460938,187.3755645751953,712.4053955078125,192.7184600830078,838.3359985351562,115.9986572265625,718.5469970703125,128.9910125732422,802.0999145507812,420.527587890625,745.9710083007812,420.322021484375,802.7551879882812,528.8556518554688,739.292724609375,526.7765502929688,794.8710327148438,634.6178588867188,738.0055541992188,633.6998291015625
92,3.0666567421790725,779.529052734375,222.1439971923828,790.971435546875,214.0545196533203,768.9481201171875,213.58961486816406,805.3073120117188,217.2908477783203,752.6915893554688,216.1049041748047,816.8065795898438,250.3158721923828,737.659912109375,251.3801727294922,839.0391235351562,183.6223602294922,716.3074951171875,189.1332550048828,834.1288452148438,114.46128845214844,725.4974975585938,129.07281494140625,802.2992553710938,419.6495666503906,746.8941040039062,419.2367248535156,802.4351196289062,528.0942993164062,739.2329711914062,525.9330444335938,793.744873046875,633.171875,737.470458984375,632.6497192382812
93,3.0999899676375406,779.6725463867188,221.43902587890625,789.96826171875,213.4628143310547,769.1630249023438,212.8468475341797,804.15673828125,214.99508666992188,752.5869140625,213.61441040039062,814.8071899414062,250.01918029785156,737.6961059570312,250.4493408203125,836.1266479492188,182.68377685546875,719.2461547851562,189.94483947753906,825.497802734375,112.29607391357422,731.9749145507812,129.65728759765625,800.0113525390625,420.53717041015625,748.0914306640625,419.7490234375,802.6959838867188,527.1292114257812,744.2569580078125,523.0173950195312,793.5784301757812,634.5093383789062,743.5852661132812,630.478515625
94,3.133323193096009,778.9452514648438,220.87413024902344,789.1694946289062,212.7819061279297,768.23779296875,212.40029907226562,803.47119140625,214.61207580566406,751.7123413085938,213.7963104248047,814.4752807617188,250.70216369628906,737.4051513671875,251.13990783691406,835.6549072265625,183.3077850341797,719.5950317382812,189.69949340820312,822.7689208984375,111.36720275878906,735.4452514648438,129.25425720214844,799.9066162109375,421.2016296386719,748.036376953125,420.5608215332031,801.8683471679688,527.1734619140625,744.2576293945312,524.14013671875,793.2415771484375,634.832275390625,743.52880859375,632.1932373046875
95,3.166656418554477,778.41259765625,220.81906127929688,788.5795288085938,212.86289978027344,767.9166259765625,212.41004943847656,802.754638671875,214.65673828125,751.7576293945312,213.86422729492188,813.6914672851562,250.19973754882812,738.0274047851562,251.8246612548828,833.5772094726562,183.6361083984375,722.0250244140625,193.8611602783203,818.6807861328125,111.48628234863281,735.732177734375,133.49288940429688,799.1441040039062,421.0657653808594,748.021484375,420.5712585449219,801.1262817382812,527.5867309570312,744.1712036132812,524.1719970703125,792.6737060546875,635.8054809570312,743.3428344726562,632.5723266601562
96,3.199989644012945,777.6973266601562,220.86822509765625,787.8084106445312,212.9761962890625,767.37548828125,212.54379272460938,801.9945068359375,214.73402404785156,751.7560424804688,213.92282104492188,813.2171630859375,250.18121337890625,738.4032592773438,251.1533660888672,832.6982421875,184.8605194091797,722.379150390625,192.036865234375,816.068603515625,113.82425689697266,738.2935180664062,131.50857543945312,798.9401245117188,419.7507629394531,748.3983764648438,419.1285400390625,800.2447509765625,526.3452758789062,744.42041015625,523.5151977539062,791.7838745117188,634.3484497070312,743.2886962890625,631.9395751953125
97,3.2333228694714133,776.5369262695312,220.99945068359375,786.3482666015625,212.5159912109375,765.615966796875,212.6695098876953,801.2567138671875,214.10446166992188,750.0374755859375,215.0300750732422,813.1323852539062,251.22381591796875,738.6278686523438,253.10665893554688,831.2075805664062,187.7853240966797,721.9813232421875,195.169921875,811.1865844726562,118.28063201904297,740.4535522460938,127.7900390625,800.3106689453125,421.88909912109375,749.1904296875,421.5704040527344,800.3408203125,529.1651611328125,742.7583618164062,525.2354736328125,794.5951538085938,630.9742431640625,743.3592529296875,623.8218994140625
98,3.2666560949298815,775.8820190429688,220.9827117919922,785.7115478515625,212.4730224609375,765.0551147460938,212.6315155029297,800.7960815429688,213.81211853027344,749.8748168945312,214.79727172851562,812.90625,250.2862091064453,738.6924438476562,252.6342315673828,830.0275268554688,186.89585876464844,722.304931640625,195.85482788085938,809.7806396484375,118.36650085449219,740.0468139648438,129.6057586669922,800.2947998046875,421.40435791015625,749.337890625,421.1187744140625,800.2156982421875,530.1336669921875,742.7569580078125,525.7391967773438,794.544677734375,633.15869140625,743.2984008789062,625.307861328125
99,3.2999893203883497,774.4990844726562,221.36676025390625,784.2763671875,212.70272827148438,763.6986694335938,213.08824157714844,799.7955932617188,213.65771484375,749.1641845703125,215.26979064941406,812.4810791015625,249.6288604736328,738.8153076171875,252.702392578125,829.1409912109375,187.29771423339844,722.4702758789062,197.32334899902344,807.3023681640625,120.04472351074219,739.3009643554688,132.7066192626953,799.9866943359375,421.4364318847656,749.2717895507812,421.3782043457031,799.820068359375,529.5591430664062,743.0272216796875,525.7415771484375,794.696044921875,633.6085205078125,743.3634033203125,626.3602294921875
100,3.333322545846818,773.9033813476562,221.45846557617188,783.6700439453125,212.7661590576172,763.1689453125,213.20555114746094,799.4699096679688,213.69790649414062,749.0839233398438,215.5113983154297,812.4830322265625,249.62266540527344,739.1213989257812,252.95303344726562,828.6260986328125,187.48727416992188,722.5233154296875,198.1270751953125,805.3409423828125,120.81495666503906,738.5806274414062,134.8461151123047,800.0298461914062,421.7758483886719,749.4210205078125,421.7297668457031,799.77783203125,529.69287109375,743.0528564453125,525.9978637695312,794.689453125,633.4393310546875,742.9829711914062,626.3715209960938
101,3.366655771305286,773.4768676757812,221.42489624023438,783.276611328125,212.6051025390625,762.7135620117188,213.08074951171875,799.2704467773438,213.40371704101562,748.7442626953125,215.35989379882812,812.7555541992188,249.83680725097656,738.8878173828125,253.0738983154297,829.3048706054688,187.7734375,721.806640625,197.83665466308594,803.7471923828125,120.64503479003906,737.7183227539062,135.12750244140625,799.922119140625,421.86871337890625,749.1677856445312,421.7397766113281,799.8140258789062,529.4743041992188,743.56005859375,525.9312744140625,794.8512573242188,633.2459716796875,743.7127685546875,626.4886474609375
102,3.399988996763754,772.9658813476562,221.26422119140625,783.1873168945312,212.97640991210938,762.5599365234375,213.37704467773438,799.7117919921875,213.5942840576172,749.9358520507812,215.02801513671875,814.050537109375,247.63804626464844,739.2949829101562,249.80938720703125,829.7300415039062,186.63238525390625,722.392578125,192.38783264160156,808.77880859375,123.73383331298828,738.156005859375,136.9640350341797,798.8396606445312,418.000244140625,748.10107421875,417.48980712890625,800.2252197265625,526.1655883789062,745.3446044921875,523.0859375,791.8614501953125,637.1937866210938,743.0342407226562,633.7664184570312
103,3.4333222222222224,772.9817504882812,221.1533966064453,783.1470336914062,212.6619110107422,762.3696899414062,213.2313995361328,799.7344970703125,212.95761108398438,749.4853515625,214.78958129882812,814.2379760742188,247.15756225585938,738.9404296875,249.37762451171875,830.0942993164062,186.11871337890625,721.8093872070312,191.20407104492188,808.7080078125,124.91326141357422,738.2381591796875,137.35476684570312,798.6848754882812,417.42962646484375,747.7162475585938,416.9952697753906,800.386962890625,525.488525390625,745.8887939453125,522.6477661132812,791.8496704101562,637.014404296875,743.3355712890625,633.7442626953125
104,3.4666554476806906,773.0277099609375,221.17796325683594,783.088134765625,212.53285217285156,762.2603149414062,213.34649658203125,799.7125244140625,212.5913543701172,749.3546142578125,214.88124084472656,814.2073364257812,247.0625762939453,738.8473510742188,248.81192016601562,830.2061157226562,186.7742919921875,720.8048095703125,189.42300415039062,809.747802734375,126.5350341796875,739.8766479492188,136.3782958984375,798.6712646484375,417.19158935546875,747.6651611328125,416.8594970703125,800.0646362304688,525.4081420898438,745.944091796875,523.4157104492188,792.1939697265625,636.7406005859375,743.00439453125,634.3221435546875
105,3.4999886731391587,773.1347045898438,221.16685485839844,783.1320190429688,212.39402770996094,762.283447265625,213.33053588867188,799.6403198242188,212.40345764160156,749.1777954101562,214.97314453125,814.5811767578125,247.3250732421875,738.4448852539062,249.32164001464844,830.9592895507812,186.1306915283203,719.8612670898438,188.565673828125,808.4060668945312,126.73099517822266,739.302490234375,136.16004943847656,798.9723510742188,417.75494384765625,747.6604614257812,417.55908203125,800.021240234375,525.1566772460938,746.2014770507812,523.6087646484375,792.4391479492188,635.87890625,744.0330200195312,633.9004516601562
106,3.533321898597627,773.1815795898438,221.14483642578125,783.1344604492188,212.51937866210938,762.483154296875,213.3555450439453,799.3198852539062,212.84100341796875,749.3490600585938,215.13897705078125,814.6871337890625,247.90444946289062,737.911865234375,249.84576416015625,831.4663696289062,186.4302215576172,719.3667602539062,188.56503295898438,806.7424926757812,126.93236541748047,739.1949462890625,135.26072692871094,799.1557006835938,417.9844970703125,747.510986328125,417.7537841796875,800.3290405273438,524.7539672851562,746.0691528320312,523.1620483398438,792.66162109375,635.6463623046875,744.8261108398438,633.795166015625
107,3.566655124056095,773.03173828125,221.3815155029297,782.9871826171875,212.6598358154297,762.3042602539062,213.5613555908203,799.5510864257812,212.6468505859375,749.5220947265625,215.10604858398438,815.1895141601562,247.61322021484375,738.1578979492188,249.1151885986328,831.212646484375,187.56573486328125,718.8056640625,188.2120361328125,807.2887573242188,130.00961303710938,740.0712890625,136.3291778564453,799.578125,417.9178771972656,747.6552124023438,417.51177978515625,800.6932373046875,524.7872924804688,745.8936767578125,522.6516723632812,793.066162109375,635.3158569335938,744.0225830078125,632.20947265625
108,3.5999883495145633,772.8378295898438,221.50942993164062,782.935791015625,212.7971954345703,762.1876220703125,213.63897705078125,799.9351806640625,212.74600219726562,749.802734375,215.1540069580078,815.6103515625,247.6089630126953,738.7880249023438,249.08279418945312,830.7586059570312,187.95004272460938,719.8477783203125,188.49374389648438,806.3980712890625,130.70370483398438,740.4281616210938,136.6029815673828,799.619140625,417.9306945800781,747.7337036132812,417.3641662597656,800.7620849609375,524.9417114257812,745.7335815429688,522.2465209960938,793.4319458007812,635.0759887695312,744.0552368164062,631.1375122070312
109,3.6333215749730314,772.9373779296875,221.33633422851562,783.0372924804688,212.72442626953125,762.37744140625,213.5577392578125,799.946044921875,212.7664031982422,750.0597534179688,215.15638732910156,815.5156860351562,247.2954864501953,738.9846801757812,249.22738647460938,830.4163818359375,188.05267333984375,720.3978881835938,189.8167724609375,805.6260986328125,131.06137084960938,740.1679077148438,137.67767333984375,799.5971069335938,417.75360107421875,747.7945556640625,417.35284423828125,800.831787109375,524.8760375976562,745.5780639648438,522.4793090820312,793.579345703125,635.2725830078125,744.0899658203125,631.9036254882812
110,3.6666548004314996,772.8863525390625,221.26251220703125,783.0642700195312,212.6575164794922,762.3343505859375,213.42013549804688,800.1524047851562,212.64987182617188,750.1619262695312,214.9911651611328,815.894287109375,247.02528381347656,739.1376953125,249.32606506347656,829.8720703125,187.6103515625,720.9227294921875,190.7472686767578,804.7931518554688,131.27145385742188,739.688720703125,138.52728271484375,799.4803466796875,417.6634216308594,747.5198364257812,417.1408386230469,801.0361328125,524.7925415039062,745.2496948242188,521.2673950195312,793.31298828125,635.1163940429688,743.814697265625,630.002685546875
111,3.699988025889968,773.01904296875,221.12818908691406,783.156494140625,212.61489868164062,762.4849243164062,213.33116149902344,800.1611938476562,212.7700958251953,750.3272094726562,215.05567932128906,816.084228515625,247.0612335205078,739.2739868164062,249.3682098388672,829.9344482421875,187.64096069335938,721.6306762695312,190.97909545898438,804.8396606445312,130.99160766601562,740.0289306640625,138.04754638671875,799.387939453125,417.3073425292969,747.3768310546875,416.6144714355469,800.9407348632812,524.8405151367188,744.94677734375,520.4899291992188,793.0735473632812,635.8867797851562,743.487060546875,629.5173950195312
112,3.733321251348436,772.920166015625,221.16513061523438,783.0830078125,212.62379455566406,762.46826171875,213.3781280517578,800.191162109375,212.61703491210938,750.5123901367188,214.96836853027344,816.1019897460938,246.62017822265625,739.541015625,249.0738067626953,830.0941772460938,187.2963104248047,721.7040405273438,190.547119140625,804.5729370117188,130.9366455078125,740.0736083984375,137.6420135498047,799.4381103515625,417.166259765625,747.5344848632812,416.6318054199219,801.0810546875,524.2865600585938,745.1203002929688,520.696533203125,793.3444213867188,635.2430419921875,743.5720825195312,630.0379028320312
113,3.766654476806904,773.3438110351562,220.8780059814453,783.3377685546875,212.4002227783203,762.87353515625,213.15744018554688,800.0465087890625,212.6484375,750.6879272460938,215.03697204589844,816.1820068359375,246.9953155517578,739.5665893554688,249.46800231933594,830.3787231445312,187.86273193359375,721.8920288085938,190.81463623046875,804.1201782226562,131.2707977294922,739.9602661132812,137.03329467773438,799.5679321289062,417.1197509765625,747.6771850585938,416.5271301269531,801.0491943359375,524.32763671875,744.9876708984375,520.5308837890625,793.162109375,635.7203369140625,743.0953369140625,630.1121215820312
114,3.7999877022653723,773.4553833007812,221.04644775390625,783.4959716796875,212.62535095214844,763.078125,213.32656860351562,800.0816040039062,213.00955200195312,750.8072509765625,215.19105529785156,815.7345581054688,247.3478240966797,739.536865234375,249.79759216308594,830.166748046875,187.74179077148438,722.10205078125,190.63784790039062,804.0481567382812,130.97021484375,740.5525512695312,136.5689697265625,799.3602905273438,417.1080627441406,747.7503662109375,416.6909484863281,800.7863159179688,523.589599609375,745.0430297851562,520.6666259765625,793.225341796875,634.4268188476562,743.64453125,630.2803344726562
115,3.8333209277238405,773.674072265625,220.96144104003906,783.72509765625,212.75184631347656,763.4208984375,213.3417510986328,800.3323364257812,213.39532470703125,751.4407348632812,215.3875732421875,815.981689453125,247.20889282226562,739.9826049804688,249.9089813232422,829.677001953125,187.39366149902344,722.5830688476562,191.94647216796875,804.4646606445312,130.2269287109375,740.2372436523438,137.42062377929688,799.3509521484375,416.4551086425781,747.7882690429688,415.9542541503906,801.1644287109375,523.9215698242188,744.8492431640625,520.1360473632812,792.9775390625,634.9953002929688,743.0394287109375,629.7020874023438
116,3.8666541531823087,774.181396484375,220.5890655517578,784.1500244140625,212.55259704589844,763.9922485351562,213.04306030273438,800.4227294921875,213.63763427734375,751.9512329101562,215.37730407714844,815.4147338867188,247.64700317382812,740.3402099609375,250.234619140625,828.3651733398438,187.9246826171875,723.1921997070312,192.98484802246094,805.5592041015625,129.9051055908203,740.2460327148438,137.4915313720703,799.0952758789062,416.547607421875,748.0767211914062,416.0384826660156,801.0164184570312,524.6299438476562,744.79443359375,520.4965209960938,792.84814453125,635.7986450195312,742.4953002929688,630.0693969726562
117,3.899987378640777,774.6259765625,220.5731201171875,784.6362915039062,212.4923858642578,764.2403564453125,213.09481811523438,801.0532836914062,213.74093627929688,752.0639038085938,215.6663360595703,815.3818969726562,248.03863525390625,740.8413696289062,250.25442504882812,826.89794921875,188.52476501464844,723.9564819335938,192.85223388671875,805.644775390625,129.35914611816406,740.6749267578125,137.46929931640625,799.0672607421875,417.13470458984375,748.2092895507812,416.5321350097656,800.8912963867188,525.381103515625,744.6268310546875,521.0169677734375,793.160888671875,636.305419921875,742.1486206054688,630.5090942382812
118,3.933320604099245,774.92431640625,220.6265106201172,784.4949340820312,211.9563751220703,764.1709594726562,212.74972534179688,800.4125366210938,213.31085205078125,750.8218994140625,215.94161987304688,814.6080932617188,250.18836975097656,739.8138427734375,253.5247344970703,826.6983642578125,187.73460388183594,723.3786010742188,196.0609130859375,801.2052001953125,124.66706848144531,742.7276611328125,133.18014526367188,800.7487182617188,420.9619445800781,749.27978515625,420.8155517578125,801.04541015625,529.3739013671875,742.548583984375,524.2127075195312,797.696533203125,633.854736328125,743.46875,624.1328735351562
119,3.966653829557713,774.6961059570312,220.557373046875,784.3058471679688,211.9142608642578,763.99267578125,212.682861328125,800.3865356445312,213.3241424560547,750.9493408203125,215.87472534179688,814.5869750976562,250.09141540527344,740.0218505859375,253.0292510986328,826.2823486328125,187.0587158203125,724.0139770507812,194.05665588378906,802.13134765625,124.60250091552734,744.143798828125,130.69647216796875,800.579833984375,420.9986572265625,749.1630859375,420.73626708984375,801.8185424804688,528.6193237304688,742.8251342773438,523.05126953125,798.2525634765625,633.2720947265625,743.5377807617188,623.0925903320312
120,3.9999870550161813,775.0230712890625,220.38763427734375,784.7442016601562,211.76747131347656,764.5264282226562,212.35433959960938,800.809814453125,213.15162658691406,751.6419067382812,215.28749084472656,814.4325561523438,249.95782470703125,740.7891845703125,252.94268798828125,825.650634765625,186.46212768554688,724.4541625976562,194.5037078857422,800.8931884765625,123.31787109375,742.7318725585938,131.42410278320312,800.4313354492188,420.9283142089844,749.6600952148438,420.6013488769531,801.365478515625,528.7708740234375,743.0773315429688,523.1338500976562,797.8857421875,632.6141967773438,743.93896484375,622.6104125976562
121,4.0333202804746495,775.48095703125,219.47772216796875,785.3818359375,211.32626342773438,765.2918701171875,212.04931640625,801.43212890625,212.78628540039062,753.6558227539062,215.0846405029297,816.1682739257812,247.57870483398438,742.251953125,251.04676818847656,825.2611694335938,183.11453247070312,726.0877685546875,189.23989868164062,800.059326171875,123.62811279296875,740.993408203125,130.86878967285156,798.79150390625,418.5289611816406,748.4804077148438,418.10693359375,800.5999755859375,525.4385986328125,744.4292602539062,520.3363037109375,793.7893676757812,636.1975708007812,743.147216796875,629.0874633789062
122,4.066653505933117,776.3643798828125,219.95982360839844,785.720458984375,211.47946166992188,766.0113525390625,212.13868713378906,801.1126708984375,213.13427734375,753.1801147460938,215.45831298828125,814.27392578125,249.89991760253906,742.4600219726562,253.04257202148438,824.4746704101562,186.51641845703125,727.26513671875,194.54693603515625,800.2879638671875,121.7220230102539,743.8741455078125,129.19578552246094,799.8914184570312,420.0624084472656,750.293701171875,419.74273681640625,800.3880004882812,528.5781860351562,743.8873901367188,522.88232421875,796.8903198242188,632.2951049804688,744.1345825195312,622.279541015625
123,4.099986731391586,777.0391845703125,219.44683837890625,786.7249755859375,211.56234741210938,767.039306640625,212.01708984375,801.9041748046875,213.36248779296875,754.9063720703125,214.9424285888672,815.4967041015625,247.78211975097656,742.9356689453125,250.6787109375,823.8909301757812,184.6085662841797,728.301513671875,189.8919219970703,803.06201171875,125.54176330566406,742.0924072265625,129.44546508789062,798.580078125,418.191162109375,749.0343627929688,417.5738220214844,800.1690063476562,526.3681640625,744.1367797851562,520.2342529296875,793.2196655273438,637.7923583984375,742.6758422851562,629.2388916015625
124,4.133319956850054,776.9172973632812,219.03146362304688,786.5073852539062,211.36924743652344,767.0768432617188,211.6746368408203,801.106201171875,213.62010192871094,754.6237182617188,214.73985290527344,814.7814331054688,248.1625518798828,742.3101196289062,250.82322692871094,824.89404296875,185.6407470703125,728.5787353515625,190.15927124023438,804.4701538085938,126.40325164794922,743.6945190429688,128.53770446777344,799.0608520507812,417.6825866699219,749.5348510742188,417.1596374511719,800.3948974609375,526.267822265625,743.5900268554688,520.8665161132812,793.7940063476562,637.3092651367188,742.439697265625,630.0076293945312
125,4.166653182308522,777.17724609375,218.9123077392578,786.77197265625,211.2584686279297,767.3338623046875,211.5609588623047,801.215087890625,213.63052368164062,754.7639770507812,214.55682373046875,814.2685546875,248.6609344482422,742.5964965820312,250.25491333007812,824.5825805664062,186.51934814453125,729.1672973632812,188.05819702148438,804.5785522460938,125.71511840820312,745.8875122070312,126.25656127929688,798.9290161132812,418.0235595703125,749.7633666992188,417.36395263671875,800.4719848632812,526.226806640625,743.6844482421875,521.6146850585938,794.5392456054688,636.414794921875,742.1722412109375,630.7733764648438
126,4.19998640776699,777.9237670898438,219.02166748046875,786.638671875,210.6945343017578,767.676513671875,211.28683471679688,800.034423828125,212.5941162109375,753.6383666992188,214.50465393066406,812.3419799804688,250.11375427246094,742.2809448242188,252.72515869140625,823.701171875,187.1676483154297,730.8472290039062,193.60809326171875,802.1268920898438,121.55529022216797,750.7982177734375,125.96805572509766,799.7965087890625,418.4847412109375,751.1646118164062,418.2591552734375,800.7042236328125,530.7518310546875,743.5372314453125,525.2655639648438,798.9795532226562,632.7963256835938,743.10498046875,623.15771484375
127,4.233319633225459,778.3526000976562,218.80203247070312,786.9152221679688,210.3644256591797,768.038818359375,211.1129608154297,800.0595092773438,211.9296112060547,753.8011474609375,214.1339569091797,812.2872314453125,249.19227600097656,742.37548828125,251.9706268310547,823.4672241210938,186.69534301757812,731.7135009765625,193.3834991455078,802.21533203125,121.41808319091797,752.8121948242188,126.37950897216797,799.6588745117188,418.12225341796875,750.952392578125,417.9906921386719,800.9505004882812,531.275634765625,743.41064453125,525.750244140625,799.7420654296875,633.4114379882812,742.8123779296875,623.5868530273438
128,4.266652858683926,778.5811767578125,218.20242309570312,787.737060546875,210.28807067871094,768.4249877929688,210.7906036376953,801.1609497070312,212.0321807861328,754.3231201171875,213.38644409179688,813.550048828125,246.53936767578125,741.9959106445312,249.11805725097656,823.1488037109375,184.53463745117188,731.59619140625,188.68563842773438,802.6895141601562,124.11121368408203,749.8198852539062,127.22233581542969,799.2239990234375,417.900390625,749.674072265625,417.6383361816406,801.146728515625,527.1931762695312,743.2202758789062,522.4031982421875,796.4822387695312,637.6983642578125,741.9370727539062,630.90673828125
129,4.299986084142395,778.4698486328125,218.11810302734375,787.6911010742188,210.19976806640625,768.2496948242188,210.70762634277344,801.1679077148438,212.1372528076172,754.0465698242188,213.47132873535156,813.166259765625,247.10633850097656,742.1240844726562,249.40274047851562,822.1357421875,185.22607421875,731.92236328125,188.5034637451172,800.7360229492188,124.36737823486328,750.271728515625,127.46861267089844,799.1831665039062,417.97021484375,749.8314819335938,417.6686096191406,801.1730346679688,527.21728515625,742.879150390625,522.8251953125,797.1424560546875,637.4526977539062,741.26318359375,631.4707641601562
130,4.333319309600863,779.8026733398438,217.95030212402344,788.9335327148438,210.5785369873047,769.8536987304688,210.968017578125,801.165771484375,212.92218017578125,754.32958984375,213.73159790039062,811.9051513671875,244.7088165283203,742.18115234375,248.0398712158203,823.7461547851562,183.58401489257812,732.00146484375,186.72006225585938,802.5012817382812,122.53065490722656,745.6903686523438,123.81135559082031,799.4505004882812,415.8140563964844,749.9580688476562,416.2912292480469,799.7510375976562,528.0975341796875,741.26806640625,526.9680786132812,796.988037109375,634.9108276367188,739.96630859375,632.8462524414062
131,4.366652535059331,779.3885498046875,218.20101928710938,788.6522216796875,210.3307342529297,769.0725708007812,210.6136932373047,802.0125732421875,212.3902130126953,754.2359008789062,213.13946533203125,813.4119873046875,247.53363037109375,741.733642578125,248.53822326660156,822.1486206054688,186.64181518554688,732.19921875,187.99685668945312,802.5160522460938,124.43604278564453,750.8751831054688,127.04855346679688,799.0324096679688,418.55914306640625,749.1295166015625,417.6616516113281,801.389892578125,528.116455078125,742.2120971679688,522.1519775390625,797.2020874023438,638.801513671875,740.7233276367188,630.7734985351562
132,4.399985760517799,780.4027709960938,218.07435607910156,789.5059814453125,210.5743408203125,770.2366943359375,211.10902404785156,801.8504638671875,212.8382110595703,754.4970703125,213.9801025390625,812.1427001953125,244.91957092285156,742.6433715820312,247.7598419189453,823.4939575195312,184.065673828125,732.3645629882812,185.80104064941406,802.8604736328125,121.53593444824219,745.8319091796875,123.50105285644531,798.9343872070312,415.9888916015625,749.5322265625,416.3220520019531,799.3649291992188,527.8997802734375,741.4334106445312,526.8238525390625,796.97314453125,634.2015380859375,739.7550659179688,632.373046875
133,4.433318985976268,780.3177490234375,217.9492950439453,789.5053100585938,210.5936737060547,770.4188842773438,210.89553833007812,801.8016357421875,212.78099060058594,754.935302734375,213.35189819335938,811.68359375,244.5417022705078,743.0011596679688,246.92251586914062,823.50537109375,184.15567016601562,732.8576049804688,185.61978149414062,803.376708984375,121.30404663085938,745.4967651367188,123.81275939941406,798.4520874023438,415.7818298339844,749.5357055664062,415.9311218261719,799.0392456054688,528.2069702148438,741.333984375,527.1519775390625,796.6846923828125,634.9031372070312,739.4530029296875,633.587646484375
134,4.466652211434736,780.2348022460938,218.0962371826172,789.5950927734375,210.7343292236328,770.3523559570312,210.89076232910156,802.0795288085938,212.8356475830078,754.84326171875,213.1048126220703,811.759765625,244.51327514648438,742.8123168945312,246.8828887939453,822.853515625,183.7943115234375,732.66796875,185.9364776611328,802.1298217773438,120.60334777832031,745.2194213867188,124.20598602294922,798.5790405273438,415.99432373046875,749.4671020507812,416.0768737792969,799.287353515625,528.41357421875,741.0311889648438,527.0128173828125,796.8490600585938,634.9537353515625,739.4578857421875,633.2138061523438
135,4.499985436893204,780.04833984375,218.3028106689453,789.3701171875,210.90003967285156,770.1663818359375,211.11341857910156,801.7783813476562,212.69557189941406,754.6355590820312,213.03549194335938,811.1284790039062,243.9795684814453,742.8656616210938,246.50294494628906,822.0241088867188,182.55137634277344,733.2296752929688,184.76138305664062,802.4220581054688,119.62334442138672,745.5535888671875,122.60282897949219,798.3698120117188,415.9485168457031,749.6529541015625,416.185791015625,798.944580078125,528.6085815429688,741.1804809570312,527.5491333007812,796.4662475585938,634.6995239257812,739.510009765625,633.540771484375
136,4.533318662351673,779.95654296875,218.55503845214844,789.4154052734375,211.03501892089844,769.9567260742188,211.37353515625,802.202392578125,212.78466796875,754.6298828125,213.46951293945312,811.0195922851562,244.20655822753906,743.4935302734375,246.98121643066406,820.6969604492188,182.25888061523438,733.9136962890625,184.75350952148438,801.1852416992188,119.25411987304688,745.7080688476562,122.76683807373047,797.779052734375,416.0024108886719,749.4784545898438,416.34698486328125,798.3644409179688,528.4325561523438,741.2100830078125,527.5526733398438,796.9727172851562,635.3452758789062,739.8191528320312,634.2764282226562
137,4.56665188781014,779.5755615234375,218.44088745117188,789.007568359375,210.93930053710938,769.4633178710938,211.34413146972656,801.9122924804688,212.9248809814453,754.1738891601562,213.8248291015625,810.8646850585938,244.373291015625,743.3236694335938,247.22608947753906,819.9686279296875,181.99716186523438,733.388671875,184.93959045410156,800.3512573242188,118.13349151611328,744.4677734375,122.8455581665039,797.55615234375,415.8196716308594,749.2118530273438,416.05224609375,797.990966796875,528.8035278320312,740.872314453125,527.2323608398438,796.8322143554688,635.8351440429688,739.4102172851562,633.5015258789062
138,4.599985113268609,779.314208984375,218.32034301757812,788.769287109375,210.94151306152344,769.2915649414062,211.31796264648438,801.6747436523438,213.13290405273438,754.2909545898438,213.97097778320312,810.9590454101562,244.46656799316406,743.2811889648438,247.55789184570312,819.5067749023438,181.2574005126953,733.32275390625,184.61392211914062,799.1857299804688,117.5154800415039,744.5269165039062,121.174560546875,797.6426391601562,416.03619384765625,749.1905517578125,416.27154541015625,798.12890625,528.9387817382812,740.5033569335938,526.9838256835938,796.4656372070312,635.5127563476562,739.1814575195312,632.6172485351562
139,4.633318338727077,778.3966064453125,218.13038635253906,787.748779296875,210.148193359375,768.0001220703125,210.5941619873047,801.513671875,211.8798065185547,753.8795776367188,213.01829528808594,811.7932739257812,246.90896606445312,742.60888671875,247.8329315185547,816.4423828125,183.77798461914062,732.185791015625,185.158447265625,797.522216796875,120.2439956665039,748.9735107421875,124.19493103027344,797.4668579101562,418.1820983886719,749.0465087890625,417.16949462890625,799.6563720703125,529.2342529296875,742.3325805664062,522.4315795898438,796.3419799804688,639.3124389648438,740.3970947265625,630.2352905273438
140,4.666651564185545,778.1942138671875,218.32015991210938,787.6012573242188,210.39739990234375,767.842041015625,210.8761444091797,801.4690551757812,212.34254455566406,754.064697265625,213.4916229248047,811.5335083007812,247.62533569335938,742.8453369140625,248.350341796875,815.4462280273438,184.55239868164062,732.3394165039062,185.41464233398438,797.3026733398438,121.13607788085938,749.3223876953125,124.49234008789062,797.171875,418.5969543457031,749.0914306640625,417.5805358886719,799.4873046875,529.2687377929688,742.7863159179688,522.4376220703125,796.2858276367188,638.6996459960938,741.2194213867188,629.8458862304688
141,4.699984789644013,778.0924682617188,218.91061401367188,787.1422729492188,210.52561950683594,767.5872192382812,211.12973022460938,800.8452758789062,212.61956787109375,753.3369750976562,214.4136199951172,810.2664794921875,250.42686462402344,743.0140991210938,252.27444458007812,815.1646728515625,187.02227783203125,733.2382202148438,192.82723999023438,794.5180053710938,119.66876220703125,751.6812133789062,125.9940185546875,798.12158203125,420.3545227050781,750.5870361328125,419.8680114746094,799.4144287109375,536.1856079101562,742.7588500976562,529.475830078125,800.4804077148438,638.5438232421875,743.1560668945312,627.6802978515625
142,4.733318015102482,777.8787231445312,218.37689208984375,787.428466796875,210.50442504882812,767.5752563476562,210.98728942871094,801.3618774414062,212.81649780273438,753.78125,213.87484741210938,810.84814453125,248.37684631347656,742.6414184570312,249.0637969970703,814.9921875,185.301513671875,732.2340698242188,185.46856689453125,795.7646484375,121.7563705444336,749.4814453125,124.33865356445312,796.5321655273438,418.97747802734375,748.6871948242188,418.23577880859375,798.7372436523438,529.2118530273438,742.2915649414062,524.2510375976562,795.7626953125,638.347412109375,740.7457885742188,632.6934814453125
143,4.766651240560949,777.7158203125,218.3776397705078,787.319580078125,210.47152709960938,767.2865600585938,210.98226928710938,801.4655151367188,212.98043823242188,753.5077514648438,214.16761779785156,810.9089965820312,249.04441833496094,742.6289672851562,249.5630645751953,814.48388671875,186.69886779785156,732.0333862304688,186.5325164794922,794.8757934570312,122.38973236083984,748.8143310546875,125.39698028564453,796.2721557617188,418.6481018066406,748.4421997070312,417.80517578125,798.7921142578125,529.3489379882812,742.734619140625,524.1935424804688,795.7963256835938,638.6358642578125,741.0455932617188,632.8301391601562
144,4.799984466019418,777.5319213867188,218.4208221435547,787.1607055664062,210.49755859375,767.0413818359375,210.95045471191406,801.3748779296875,213.02711486816406,753.2059326171875,214.13392639160156,810.8013305664062,249.2401580810547,742.4655151367188,249.55580139160156,814.334716796875,186.49522399902344,732.1046142578125,186.06234741210938,795.4122924804688,121.69088745117188,748.8173828125,124.40077209472656,796.0828857421875,419.2980651855469,748.1549072265625,418.28106689453125,798.8735961914062,530.285888671875,742.3060302734375,524.41943359375,795.9295043945312,639.6407470703125,740.2522583007812,632.6021728515625
145,4.833317691477886,777.4087524414062,218.3320770263672,786.9280395507812,210.42926025390625,767.0265502929688,210.84689331054688,800.7568359375,212.8566131591797,752.9860229492188,213.836181640625,809.8671264648438,248.83827209472656,742.2890014648438,249.37498474121094,814.5148315429688,185.47315979003906,732.3798828125,185.69281005859375,795.5756225585938,120.68214416503906,749.032470703125,124.27823638916016,795.6351928710938,418.90130615234375,748.2320556640625,418.093017578125,798.3412475585938,530.3875122070312,742.535400390625,525.4483032226562,795.4337768554688,639.8558349609375,740.1585083007812,634.2259521484375
146,4.866650916936354,777.0560913085938,218.50865173339844,786.533447265625,210.58624267578125,766.7771606445312,211.05381774902344,800.2608642578125,212.7931671142578,752.865966796875,213.78036499023438,809.4483642578125,248.44735717773438,741.8944702148438,248.9915313720703,814.3527221679688,185.11260986328125,731.5859985351562,185.1525115966797,795.5792846679688,120.86967468261719,748.9826049804688,124.07691955566406,795.5637817382812,418.53338623046875,748.1881103515625,417.8626708984375,798.1903076171875,529.8294067382812,742.4113159179688,525.3943481445312,795.5296020507812,639.550537109375,740.3988647460938,634.7708740234375
147,4.899984142394822,777.23291015625,218.63427734375,786.8274536132812,210.7455596923828,766.9126586914062,211.2503662109375,800.8130493164062,213.0713653564453,753.2825317382812,214.104736328125,809.5133056640625,248.74143981933594,742.4660034179688,248.83071899414062,813.0133666992188,185.80569458007812,732.051513671875,185.02615356445312,795.3849487304688,121.73729705810547,749.3330078125,125.02825927734375,794.8407592773438,418.598876953125,747.6739501953125,417.7165222167969,797.9627075195312,530.0086059570312,742.2605590820312,524.9659423828125,795.513671875,639.6192626953125,740.14404296875,634.2837524414062
148,4.933317367853291,777.070556640625,218.89178466796875,786.6834106445312,210.96058654785156,766.650634765625,211.4172821044922,800.7230834960938,213.2908935546875,752.7491455078125,214.3162078857422,809.6067504882812,249.0287322998047,741.7998657226562,249.43521118164062,813.3167724609375,185.3837890625,731.479248046875,185.71331787109375,795.1784057617188,121.14385986328125,748.941162109375,125.38356018066406,794.9182739257812,418.7539367675781,747.3151245117188,417.9253845214844,798.4025268554688,529.994140625,742.1927490234375,524.6834716796875,795.7131958007812,638.9400024414062,740.179443359375,632.8516235351562
149,4.966650593311758,777.046875,218.89442443847656,786.64306640625,210.8837890625,766.6116333007812,211.344482421875,800.5717163085938,213.1251678466797,752.5097045898438,214.158447265625,809.2390747070312,248.8655548095703,741.492919921875,249.42263793945312,813.2863159179688,185.07493591308594,731.3449096679688,185.7840118408203,795.141845703125,120.52430725097656,748.5833740234375,125.21029663085938,794.5158081054688,419.3531799316406,746.9342041015625,418.636474609375,797.9862670898438,530.4328002929688,741.8975830078125,525.512939453125,795.5894165039062,640.1467895507812,739.9071655273438,634.5005493164062
150,4.999983818770227,777.0636596679688,218.85824584960938,786.63232421875,210.87033081054688,766.6089477539062,211.3531494140625,800.336181640625,213.3318328857422,752.2264404296875,214.33265686035156,808.679443359375,249.43865966796875,741.1370849609375,249.74855041503906,813.1742553710938,185.46043395996094,731.2951049804688,185.13079833984375,794.912353515625,120.4852066040039,748.704833984375,124.11585235595703,793.9893188476562,419.38763427734375,746.6184692382812,418.71343994140625,797.1136474609375,529.8465576171875,741.7196044921875,525.5228271484375,795.3505859375,639.2906494140625,740.4400634765625,634.650390625
151,5.033317044228695,777.1294555664062,218.90797424316406,786.7108154296875,210.90933227539062,766.6358032226562,211.32632446289062,800.3455200195312,213.4014434814453,751.9699096679688,214.26573181152344,808.54736328125,249.57632446289062,740.5618896484375,249.69805908203125,813.2593994140625,185.90737915039062,730.9085083007812,185.6260986328125,795.0384521484375,120.66214752197266,748.01171875,124.87012481689453,793.3314819335938,419.3380126953125,745.7177124023438,418.528076171875,796.8243408203125,530.2483520507812,741.4152221679688,525.4735107421875,795.1536254882812,640.0150146484375,740.484619140625,634.7383422851562
152,5.066650269687163,776.6046142578125,218.8769989013672,786.199951171875,210.8335723876953,766.1675415039062,211.40003967285156,799.9583129882812,213.26251220703125,751.91015625,214.43264770507812,807.9187622070312,249.38925170898438,741.0771484375,249.66104125976562,812.6519775390625,185.41835021972656,731.5105590820312,184.8500213623047,794.7489624023438,120.54825592041016,748.1793823242188,124.67955780029297,792.5631103515625,419.13995361328125,745.7112426757812,418.50830078125,796.0116577148438,529.5210571289062,741.9427490234375,525.566650390625,795.2511596679688,639.6464233398438,741.3709106445312,635.7084350585938
153,5.099983495145631,777.1463012695312,218.9319305419922,786.6337890625,210.97552490234375,766.68017578125,211.38970947265625,799.9813232421875,213.5139923095703,751.718994140625,214.3362579345703,808.446044921875,249.37730407714844,739.7180786132812,249.88165283203125,813.1411743164062,185.50877380371094,730.4484252929688,186.41848754882812,794.4883422851562,120.65901947021484,747.8179931640625,125.17707824707031,793.5220336914062,419.2289123535156,745.40234375,418.4953308105469,796.5411987304688,529.8423461914062,740.3197021484375,524.68603515625,795.0077514648438,640.5147094726562,740.329833984375,634.5253295898438
154,5.1333167206041,777.1714477539062,218.9581298828125,786.5297241210938,210.94337463378906,766.6985473632812,211.34043884277344,799.533935546875,213.40451049804688,751.41796875,214.17092895507812,807.8633422851562,249.56854248046875,739.204345703125,250.056640625,812.7981567382812,185.5054473876953,730.0474853515625,186.5658416748047,794.1358642578125,120.74467468261719,747.0865478515625,125.51976013183594,793.1646118164062,420.4077453613281,745.1788330078125,419.6729431152344,795.9305419921875,531.0213623046875,740.421630859375,525.72705078125,794.5426025390625,641.60693359375,740.676025390625,635.2011108398438
155,5.1666499460625674,776.6843872070312,219.1615447998047,786.3860473632812,211.07237243652344,766.2236938476562,211.32716369628906,799.9686889648438,213.37750244140625,751.1166381835938,213.7959442138672,808.082763671875,249.50164794921875,738.992919921875,249.740234375,813.3613891601562,185.61590576171875,729.8573608398438,186.34054565429688,794.9129028320312,121.09144592285156,746.9915771484375,125.46858215332031,793.1043090820312,420.8166198730469,744.7509765625,420.04248046875,796.391845703125,531.1709594726562,739.8916015625,526.2918090820312,794.3202514648438,641.69091796875,739.705078125,636.3348388671875
156,5.199983171521036,776.7684326171875,219.08399963378906,786.3297119140625,211.0422821044922,766.2646484375,211.39874267578125,799.4786987304688,213.53729248046875,750.7109375,214.08872985839844,807.0678100585938,249.65794372558594,738.63720703125,250.01670837402344,812.6044311523438,185.14404296875,729.7713012695312,185.86671447753906,794.0702514648438,120.44178009033203,746.9503784179688,125.23946380615234,792.6016845703125,420.11773681640625,744.7105712890625,419.56976318359375,795.2808837890625,529.56591796875,739.79931640625,525.6607055664062,793.8256225585938,640.4418334960938,740.1465454101562,636.6121826171875
157,5.233316396979504,776.72705078125,219.09228515625,786.0885009765625,211.0205078125,766.2565307617188,211.3912811279297,798.9490966796875,213.37802124023438,750.6567993164062,213.95704650878906,806.8771362304688,249.6313018798828,738.3972778320312,249.7821502685547,812.8268432617188,184.8716583251953,729.3841552734375,185.0818634033203,794.2365112304688,120.51417541503906,746.9841918945312,125.05584716796875,792.60107421875,420.3301696777344,744.7609252929688,419.67626953125,795.4813232421875,529.6259155273438,740.264404296875,525.3359375,793.7734375,639.96826171875,740.328125,635.460205078125
158,5.266649622437972,776.4727783203125,219.0882110595703,785.8748779296875,211.1519775390625,766.0231323242188,211.3913116455078,798.8010864257812,213.59043884277344,750.386474609375,213.83607482910156,806.9821166992188,249.4852294921875,737.8082885742188,249.25035095214844,812.2991943359375,184.9681396484375,728.9854736328125,184.8453369140625,793.8837280273438,120.90193176269531,747.2789916992188,124.82300567626953,793.0421752929688,419.95367431640625,744.591064453125,419.0127868652344,795.8992309570312,529.7391357421875,739.0685424804688,524.3367919921875,793.6170043945312,639.8937377929688,739.09326171875,633.8818359375
159,5.29998284789644,776.1849365234375,219.02333068847656,785.5679321289062,211.04052734375,765.7053833007812,211.26443481445312,798.384765625,213.4647216796875,749.9159545898438,213.63897705078125,806.4663696289062,249.63934326171875,737.5482788085938,249.0554656982422,812.4319458007812,184.9008026123047,729.1596069335938,183.8081817626953,794.4035034179688,120.7402114868164,747.8341674804688,124.0570068359375,792.7686157226562,420.3345947265625,744.53076171875,419.30682373046875,795.6658325195312,530.1199340820312,739.4242553710938,524.6528930664062,793.916015625,639.9857788085938,739.74072265625,633.8032836914062
160,5.333316073354909,775.8704833984375,218.89752197265625,785.4717407226562,211.11875915527344,765.5769653320312,211.2104949951172,798.4824829101562,213.84634399414062,750.2151489257812,213.59555053710938,806.4760131835938,249.73141479492188,737.42529296875,248.92066955566406,811.981689453125,184.73399353027344,728.9749755859375,183.49636840820312,794.15869140625,120.76705169677734,748.1640625,123.2793960571289,792.7759399414062,420.6133117675781,744.3756103515625,419.53173828125,795.5719604492188,530.214111328125,738.7975463867188,524.6365966796875,793.5359497070312,639.9859619140625,739.9067993164062,634.1022338867188
161,5.3666492988133765,776.0008544921875,218.94862365722656,785.6798095703125,211.10296630859375,765.6753540039062,211.2640838623047,798.775634765625,213.76419067382812,750.386962890625,213.6039276123047,806.1329956054688,249.71109008789062,737.9578247070312,248.68441772460938,811.2364501953125,184.5790252685547,729.7222900390625,182.3401641845703,794.1179809570312,120.38081359863281,748.9697875976562,121.97848510742188,792.24169921875,420.61236572265625,744.3754272460938,419.6099548339844,795.18798828125,530.0333862304688,739.4248046875,525.0830688476562,793.4693603515625,639.6253051757812,740.5987548828125,634.9158935546875
162,5.399982524271845,775.7717895507812,218.57806396484375,785.4204711914062,210.8485870361328,765.5323486328125,210.95285034179688,798.5029907226562,213.5459442138672,750.4402465820312,213.29049682617188,806.1880493164062,249.1049041748047,737.8087768554688,248.251953125,811.029052734375,183.76419067382812,729.4058227539062,182.07760620117188,794.2465209960938,119.76544189453125,749.4097290039062,120.67050170898438,792.4778442382812,419.58123779296875,744.508056640625,418.5488586425781,794.7548828125,529.4832763671875,738.819091796875,523.989990234375,792.5263671875,638.9853515625,740.0494384765625,633.1531982421875
163,5.433315749730313,774.943115234375,218.7342071533203,784.8985595703125,211.02078247070312,764.859130859375,211.11105346679688,798.6640014648438,213.72572326660156,750.6526489257812,213.4730682373047,806.5308227539062,249.0611572265625,738.3177490234375,248.39817810058594,811.231201171875,183.3170166015625,729.251953125,182.08023071289062,794.3322143554688,119.7558822631836,749.0213012695312,121.153076171875,792.14013671875,419.7210693359375,744.3763427734375,418.7412414550781,794.142578125,529.6901245117188,738.8298950195312,524.4885864257812,792.3983764648438,639.404541015625,740.8197021484375,634.062744140625
164,5.4666489751887815,775.401611328125,218.34939575195312,785.1618041992188,210.65298461914062,765.2027587890625,210.82861328125,798.5923461914062,213.42584228515625,750.6190185546875,213.377197265625,806.5318603515625,248.87451171875,738.156005859375,248.37179565429688,811.313232421875,182.83493041992188,728.6705322265625,181.86468505859375,794.1492919921875,118.99429321289062,748.960693359375,120.87118530273438,792.5120849609375,419.3569641113281,744.7247314453125,418.4928894042969,794.1459350585938,529.283203125,739.3250122070312,524.35302734375,791.7620239257812,638.7723388671875,740.9028930664062,633.6327514648438
165,5.499982200647249,776.0714721679688,218.2555389404297,785.5551147460938,210.54722595214844,765.8684692382812,210.7213897705078,798.2548217773438,213.26954650878906,750.4515991210938,213.20709228515625,805.7750244140625,248.5509796142578,737.6532592773438,248.39605712890625,811.3109741210938,182.60476684570312,728.2011108398438,182.29942321777344,793.5883178710938,118.86258697509766,747.8548583984375,121.15335845947266,792.57080078125,418.73895263671875,745.0219116210938,418.172607421875,793.8084716796875,528.1611328125,739.7406616210938,524.2051391601562,791.7761840820312,638.2196655273438,741.5028686523438,634.1527099609375
166,5.533315426105718,775.600341796875,218.24569702148438,785.3256225585938,210.59173583984375,765.53466796875,210.64903259277344,798.367919921875,213.33934020996094,750.4619750976562,212.99404907226562,805.836181640625,248.3411865234375,737.5948486328125,248.3454132080078,811.7638549804688,182.48753356933594,727.7824096679688,182.75164794921875,793.8820190429688,118.81041717529297,747.6119384765625,121.13504028320312,792.5740966796875,418.4157409667969,744.8953247070312,418.0000305175781,794.1109619140625,527.3711547851562,739.2538452148438,524.2129516601562,791.6272583007812,637.2327270507812,740.848876953125,634.6134643554688
167,5.5666486515641855,775.417236328125,218.28598022460938,785.0076293945312,210.7287139892578,765.5177612304688,210.63626098632812,797.6309204101562,213.5418701171875,750.2591552734375,212.82789611816406,805.0967407226562,248.44996643066406,737.22607421875,248.21348571777344,811.7816772460938,182.81947326660156,727.958740234375,182.97750854492188,793.747802734375,118.9269790649414,746.90185546875,121.60831451416016,792.3972778320312,418.3442077636719,744.941650390625,417.7892150878906,794.0148315429688,527.2648315429688,738.9783935546875,523.8724975585938,791.85498046875,637.1118774414062,740.6030883789062,634.29931640625
168,5.599981877022654,775.32421875,218.32785034179688,784.9217529296875,210.72073364257812,765.3622436523438,210.7266387939453,797.6636962890625,213.5157928466797,750.2490234375,213.06553649902344,805.2843017578125,248.56033325195312,737.236083984375,248.73046875,811.6866455078125,182.60675048828125,727.6196899414062,183.70054626464844,793.5505981445312,118.6378402709961,747.0584716796875,122.00286102294922,792.3362426757812,418.4326477050781,744.8299560546875,418.0244140625,793.82861328125,527.347412109375,738.994873046875,524.0856323242188,791.4080810546875,637.2841186523438,740.5308227539062,634.5036010742188
169,5.633315102481122,775.3634033203125,218.40476989746094,785.0394897460938,210.73550415039062,765.35400390625,210.7406463623047,797.9423217773438,213.3710479736328,750.2349853515625,212.92933654785156,805.5051879882812,248.34173583984375,737.197021484375,248.5750274658203,811.211669921875,182.4342498779297,727.5182495117188,183.5663604736328,792.9840087890625,118.86200714111328,747.0987548828125,121.5840835571289,792.5372314453125,418.4521789550781,744.834716796875,418.0471496582031,793.974609375,527.262939453125,738.85205078125,523.7276611328125,791.6007690429688,637.0795288085938,740.6823120117188,633.744384765625
170,5.6666483279395905,775.7103881835938,218.41384887695312,785.1380615234375,210.73072814941406,765.67724609375,210.86781311035156,797.45458984375,213.43576049804688,750.18994140625,213.1612548828125,804.9133911132812,248.65464782714844,736.6239624023438,248.82009887695312,811.1178588867188,182.27146911621094,726.8397827148438,182.9763641357422,793.3319702148438,118.14018249511719,748.1591796875,120.74666595458984,792.4151000976562,418.4804382324219,744.812744140625,418.27581787109375,793.7714233398438,527.1200561523438,739.1897583007812,524.200927734375,791.9612426757812,637.1358032226562,741.4227905273438,634.6098022460938
171,5.699981553398058,775.1870727539062,218.69703674316406,784.820556640625,211.02593994140625,765.2337646484375,211.01292419433594,797.5067138671875,213.73233032226562,750.0950317382812,213.1769561767578,805.087158203125,249.21527099609375,736.7113037109375,249.18475341796875,811.5320434570312,183.21641540527344,726.7150268554688,183.7852020263672,793.6000366210938,118.91681671142578,747.2540283203125,121.42125701904297,792.3194580078125,419.0946350097656,744.7454223632812,418.6997985839844,793.692138671875,527.7174682617188,739.1561279296875,524.341552734375,791.8723754882812,637.4423828125,741.585205078125,634.3058471679688
172,5.733314778856527,775.7156982421875,218.87608337402344,785.43115234375,211.13975524902344,765.6810302734375,211.0291748046875,798.1161499023438,213.93051147460938,750.03955078125,213.17274475097656,805.4398803710938,249.8014373779297,736.3161010742188,249.65426635742188,812.434326171875,184.4527130126953,726.6561889648438,184.9558868408203,794.2842407226562,119.79061126708984,746.3344116210938,122.23554229736328,792.3848266601562,419.83099365234375,744.3375244140625,419.3990478515625,794.0549926757812,528.1427612304688,738.9931640625,524.8178100585938,792.3140258789062,637.7107543945312,741.8677368164062,634.7479248046875
173,5.766648004314995,775.8048095703125,218.91920471191406,785.5313720703125,211.2359161376953,765.7279052734375,211.08177185058594,798.2103271484375,214.0835418701172,749.8583984375,213.23719787597656,805.4555053710938,249.62205505371094,736.264404296875,249.56854248046875,812.525634765625,184.5178985595703,726.828857421875,185.40835571289062,794.1774291992188,119.86162567138672,745.67333984375,122.73094940185547,792.722900390625,419.5448303222656,744.4920043945312,419.1357727050781,794.7131958007812,528.1336669921875,738.8169555664062,524.9814453125,792.4502563476562,638.1275634765625,741.0089111328125,635.6105346679688
174,5.799981229773463,775.9246826171875,218.8260040283203,785.56982421875,211.1177520751953,765.7898559570312,210.9683837890625,798.1104736328125,213.95957946777344,749.7672729492188,213.13209533691406,805.5597534179688,249.66986083984375,735.9850463867188,249.54766845703125,812.2249145507812,183.70448303222656,726.6873779296875,184.67172241210938,794.0991821289062,119.31352233886719,745.8624267578125,122.30043029785156,792.9493408203125,420.15521240234375,744.4896850585938,419.5909423828125,794.77197265625,528.8758544921875,738.5020141601562,524.65380859375,792.897216796875,638.856689453125,741.0728149414062,634.4275512695312
175,5.833314455231931,775.6669311523438,219.13613891601562,785.303466796875,211.39144897460938,765.5616455078125,211.11195373535156,797.8630981445312,214.0880584716797,749.5991821289062,213.05026245117188,805.7134399414062,249.96063232421875,735.6062622070312,249.7302703857422,812.3864135742188,183.75466918945312,726.2396850585938,184.86573791503906,794.0674438476562,119.43135833740234,745.8512573242188,121.9701919555664,793.0344848632812,420.6156005859375,744.3379516601562,419.8414611816406,794.9898681640625,529.6072998046875,738.4158325195312,524.3334350585938,792.5401611328125,639.4605712890625,740.7620239257812,633.1640625
176,5.8666476806903995,775.8662109375,219.05674743652344,785.2998046875,211.31448364257812,765.8722534179688,211.09390258789062,797.243896484375,213.97796630859375,749.5816650390625,212.94369506835938,804.8037719726562,249.8495330810547,735.0404052734375,249.97547912597656,812.1283569335938,182.89947509765625,725.83056640625,184.69921875,793.8939819335938,118.31610107421875,747.3766479492188,121.18317413330078,793.1465454101562,420.3355712890625,744.6947631835938,420.01373291015625,794.937255859375,528.6948852539062,738.5635375976562,524.7466430664062,793.3511962890625,638.589111328125,741.5590209960938,634.0594482421875
177,5.899980906148867,775.981201171875,218.984375,785.4300537109375,211.2981719970703,765.9630126953125,211.05120849609375,797.364501953125,214.12496948242188,749.541015625,213.04884338378906,804.6234741210938,249.834716796875,735.1741333007812,249.98651123046875,812.0794067382812,182.72296142578125,725.9478759765625,184.55465698242188,794.0231323242188,118.2890853881836,747.2841796875,121.20307159423828,793.06884765625,419.8402099609375,744.771484375,419.60107421875,795.0192260742188,528.4815673828125,738.7156372070312,525.0457153320312,793.2039184570312,638.6721801757812,741.12255859375,634.9048461914062
178,5.933314131607336,775.8016967773438,219.1424560546875,785.3721923828125,211.43429565429688,765.7350463867188,211.1565704345703,797.65869140625,214.24876403808594,749.6187133789062,213.1739501953125,805.1809692382812,250.17613220214844,735.3806762695312,250.11102294921875,812.006591796875,183.0474090576172,726.330322265625,184.57608032226562,794.0631713867188,118.49159240722656,747.3370361328125,121.18893432617188,792.9393920898438,420.9457702636719,744.37451171875,420.408447265625,795.2548217773438,529.7429809570312,738.4898681640625,525.0303344726562,793.48046875,639.8206176757812,741.0266723632812,634.1178588867188
179,5.966647357065804,776.2628173828125,218.98684692382812,785.7034912109375,211.29286193847656,766.168701171875,211.05441284179688,797.70654296875,214.1048126220703,749.7051391601562,213.09689331054688,805.1915893554688,249.89483642578125,735.2628784179688,249.97508239746094,812.2964477539062,182.94772338867188,726.3087768554688,184.54837036132812,794.4285278320312,118.47115325927734,747.6514892578125,120.7263412475586,793.288330078125,420.3458557128906,744.56005859375,419.93280029296875,795.6238403320312,529.5610961914062,738.223876953125,525.159912109375,794.0758056640625,639.38330078125,740.5543823242188,633.9559326171875
180,5.999980582524272,775.9329833984375,218.9818878173828,785.4098510742188,211.35450744628906,765.9205932617188,211.13706970214844,797.5206298828125,214.1393585205078,749.76904296875,213.1519012451172,804.9412841796875,249.40518188476562,735.5250854492188,249.77108764648438,811.9375610351562,182.29769897460938,726.3439331054688,184.5259552001953,794.2220458984375,118.240966796875,747.5940551757812,120.78112030029297,793.3531494140625,420.0702209472656,744.852294921875,419.8683776855469,795.882080078125,528.9352416992188,738.4190063476562,525.3352661132812,793.5460815429688,639.1180419921875,739.99267578125,635.1261596679688
181,6.03331380798274,775.96435546875,218.92112731933594,785.5431518554688,211.35552978515625,765.9341430664062,211.06585693359375,797.833984375,214.22845458984375,749.7940673828125,213.13392639160156,805.1365966796875,249.26840209960938,735.83349609375,249.5927734375,812.0318603515625,182.27590942382812,726.831298828125,184.60476684570312,794.7172241210938,118.38032531738281,747.19140625,120.98724365234375,793.3016357421875,419.2726745605469,744.87841796875,418.95574951171875,795.792236328125,528.3167724609375,738.3707885742188,524.396240234375,793.1627197265625,638.7646484375,739.8596801757812,634.4296264648438
182,6.066647033441209,775.9087524414062,218.95159912109375,785.5510864257812,211.31178283691406,765.7845458984375,211.01107788085938,798.0326538085938,214.22903442382812,749.7649536132812,213.13282775878906,805.4617309570312,249.91574096679688,735.9423217773438,249.71275329589844,811.870849609375,182.74708557128906,726.9998779296875,183.79685974121094,794.8873901367188,118.4919204711914,747.8994140625,120.21049499511719,793.2349853515625,420.6215515136719,744.6572875976562,419.9888916015625,795.8898315429688,529.5518798828125,738.1429443359375,524.6068115234375,793.5316772460938,639.2928466796875,739.5845336914062,633.3318481445312
183,6.099980258899676,775.7530517578125,219.02056884765625,785.3587036132812,211.31094360351562,765.6363525390625,211.1250762939453,797.8892822265625,214.03636169433594,749.7575073242188,213.20236206054688,805.486572265625,249.552978515625,736.0348510742188,249.6996612548828,812.1275634765625,182.62945556640625,726.741455078125,184.1192626953125,795.0880737304688,119.02699279785156,747.801025390625,120.91136169433594,793.2943725585938,420.2445983886719,744.8027954101562,419.8043518066406,795.6763916015625,529.3284912109375,738.2214965820312,524.9374389648438,793.5537719726562,639.5774536132812,739.628173828125,634.2780151367188
184,6.133313484358145,775.5379028320312,219.282958984375,785.177734375,211.5540313720703,765.522705078125,211.18841552734375,797.8284912109375,213.94322204589844,749.8364868164062,212.791259765625,805.8125,249.25669860839844,736.1221923828125,249.33200073242188,812.5388793945312,182.5342254638672,726.9927978515625,184.7193603515625,795.3621826171875,119.19393920898438,746.7800903320312,122.00751495361328,793.6153564453125,420.7834777832031,744.9343872070312,420.0510559082031,796.6591796875,530.4164428710938,738.3790893554688,524.7236938476562,793.9200439453125,640.1648559570312,739.2551879882812,632.9923095703125
185,6.166646709816613,775.1630859375,219.27809143066406,784.8140258789062,211.53262329101562,765.1148071289062,211.223388671875,797.6381225585938,213.91885375976562,749.575439453125,212.93601989746094,805.8688354492188,249.17156982421875,736.0964965820312,249.42478942871094,813.0404052734375,182.78062438964844,726.6024169921875,185.00198364257812,795.600830078125,118.98590850830078,746.72900390625,121.67338562011719,793.75341796875,420.30975341796875,745.0333862304688,419.727783203125,796.8133544921875,529.96044921875,738.6686401367188,524.9893798828125,793.5647583007812,639.1646118164062,738.9962768554688,632.9949340820312
186,6.199979935275081,775.2247924804688,219.02163696289062,785.1675415039062,211.8489990234375,765.6026000976562,211.61492919921875,797.6516723632812,214.63978576660156,749.9038696289062,213.55276489257812,804.9307861328125,246.0460662841797,736.6639404296875,248.04151916503906,814.704833984375,179.0884246826172,726.489501953125,181.81597900390625,795.426025390625,115.02318572998047,742.546630859375,117.57986450195312,793.5025024414062,417.4355163574219,744.7718505859375,418.1409606933594,795.7554931640625,528.8025512695312,737.459716796875,529.0750122070312,795.4684448242188,635.7058715820312,739.2980346679688,636.5458984375
187,6.233313160733549,774.9017333984375,219.27767944335938,784.7744750976562,211.54891967773438,765.0104370117188,211.10311889648438,797.8452758789062,213.86880493164062,749.7147827148438,212.46859741210938,805.8106689453125,249.2046661376953,736.2499389648438,248.9703369140625,813.7560424804688,182.9381103515625,726.451904296875,184.0153350830078,796.089599609375,118.94314575195312,747.3609619140625,121.03752899169922,793.9544677734375,420.3479919433594,745.4934692382812,419.7762756347656,796.517822265625,529.3513793945312,739.2060546875,525.4185180664062,792.96337890625,638.8548583984375,739.9342651367188,634.7487182617188
188,6.266646386192018,774.7402954101562,219.1033477783203,784.5255126953125,211.38169860839844,764.9928588867188,210.96226501464844,797.2811889648438,213.69419860839844,749.7498779296875,212.25123596191406,805.0481567382812,249.14773559570312,736.2709350585938,248.8497314453125,813.5348510742188,183.14730834960938,727.0578002929688,183.89944458007812,795.9415283203125,118.60867309570312,747.8536987304688,120.73114776611328,793.5917358398438,420.56707763671875,745.74365234375,420.0994873046875,795.623779296875,529.2621459960938,739.8783569335938,525.8818969726562,793.014892578125,639.5413208007812,741.7616577148438,636.4459838867188
189,6.299979611650485,774.99853515625,219.04563903808594,784.8165283203125,211.38265991210938,765.2252807617188,210.8350830078125,797.63330078125,213.7818603515625,749.8823852539062,212.10552978515625,805.680908203125,249.36570739746094,736.007080078125,248.74929809570312,814.0302124023438,183.64633178710938,726.844482421875,184.08726501464844,796.0715942382812,119.43575286865234,747.5262451171875,121.01220703125,793.6068115234375,420.5746154785156,745.2431640625,419.784912109375,795.9710693359375,529.4692993164062,739.7979125976562,524.8593139648438,792.538818359375,639.1134643554688,741.7805786132812,634.1903076171875
190,6.333312837108954,775.5084228515625,218.64788818359375,785.2283935546875,211.5419464111328,766.1148071289062,211.1205596923828,796.9993286132812,214.2105255126953,750.0858154296875,212.65232849121094,804.3626708984375,245.76419067382812,736.37353515625,247.5457763671875,815.6165771484375,179.21885681152344,727.3336181640625,182.04310607910156,796.3003540039062,114.81865692138672,742.5756225585938,117.92231750488281,793.5467529296875,418.0635070800781,745.2044067382812,418.63409423828125,795.3883056640625,528.7219848632812,738.3580322265625,528.5865478515625,795.14990234375,635.4494018554688,741.2643432617188,635.8876953125
191,6.366646062567422,775.0462646484375,218.8719940185547,784.7813720703125,211.21360778808594,765.2930908203125,210.6746063232422,797.554443359375,213.64097595214844,750.0662841796875,212.05838012695312,806.0140991210938,249.27171325683594,736.3089599609375,249.0075225830078,814.197265625,183.48812866210938,726.7325439453125,185.08035278320312,795.9891967773438,119.31268310546875,746.8807983398438,122.32826232910156,794.4342651367188,420.8054504394531,746.0867919921875,420.0450744628906,796.3453369140625,529.4195556640625,739.9510498046875,524.5401611328125,792.8038330078125,639.17578125,741.628173828125,633.6198120117188
192,6.39997928802589,775.0541381835938,219.03306579589844,784.6232299804688,211.33876037597656,765.3279418945312,210.9029541015625,797.0916748046875,213.6643524169922,749.9738159179688,212.25897216796875,805.5560913085938,249.20680236816406,736.1958618164062,249.0806427001953,814.2125854492188,183.45079040527344,726.9521484375,184.7400665283203,795.7305297851562,119.26039123535156,747.4266357421875,121.62821197509766,794.3654174804688,420.6243896484375,746.2644653320312,420.0545654296875,796.0950317382812,529.2684936523438,740.4159545898438,525.074951171875,792.9703979492188,638.9642333984375,742.3185424804688,634.32421875
193,6.433312513484358,775.25927734375,219.0855712890625,784.8431396484375,211.3691864013672,765.5604858398438,210.94436645507812,797.2274169921875,213.6241455078125,750.2778930664062,212.1617431640625,805.2835083007812,249.32949829101562,736.6263427734375,249.0612335205078,813.3492431640625,183.8140106201172,727.2996215820312,184.92721557617188,795.5611572265625,119.63529968261719,748.0726318359375,122.07103729248047,794.4047241210938,421.10308837890625,746.68701171875,420.53338623046875,795.8318481445312,529.5645751953125,740.2988891601562,525.441162109375,792.810302734375,639.2546997070312,741.9488525390625,634.88671875
194,6.466645738942827,775.2102661132812,219.15460205078125,784.800537109375,211.4639129638672,765.5234375,211.000732421875,797.2449340820312,213.69204711914062,750.2950439453125,212.12420654296875,805.6611328125,249.37208557128906,736.43994140625,248.923828125,813.5878295898438,184.1865692138672,726.9847412109375,185.0520477294922,795.258544921875,119.92591857910156,748.0467529296875,122.2423324584961,794.9851684570312,421.31689453125,746.9169311523438,420.63702392578125,796.447021484375,529.8670043945312,740.6354370117188,525.3579711914062,792.810302734375,639.01171875,742.465576171875,634.2433471679688
195,6.499978964401294,775.2233276367188,219.1455078125,784.8384399414062,211.41387939453125,765.4263916015625,211.01983642578125,797.4842529296875,213.6685028076172,750.1238403320312,212.3389129638672,805.9418334960938,249.2871856689453,736.4957275390625,249.0065155029297,813.9090576171875,184.072265625,727.0971069335938,184.72630310058594,795.2901611328125,120.5572509765625,747.8828125,122.14269256591797,794.89404296875,420.7324523925781,746.7177734375,420.1300048828125,796.5068359375,529.7527465820312,740.9883422851562,525.4957885742188,793.0067749023438,639.3063354492188,742.77099609375,634.66357421875
196,6.533312189859763,774.8969116210938,218.9921875,784.57177734375,211.20025634765625,765.0836791992188,210.9268035888672,797.4705810546875,213.36830139160156,750.1055297851562,212.40061950683594,806.0172729492188,248.87774658203125,736.9459228515625,249.20211791992188,813.9933471679688,183.14129638671875,727.3067016601562,184.96334838867188,795.1641235351562,120.1456527709961,746.9096069335938,122.91696166992188,794.5093383789062,420.3398132324219,746.6658325195312,419.93499755859375,796.30517578125,529.0122680664062,741.5064697265625,525.1458129882812,793.2156982421875,639.1851196289062,743.49267578125,635.0592041015625
197,6.566645415318231,774.7356567382812,219.045654296875,784.400634765625,211.24606323242188,764.9073486328125,211.00906372070312,797.5338745117188,213.3656768798828,750.3713989257812,212.4854736328125,806.4933471679688,248.9933624267578,737.5086669921875,248.8144989013672,813.7257080078125,183.42100524902344,727.848388671875,184.07032775878906,795.6514282226562,119.99224090576172,747.92236328125,122.19506072998047,794.8667602539062,420.79193115234375,747.0220336914062,420.0285339355469,796.33203125,529.6343383789062,741.4015502929688,524.5581665039062,793.085205078125,639.372314453125,743.0604248046875,633.49462890625
198,6.599978640776699,774.793212890625,218.98529052734375,784.512939453125,211.25906372070312,764.9669799804688,210.92825317382812,797.6436767578125,213.81216430664062,750.2301025390625,212.72084045410156,806.6805419921875,250.10272216796875,737.1600341796875,249.70509338378906,814.800048828125,185.27284240722656,727.7171020507812,185.63990783691406,796.1666259765625,121.14832305908203,747.3648071289062,123.86077880859375,795.06396484375,421.3706970214844,746.9615478515625,420.5499267578125,796.3857421875,530.2554931640625,741.3229370117188,525.4911499023438,793.3868408203125,639.4981079101562,743.4217529296875,634.3087158203125
199,6.633311866235167,775.1683349609375,219.11968994140625,784.9221801757812,211.43231201171875,765.2997436523438,211.06736755371094,798.150390625,213.9568634033203,750.5081787109375,212.8130645751953,807.0314331054688,249.8970489501953,737.4481811523438,249.39462280273438,814.5220336914062,185.55442810058594,727.8538818359375,185.88858032226562,796.1259765625,121.72000885009766,747.3021850585938,124.40642547607422,795.2835083007812,420.70770263671875,747.0963745117188,419.80364990234375,796.867919921875,530.2763061523438,741.723388671875,525.1433715820312,793.3779907226562,640.1676635742188,743.4552612304688,634.4578247070312
200,6.666645091693636,775.1533203125,218.91041564941406,784.77685546875,211.24896240234375,765.4483642578125,210.93482971191406,797.6967163085938,213.76242065429688,750.8527221679688,212.67808532714844,806.4854125976562,249.7477569580078,737.7388916015625,249.44667053222656,814.33154296875,185.41455078125,728.0557250976562,186.2242431640625,796.055419921875,121.21336364746094,747.3707275390625,124.76923370361328,795.0299072265625,420.8299865722656,747.3815307617188,420.08477783203125,796.2311401367188,530.4946899414062,741.570068359375,525.9905395507812,793.5377807617188,640.605224609375,743.294677734375,635.8447875976562
201,6.6999783171521035,774.8954467773438,219.0550994873047,784.8533325195312,211.3080291748047,765.0224609375,211.00473022460938,798.6090087890625,213.8571014404297,750.7819213867188,212.88052368164062,807.39697265625,250.0775146484375,738.3259887695312,249.50538635253906,814.7869873046875,185.91903686523438,728.415771484375,185.9513397216797,796.8223876953125,121.25283813476562,746.9639282226562,124.6194839477539,794.9488525390625,421.124755859375,746.9774780273438,420.1832275390625,797.0191650390625,530.2630615234375,741.3910522460938,525.518798828125,793.8657836914062,639.7381591796875,742.4093017578125,635.0035400390625
202,6.733311542610572,775.252197265625,218.73983764648438,785.1756591796875,211.55747985839844,765.690185546875,211.52972412109375,798.099853515625,214.706787109375,750.9976806640625,214.0980987548828,806.006103515625,247.2034149169922,739.2179565429688,248.6754608154297,816.035400390625,182.43907165527344,729.0487670898438,182.4312286376953,796.95458984375,118.33818054199219,743.7875366210938,119.312255859375,794.89794921875,418.3901672363281,747.23583984375,418.8849792480469,795.6126098632812,529.1136474609375,739.5857543945312,529.7581176757812,795.7500610351562,635.4077758789062,741.0982055664062,637.2431640625
203,6.76664476806904,775.1137084960938,218.7006072998047,785.2745971679688,211.45639038085938,765.4611206054688,211.38682556152344,798.7168579101562,214.78738403320312,750.9691162109375,214.14976501464844,806.43701171875,247.87789916992188,739.7821655273438,249.0123748779297,816.3329467773438,183.57310485839844,729.7548828125,182.82591247558594,797.3771362304688,118.1915283203125,743.5322265625,119.53404235839844,794.7591552734375,418.7514343261719,747.2036743164062,419.0602722167969,795.6461791992188,528.9385986328125,739.822265625,529.4955444335938,795.8579711914062,634.9205932617188,741.258056640625,636.9636840820312
204,6.799977993527508,775.0477294921875,218.75790405273438,785.3695678710938,211.49444580078125,765.3093872070312,211.406005859375,799.0825805664062,214.756591796875,750.6806030273438,214.06851196289062,806.5968017578125,247.50621032714844,739.5310668945312,248.85205078125,816.3475341796875,183.22454833984375,729.787109375,183.55894470214844,797.4562377929688,116.97989654541016,743.9017333984375,120.07542419433594,794.9251708984375,418.0845947265625,747.0061645507812,418.5201416015625,796.0015258789062,528.5262451171875,739.5341186523438,529.5385131835938,795.6622924804688,634.1768798828125,740.844482421875,637.2025146484375
205,6.833311218985976,775.330078125,219.1635284423828,784.5438232421875,210.70018005371094,764.8365478515625,210.86033630371094,797.9868774414062,213.08639526367188,749.8429565429688,213.85093688964844,806.9070434570312,252.42588806152344,739.4869384765625,253.70516967773438,815.495361328125,188.3592071533203,730.3531494140625,194.3038330078125,795.6823120117188,119.8587646484375,749.093505859375,127.07455444335938,796.5733032226562,422.7618103027344,749.3341674804688,422.3497009277344,798.2362670898438,536.5115356445312,743.1351318359375,530.9662475585938,798.112548828125,638.306396484375,744.0286254882812,629.619140625
206,6.866644444444445,775.038330078125,219.2589569091797,784.360595703125,210.87022399902344,764.6270751953125,211.03550720214844,798.097412109375,213.24649047851562,750.0767211914062,214.05538940429688,806.8208618164062,251.91822814941406,740.0615234375,253.40782165527344,815.0964965820312,187.8097381591797,731.0866088867188,194.5686798095703,796.42822265625,120.12474822998047,749.4640502929688,128.38125610351562,795.9729614257812,422.4601745605469,749.0824584960938,422.08349609375,797.8767700195312,536.5966186523438,743.1854858398438,530.9987182617188,797.8013305664062,638.9754028320312,743.9690551757812,630.19921875
207,6.8999776699029125,775.008544921875,219.0940704345703,784.388916015625,210.7275848388672,764.6593627929688,210.83413696289062,798.2123413085938,213.12857055664062,750.2142944335938,213.8052978515625,807.192626953125,251.89437866210938,740.0131225585938,253.290771484375,816.1735229492188,187.76536560058594,731.0706787109375,194.3695068359375,797.684326171875,119.70661926269531,749.2195434570312,127.69701385498047,796.0774536132812,422.49517822265625,748.943359375,422.0280456542969,798.0643920898438,536.4541015625,742.7642822265625,530.6481323242188,798.1727905273438,638.7421264648438,743.79052734375,629.7547607421875
208,6.933310895361381,775.5249633789062,218.69090270996094,785.5610961914062,211.2628173828125,765.6361694335938,211.3133087158203,799.02685546875,214.02818298339844,750.8148193359375,213.8460693359375,806.86181640625,246.44691467285156,740.0662231445312,248.38296508789062,817.1613159179688,181.34251403808594,730.8164672851562,183.42706298828125,800.1155395507812,115.5540771484375,743.8901977539062,120.80634307861328,794.7469482421875,418.3764343261719,747.0411987304688,418.7554626464844,795.8802490234375,529.953125,739.8631591796875,529.6751098632812,795.880126953125,637.3104858398438,740.3776245117188,637.5909423828125
209,6.966644120819849,775.6012573242188,218.69284057617188,785.5540771484375,211.2829132080078,765.7614135742188,211.4231414794922,798.8878173828125,214.09605407714844,751.0083618164062,214.07656860351562,806.8912353515625,246.55474853515625,740.070068359375,248.56704711914062,817.546142578125,181.71343994140625,730.3553466796875,183.43919372558594,799.9754638671875,115.9432601928711,743.9224853515625,120.4921646118164,794.7442626953125,417.80517578125,747.080078125,418.3096618652344,795.6931762695312,528.940185546875,739.8992309570312,529.249267578125,796.0484008789062,636.0167236328125,740.7536010742188,637.1221923828125
210,6.9999773462783175,775.3137817382812,219.26687622070312,784.4782104492188,210.7533721923828,764.89599609375,211.0284423828125,798.0250854492188,212.7507781982422,750.2266845703125,213.80484008789062,807.3682250976562,251.26722717285156,739.8246459960938,252.77574157714844,817.2488403320312,187.84619140625,730.7903442382812,194.09710693359375,798.8292236328125,119.21709442138672,749.9592895507812,126.8715591430664,795.9584350585938,421.95501708984375,748.5875244140625,421.59161376953125,798.3771362304688,535.5811157226562,742.8987426757812,530.0418090820312,798.8310546875,638.1903076171875,743.7059326171875,629.2354125976562
211,7.033310571736785,775.4248657226562,219.2398681640625,784.5181884765625,210.8773956298828,765.201171875,211.04563903808594,797.7356567382812,212.9962615966797,750.681884765625,213.72999572753906,806.9921875,251.46168518066406,739.7857055664062,252.6702117919922,817.2531127929688,187.26954650878906,730.81884765625,193.03195190429688,799.9080200195312,118.21883392333984,752.2950439453125,124.99776458740234,795.96435546875,421.5075378417969,748.8655395507812,421.1696472167969,798.5352783203125,535.5911865234375,743.0983276367188,530.1901245117188,799.058837890625,637.9775390625,743.8599243164062,629.2173461914062
212,7.066643797195254,775.4566040039062,219.1387176513672,784.7559814453125,210.7720947265625,765.0894775390625,210.96493530273438,798.4566650390625,213.0234832763672,750.6256713867188,213.84593200683594,807.7317504882812,251.29867553710938,740.045166015625,252.41983032226562,818.0519409179688,186.39483642578125,731.0133056640625,191.94259643554688,801.198974609375,116.84651947021484,752.1146240234375,123.72892761230469,796.0165405273438,421.8987731933594,748.489501953125,421.447021484375,798.6854248046875,535.4632568359375,742.6193237304688,529.7694702148438,799.0281982421875,637.5196533203125,743.560546875,628.3742065429688
213,7.0999770226537215,775.2263793945312,219.21823120117188,784.74658203125,210.87136840820312,764.8314819335938,211.05935668945312,798.9730834960938,213.1725616455078,750.7742919921875,214.00830078125,808.2344970703125,251.40338134765625,740.4727172851562,252.2455291748047,818.2718505859375,186.88616943359375,730.997314453125,191.75454711914062,802.0341186523438,117.5462875366211,751.71435546875,124.16445922851562,795.696044921875,422.3006591796875,748.15869140625,421.69732666015625,798.6018676757812,535.9898681640625,742.9017944335938,530.078857421875,798.7382202148438,638.8418579101562,743.8382568359375,629.5975952148438
214,7.13331024811219,775.2841186523438,219.28515625,784.6761474609375,210.90565490722656,764.9265747070312,211.1335906982422,798.6915893554688,213.0048828125,750.730712890625,213.8852081298828,808.45458984375,251.089599609375,740.236572265625,251.97303771972656,819.652099609375,187.28707885742188,730.97412109375,191.94175720214844,803.0933227539062,117.58618927001953,752.3972778320312,123.80347442626953,796.2681274414062,421.5772399902344,748.4534301757812,421.0125732421875,798.7869873046875,535.6565551757812,742.6051635742188,530.0541381835938,798.8912353515625,638.3076782226562,743.473876953125,629.5324096679688
215,7.166643473570658,775.3637084960938,219.28538513183594,784.4826049804688,210.85072326660156,764.94677734375,211.22544860839844,798.0760498046875,212.83953857421875,750.535888671875,214.07528686523438,808.1254272460938,251.07421875,739.9591064453125,252.20590209960938,819.512939453125,187.1491241455078,730.89599609375,191.9241943359375,802.493408203125,117.0932846069336,752.7149658203125,123.39495849609375,796.1258544921875,421.1622619628906,748.394287109375,420.695068359375,798.5592651367188,535.5960083007812,742.5110473632812,530.0458374023438,799.27294921875,638.47021484375,743.1591186523438,629.45166015625
216,7.1999766990291265,775.4467163085938,219.4702911376953,784.4835205078125,210.93948364257812,765.0986938476562,211.3203125,797.8078002929688,212.76580810546875,750.610595703125,213.9414825439453,807.7758178710938,251.53701782226562,739.8673095703125,252.48194885253906,819.9179077148438,187.85910034179688,731.2052612304688,191.84774780273438,803.1646728515625,117.54034423828125,754.0541381835938,122.75068664550781,796.010498046875,421.2919006347656,748.5701293945312,420.87469482421875,798.2088012695312,536.3779907226562,742.656005859375,531.2545166015625,799.4611206054688,639.1444091796875,743.4170532226562,630.8106689453125
217,7.233309924487594,775.4260864257812,219.42929077148438,784.3857421875,210.92770385742188,765.1033325195312,211.39891052246094,797.7125854492188,212.84886169433594,750.882080078125,214.26788330078125,808.0366821289062,251.6678466796875,739.996826171875,252.84881591796875,819.6558837890625,188.2848663330078,730.7324829101562,192.54283142089844,802.2755737304688,118.12368774414062,753.5401000976562,123.34683990478516,796.1387329101562,421.6263427734375,748.6055908203125,421.29046630859375,798.5289916992188,536.8326416015625,742.7590942382812,531.728759765625,800.0138549804688,639.8617553710938,743.4451293945312,631.3858032226562
218,7.266643149946063,775.4432983398438,219.7686309814453,784.38720703125,211.22523498535156,765.069580078125,211.7704620361328,797.912841796875,212.99754333496094,750.9949951171875,214.5889434814453,808.279296875,251.54232788085938,740.4420166015625,252.6146240234375,819.1724243164062,188.09707641601562,731.008056640625,191.9786834716797,801.4534912109375,118.06817626953125,753.4193725585938,123.46195220947266,796.3946533203125,421.3362121582031,748.8473510742188,420.9075622558594,798.8671875,536.5641479492188,742.783447265625,531.298583984375,800.0029296875,639.4681396484375,742.7195434570312,630.9227294921875
219,7.299976375404531,775.4794921875,219.74314880371094,784.3246459960938,211.02198791503906,764.8955688476562,211.75502014160156,797.902587890625,212.7407989501953,750.724365234375,214.8602294921875,808.587646484375,251.86514282226562,740.4105834960938,253.2705078125,819.2788696289062,188.4445037841797,730.7926025390625,192.61529541015625,801.052734375,118.36182403564453,752.2473754882812,124.10489654541016,796.3016967773438,422.87213134765625,748.57470703125,422.48870849609375,798.9047241210938,538.5161743164062,743.0361938476562,533.0092163085938,800.377197265625,641.739013671875,742.806396484375,632.484130859375
220,7.333309600862999,775.6502685546875,219.7039031982422,784.3836059570312,210.98475646972656,765.1458740234375,211.7013702392578,797.7642211914062,212.56027221679688,750.8605346679688,214.67117309570312,808.837158203125,251.3822784423828,740.1577758789062,253.102294921875,820.098876953125,188.57493591308594,730.22314453125,193.58157348632812,800.8819580078125,118.37102508544922,751.2322998046875,124.82401275634766,796.5978393554688,422.1939392089844,748.5804443359375,421.8735656738281,798.9828491210938,537.2998657226562,742.6754760742188,531.8919067382812,800.3162231445312,640.6077880859375,742.45654296875,631.3081665039062
221,7.366642826321467,775.4845581054688,219.2771453857422,784.8467407226562,211.19610595703125,765.2483520507812,211.56356811523438,798.4490966796875,213.2466583251953,751.2207641601562,214.01025390625,809.237060546875,249.63807678222656,739.423828125,249.70802307128906,819.497802734375,185.43170166015625,729.53125,184.51824951171875,803.2988891601562,118.63626098632812,750.040283203125,121.10880279541016,795.5997924804688,421.17987060546875,747.076416015625,420.4093017578125,798.7440185546875,531.6630859375,741.6289672851562,527.0833129882812,796.6989135742188,642.1429443359375,740.1652221679688,636.5759887695312
222,7.399976051779936,775.650390625,219.90374755859375,784.2365112304688,211.2599639892578,765.2509765625,211.89634704589844,797.2305297851562,212.7493896484375,750.810302734375,214.66656494140625,808.0996704101562,251.01153564453125,740.20703125,252.82374572753906,819.4833984375,187.57083129882812,730.7824096679688,193.01014709472656,800.5200805664062,117.48046875,752.0593872070312,124.05449676513672,796.8428344726562,421.8998107910156,749.1921997070312,421.66729736328125,799.3800048828125,537.2315673828125,742.9074096679688,531.9900512695312,800.6132202148438,640.5588989257812,742.1243286132812,631.3801879882812
223,7.433309277238403,775.4782104492188,219.40411376953125,784.9404907226562,211.31556701660156,765.2290649414062,211.7383270263672,798.8833618164062,213.28060913085938,751.5643920898438,214.2342071533203,809.6846313476562,249.39427185058594,740.0379028320312,249.68734741210938,819.0474853515625,185.47622680664062,729.9475708007812,185.2178955078125,803.0279541015625,118.19522094726562,749.8757934570312,121.59577941894531,795.5899658203125,421.18231201171875,747.0985717773438,420.42120361328125,798.9805908203125,531.7307739257812,741.7963256835938,526.9242553710938,797.1212158203125,642.5498657226562,740.4290161132812,636.6751098632812
224,7.466642502696872,775.7943725585938,219.4986114501953,785.1471557617188,211.38421630859375,765.6045532226562,211.82281494140625,798.9735107421875,213.0943603515625,751.9850463867188,214.0865936279297,809.7509765625,248.8448486328125,740.4805908203125,249.0564422607422,819.027587890625,184.97564697265625,730.1023559570312,184.47747802734375,802.965087890625,117.69365692138672,749.9562377929688,121.26976776123047,795.7764282226562,420.7047119140625,747.4671630859375,419.9192810058594,799.2040405273438,531.3407592773438,742.02783203125,526.5873413085938,797.4368286132812,642.19287109375,740.1185913085938,636.3106689453125
225,7.49997572815534,775.6036987304688,219.46432495117188,785.095703125,211.34715270996094,765.4047241210938,211.7716827392578,799.2704467773438,213.1310577392578,752.0888061523438,214.13243103027344,810.0247192382812,249.0812225341797,740.9347534179688,249.2250518798828,818.9046630859375,185.48904418945312,730.5132446289062,184.98765563964844,802.9974975585938,118.3237075805664,749.7896118164062,122.28877258300781,795.6679077148438,421.02508544921875,747.4892578125,420.1355285644531,799.1143188476562,531.412109375,742.170166015625,526.42138671875,797.1455688476562,642.3875122070312,740.1693725585938,636.3438110351562
226,7.533308953613808,775.7379150390625,219.344482421875,785.2456665039062,211.2801971435547,765.5783081054688,211.6761932373047,799.4482421875,213.23455810546875,752.3463745117188,214.1924591064453,810.3543701171875,249.30584716796875,741.035888671875,249.51712036132812,819.2199096679688,185.8988800048828,730.4739379882812,185.47344970703125,802.746826171875,118.56768798828125,749.8285522460938,122.2348403930664,795.9029541015625,421.14398193359375,747.563232421875,420.2702331542969,799.2559814453125,531.38037109375,741.9301147460938,526.515869140625,797.0394897460938,642.20751953125,739.7881469726562,636.3493041992188
227,7.566642179072276,775.8612060546875,219.4237823486328,785.36669921875,211.40655517578125,765.708251953125,211.77984619140625,799.5145874023438,213.44259643554688,752.3923950195312,214.34786987304688,810.3379516601562,249.43348693847656,741.1505737304688,249.69223022460938,819.1632080078125,185.86862182617188,730.7075805664062,185.52688598632812,802.530029296875,118.81649017333984,750.0162353515625,122.39110565185547,796.1600952148438,420.9508056640625,747.8705444335938,420.1126708984375,799.421875,530.6415405273438,741.9197998046875,525.9339599609375,797.151123046875,641.5087890625,739.74560546875,635.9183349609375
228,7.599975404530745,776.4324340820312,219.44667053222656,785.7021484375,211.3810272216797,766.2427368164062,211.84622192382812,799.3873901367188,213.22315979003906,752.4923095703125,214.2457733154297,809.9747314453125,249.159912109375,741.2058715820312,249.19625854492188,819.20458984375,186.04678344726562,731.2723388671875,184.85549926757812,802.9717407226562,119.20249938964844,750.8125,122.45086669921875,796.0892944335938,420.2544860839844,748.0687255859375,419.41839599609375,798.995361328125,529.74853515625,742.0726928710938,525.336181640625,796.922119140625,640.4332885742188,739.7276611328125,635.35791015625
229,7.633308629989212,776.679443359375,219.57569885253906,785.7002563476562,211.552978515625,766.670654296875,211.9414520263672,798.819580078125,213.05508422851562,752.8377075195312,213.8480224609375,809.8157958984375,248.50399780273438,740.906005859375,248.5508575439453,819.3754272460938,185.28189086914062,730.9656372070312,184.4056396484375,802.7787475585938,119.35128784179688,751.9933471679688,122.21588897705078,796.5533447265625,419.8085021972656,748.46728515625,418.9452209472656,799.3652954101562,529.58935546875,742.1746826171875,524.7020874023438,796.682861328125,639.478515625,739.6419677734375,633.4596557617188
230,7.666641855447681,776.7661743164062,219.62139892578125,785.8348388671875,211.6239471435547,766.7341918945312,212.02029418945312,799.0025024414062,213.24990844726562,752.8873291015625,214.0275115966797,809.8004150390625,248.74229431152344,740.97021484375,248.78163146972656,818.8876953125,185.60073852539062,731.1241455078125,184.69949340820312,802.5986938476562,120.12710571289062,752.3037719726562,122.93104553222656,796.7122192382812,419.8261413574219,748.6793823242188,419.0311584472656,799.6070556640625,529.4682006835938,742.513427734375,524.7718505859375,796.804443359375,639.9201049804688,740.0618286132812,634.3596801757812
231,7.699975080906149,776.6592407226562,219.59597778320312,785.6284790039062,211.6149139404297,766.6964721679688,211.9958038330078,798.6332397460938,213.1990966796875,752.9070434570312,213.98170471191406,809.718017578125,248.55564880371094,740.9058227539062,248.75997924804688,818.970458984375,185.2725830078125,731.1812133789062,184.80010986328125,802.4810791015625,119.86258697509766,752.196044921875,122.65117645263672,796.6843872070312,419.8133544921875,748.6857299804688,418.989013671875,799.415771484375,529.7686767578125,742.2958374023438,524.6831665039062,796.8541870117188,640.4599609375,739.94970703125,634.0546875
232,7.733308306364617,776.6493530273438,219.55496215820312,785.6629638671875,211.57440185546875,766.7100219726562,211.882568359375,798.6882934570312,213.15066528320312,752.8367919921875,213.78392028808594,809.6847534179688,248.4163818359375,740.8119506835938,248.82794189453125,818.87060546875,184.63534545898438,731.1071166992188,184.81161499023438,801.9918212890625,119.2677001953125,751.7715454101562,122.30471801757812,797.0722045898438,419.9886474609375,749.005859375,419.274169921875,799.837158203125,529.9141845703125,742.3131713867188,525.1552124023438,796.7973022460938,640.9146728515625,739.6170043945312,635.0458984375
233,7.766641531823085,776.78662109375,219.58851623535156,785.7593994140625,211.51332092285156,766.7550659179688,211.91424560546875,798.810791015625,212.90692138671875,752.8484497070312,213.7999725341797,809.5283203125,248.2323455810547,741.240234375,248.78880310058594,818.6387939453125,184.57232666015625,731.4891357421875,184.76254272460938,802.7040405273438,119.67555236816406,751.5086669921875,122.54466247558594,796.6973266601562,420.20684814453125,749.0272216796875,419.5675354003906,799.6111450195312,530.31884765625,742.9517211914062,525.6517944335938,796.7662353515625,641.158447265625,739.8770751953125,635.148193359375
234,7.799974757281554,776.7599487304688,219.62242126464844,785.67431640625,211.505126953125,766.7426147460938,211.98597717285156,798.6834716796875,212.8928680419922,752.9444580078125,213.9775390625,809.4736328125,248.30007934570312,741.4241943359375,248.9497833251953,818.7399291992188,184.47695922851562,731.4995727539062,184.66830444335938,802.7911987304688,119.62798309326172,751.1155395507812,122.8937759399414,796.48095703125,420.33447265625,749.0457763671875,419.7436218261719,799.269287109375,529.9505004882812,743.2118530273438,525.4660034179688,797.016357421875,641.54541015625,740.3905639648438,635.7424926757812
235,7.833307982740021,777.1680908203125,219.53594970703125,785.9305419921875,211.5041961669922,767.1406860351562,211.92959594726562,798.5023803710938,213.03024291992188,752.8484497070312,213.9724578857422,809.296630859375,248.3549346923828,741.0238037109375,249.00570678710938,819.0183715820312,184.524658203125,731.2836303710938,184.7454376220703,802.7442626953125,119.55442810058594,751.1295166015625,122.42987060546875,796.8341674804688,420.0225830078125,749.2564086914062,419.44140625,799.2799072265625,530.158447265625,743.033203125,525.6350708007812,796.9077758789062,641.5968627929688,740.1961669921875,635.5038452148438
236,7.86664120819849,777.3623046875,219.50064086914062,786.377197265625,211.5236053466797,767.39208984375,211.89410400390625,799.21142578125,213.09999084472656,753.0760498046875,213.82423400878906,809.7017822265625,247.8892364501953,741.1246948242188,248.7386474609375,819.54296875,184.21279907226562,731.365234375,184.81092834472656,802.7846069335938,119.01354217529297,751.7915649414062,121.76464080810547,797.4700927734375,419.0475769042969,749.5774536132812,418.72576904296875,799.6171875,528.30859375,742.4806518554688,525.055908203125,796.9898071289062,639.8430786132812,740.1997680664062,636.0673217773438
237,7.899974433656958,777.5371704101562,219.6012725830078,786.45947265625,211.59764099121094,767.5861206054688,211.98281860351562,799.086181640625,213.01971435546875,753.1265258789062,213.7643280029297,809.5650634765625,247.6833038330078,740.9534301757812,248.68226623535156,819.4729614257812,184.10084533691406,731.1015014648438,184.7284698486328,802.8646240234375,119.46707153320312,752.7025756835938,121.16874694824219,797.7120971679688,418.54827880859375,749.8551025390625,418.3844909667969,799.5693359375,527.9234008789062,742.7017211914062,524.9678344726562,796.9288940429688,639.4879760742188,740.503173828125,635.7900390625
238,7.933307659115426,777.4906616210938,219.61648559570312,786.424560546875,211.64944458007812,767.588134765625,212.00962829589844,799.1531982421875,213.1372528076172,753.329833984375,213.85423278808594,809.8384399414062,247.83798217773438,741.1398315429688,248.6640625,819.8917846679688,184.17013549804688,731.03662109375,184.52664184570312,802.8662109375,119.54357147216797,752.170166015625,121.67292785644531,797.5946044921875,418.5542297363281,749.7301635742188,418.24395751953125,799.560546875,527.679931640625,742.8271484375,524.449951171875,796.9087524414062,638.9528198242188,740.6152954101562,634.9366455078125
239,7.966640884573894,777.6427001953125,219.48458862304688,786.6437377929688,211.48248291015625,767.6728515625,211.85523986816406,799.4012451171875,213.04811096191406,753.1944580078125,213.7896270751953,809.68798828125,247.85980224609375,741.127685546875,248.88311767578125,819.6639404296875,183.63743591308594,731.110107421875,184.2120819091797,802.6576538085938,119.18988037109375,752.267578125,121.07188415527344,797.5645141601562,418.5714111328125,749.7817993164062,418.4451599121094,799.3497314453125,527.3286743164062,742.7105712890625,524.7572631835938,796.8300170898438,638.8603515625,740.5562133789062,635.7278442382812
240,7.999974110032363,777.8865966796875,219.21383666992188,786.9739990234375,211.7552032470703,768.15478515625,212.28121948242188,799.2083740234375,213.7659149169922,753.2213745117188,214.7228240966797,808.9927368164062,245.1263427734375,741.6990356445312,248.30825805664062,820.4418334960938,181.3251953125,731.4493408203125,182.9746856689453,801.1480712890625,118.10841369628906,746.7628173828125,118.08297729492188,798.0122680664062,417.0571594238281,749.875244140625,418.0860290527344,798.1668701171875,527.7998657226562,740.455810546875,529.2455444335938,798.0834350585938,635.898681640625,739.0509643554688,637.4951782226562
241,8.03330733549083,778.276123046875,219.37648010253906,787.4574584960938,211.98439025878906,768.5455322265625,212.40603637695312,799.7162475585938,214.01162719726562,753.307373046875,214.76437377929688,809.2527465820312,244.98922729492188,741.6011352539062,248.5206298828125,820.3840942382812,181.70431518554688,731.286376953125,184.92442321777344,799.9402465820312,118.47750854492188,745.1491088867188,120.381103515625,798.25,416.58563232421875,749.8252563476562,417.68560791015625,798.3868408203125,527.460693359375,740.1764526367188,529.1383056640625,797.5523681640625,635.3274536132812,738.8207397460938,637.6053466796875
242,8.066640560949299,778.4999389648438,219.53616333007812,787.6636962890625,212.16246032714844,768.7661743164062,212.52337646484375,799.8602294921875,214.22352600097656,753.2744140625,214.92189025878906,809.3306274414062,244.87255859375,741.3058471679688,248.84120178222656,820.0713500976562,181.79190063476562,730.607177734375,186.91770935058594,798.3143310546875,118.61331176757812,742.9703369140625,123.40077209472656,798.39404296875,415.83270263671875,749.7100219726562,417.010498046875,799.0863647460938,526.6778564453125,740.3619384765625,528.2154541015625,798.2675170898438,635.0947875976562,739.1609497070312,637.1483764648438
243,8.099973786407768,778.5335693359375,219.4950408935547,787.572265625,212.13336181640625,768.7532958984375,212.5628204345703,799.643310546875,214.40672302246094,753.1607055664062,215.2159423828125,809.4971313476562,245.3129425048828,741.1614379882812,248.99325561523438,820.100341796875,182.23333740234375,730.0518798828125,185.9863739013672,798.1445922851562,119.63197326660156,742.672119140625,122.61396789550781,799.1873779296875,416.21575927734375,750.337646484375,417.2826232910156,798.8433837890625,527.1231079101562,740.072509765625,528.4029541015625,798.2540283203125,635.6158447265625,739.062744140625,637.0767211914062
244,8.133307011866235,778.1864013671875,219.41134643554688,787.23681640625,211.999267578125,768.3463134765625,212.541748046875,799.5698852539062,214.24574279785156,753.0320434570312,215.36892700195312,809.78076171875,245.41705322265625,741.3912353515625,249.07289123535156,820.534423828125,183.3118438720703,729.2761840820312,186.69631958007812,797.6240234375,120.42839050292969,741.1636962890625,124.04373168945312,799.12890625,415.9032897949219,750.3229370117188,416.91912841796875,798.7221069335938,527.544677734375,740.5670776367188,528.980224609375,798.2955932617188,636.1414794921875,739.3306274414062,637.8538208007812
245,8.166640237324703,778.63623046875,219.53628540039062,787.657470703125,212.0377960205078,768.7635498046875,212.70858764648438,800.0175170898438,214.08554077148438,753.4685668945312,215.48052978515625,810.5081787109375,245.10992431640625,741.4895629882812,249.09353637695312,820.7930297851562,183.48509216308594,728.6587524414062,187.17422485351562,797.0499877929688,121.46347045898438,740.8884887695312,124.67974853515625,799.6982421875,415.9031066894531,750.546142578125,417.0640869140625,798.6685180664062,527.3429565429688,740.5501098632812,528.9852294921875,798.2213745117188,636.1327514648438,739.824951171875,637.9518432617188
246,8.199973462783172,778.3736572265625,219.469482421875,787.4739379882812,212.03623962402344,768.55712890625,212.68212890625,799.9067993164062,214.21603393554688,753.4445190429688,215.60328674316406,810.4916381835938,245.15328979492188,741.5950317382812,249.671875,820.6803588867188,182.82272338867188,728.9395751953125,187.5364227294922,796.446044921875,121.4454574584961,740.7257080078125,124.2346420288086,799.6785888671875,416.0934753417969,750.6760864257812,417.4441223144531,798.60400390625,527.6259765625,740.8414916992188,529.5526733398438,797.7484741210938,635.8012084960938,740.341796875,637.9560546875
247,8.23330668824164,778.2136840820312,219.62905883789062,787.4758911132812,212.1266326904297,768.324951171875,212.73135375976562,800.3026733398438,214.18850708007812,753.4041748046875,215.5416259765625,810.8626098632812,245.2626953125,741.727783203125,249.59869384765625,820.0371704101562,183.2189178466797,728.7966918945312,187.83872985839844,795.7822265625,121.41934204101562,740.0393676757812,124.35400390625,799.6162719726562,416.5486145019531,750.5313110351562,417.6815185546875,798.2318725585938,528.6754150390625,741.0201416015625,529.6837158203125,797.15576171875,637.17333984375,740.8909301757812,637.9375
248,8.266639913700107,778.130615234375,219.44972229003906,787.2333374023438,212.0054473876953,768.33984375,212.59320068359375,799.7850952148438,214.06776428222656,753.5282592773438,215.37628173828125,810.6993408203125,245.0449981689453,741.540283203125,249.34532165527344,820.0548095703125,182.64071655273438,728.4149780273438,187.18063354492188,795.8438110351562,121.0023422241211,740.1348876953125,123.23760986328125,799.5888671875,416.26171875,750.5321044921875,417.32647705078125,798.2069702148438,528.6988525390625,740.9158325195312,529.2512817382812,796.9163208007812,637.0026245117188,740.537841796875,636.893310546875
249,8.299973139158576,778.1883544921875,219.15777587890625,787.44140625,211.69276428222656,768.2842407226562,212.31546020507812,800.42138671875,213.7345428466797,753.7264404296875,215.14051818847656,811.2385864257812,244.774658203125,742.2057495117188,248.61325073242188,819.6791381835938,182.37232971191406,728.5912475585938,185.162841796875,795.2887573242188,119.34166717529297,741.3270874023438,119.7015380859375,799.721435546875,415.4717712402344,750.8037109375,416.3731689453125,797.462158203125,527.4510498046875,741.2009887695312,527.9940185546875,795.4932861328125,635.114501953125,740.6071166992188,634.9249877929688
250,8.333306364617044,778.2743530273438,219.28109741210938,787.5990600585938,211.81112670898438,768.2445068359375,212.3965301513672,800.662841796875,213.77828979492188,753.2904663085938,215.1096954345703,811.4359741210938,244.5399932861328,741.9314575195312,248.53948974609375,820.2000732421875,182.39321899414062,728.570556640625,185.90728759765625,795.3818359375,118.69349670410156,740.9732666015625,120.2971420288086,800.2646484375,414.8948059082031,751.0386352539062,415.8553161621094,797.6209716796875,526.2366943359375,741.3046264648438,527.1109619140625,794.4491577148438,633.2528686523438,740.5311889648438,633.7821655273438
251,8.366639590075513,778.0903930664062,219.19229125976562,787.6357421875,211.7744903564453,768.1010131835938,212.1851348876953,800.9278564453125,213.56314086914062,753.3847045898438,214.5730438232422,811.5035400390625,243.93580627441406,742.1526489257812,248.28497314453125,817.9219360351562,180.34609985351562,729.3363037109375,185.6396026611328,793.3341674804688,117.57393646240234,741.0333862304688,119.55042266845703,800.2781372070312,416.2407531738281,751.0297241210938,417.0086364746094,797.23388671875,528.9075927734375,740.2517700195312,527.9437255859375,793.8844604492188,635.803955078125,740.0715942382812,633.4207153320312
252,8.39997281553398,777.5697021484375,219.248046875,787.2493896484375,211.84324645996094,767.6253662109375,212.17799377441406,800.7652587890625,213.65879821777344,753.1288452148438,214.49374389648438,811.4630737304688,244.20518493652344,741.9246215820312,248.45057678222656,818.1370849609375,180.4844207763672,729.1009521484375,185.800537109375,793.6531372070312,117.54772186279297,741.1114501953125,119.71033477783203,800.3154907226562,416.47088623046875,750.9857788085938,417.1960144042969,797.6087646484375,528.9200439453125,740.3544311523438,527.82568359375,794.3056640625,635.29638671875,740.4382934570312,632.817626953125
253,8.433306040992449,777.3523559570312,219.20156860351562,786.9678955078125,211.72799682617188,767.2969970703125,212.1320343017578,800.5152587890625,213.64813232421875,752.7976684570312,214.65945434570312,811.4746704101562,244.57838439941406,741.86376953125,248.644287109375,818.1145629882812,180.2952423095703,729.2261352539062,185.07188415527344,793.9002685546875,116.66337585449219,741.091552734375,118.81201171875,800.4100952148438,417.0945129394531,751.0133666992188,417.6688537597656,797.8284301757812,529.8587036132812,740.366455078125,528.1607055664062,794.7427978515625,636.349609375,740.1594848632812,632.9046630859375
254,8.466639266450917,777.1588745117188,219.03517150878906,786.8011474609375,211.51602172851562,767.0421752929688,211.90419006347656,800.4724731445312,213.44149780273438,752.56884765625,214.51307678222656,811.88330078125,244.51806640625,741.5671997070312,248.81068420410156,818.4918212890625,179.91192626953125,728.9166259765625,185.73318481445312,794.467041015625,116.33143615722656,740.466796875,119.71765899658203,800.55712890625,417.5390625,750.7747802734375,417.9818115234375,797.780029296875,531.3980712890625,739.956298828125,528.5527954101562,795.1431884765625,638.0433349609375,740.2605590820312,632.4700317382812
255,8.499972491909386,777.4224243164062,218.8120880126953,786.97216796875,211.23692321777344,767.1889038085938,211.82940673828125,800.6090698242188,213.11135864257812,752.6361694335938,214.5200958251953,811.8582153320312,244.25283813476562,741.9403686523438,248.21839904785156,819.3793334960938,179.82139587402344,728.8450317382812,184.11395263671875,796.8901977539062,115.92652130126953,741.2097778320312,118.66304779052734,800.7347412109375,416.67999267578125,751.2051391601562,417.23468017578125,797.7576904296875,530.0459594726562,740.2762451171875,528.3286743164062,794.9506225585938,636.5415649414062,739.72705078125,632.9741821289062
256,8.533305717367853,777.3436279296875,218.9979248046875,786.804931640625,211.47518920898438,767.2393188476562,211.9261016845703,800.0071411132812,213.25914001464844,752.4315795898438,214.24224853515625,811.3926391601562,244.38088989257812,740.9629516601562,248.17286682128906,819.5780639648438,179.3942413330078,728.6029663085938,183.66404724121094,797.0567626953125,115.04715728759766,743.0762939453125,116.93384552001953,800.9815673828125,417.3182067871094,751.2203369140625,417.9049377441406,797.7556762695312,530.3203735351562,740.3349609375,528.5419311523438,794.643798828125,636.2431030273438,740.7236328125,632.5275268554688
257,8.566638942826321,777.24267578125,219.805419921875,785.9358520507812,211.3097686767578,766.8472900390625,211.72706604003906,799.0510864257812,212.62034606933594,751.947021484375,213.9675750732422,810.463134765625,249.79954528808594,741.166259765625,251.74505615234375,818.7538452148438,185.67312622070312,730.0083618164062,191.90621948242188,796.3427124023438,115.41180419921875,750.2106323242188,121.56820678710938,801.8739624023438,419.38214111328125,753.4295654296875,418.8956298828125,799.6077270507812,534.99609375,742.6716918945312,528.4970703125,798.4818115234375,636.862548828125,742.8944091796875,625.6826171875
258,8.59997216828479,777.5834350585938,219.84228515625,786.201416015625,211.42420959472656,767.209716796875,211.82638549804688,799.0260009765625,212.7671356201172,752.064208984375,214.02439880371094,810.3770141601562,249.6518096923828,740.8367309570312,251.56736755371094,819.0200805664062,185.50216674804688,729.874755859375,191.76885986328125,797.0687866210938,114.55270385742188,751.3453369140625,120.58379364013672,801.9305419921875,419.2004089355469,753.3013305664062,418.78857421875,799.7432250976562,535.1536865234375,742.55908203125,528.7655639648438,798.7608032226562,637.1483764648438,743.1137084960938,626.0010375976562
259,8.633305393743258,777.4360961914062,219.7548065185547,786.1122436523438,211.331298828125,766.9511108398438,211.81649780273438,799.1567993164062,212.72247314453125,751.8704223632812,214.1422882080078,810.754638671875,249.55731201171875,740.8587036132812,251.20989990234375,820.09912109375,184.9103240966797,730.408935546875,190.3048553466797,799.6910400390625,113.63340759277344,752.48486328125,119.11388397216797,801.912109375,419.48175048828125,753.0499877929688,418.9499816894531,799.7552490234375,535.4363403320312,742.4730224609375,528.724853515625,798.8877563476562,637.7291870117188,743.3560791015625,626.2501831054688
260,8.666638619201725,777.5970458984375,219.5649871826172,786.3778076171875,211.18907165527344,767.156982421875,211.6150665283203,799.5650024414062,212.626220703125,752.1687622070312,213.91500854492188,811.1895751953125,249.48818969726562,741.2958984375,250.8185577392578,821.6987915039062,185.3990478515625,730.5250244140625,190.1815185546875,801.25341796875,113.20088958740234,751.717041015625,119.45547485351562,801.6844482421875,418.983642578125,752.8992919921875,418.29376220703125,799.6946411132812,534.0228881835938,742.5650634765625,527.55126953125,798.8273315429688,636.4474487304688,743.3363647460938,625.6936645507812
261,8.699971844660194,777.451171875,219.42869567871094,786.2391967773438,211.14291381835938,767.1634521484375,211.51864624023438,799.4291381835938,212.68728637695312,752.5093383789062,213.90036010742188,811.1327514648438,249.4272003173828,741.575927734375,251.02035522460938,821.5487060546875,185.69912719726562,730.1193237304688,191.21949768066406,800.7490844726562,113.79729461669922,750.7622680664062,120.42269134521484,801.6968383789062,418.5481872558594,753.1744995117188,417.9583435058594,799.5541381835938,533.8798217773438,742.5726318359375,527.7256469726562,798.7117919921875,636.463623046875,743.0650634765625,626.0785522460938
262,8.733305070118663,777.9570922851562,219.00390625,786.5956420898438,210.90211486816406,768.0230712890625,211.14581298828125,799.1704711914062,212.40225219726562,753.4039916992188,213.2322998046875,810.6680297851562,248.5702362060547,741.705078125,250.28916931152344,822.0943603515625,184.91915893554688,730.004150390625,191.24745178222656,801.4569091796875,113.80328369140625,749.8760375976562,121.30085754394531,801.1185913085938,417.75787353515625,753.072509765625,417.2625427246094,799.2473754882812,533.1884765625,742.6664428710938,527.3915405273438,798.7493286132812,636.0051879882812,743.5072021484375,626.3041381835938
263,8.766638295577131,778.4048461914062,219.0465850830078,786.93505859375,211.22120666503906,768.6310424804688,211.33090209960938,799.11083984375,213.0013427734375,753.787109375,213.4803924560547,810.7586669921875,248.31399536132812,741.3961791992188,249.9429168701172,822.6035766601562,184.53854370117188,729.9337768554688,191.0886688232422,801.8399047851562,113.77345275878906,749.2133178710938,121.34063720703125,801.2921752929688,417.37042236328125,752.9263305664062,416.7685241699219,799.3788452148438,532.9678955078125,742.2009887695312,526.7085571289062,798.843017578125,636.0362548828125,743.6900024414062,625.6788330078125
264,8.799971521035598,778.17578125,218.9804229736328,786.8440551757812,211.1254119873047,768.3466796875,211.2188262939453,799.4273681640625,212.9031982421875,753.79443359375,213.40988159179688,811.2244262695312,248.32875061035156,741.6928100585938,249.71412658691406,822.7833862304688,184.98573303222656,729.89697265625,191.04515075683594,802.1766967773438,113.74125671386719,748.6415405273438,121.2959213256836,801.1197509765625,417.1008605957031,752.6532592773438,416.2934265136719,799.605224609375,532.3071899414062,742.2591552734375,525.5577392578125,798.6488647460938,635.29443359375,743.3187255859375,624.3786010742188
265,8.833304746494067,778.4985961914062,218.6686553955078,787.750732421875,211.61805725097656,768.6646728515625,211.84681701660156,800.3512573242188,214.2049560546875,753.6962280273438,214.5928192138672,811.8646240234375,244.8368377685547,742.0588989257812,247.0778350830078,824.773193359375,178.31216430664062,729.182373046875,179.8032989501953,802.276123046875,110.00930786132812,741.2091064453125,113.7620849609375,800.3013305664062,414.57025146484375,751.10546875,414.4295959472656,797.9934692382812,527.2848510742188,741.4923095703125,525.3793334960938,794.5407104492188,633.4453125,741.3092041015625,630.76708984375
266,8.866637971952535,777.7171020507812,218.94940185546875,786.4083251953125,211.16262817382812,767.9111938476562,211.2627716064453,799.07666015625,213.0868682861328,753.5549926757812,213.70631408691406,810.91162109375,248.34661865234375,741.6742553710938,250.17535400390625,822.5322875976562,183.87030029296875,729.6832885742188,191.33319091796875,801.8701171875,112.56263732910156,747.4189453125,121.95394134521484,800.5592651367188,417.3792419433594,752.2880249023438,416.6421813964844,799.2267456054688,532.572021484375,741.9782104492188,525.6464233398438,798.9153442382812,635.3299560546875,743.2935180664062,623.8489990234375
267,8.899971197411004,777.8302612304688,218.8272247314453,787.3197631835938,211.68470764160156,767.9112548828125,212.05152893066406,800.53271484375,214.3267059326172,753.4859619140625,215.0600128173828,812.3021240234375,245.239990234375,742.450927734375,247.7596893310547,824.794189453125,178.02928161621094,729.537353515625,179.31094360351562,802.5773315429688,109.54814910888672,741.2853393554688,112.46278381347656,800.2646484375,415.9762268066406,751.0145263671875,415.9356384277344,797.9747924804688,528.6416625976562,741.2467651367188,526.9027099609375,795.0995483398438,633.609130859375,741.3986206054688,631.094970703125
268,8.933304422869472,777.0962524414062,219.2422637939453,786.0015869140625,211.4058074951172,767.2244873046875,211.4729766845703,799.0421142578125,213.34280395507812,752.9407348632812,213.7937469482422,810.7552490234375,248.82745361328125,741.5213012695312,250.039306640625,822.6755981445312,184.15696716308594,729.9501342773438,190.02175903320312,802.7420654296875,111.98191833496094,748.2283935546875,120.18077850341797,800.760498046875,418.2607421875,752.3456420898438,417.3321228027344,799.14013671875,533.38525390625,741.2583618164062,526.4265747070312,799.1611328125,635.796142578125,742.856689453125,624.6740112304688
269,8.96663764832794,776.3375854492188,219.5922088623047,785.3908081054688,211.6613311767578,766.5165405273438,211.6776580810547,798.8268432617188,213.33758544921875,752.5502319335938,213.7108917236328,810.7604370117188,248.82699584960938,741.4256591796875,249.9997100830078,823.25244140625,184.89837646484375,729.1182861328125,190.71148681640625,802.5791015625,113.38348388671875,746.8753051757812,121.85997009277344,800.8380126953125,418.2709045410156,752.331787109375,417.3214111328125,799.7628784179688,533.008056640625,741.4788818359375,526.3110961914062,799.6246948242188,634.7295532226562,742.670166015625,624.0834350585938
270,8.999970873786408,776.3430786132812,219.67527770996094,785.5161743164062,211.7860565185547,766.631103515625,211.72853088378906,799.0361328125,213.38906860351562,752.799072265625,213.58383178710938,810.848388671875,248.4932403564453,741.3271484375,250.0001678466797,823.1781005859375,184.62686157226562,728.5288696289062,191.87445068359375,802.420654296875,113.89901733398438,745.845458984375,123.80829620361328,800.610595703125,418.0833740234375,752.0185546875,417.22906494140625,799.7028198242188,533.0623779296875,741.1441040039062,526.3804321289062,799.4489135742188,635.0780639648438,742.6160888671875,624.4981689453125
271,9.033304099244877,776.4747314453125,219.86648559570312,785.5812377929688,212.07911682128906,766.8577270507812,211.87294006347656,798.7023315429688,213.75335693359375,752.6636352539062,213.57066345214844,810.4310302734375,248.70018005371094,740.4800415039062,250.24546813964844,823.1976318359375,184.90965270996094,727.6989135742188,192.9196014404297,802.6217651367188,115.29261779785156,745.2988891601562,125.59315490722656,800.4417724609375,417.5042724609375,751.7442626953125,416.6852111816406,799.6163330078125,532.4258422851562,741.1204833984375,525.6187133789062,798.916015625,634.570556640625,742.9971313476562,623.8029174804688
272,9.066637324703345,776.1411743164062,219.80763244628906,785.202880859375,211.9569549560547,766.2848510742188,211.95375061035156,798.5730590820312,213.7733612060547,752.1544799804688,214.1116485595703,810.47900390625,248.95382690429688,740.808349609375,250.44715881347656,822.7196655273438,184.88818359375,728.27978515625,191.7528839111328,802.3192138671875,114.76332092285156,745.922119140625,123.55912017822266,800.6207885742188,418.3581848144531,751.8905639648438,417.5165710449219,799.7831420898438,533.2286376953125,741.0966186523438,526.3770751953125,799.2738037109375,634.6693115234375,742.4267578125,623.601806640625
273,9.099970550161812,775.474853515625,219.83958435058594,784.7383422851562,211.94683837890625,765.6431274414062,211.8465118408203,798.5397338867188,213.7328643798828,751.8052368164062,213.88735961914062,810.5157470703125,248.86236572265625,740.6617431640625,250.15773010253906,822.4015502929688,184.78211975097656,728.2449951171875,191.22653198242188,801.0972290039062,114.28318786621094,746.0155639648438,122.8996353149414,800.678955078125,418.2611999511719,751.7276000976562,417.3681335449219,800.9033813476562,533.2429809570312,741.230712890625,526.6167602539062,800.1085205078125,636.6249389648438,741.82666015625,626.29345703125
274,9.13330377562028,775.5870361328125,219.93637084960938,784.8411254882812,212.1276092529297,765.818115234375,211.91529846191406,798.4552001953125,213.89390563964844,751.7318115234375,213.69139099121094,810.3533325195312,248.71694946289062,740.1665649414062,249.52825927734375,822.5103759765625,185.28929138183594,727.99755859375,190.7286834716797,800.8551635742188,114.92606353759766,746.452880859375,122.39103698730469,800.6942749023438,417.17205810546875,751.503662109375,416.1402282714844,801.0938110351562,532.2755126953125,741.1100463867188,525.6032104492188,799.6953735351562,635.118896484375,741.8153076171875,625.0706787109375
275,9.16663700107875,775.5410766601562,219.82537841796875,784.8110961914062,212.0426788330078,765.7808227539062,211.7811279296875,798.4229736328125,213.9611358642578,751.7120361328125,213.69276428222656,810.3358764648438,249.05517578125,739.94287109375,249.89988708496094,822.7264404296875,185.86756896972656,727.2936401367188,191.58409118652344,801.2055053710938,115.77684020996094,745.6517944335938,123.55834197998047,800.4823608398438,417.00848388671875,751.261962890625,416.0303955078125,801.616455078125,531.8662109375,741.5388793945312,525.3636474609375,799.9427490234375,634.9515991210938,741.891845703125,625.1800537109375
276,9.199970226537218,774.9846801757812,219.86866760253906,784.0245361328125,212.02798461914062,765.0496826171875,212.02615356445312,797.531982421875,214.23208618164062,751.1607055664062,214.74722290039062,809.640625,249.83592224121094,740.3614501953125,251.67950439453125,820.9557495117188,184.44326782226562,728.9076538085938,191.7788543701172,799.8832397460938,113.95922088623047,746.654541015625,122.43329620361328,800.3491821289062,418.5695495605469,751.78857421875,417.8975524902344,801.3778686523438,533.3298950195312,741.6986694335938,526.6207885742188,801.2569580078125,637.4083862304688,741.8844604492188,626.5181884765625
277,9.233303451995685,774.9807739257812,219.89614868164062,783.990478515625,212.08358764648438,765.203125,211.99058532714844,797.2664794921875,214.17141723632812,751.3129272460938,214.47195434570312,809.3335571289062,249.53248596191406,740.1098022460938,251.69696044921875,821.3719482421875,183.6199951171875,728.4662475585938,192.5817108154297,800.3834838867188,113.43599700927734,746.2172241210938,124.15205383300781,800.1571044921875,418.5665588378906,751.6914672851562,418.01177978515625,801.470947265625,533.3081665039062,741.6791381835938,526.6625366210938,801.6492309570312,637.389404296875,742.1505737304688,626.48583984375
278,9.266636677454153,775.3045043945312,219.41500854492188,785.0810546875,212.2613983154297,765.415771484375,212.3656463623047,798.8550415039062,215.27061462402344,751.2689819335938,215.5561065673828,810.295654296875,246.44549560546875,740.9780883789062,249.28897094726562,822.9513549804688,178.07435607910156,728.239501953125,181.96499633789062,801.2047729492188,109.34143829345703,739.8510131835938,116.48597717285156,799.4862670898438,416.3671875,750.3735961914062,416.5157470703125,799.7847900390625,529.8124389648438,740.9603271484375,528.4545288085938,797.3540649414062,637.3037719726562,739.3253784179688,635.334716796875
279,9.299969902912622,775.4024047851562,219.44265747070312,785.3092041015625,212.21255493164062,765.3885498046875,212.3583526611328,799.3720703125,215.20924377441406,751.195068359375,215.6045379638672,810.480712890625,246.56182861328125,741.1067504882812,249.38352966308594,822.5521240234375,178.5595245361328,728.1078491210938,182.3494873046875,800.6888427734375,109.13890075683594,739.8941040039062,116.59364318847656,799.391845703125,415.9588928222656,750.2168579101562,416.1620788574219,799.6359252929688,529.6134643554688,740.9525756835938,528.6754150390625,796.9703979492188,636.6051635742188,739.073486328125,635.3836059570312
280,9.33330312837109,775.6056518554688,219.38026428222656,785.3426513671875,212.2628631591797,765.7025146484375,212.32589721679688,798.9024047851562,215.39854431152344,751.19580078125,215.53909301757812,810.0970458984375,246.73199462890625,740.5709838867188,249.2517547607422,823.1787719726562,179.40924072265625,727.970947265625,182.49856567382812,800.8746337890625,109.65679168701172,739.9486694335938,116.30300903320312,799.2092895507812,416.0166320800781,749.9385375976562,416.1341857910156,799.4214477539062,529.9130249023438,740.7110595703125,528.9822387695312,796.9549560546875,636.7021484375,739.1735229492188,635.5006103515625
281,9.366636353829557,775.7548828125,219.38967895507812,785.3931274414062,212.27076721191406,765.7991333007812,212.30943298339844,798.7755737304688,215.43536376953125,751.0863037109375,215.5325927734375,810.2269287109375,246.9412078857422,740.1818237304688,249.2393798828125,823.0130615234375,179.62181091308594,727.82275390625,182.11610412597656,800.705078125,110.01305389404297,740.29248046875,115.52616119384766,799.43896484375,416.4686584472656,749.8350219726562,416.41168212890625,799.6680297851562,530.0399169921875,740.4609375,528.19970703125,797.1828002929688,636.5028686523438,739.1447143554688,633.6913452148438
282,9.399969579288026,775.5966186523438,219.26889038085938,785.3445434570312,212.11862182617188,765.6427001953125,212.15335083007812,798.9171142578125,215.22459411621094,751.0274047851562,215.3413543701172,810.1482543945312,246.62107849121094,740.3231201171875,249.16355895996094,822.9019165039062,179.16490173339844,728.1279296875,182.5426483154297,800.5724487304688,109.31268310546875,740.0214233398438,116.39022064208984,799.1588745117188,416.4210205078125,749.6516723632812,416.4771423339844,799.8192749023438,530.1312866210938,740.6127319335938,528.6489868164062,797.55419921875,637.0049438476562,739.277587890625,634.8751831054688
283,9.433302804746495,775.5270385742188,219.41932678222656,785.443359375,212.2196807861328,765.4501342773438,212.24241638183594,799.468994140625,215.320068359375,750.9163818359375,215.43934631347656,810.441650390625,246.7730712890625,740.6997680664062,248.93154907226562,822.3975219726562,180.615234375,728.6168823242188,183.39158630371094,800.4957275390625,109.90847778320312,740.2348022460938,117.41865539550781,799.230224609375,416.017578125,749.583740234375,415.8616943359375,800.0225219726562,530.5595092773438,740.242431640625,528.6941528320312,797.7665405273438,637.878173828125,738.3124389648438,635.4265747070312
284,9.466636030204963,775.8748168945312,219.4432373046875,785.7142944335938,212.31851196289062,765.8432006835938,212.2310333251953,799.4281616210938,215.42056274414062,750.94775390625,215.27227783203125,810.260009765625,246.6114959716797,740.5431518554688,248.71502685546875,822.53466796875,180.8201141357422,728.8408203125,184.09158325195312,800.0944213867188,109.7602310180664,740.1156616210938,118.36182403564453,799.491943359375,415.4254150390625,749.8160400390625,415.220703125,800.2271118164062,529.9500122070312,740.2506713867188,528.0473022460938,797.5904541015625,637.6612548828125,738.2491455078125,635.3699340820312
285,9.49996925566343,775.8364868164062,219.2731170654297,785.531494140625,212.18446350097656,765.8142700195312,212.12705993652344,799.0723876953125,215.52716064453125,751.0737915039062,215.55340576171875,810.0440063476562,247.05442810058594,740.578369140625,249.3768768310547,821.7843627929688,180.39715576171875,728.46142578125,184.38558959960938,799.1576538085938,109.08965301513672,740.22607421875,118.56293487548828,799.0382690429688,416.13067626953125,749.5775146484375,415.95587158203125,800.1719970703125,530.426513671875,740.4784545898438,528.1878662109375,797.7340698242188,638.3855590820312,738.0474243164062,635.0897216796875
286,9.533302481121899,775.7976684570312,219.11668395996094,785.3259887695312,212.0060272216797,765.701171875,212.1090850830078,798.7213745117188,215.45726013183594,750.9933471679688,215.89645385742188,810.0047607421875,247.19607543945312,740.5912475585938,249.99339294433594,821.4855346679688,180.27719116210938,728.5510864257812,184.9633026123047,799.4561767578125,109.40257263183594,740.6209716796875,118.68343353271484,799.1221923828125,416.4739074707031,749.711181640625,416.4532165527344,800.0348510742188,530.5777587890625,740.3396606445312,528.19482421875,797.85107421875,638.3950805664062,737.8068237304688,634.4431762695312
287,9.566635706580367,775.90576171875,219.24615478515625,785.4677734375,212.02944946289062,765.7280883789062,212.22946166992188,798.98876953125,215.3994903564453,751.0372314453125,216.08273315429688,810.1961669921875,247.25238037109375,740.6958618164062,250.2897186279297,821.3231811523438,180.27511596679688,728.8604125976562,185.36553955078125,799.6509399414062,109.33216094970703,741.013427734375,118.97775268554688,798.8734741210938,417.09686279296875,749.40478515625,417.1668701171875,799.6880493164062,531.3536376953125,740.1621704101562,528.972900390625,798.1038818359375,639.181884765625,738.0453491210938,635.0175170898438
288,9.599968932038836,776.3826904296875,219.34426879882812,785.8199462890625,212.1185302734375,766.1205444335938,212.4262237548828,799.1311645507812,215.52259826660156,751.1871948242188,216.41964721679688,810.2388916015625,247.42381286621094,740.815185546875,250.5261688232422,820.9426879882812,180.81710815429688,729.2914428710938,185.5261688232422,799.0826416015625,110.38612365722656,740.8978881835938,118.95732879638672,798.85693359375,417.32025146484375,749.4193115234375,417.4083251953125,799.4613647460938,531.97509765625,740.34375,529.4888305664062,797.7938232421875,639.634033203125,738.4066162109375,635.3316040039062
289,9.633302157497303,776.5147705078125,219.34249877929688,785.8921508789062,212.04359436035156,766.1617431640625,212.6126251220703,799.3201904296875,215.40818786621094,751.4241943359375,216.947021484375,810.3612060546875,247.16482543945312,741.6417236328125,251.0545196533203,820.13330078125,180.62277221679688,730.0811767578125,186.22628784179688,797.8474731445312,111.3055191040039,741.303466796875,119.87584686279297,798.8518676757812,416.8829650878906,749.8095092773438,417.3268737792969,799.056640625,530.2830200195312,740.53076171875,528.6519775390625,797.5580444335938,638.417724609375,738.3088989257812,635.14404296875
290,9.666635382955771,776.5523071289062,219.29161071777344,785.9107666015625,212.1278533935547,766.3807373046875,212.44744873046875,799.11669921875,215.44960021972656,751.613037109375,216.4712371826172,810.3961181640625,246.7856903076172,741.1920166015625,250.82394409179688,820.0184936523438,179.87539672851562,730.0093383789062,186.8082275390625,796.9446411132812,111.171142578125,741.1898803710938,120.12762451171875,799.0579223632812,416.9931945800781,749.6430053710938,417.31158447265625,799.795166015625,531.2301635742188,740.125244140625,528.638671875,797.4434204101562,639.1231689453125,737.6812744140625,634.35693359375
291,9.69996860841424,776.6417846679688,219.28076171875,786.1077880859375,212.07391357421875,766.4769897460938,212.4917755126953,799.64208984375,215.45034790039062,752.0952758789062,216.68826293945312,810.7421875,246.9931640625,742.0407104492188,251.0061492919922,820.2583618164062,180.86474609375,730.4182739257812,187.20445251464844,797.528564453125,111.52857208251953,741.4644165039062,120.16494750976562,798.975830078125,416.5859375,749.8906860351562,417.0135192871094,799.5748901367188,530.2365112304688,740.4012451171875,528.55712890625,797.24609375,638.0254516601562,737.6102294921875,634.91455078125
292,9.733301833872709,776.9783325195312,219.1136016845703,786.010009765625,211.86117553710938,766.7744750976562,212.5474395751953,798.9326171875,215.03240966796875,752.2329711914062,216.93359375,811.04248046875,246.3551788330078,741.6753540039062,251.33401489257812,820.072509765625,179.34033203125,730.1453857421875,186.4139862060547,795.4013061523438,113.47832489013672,741.8439331054688,119.4111328125,799.3334350585938,416.74237060546875,749.8975219726562,417.42706298828125,799.8007202148438,530.1270141601562,740.4476318359375,528.0026245117188,797.3184814453125,637.9976196289062,737.8521118164062,633.3366088867188
293,9.766635059331175,777.4078369140625,219.08462524414062,786.2391967773438,211.89361572265625,767.371826171875,212.54542541503906,798.6492919921875,215.0214385986328,752.7986450195312,216.83119201660156,811.0892333984375,246.3234405517578,741.4317016601562,251.4951629638672,820.6713256835938,179.82720947265625,729.8903198242188,187.30276489257812,795.9326782226562,114.66959381103516,742.0603637695312,119.646728515625,799.2301025390625,417.30267333984375,749.6984252929688,418.0580139160156,799.886962890625,530.695068359375,740.4616088867188,528.4359741210938,797.3740234375,638.2600708007812,738.2091064453125,633.1810302734375
294,9.799968284789644,777.1578979492188,219.30787658691406,785.7401733398438,211.81419372558594,767.1776733398438,212.1697235107422,798.095947265625,214.32858276367188,753.0569458007812,215.5099334716797,811.466552734375,248.36837768554688,740.5896606445312,251.42396545410156,819.6766357421875,182.21112060546875,730.1867065429688,188.46144104003906,796.2596435546875,118.13142395019531,747.4766845703125,122.90355682373047,799.2622680664062,419.1705322265625,749.9190673828125,418.71331787109375,800.9340209960938,529.8143920898438,741.16943359375,523.2861938476562,796.2664794921875,640.5755004882812,738.5244140625,630.6004028320312
295,9.833301510248113,777.2435913085938,219.39352416992188,785.8755493164062,211.79991149902344,767.1597290039062,212.30682373046875,798.489990234375,214.2313995361328,753.20849609375,215.77284240722656,811.7837524414062,248.5240478515625,741.177490234375,251.62794494628906,819.3212280273438,182.44581604003906,730.803466796875,188.2783660888672,795.915771484375,118.4356918334961,747.7123413085938,123.09049987792969,799.1246948242188,419.2794189453125,749.95068359375,418.8171081542969,800.5740356445312,529.8831787109375,741.1901245117188,523.3623046875,796.4856567382812,640.50341796875,738.7296752929688,630.5892333984375
296,9.866634735706581,777.2551879882812,219.21380615234375,785.8128051757812,211.70484924316406,767.23876953125,212.13697814941406,798.1643676757812,214.24130249023438,753.0720825195312,215.599365234375,811.5310668945312,248.40061950683594,740.7431640625,251.65493774414062,819.7887573242188,182.69766235351562,730.5243530273438,189.32235717773438,796.5328979492188,118.74164581298828,747.6608276367188,124.03640747070312,799.331298828125,418.72369384765625,750.0916137695312,418.3468933105469,800.5484619140625,529.5564575195312,741.1722412109375,523.2407836914062,796.1509399414062,640.2777709960938,738.8585205078125,630.6680297851562
297,9.899967961165048,777.5238647460938,219.19541931152344,786.210693359375,211.68484497070312,767.4689331054688,212.1752166748047,798.9297485351562,214.29444885253906,753.6016845703125,215.79122924804688,812.218994140625,248.57046508789062,741.5131225585938,251.55519104003906,820.5104370117188,183.1802978515625,730.8802490234375,188.99900817871094,797.6122436523438,118.79779815673828,747.9769287109375,124.37849426269531,799.3071899414062,418.74365234375,750.1359252929688,418.2964782714844,800.6553344726562,529.8681030273438,741.666259765625,523.83740234375,796.31103515625,641.312255859375,739.0800170898438,632.4004516601562
298,9.933301186623517,777.7964477539062,219.35986328125,786.3875122070312,211.82435607910156,767.7205200195312,212.34817504882812,799.0074462890625,214.34225463867188,753.8441162109375,215.8025360107422,812.5206909179688,248.7132110595703,741.456298828125,250.81309509277344,820.8812255859375,184.21188354492188,731.0889282226562,187.75613403320312,799.0684204101562,119.5685806274414,749.7136840820312,123.47198486328125,799.4844360351562,418.88525390625,750.0145874023438,418.1028747558594,800.984375,530.058837890625,741.555908203125,523.2189331054688,796.7496948242188,641.2598876953125,739.0640258789062,631.3658447265625
299,9.966634412081985,777.9522705078125,219.53268432617188,786.567626953125,211.88287353515625,767.6878662109375,212.54005432128906,799.4287109375,214.35684204101562,753.8502807617188,216.11224365234375,812.9656982421875,249.08265686035156,741.762451171875,250.90347290039062,820.8409423828125,185.2053680419922,731.4527587890625,187.5087890625,800.6566162109375,120.54449462890625,750.8412475585938,122.88130187988281,799.7472534179688,419.34649658203125,750.1249389648438,418.4837341308594,801.3377685546875,530.8368530273438,741.5216674804688,523.6661987304688,797.143798828125,642.1409301757812,738.5588989257812,631.7019653320312
300,9.999967637540454,778.08056640625,219.7763671875,786.6981201171875,212.04815673828125,767.8273315429688,212.72305297851562,799.64794921875,214.22593688964844,754.024169921875,216.0565643310547,813.376220703125,248.58482360839844,741.9322509765625,250.5113525390625,820.877685546875,184.83233642578125,731.7238159179688,187.18698120117188,800.5135498046875,121.50463104248047,751.269287109375,123.20230865478516,799.8518676757812,418.7842102050781,750.0750122070312,417.8398132324219,801.1121215820312,530.0007934570312,741.001953125,522.2555541992188,797.2440795898438,641.9440307617188,738.4164428710938,630.3558349609375
301,10.03330086299892,778.180419921875,219.767822265625,786.8135375976562,212.10501098632812,767.9906616210938,212.7955780029297,799.7019653320312,214.38381958007812,754.281494140625,216.14198303222656,813.372802734375,248.55043029785156,742.009521484375,250.20814514160156,821.1373291015625,184.61993408203125,731.7942504882812,186.48194885253906,800.794189453125,120.76866149902344,751.7952880859375,123.02944946289062,799.70263671875,418.82916259765625,749.8605346679688,417.838623046875,801.163818359375,529.837890625,740.5386352539062,522.3482055664062,797.5081787109375,641.2410278320312,737.9580688476562,630.41748046875
302,10.06663408845739,778.5636596679688,220.1038360595703,787.1826782226562,212.4121551513672,768.3330688476562,213.1763916015625,800.013427734375,214.63729858398438,754.4290771484375,216.58718872070312,813.28515625,248.62728881835938,742.3798217773438,250.80850219726562,821.3391723632812,184.34213256835938,732.0978393554688,187.09959411621094,800.614501953125,120.54368591308594,751.8731079101562,123.47996520996094,799.626708984375,418.6391906738281,750.0406494140625,417.98345947265625,801.0428466796875,529.269287109375,740.6408081054688,523.0300903320312,797.3776245117188,640.6356201171875,737.4674072265625,631.5161743164062
303,10.099967313915858,778.7054443359375,220.16441345214844,787.19140625,212.46646118164062,768.6165771484375,213.26010131835938,799.5773315429688,214.5640869140625,754.5097045898438,216.49766540527344,812.8461303710938,248.267578125,741.9075317382812,250.8321075439453,821.9253540039062,184.03720092773438,731.3228759765625,187.4313201904297,800.4136962890625,121.57758331298828,751.9649047851562,124.64793395996094,799.4968872070312,417.9561462402344,749.9904174804688,417.6514587402344,800.872802734375,528.0458374023438,740.7214965820312,523.0436401367188,797.6151733398438,639.849853515625,737.9537353515625,632.4364013671875
304,10.133300539374327,778.5186157226562,220.64205932617188,787.2017822265625,212.82940673828125,768.3703002929688,213.58045959472656,800.04638671875,214.537841796875,754.4550170898438,216.4320831298828,813.2805786132812,248.05552673339844,742.2514038085938,250.5082244873047,822.463623046875,183.46084594726562,731.9265747070312,186.83743286132812,801.5969848632812,120.37052154541016,752.4168701171875,123.75357055664062,799.349853515625,418.8702087402344,749.7112426757812,418.4040222167969,801.104248046875,529.3382568359375,740.7448120117188,523.7562255859375,797.5674438476562,640.4862060546875,737.7645874023438,632.1779174804688
305,10.166633764832794,779.1371459960938,220.6275634765625,787.6780395507812,212.88136291503906,769.1885986328125,213.5386505126953,799.9800415039062,214.51490783691406,754.9794311523438,216.1607666015625,813.1607055664062,247.6036834716797,741.8430786132812,250.6997833251953,823.2401733398438,183.15928649902344,731.23388671875,188.86990356445312,801.6190795898438,120.73207092285156,752.0567016601562,126.05784606933594,799.4248657226562,417.68701171875,749.6865234375,417.53863525390625,801.1438598632812,528.125732421875,740.5264282226562,523.32763671875,797.0950317382812,639.115966796875,737.5599365234375,631.9345092773438
306,10.199966990291262,778.9993286132812,220.53875732421875,787.6103515625,212.8392333984375,769.0640258789062,213.53860473632812,800.1358032226562,214.51995849609375,755.121826171875,216.22756958007812,813.3419799804688,247.30239868164062,742.3751831054688,250.236083984375,823.0147094726562,182.28245544433594,732.2195434570312,186.5651397705078,801.5484008789062,119.48558044433594,753.3524780273438,121.9910659790039,799.7135620117188,417.49481201171875,750.1015014648438,417.3296203613281,800.7459716796875,527.6410522460938,740.3033447265625,523.0753173828125,796.4413452148438,638.3795776367188,737.4244384765625,631.6410522460938
307,10.23330021574973,779.2417602539062,220.58750915527344,787.8130493164062,212.95477294921875,769.34765625,213.7034454345703,800.1784057617188,214.7495574951172,755.3699340820312,216.45248413085938,813.282958984375,247.3788299560547,742.4249267578125,250.16123962402344,823.3900146484375,182.07736206054688,732.7764282226562,185.5932159423828,802.5887451171875,119.17002868652344,754.2977905273438,120.65633392333984,799.7478637695312,417.4607238769531,750.1553955078125,417.3836975097656,801.0630493164062,527.2437744140625,740.5278930664062,523.1553955078125,796.857666015625,638.0178833007812,738.0298461914062,632.392822265625
308,10.2666334412082,779.1004638671875,220.97776794433594,787.715087890625,213.2464141845703,769.2103271484375,213.97158813476562,800.342041015625,214.68865966796875,755.4932250976562,216.5248565673828,813.7227783203125,247.02394104003906,742.9015502929688,250.2462158203125,824.4273681640625,181.06961059570312,733.0040893554688,186.25827026367188,804.129150390625,117.65083312988281,754.4791259765625,121.54393005371094,799.6091918945312,417.6584777832031,750.154296875,417.5819396972656,801.0653076171875,527.3871459960938,740.9932861328125,522.8875732421875,796.8761596679688,638.695556640625,738.1736450195312,631.8999633789062
309,10.299966666666666,779.2962036132812,220.8993682861328,787.9221801757812,213.1804962158203,769.3739624023438,213.95643615722656,800.5601196289062,214.8042449951172,755.7193603515625,216.712158203125,813.546142578125,247.4224090576172,743.3314208984375,250.43638610839844,823.9227905273438,180.83021545410156,734.23681640625,185.41270446777344,804.7368774414062,116.1982650756836,756.613525390625,119.88397216796875,799.3458251953125,418.11907958984375,750.224853515625,418.0606994628906,800.8843994140625,527.0725708007812,741.2321166992188,522.7391357421875,797.063720703125,638.5018920898438,738.6490478515625,632.1397705078125
310,10.333299892125135,780.062744140625,221.09140014648438,788.5830078125,213.3278045654297,770.012451171875,214.13363647460938,801.12939453125,214.6226348876953,755.9598388671875,216.60000610351562,814.0426025390625,246.73193359375,743.6429443359375,249.3347930908203,824.9679565429688,180.92813110351562,734.4174194335938,184.52992248535156,806.3944702148438,116.2349853515625,756.8411254882812,119.83113098144531,799.4381713867188,417.1882019042969,750.1078491210938,416.9089050292969,801.0550537109375,526.6566772460938,741.182861328125,521.9888916015625,796.5631713867188,638.5596923828125,737.5137329101562,631.6622314453125
311,10.366633117583604,781.3880004882812,221.47230529785156,789.9537353515625,213.66387939453125,771.3005981445312,214.533935546875,802.5099487304688,214.745849609375,757.0480346679688,216.72445678710938,814.22509765625,246.5367889404297,745.1333618164062,248.76199340820312,824.257568359375,181.00552368164062,736.8115234375,182.4624786376953,807.1637573242188,116.07086181640625,760.1289672851562,116.20025634765625,799.9349365234375,417.1427917480469,751.1748046875,417.0729675292969,801.2858276367188,525.9276123046875,741.871826171875,522.67431640625,796.3827514648438,637.2405395507812,737.5238647460938,632.7993774414062
312,10.399966343042072,781.922119140625,221.48611450195312,790.3246459960938,213.67901611328125,771.7943115234375,214.485595703125,802.4513549804688,214.76629638671875,756.98583984375,216.6455078125,814.111572265625,246.62496948242188,744.909912109375,249.0421142578125,824.5699462890625,180.62100219726562,737.1519165039062,182.75811767578125,807.588134765625,115.73773956298828,759.8837890625,116.18877410888672,800.2297973632812,417.68414306640625,751.4451293945312,417.6204528808594,801.4420776367188,526.4767456054688,742.0161743164062,522.850341796875,796.4957885742188,637.6690673828125,737.6502685546875,632.31787109375
313,10.433299568500539,782.7544555664062,221.37835693359375,791.254638671875,213.68563842773438,772.9083251953125,214.33883666992188,803.1395263671875,214.68463134765625,758.043212890625,216.0426483154297,814.248046875,245.86959838867188,745.2451171875,248.48594665527344,825.174072265625,179.94638061523438,737.9376220703125,183.0767364501953,807.9030151367188,115.97937774658203,761.9790649414062,116.82540130615234,800.5518188476562,416.7274169921875,751.9461669921875,416.9578552246094,801.0095825195312,525.9051513671875,742.358642578125,523.6011962890625,795.0580444335938,636.9038696289062,738.7001953125,634.0721435546875
314,10.466632793959008,783.0304565429688,221.2567596435547,791.602294921875,213.66323852539062,773.255615234375,214.26551818847656,803.5844116210938,214.86105346679688,758.5892333984375,216.02635192871094,814.535888671875,246.02029418945312,745.6920776367188,248.1385498046875,825.233642578125,180.84591674804688,738.4447021484375,182.93087768554688,808.8593139648438,117.07327270507812,762.4951782226562,117.15946197509766,800.6053466796875,416.6318054199219,752.0438842773438,416.68359375,800.9827880859375,525.885009765625,742.2778930664062,523.3910522460938,794.771728515625,636.7427368164062,738.601318359375,634.0633544921875
315,10.499966019417476,783.1458740234375,221.7734375,790.9837646484375,213.6371612548828,773.2243041992188,214.40594482421875,802.2438354492188,214.56210327148438,757.7122192382812,216.5267333984375,813.553955078125,247.73187255859375,744.6847534179688,250.98326110839844,826.413330078125,183.1048583984375,738.3921508789062,190.99903869628906,807.532470703125,114.28126525878906,763.6578369140625,119.05313110351562,800.4859619140625,417.39044189453125,751.7096557617188,417.6130065917969,801.1463623046875,533.2786865234375,742.4869384765625,528.6710205078125,799.18359375,637.7106323242188,741.237548828125,629.05078125
316,10.533299244875945,782.8411254882812,221.63040161132812,790.8054809570312,213.56617736816406,772.885498046875,214.29421997070312,802.276123046875,214.72833251953125,757.4813232421875,216.66299438476562,813.5144653320312,248.16860961914062,744.7402954101562,251.47373962402344,826.9000854492188,183.49436950683594,738.3759155273438,191.70242309570312,807.9302368164062,114.32537841796875,763.6502685546875,119.75382995605469,799.8390502929688,417.5824279785156,751.3092651367188,417.8010559082031,800.2218017578125,533.1549682617188,742.829345703125,528.8176879882812,797.5065307617188,637.2076416015625,741.602294921875,628.9686279296875
317,10.566632470334412,782.5524291992188,222.0795440673828,790.6071166992188,213.90679931640625,772.4925537109375,214.69601440429688,802.4594116210938,214.75291442871094,757.251953125,216.8217010498047,813.8740234375,248.09996032714844,744.6552734375,251.0518798828125,826.9955444335938,185.03509521484375,737.336669921875,192.14041137695312,808.273681640625,115.82112884521484,763.18505859375,119.85153198242188,799.729736328125,417.075439453125,750.9010009765625,417.11328125,799.8097534179688,531.8489990234375,742.5993041992188,527.129638671875,796.289794921875,634.3685913085938,741.2582397460938,625.4647216796875
318,10.59996569579288,782.9732666015625,222.28936767578125,790.8243408203125,214.17308044433594,772.7633666992188,215.0195770263672,802.1801147460938,215.2038116455078,756.8576049804688,217.29006958007812,813.2866821289062,249.00634765625,743.9506225585938,251.44293212890625,826.4707641601562,187.27149963378906,736.4759521484375,192.78237915039062,809.0333251953125,118.28231048583984,762.4653930664062,120.50041961669922,799.6239013671875,416.1164245605469,751.0501098632812,416.1533203125,799.2896728515625,530.5974731445312,743.81640625,526.22998046875,794.6757202148438,633.7564697265625,742.6197509765625,625.8631591796875
319,10.633298921251349,782.1627197265625,223.20359802246094,790.13525390625,215.0705108642578,772.0984497070312,215.79132080078125,801.5159301757812,215.83029174804688,756.4108276367188,217.50067138671875,812.1900024414062,249.71987915039062,743.4177856445312,251.5834197998047,824.9797973632812,188.62362670898438,734.69091796875,193.034912109375,808.1724853515625,119.91204071044922,760.7714233398438,121.00205993652344,799.2393188476562,415.7232971191406,751.18701171875,415.6893310546875,798.8728637695312,530.8378295898438,743.968505859375,526.7183227539062,794.188232421875,634.084716796875,742.6607666015625,627.0205078125
320,10.666632146709818,779.4853515625,224.82803344726562,788.0580444335938,217.48748779296875,769.7262573242188,217.4539337158203,799.5833129882812,219.29055786132812,754.0870971679688,218.8169708251953,809.8269653320312,251.692138671875,740.4849853515625,252.05523681640625,818.7601928710938,187.1625518798828,730.2933349609375,187.8975067138672,799.13818359375,121.08251953125,753.4315795898438,121.42494201660156,799.9813842773438,418.21942138671875,751.9378051757812,417.8204650878906,798.499755859375,524.560546875,744.4423217773438,521.4760131835938,788.2597045898438,631.7890014648438,742.6157836914062,629.014892578125
321,10.699965372168284,779.2960815429688,224.55197143554688,787.8108520507812,217.33058166503906,769.640380859375,217.2742919921875,799.2465209960938,219.17808532714844,754.30322265625,218.69190979003906,809.9921264648438,251.32994079589844,740.5379028320312,251.8451385498047,819.0616455078125,186.0171661376953,730.3496704101562,187.68724060058594,799.1904296875,120.87276458740234,752.8132934570312,122.58633422851562,799.55859375,417.7640380859375,751.5484619140625,417.1795349121094,798.568359375,524.318115234375,744.5408935546875,520.149658203125,788.0340576171875,631.5660400390625,742.84912109375,627.3328857421875
322,10.733298597626753,778.3287963867188,224.9623565673828,786.8955078125,217.91009521484375,769.1517333984375,217.41064453125,797.7440185546875,219.62240600585938,753.5654907226562,217.9942169189453,807.9255981445312,251.19964599609375,738.373779296875,251.7715301513672,819.0955810546875,184.63890075683594,726.9357299804688,188.16366577148438,798.8040771484375,120.28131866455078,749.2133178710938,123.67942810058594,798.5429077148438,418.8720397949219,750.5965576171875,418.5494384765625,798.0301513671875,525.858642578125,744.008544921875,522.6548461914062,787.8438110351562,632.143310546875,743.3753662109375,629.17236328125
323,10.766631823085222,775.9986572265625,224.73248291015625,784.39306640625,217.51158142089844,766.6398315429688,217.22128295898438,794.7068481445312,219.79885864257812,750.3953247070312,218.38844299316406,804.498046875,253.14016723632812,733.8743896484375,253.38674926757812,815.314697265625,189.9514923095703,719.708740234375,191.90155029296875,794.0948486328125,127.13145446777344,744.3091430664062,128.23031616210938,796.3126831054688,418.9504699707031,747.8001708984375,419.1593017578125,796.6589965820312,525.4579467773438,741.95458984375,524.2498779296875,788.7348022460938,632.2617797851562,741.987060546875,631.675537109375
324,10.79996504854369,775.1990356445312,224.64169311523438,783.5193481445312,217.16940307617188,765.5197143554688,217.1788787841797,793.7113037109375,219.0167999267578,748.6279296875,218.17124938964844,802.2592163085938,251.9642791748047,733.0668334960938,252.4380340576172,810.38232421875,188.57411193847656,720.3563842773438,190.4510040283203,790.495849609375,126.04032897949219,744.4396362304688,127.26348114013672,795.21923828125,417.53558349609375,747.2222900390625,417.98858642578125,796.212158203125,524.9379272460938,741.1781616210938,523.6864013671875,790.8018798828125,632.4730224609375,741.9254150390625,631.7308959960938
325,10.833298274002157,773.2769775390625,224.61737060546875,781.792724609375,217.2742462158203,763.8145141601562,216.98069763183594,792.1724243164062,219.29269409179688,747.1278076171875,217.8725128173828,800.9472045898438,252.06842041015625,731.7072143554688,252.70640563964844,810.2355346679688,188.335205078125,720.3699951171875,191.4446563720703,789.6522216796875,125.90119934082031,742.0020751953125,128.1280517578125,794.0673828125,417.70428466796875,745.9859619140625,418.0308532714844,796.5018920898438,525.4944458007812,740.4503784179688,523.6079711914062,792.1502685546875,634.4194946289062,742.0361328125,632.9705200195312
326,10.866631499460626,773.0095825195312,224.9259490966797,781.6859130859375,217.53736877441406,763.5811767578125,217.2196044921875,792.3273315429688,219.34483337402344,747.1522827148438,217.86329650878906,800.8117065429688,251.89320373535156,731.8535766601562,252.5950164794922,809.3444213867188,187.66082763671875,720.5714721679688,191.34703063964844,789.282958984375,125.20803833007812,741.80029296875,128.2188262939453,793.6682739257812,418.1356506347656,745.6915283203125,418.42724609375,796.2058715820312,525.9442138671875,739.9745483398438,523.6851806640625,792.3229370117188,635.1727905273438,741.9750366210938,633.279052734375
327,10.899964724919094,771.677490234375,224.02597045898438,780.2134399414062,216.90931701660156,762.4697265625,216.2424774169922,790.2665405273438,219.16424560546875,745.8364868164062,216.91725158691406,798.84130859375,251.89675903320312,730.2036743164062,252.2895965576172,808.2944946289062,187.1874237060547,720.1768188476562,191.02174377441406,789.0655517578125,125.17776489257812,740.8820190429688,127.16548919677734,792.9085693359375,418.1249694824219,745.236572265625,418.21868896484375,796.3722534179688,526.2399291992188,740.2659301757812,522.871826171875,792.3372802734375,635.86669921875,742.6679077148438,632.2911987304688
328,10.933297950377563,770.9855346679688,223.25868225097656,779.2566528320312,216.42974853515625,761.8865356445312,215.66583251953125,788.4583129882812,219.33377075195312,744.7056274414062,216.86050415039062,795.9824829101562,251.98294067382812,729.3567504882812,252.70298767089844,805.663330078125,187.06797790527344,719.444580078125,191.24249267578125,787.7506713867188,126.34905242919922,739.86279296875,126.78877258300781,791.9990234375,416.8993835449219,745.6639404296875,417.4992370605469,795.3236694335938,525.0409545898438,741.119384765625,523.334716796875,791.376708984375,634.3648681640625,742.942138671875,632.7423706054688
329,10.96663117583603,770.8758544921875,223.28549194335938,778.9205932617188,216.5013885498047,761.6358642578125,215.8243408203125,787.7147827148438,219.88026428222656,744.0734252929688,217.50015258789062,795.2991333007812,253.3372039794922,728.3435668945312,253.55450439453125,804.5000610351562,187.7926483154297,717.9884643554688,190.85191345214844,786.4053955078125,126.11959838867188,740.2159423828125,126.00890350341797,791.7006225585938,417.0057678222656,745.4498901367188,417.477783203125,793.35791015625,523.8659057617188,740.8838500976562,522.0845336914062,787.97216796875,633.6375732421875,742.7892456054688,632.0916137695312
330,10.999964401294498,769.853515625,223.45005798339844,777.8798217773438,216.5912628173828,760.5028686523438,216.11570739746094,786.97314453125,219.93804931640625,743.280029296875,218.26905822753906,794.9723510742188,253.4078826904297,728.197021484375,254.99075317382812,804.620361328125,188.73265075683594,716.5465087890625,194.6603546142578,786.53662109375,128.55018615722656,736.93994140625,130.58372497558594,790.6426391601562,416.74627685546875,744.8170166015625,417.67083740234375,791.5311889648438,523.4310913085938,740.9385375976562,522.6181640625,785.3930053710938,632.9964599609375,742.0543212890625,632.1751708984375
331,11.033297626752967,769.7022094726562,223.20411682128906,777.7958984375,216.37075805664062,760.268798828125,215.83999633789062,786.9581298828125,219.84658813476562,742.6947631835938,218.07119750976562,794.5595703125,253.58316040039062,727.782958984375,255.1291046142578,804.598876953125,190.36669921875,715.4305419921875,196.69125366210938,787.6841430664062,130.08946228027344,736.0104370117188,133.36395263671875,790.7219848632812,416.2132263183594,745.097900390625,417.221435546875,789.8469848632812,522.597412109375,740.71142578125,522.4121704101562,783.4520263671875,631.173828125,742.2069702148438,630.999267578125
332,11.066630852211436,769.9674072265625,222.6795654296875,777.9627685546875,215.90065002441406,760.5119018554688,215.37738037109375,786.961181640625,219.55972290039062,742.7149658203125,217.78762817382812,794.7965698242188,253.44454956054688,727.5313110351562,255.08741760253906,804.78955078125,191.3661346435547,714.5908203125,198.26327514648438,787.9091186523438,130.96435546875,734.9124755859375,135.19091796875,791.5467529296875,415.65020751953125,745.7240600585938,416.6756896972656,789.2163696289062,522.3040161132812,740.4305419921875,522.1622314453125,782.3442993164062,630.4238891601562,742.1430053710938,630.276123046875
333,11.099964077669902,769.8134765625,222.57516479492188,777.9093017578125,215.74073791503906,760.2980346679688,215.39193725585938,787.2070922851562,219.22886657714844,742.73779296875,217.77972412109375,794.79833984375,252.69639587402344,728.3875732421875,254.54718017578125,804.826171875,190.88914489746094,715.5374145507812,196.874267578125,788.0720825195312,130.14698791503906,736.3607788085938,132.09075927734375,791.8820190429688,414.27252197265625,746.5369873046875,415.6031188964844,788.5178833007812,520.4046020507812,740.6666259765625,521.8685913085938,781.2640380859375,628.0150756835938,742.08203125,630.3594970703125
334,11.133297303128371,769.7269897460938,222.01280212402344,777.9213256835938,215.36065673828125,760.4515380859375,214.8805694580078,787.1688232421875,218.9748992919922,743.3681030273438,217.21224975585938,794.414794921875,251.84194946289062,729.0194091796875,253.9617919921875,804.2978515625,188.75802612304688,715.7767333984375,196.23193359375,788.647705078125,128.5015869140625,736.7670288085938,131.96263122558594,791.7156372070312,413.6423034667969,747.0474853515625,415.0923767089844,788.093505859375,519.8202514648438,740.8163452148438,521.5021362304688,780.53173828125,627.415771484375,742.1659545898438,630.1624145507812
335,11.16663052858684,771.0157470703125,221.56138610839844,779.11181640625,214.77365112304688,761.798583984375,214.30300903320312,788.0624389648438,218.1184844970703,744.6451416015625,216.32191467285156,795.5760498046875,250.80726623535156,729.571044921875,253.02549743652344,804.5555419921875,186.3516845703125,716.7615966796875,193.41629028320312,788.4149780273438,125.91785430908203,738.7154541015625,126.53585052490234,792.7119140625,414.7547607421875,747.5280151367188,416.1633605957031,788.923583984375,521.0059204101562,740.3400268554688,521.8341064453125,781.2481079101562,629.11865234375,741.9674682617188,630.2076416015625
336,11.199963754045308,773.0836791992188,221.42933654785156,780.871337890625,214.61883544921875,763.8871459960938,214.1706085205078,789.0881958007812,217.96673583984375,746.0150146484375,216.05990600585938,797.1253051757812,250.74746704101562,729.3040161132812,252.6173858642578,806.3512573242188,185.75897216796875,716.9481811523438,192.1573944091797,787.3898315429688,123.88239288330078,739.597412109375,124.45830535888672,793.6954956054688,415.53741455078125,747.2728271484375,416.7271728515625,790.4928588867188,521.63330078125,740.2172241210938,521.72705078125,782.5012817382812,630.5305786132812,742.490478515625,630.9629516601562
337,11.233296979503775,773.3191528320312,221.50108337402344,780.9189453125,214.56268310546875,764.1874389648438,214.17596435546875,788.829345703125,217.3465118408203,746.2535400390625,215.6494140625,796.7141723632812,249.77169799804688,729.9216918945312,252.06289672851562,805.8904418945312,184.89398193359375,717.2897338867188,192.84439086914062,787.1970825195312,124.26879119873047,738.49951171875,127.9190902709961,793.337890625,415.1849365234375,747.6485595703125,416.38140869140625,789.7530517578125,521.3744506835938,740.515380859375,521.1589965820312,782.3704833984375,630.7754516601562,742.3139038085938,630.47119140625
338,11.266630204962244,773.70458984375,221.73269653320312,781.4520263671875,214.73150634765625,764.6581420898438,214.2547607421875,789.6961059570312,217.25762939453125,747.1905517578125,215.45574951171875,798.0596923828125,249.6013946533203,730.685302734375,251.9234619140625,807.2440185546875,184.1626739501953,717.9755859375,192.96832275390625,787.437744140625,123.26211547851562,739.03271484375,128.71104431152344,793.5172119140625,415.5583801269531,747.5394287109375,416.489990234375,790.4904174804688,522.3873291015625,740.9622802734375,520.995361328125,783.2979125976562,632.9951782226562,743.03125,630.9118041992188
339,11.299963430420712,774.4428100585938,222.15814208984375,782.5126953125,215.00088500976562,765.3784790039062,214.596923828125,791.429443359375,217.1778564453125,748.3132934570312,215.513916015625,799.8909912109375,249.35694885253906,731.4085693359375,252.08819580078125,808.6173095703125,183.8817901611328,717.364501953125,194.25657653808594,786.5548095703125,123.26065063476562,739.1630859375,131.94180297851562,794.2197265625,415.33837890625,747.5852661132812,416.4850769042969,791.5778198242188,522.3250732421875,741.6221313476562,521.8526000976562,783.845947265625,632.9561767578125,743.8988647460938,632.6680908203125
340,11.333296655879181,775.1742553710938,222.2325439453125,783.2494506835938,215.02426147460938,765.685791015625,214.83421325683594,792.6318969726562,217.6138458251953,748.2678833007812,216.51976013183594,801.673583984375,250.775634765625,732.2868041992188,253.2105255126953,812.0623779296875,185.3448028564453,719.2984619140625,192.8988800048828,789.7432861328125,122.88851165771484,741.6464233398438,127.97488403320312,795.6741333007812,415.457763671875,748.54443359375,416.59234619140625,792.60546875,522.0425415039062,742.9907836914062,522.5101318359375,783.472900390625,630.8021850585938,744.4317626953125,632.0863647460938
341,11.366629881337648,775.8325805664062,222.4893035888672,783.8460083007812,215.4672088623047,766.3118286132812,215.28065490722656,793.44580078125,218.35922241210938,749.0419921875,217.4275360107422,802.9839477539062,251.34190368652344,733.7537231445312,253.37782287597656,814.575927734375,185.78103637695312,721.93310546875,192.15826416015625,792.2184448242188,122.442626953125,742.9276123046875,127.78278350830078,795.7866821289062,414.93603515625,748.7254638671875,415.61956787109375,792.5407104492188,521.6138305664062,743.2332153320312,521.3261108398438,783.1943359375,629.9219360351562,744.1346435546875,630.3406372070312
342,11.399963106796116,776.6831665039062,222.1300811767578,784.5348510742188,215.19680786132812,767.2422485351562,214.98268127441406,793.7250366210938,218.33456420898438,749.83447265625,217.33389282226562,803.4136352539062,251.86532592773438,734.3447875976562,253.9444122314453,815.8076171875,185.2610321044922,722.5338134765625,191.3217010498047,792.9656982421875,121.64675903320312,744.0123291015625,126.12443542480469,796.4606323242188,416.1770324707031,749.6824951171875,416.9100036621094,792.0126342773438,521.9244995117188,743.645263671875,522.0590209960938,782.0467529296875,628.7265014648438,744.5181884765625,629.6101684570312
343,11.433296332254585,777.1866455078125,222.4257049560547,784.702392578125,215.33250427246094,767.7771606445312,215.25819396972656,793.5436401367188,217.74810791015625,750.3601684570312,217.08558654785156,803.7152099609375,250.90399169921875,735.7054443359375,252.73460388183594,817.198974609375,183.15142822265625,724.2828979492188,188.33001708984375,794.57568359375,118.81805419921875,743.537841796875,124.54273986816406,796.7600708007812,416.5299072265625,750.765380859375,416.8219299316406,790.7643432617188,521.8341674804688,743.95361328125,520.7660522460938,781.4476928710938,628.5623168945312,744.494384765625,627.5519409179688
344,11.466629557713054,778.1036987304688,222.26087951660156,785.635009765625,215.23446655273438,768.78515625,214.93844604492188,794.548583984375,217.66876220703125,751.3599243164062,216.56785583496094,804.7606201171875,250.84812927246094,736.3098754882812,252.07211303710938,818.0939331054688,183.93739318847656,725.443603515625,188.37063598632812,795.8015747070312,120.1366958618164,743.7669677734375,125.4416275024414,797.1544189453125,416.63037109375,750.846923828125,416.5040283203125,791.6749267578125,522.03515625,744.3912353515625,519.8404541015625,781.3094482421875,628.2373657226562,744.460205078125,625.8665161132812
345,11.49996278317152,777.986572265625,222.38284301757812,786.037353515625,215.15145874023438,768.350341796875,214.95437622070312,796.3590698242188,217.3878936767578,751.4190673828125,216.63853454589844,806.6473999023438,250.64846801757812,737.6780395507812,251.44801330566406,818.9358520507812,185.12789916992188,726.7611083984375,187.76649475097656,797.3533325195312,122.21765899658203,743.7373046875,126.32777404785156,797.6756591796875,416.06304931640625,751.0835571289062,415.6491394042969,791.897216796875,521.3649291992188,745.0936889648438,518.8843383789062,780.939208984375,628.6301879882812,745.272705078125,626.3316650390625
346,11.53329600862999,780.3404541015625,222.44393920898438,788.208740234375,215.88059997558594,771.08740234375,215.72650146484375,797.1516723632812,218.5601043701172,753.3387451171875,217.6712188720703,806.20361328125,248.03778076171875,739.1415405273438,249.9804229736328,819.6719360351562,182.3260955810547,728.74658203125,184.1879119873047,796.3143920898438,118.50431060791016,741.43359375,120.23953247070312,797.1900634765625,414.04302978515625,750.6796875,414.3459167480469,790.2969970703125,522.3764038085938,743.3511352539062,522.7603149414062,782.1553344726562,625.2603149414062,744.6773681640625,626.1932983398438
347,11.566629234088458,782.7909545898438,222.67091369628906,789.5584106445312,215.12950134277344,773.1195678710938,214.87171936035156,797.881591796875,217.08580017089844,754.681884765625,216.66078186035156,807.810791015625,251.93844604492188,739.8020629882812,252.71408081054688,820.1817626953125,187.97315979003906,730.8634643554688,194.37734985351562,799.904052734375,117.9361801147461,751.3999633789062,124.11276245117188,799.5862426757812,417.80523681640625,753.0372314453125,416.8799743652344,792.7581787109375,528.162353515625,745.296142578125,521.1180419921875,783.6592407226562,627.730224609375,745.784423828125,615.5115356445312
348,11.599962459546926,785.1529541015625,223.02206420898438,792.0232543945312,215.00558471679688,775.3535766601562,214.98609924316406,800.5283203125,216.11790466308594,756.8825073242188,216.05360412597656,810.0596313476562,251.9363555908203,741.9893798828125,252.22166442871094,823.5855102539062,188.83541870117188,733.2900390625,192.6458282470703,805.3671875,119.37825775146484,757.0574951171875,122.15841674804688,800.0263671875,418.6941833496094,753.6646118164062,417.7778015136719,792.8687133789062,529.2178344726562,746.6131591796875,522.808349609375,783.4612426757812,628.1918334960938,746.766357421875,616.9635009765625
349,11.633295685005393,785.180419921875,222.64892578125,792.0362548828125,214.79542541503906,775.4373168945312,214.75827026367188,800.4990844726562,216.26943969726562,756.9103393554688,216.1840362548828,809.999267578125,251.72265625,742.1050415039062,252.3103485107422,823.4340209960938,189.0689697265625,733.817626953125,193.71202087402344,804.781494140625,119.23588562011719,756.1234741210938,123.08000946044922,800.270751953125,417.81561279296875,753.8567504882812,417.0013122558594,792.8770751953125,527.87060546875,745.9285278320312,521.8966064453125,783.8241577148438,626.7809448242188,746.2818603515625,616.400146484375
350,11.666628910463862,785.3668823242188,222.6116485595703,792.3807983398438,214.47898864746094,775.6166381835938,214.76724243164062,801.2123413085938,215.23553466796875,757.820556640625,215.95635986328125,810.8182373046875,250.6090545654297,743.394775390625,252.57603454589844,825.428955078125,186.37191772460938,733.464599609375,193.926025390625,806.2402954101562,116.88059997558594,756.8367919921875,124.24869537353516,799.1565551757812,417.1910705566406,753.3621826171875,416.9529113769531,792.570068359375,527.9310302734375,746.8095703125,523.2659912109375,784.4097290039062,627.5940551757812,746.8861083984375,618.645263671875
351,11.69996213592233,785.725341796875,222.6356658935547,792.7540283203125,214.60801696777344,776.2733764648438,214.7282257080078,801.2506103515625,215.12472534179688,758.4949951171875,215.50003051757812,810.913330078125,249.8477783203125,742.9844360351562,252.76136779785156,826.5320434570312,186.2797088623047,731.8726196289062,198.21987915039062,805.7855834960938,117.11952209472656,753.9573364257812,130.9790496826172,798.3746948242188,415.966552734375,752.5009765625,415.927734375,792.6019287109375,527.3740234375,746.6486206054688,522.7428588867188,784.7323608398438,627.76318359375,747.1990966796875,618.8425903320312
352,11.733295361380799,786.4838256835938,222.68634033203125,793.7498779296875,214.63168334960938,777.1174926757812,214.69252014160156,802.4447021484375,214.824951171875,759.3593139648438,215.07980346679688,811.5468139648438,248.7681121826172,743.1476440429688,252.82579040527344,826.7891845703125,185.3800506591797,730.2783813476562,203.23512268066406,806.268798828125,116.88056945800781,751.070556640625,140.97314453125,797.9335327148438,415.1159362792969,751.8916015625,415.3493957519531,792.124755859375,526.7335815429688,746.0992431640625,522.0926513671875,784.1903686523438,627.4304809570312,747.1848754882812,618.5841674804688
353,11.766628586839266,785.7399291992188,222.7350311279297,793.46240234375,214.62791442871094,776.408203125,214.60525512695312,803.4014282226562,214.5989990234375,759.8474731445312,214.8956756591797,812.660400390625,248.26670837402344,744.4509887695312,252.66644287109375,826.769287109375,184.24496459960938,730.9679565429688,204.76461791992188,806.115234375,114.93277740478516,750.6099243164062,145.15196228027344,797.7645874023438,415.51568603515625,751.81982421875,415.5626220703125,792.259765625,526.5252685546875,746.5511474609375,521.0558471679688,783.7757568359375,627.5344848632812,747.3052368164062,617.7050170898438
354,11.799961812297735,786.2086791992188,222.7329559326172,793.9891357421875,214.63385009765625,776.5630493164062,214.88003540039062,804.3421020507812,214.73106384277344,760.078125,215.556396484375,813.6198120117188,247.82730102539062,745.9639892578125,251.22608947753906,826.919921875,182.3036651611328,736.281982421875,196.18447875976562,808.429443359375,112.32139587402344,760.2299194335938,129.28330993652344,798.1783447265625,415.6617431640625,752.0285034179688,415.4588623046875,792.2355346679688,527.43359375,745.9080200195312,521.5969848632812,783.890869140625,628.6800537109375,746.6812133789062,617.9091186523438
355,11.833295037756203,786.7954711914062,222.89614868164062,794.6378173828125,214.71311950683594,777.2896728515625,214.9143829345703,804.8988647460938,214.5330810546875,760.8024291992188,215.23681640625,814.066162109375,247.4780731201172,745.6140747070312,251.6903076171875,827.4376220703125,182.55690002441406,733.9690551757812,200.52340698242188,808.6369018554688,113.99761962890625,756.8587646484375,137.63180541992188,797.9526977539062,415.3159484863281,751.4503173828125,415.3514709472656,792.5973510742188,525.9356689453125,745.3074340820312,520.2020874023438,784.3311767578125,627.3902587890625,746.2976684570312,616.8744506835938
356,11.866628263214672,787.4752807617188,222.9383544921875,795.06640625,214.6259765625,777.7735595703125,215.0349884033203,805.0015869140625,214.54458618164062,760.89892578125,215.72634887695312,814.1427612304688,248.11598205566406,746.1123046875,252.26553344726562,827.1087036132812,182.64891052246094,736.5789794921875,198.2688751220703,809.0956420898438,114.75399017333984,760.0806274414062,132.38619995117188,798.0725708007812,416.64190673828125,751.6957397460938,416.6991882324219,792.521484375,527.3861694335938,745.4155883789062,521.3882446289062,784.6746215820312,628.04638671875,746.4764404296875,616.6975708007812
357,11.899961488673139,787.3428344726562,222.7936553955078,795.198974609375,214.47560119628906,777.6455078125,214.85853576660156,805.7123413085938,214.31253051757812,761.17431640625,215.487548828125,814.557373046875,247.6899871826172,747.07275390625,251.8838348388672,827.1776733398438,182.28546142578125,737.3948974609375,198.8381805419922,809.0353393554688,113.75581359863281,759.54541015625,134.81051635742188,798.03173828125,416.4894104003906,751.8363037109375,416.45928955078125,792.8175659179688,527.3040771484375,745.3387451171875,521.3114013671875,785.5709228515625,627.82421875,746.251220703125,616.8486328125
358,11.933294714131607,787.3768920898438,223.06507873535156,795.2877197265625,214.56463623046875,777.5761108398438,215.06857299804688,806.0887451171875,214.0301971435547,761.2301635742188,215.50454711914062,814.9396362304688,247.2156524658203,747.5836181640625,251.47393798828125,826.7696533203125,181.326171875,738.958984375,197.37069702148438,809.0994262695312,112.91914367675781,761.999267578125,132.7227783203125,798.1347045898438,417.0491027832031,751.859375,416.98345947265625,792.6854858398438,527.7227172851562,744.9844360351562,521.2383422851562,786.3060913085938,628.7437133789062,746.306640625,616.6613159179688
359,11.966627939590076,787.3418579101562,223.10855102539062,795.350341796875,214.53265380859375,777.5481567382812,215.0606231689453,806.4547729492188,213.8897247314453,761.5606079101562,215.44485473632812,815.1397094726562,247.2725372314453,748.0505981445312,251.53121948242188,826.5484008789062,182.26622009277344,739.125244140625,198.2341766357422,809.9795532226562,114.0862045288086,762.185302734375,133.4148712158203,797.95849609375,416.7868347167969,751.857666015625,416.78143310546875,793.038818359375,527.2166137695312,745.5263671875,520.89208984375,786.4075927734375,627.617431640625,746.4422607421875,615.8493041992188
360,11.999961165048544,787.5025024414062,223.1145782470703,795.453369140625,214.50543212890625,777.5887451171875,215.10389709472656,806.4717407226562,213.86929321289062,761.3008422851562,215.5078887939453,815.163330078125,247.30581665039062,748.0306396484375,251.02394104003906,826.5927124023438,182.30810546875,739.9952392578125,195.40663146972656,810.1644287109375,114.34220123291016,763.9866943359375,128.7449951171875,798.3103637695312,416.83782958984375,752.06640625,416.7326354980469,793.0689697265625,526.9973754882812,745.3865966796875,520.7556762695312,786.5501098632812,627.4483642578125,746.4373779296875,615.7550048828125
361,12.033294390507011,787.1524658203125,222.7677001953125,795.1942749023438,214.27426147460938,777.4234008789062,214.7151336669922,806.2867431640625,213.7519989013672,761.4945678710938,215.0922393798828,814.903564453125,247.3700408935547,748.1649780273438,251.26051330566406,826.8948974609375,182.635986328125,738.9651489257812,197.6393585205078,810.0613403320312,114.745361328125,761.8490600585938,133.3538360595703,797.88818359375,416.6291198730469,752.0897827148438,416.51593017578125,792.6173095703125,526.7841186523438,745.6976928710938,520.7546997070312,785.7898559570312,626.9735107421875,746.3706665039062,615.8018798828125
362,12.06662761596548,786.9542236328125,222.82545471191406,795.1718139648438,214.38868713378906,777.4423217773438,214.6903533935547,806.4712524414062,213.86329650878906,761.9644165039062,214.8711700439453,814.9284057617188,247.47044372558594,748.1184692382812,251.53179931640625,827.3775634765625,183.76145935058594,737.159423828125,200.80499267578125,811.5210571289062,116.80707550048828,759.04345703125,139.39878845214844,797.6331176757812,416.54052734375,751.8880615234375,416.5205383300781,792.9910888671875,526.5532836914062,745.6471557617188,520.8399658203125,786.1943969726562,626.21240234375,746.1770629882812,615.8131103515625
363,12.099960841423949,786.4840698242188,223.01783752441406,794.9120483398438,214.66661071777344,776.9379272460938,214.94171142578125,806.675537109375,214.32347106933594,761.7940063476562,215.23468017578125,815.178466796875,247.70448303222656,748.324462890625,251.33883666992188,827.1822509765625,184.04244995117188,737.9244384765625,199.15579223632812,811.7252197265625,116.73314666748047,760.9580078125,135.12904357910156,797.753662109375,416.3274841308594,751.7543334960938,416.182861328125,793.3307495117188,526.3724365234375,745.14013671875,520.5917358398438,785.7626342773438,625.0917358398438,745.454345703125,614.8287353515625
364,12.133294066882417,786.6063842773438,223.2129669189453,795.0062255859375,214.9530792236328,777.24072265625,215.03512573242188,806.45361328125,214.7433319091797,762.0491333007812,215.29269409179688,814.7594604492188,248.45797729492188,747.9888305664062,252.5769500732422,827.1378173828125,184.72091674804688,736.0626220703125,203.42352294921875,811.4873046875,117.61600494384766,756.9420166015625,143.06857299804688,797.2691650390625,416.6109924316406,751.7337036132812,416.50732421875,792.6782836914062,526.2733154296875,745.4669799804688,520.2764892578125,785.1587524414062,625.83349609375,745.8596801757812,615.3255615234375
365,12.166627292340884,786.5155639648438,223.72357177734375,794.8930053710938,215.28387451171875,777.0172729492188,215.53839111328125,806.4789428710938,214.73085021972656,761.777587890625,215.6432647705078,814.8215942382812,248.3080291748047,748.1859130859375,252.2977752685547,827.2652587890625,184.22421264648438,736.995849609375,201.12185668945312,811.40966796875,116.93451690673828,758.71044921875,139.01486206054688,797.1588134765625,417.01763916015625,751.56396484375,416.9400329589844,792.5738525390625,526.2328491210938,745.4456176757812,520.4964599609375,785.3397827148438,625.4917602539062,745.9299926757812,615.166748046875
366,12.199960517799353,786.5657958984375,224.06280517578125,794.8098754882812,215.59300231933594,777.1121215820312,215.80101013183594,806.025390625,214.9547576904297,761.595458984375,215.70846557617188,814.4036865234375,248.5940399169922,747.783935546875,252.32362365722656,827.1964111328125,183.8043670654297,737.7548217773438,199.54632568359375,811.557373046875,116.71913146972656,760.228759765625,135.9922332763672,797.0880737304688,417.65264892578125,751.4421997070312,417.4774169921875,792.5960083007812,526.7410278320312,745.0272216796875,520.5272216796875,785.78759765625,625.5713500976562,745.9241333007812,614.3456420898438
367,12.233293743257821,786.4737548828125,224.16148376464844,794.7607421875,215.7490997314453,777.1077880859375,215.85572814941406,805.810791015625,215.23629760742188,761.4970092773438,215.77076721191406,814.0610961914062,249.035400390625,747.179931640625,253.30532836914062,827.24755859375,184.00958251953125,736.7205200195312,201.72201538085938,811.3364868164062,117.36827087402344,758.885498046875,138.0281219482422,796.7610473632812,417.0267028808594,751.15966796875,417.0884704589844,792.6680908203125,526.1298217773438,745.1882934570312,520.2349853515625,785.4728393554688,624.412353515625,746.3827514648438,613.6716918945312
368,12.26662696871629,785.763671875,224.26036071777344,794.0855712890625,215.7948455810547,776.493408203125,215.8572998046875,805.113037109375,215.1932373046875,761.1260986328125,215.6195831298828,813.5509643554688,249.3831329345703,746.8055419921875,253.5444793701172,827.3402709960938,184.2650909423828,736.9723510742188,200.86502075195312,811.061279296875,117.54341125488281,759.9121704101562,135.12905883789062,796.2418212890625,417.517333984375,750.8890991210938,417.612548828125,792.5305786132812,527.3124389648438,745.6983032226562,521.580810546875,785.6688232421875,626.3194580078125,747.2550659179688,615.7337036132812
369,12.299960194174757,784.9557495117188,224.15072631835938,793.3720703125,215.7420654296875,775.6699829101562,215.8323516845703,804.8720703125,215.25900268554688,760.7410888671875,215.85145568847656,813.8893432617188,249.1563262939453,746.371337890625,253.51419067382812,828.3792724609375,183.37811279296875,736.02880859375,201.27896118164062,811.2089233398438,114.70858001708984,759.4660034179688,135.7306671142578,795.6881713867188,416.69512939453125,749.81103515625,416.77093505859375,792.7621459960938,526.8223876953125,745.3948364257812,521.2135620117188,785.1243286132812,625.4210205078125,746.3689575195312,615.2664794921875
370,12.333293419633225,784.9395141601562,223.8546600341797,793.3817138671875,215.48797607421875,775.5842895507812,215.64752197265625,805.0318603515625,215.14170837402344,760.708740234375,215.9285888671875,814.0635986328125,248.9949188232422,746.4636840820312,253.5261993408203,828.5607299804688,183.74359130859375,735.7313232421875,202.32090759277344,811.4036254882812,115.1358871459961,758.5305786132812,138.1158905029297,795.4972534179688,415.9949645996094,749.55859375,416.1304626464844,793.018310546875,526.5480346679688,745.5443115234375,521.197021484375,785.422119140625,625.2741088867188,746.155029296875,615.6632690429688
371,12.366626645091694,784.530517578125,223.69796752929688,792.5682983398438,215.2301025390625,774.8447265625,215.62586975097656,803.6881103515625,214.71908569335938,759.0557861328125,216.06895446777344,813.4382934570312,248.0209503173828,745.4181518554688,252.84207153320312,828.600341796875,181.54202270507812,735.8676147460938,198.6759033203125,809.557861328125,111.58995056152344,759.9591064453125,130.12515258789062,796.5226440429688,416.2872619628906,750.0685424804688,416.564453125,792.6337280273438,526.8341674804688,745.1048583984375,521.7048950195312,784.48095703125,625.1985473632812,745.5510864257812,614.9159545898438
372,12.399959870550163,784.888671875,223.5455322265625,792.8082275390625,215.1768035888672,775.15283203125,215.64169311523438,803.65234375,214.96234130859375,759.1795043945312,216.35284423828125,813.47314453125,248.55166625976562,745.3115844726562,252.72756958007812,828.6028442382812,182.76083374023438,736.2474365234375,196.8069305419922,809.8966674804688,112.95049285888672,762.1603393554688,126.15446472167969,796.7628784179688,416.258056640625,750.1704711914062,416.47412109375,792.7108154296875,527.4026489257812,745.1053466796875,522.5336303710938,784.56689453125,625.9337768554688,745.5934448242188,616.0816040039062
373,12.43329309600863,785.2489013671875,223.8523406982422,792.8028564453125,215.24488830566406,775.0913696289062,215.89915466308594,803.1270141601562,214.884033203125,757.7693481445312,216.6505889892578,812.8020629882812,248.86907958984375,744.5621948242188,252.70741271972656,827.686279296875,182.94671630859375,737.4407958984375,195.10899353027344,809.7048950195312,112.71924591064453,762.4908447265625,123.4542007446289,797.710693359375,417.51910400390625,750.8674926757812,417.57257080078125,791.9667358398438,528.6398315429688,744.3876953125,523.121826171875,784.2708129882812,626.5469970703125,745.1011352539062,615.3524780273438
374,12.466626321467098,784.7174072265625,223.86898803710938,792.2174682617188,215.44384765625,774.5858154296875,215.95680236816406,802.4481201171875,215.29725646972656,757.147705078125,216.72842407226562,812.4888305664062,249.0103302001953,743.8438110351562,252.0316619873047,828.152587890625,183.5437469482422,737.254638671875,193.71429443359375,810.8689575195312,113.1951904296875,762.37890625,121.77220916748047,797.4539184570312,416.842529296875,750.3928833007812,416.5042419433594,791.8731079101562,528.0692749023438,744.163818359375,521.8052368164062,783.4041137695312,626.6312255859375,744.6520385742188,614.6373901367188
375,12.499959546925567,783.6402587890625,224.03213500976562,791.1971435546875,215.54513549804688,773.4408569335938,216.1218719482422,801.7203369140625,215.16319274902344,756.2174072265625,216.69827270507812,811.957275390625,248.83230590820312,743.775390625,250.92799377441406,828.0830078125,183.73016357421875,737.4791259765625,190.37852478027344,810.3582153320312,112.81857299804688,762.8302612304688,118.1817398071289,797.0394287109375,416.55963134765625,750.2338256835938,415.9092712402344,791.3196411132812,528.10546875,744.264404296875,521.9290161132812,783.4443359375,627.2924194335938,744.6798095703125,615.707763671875
376,12.533292772384035,782.3234252929688,223.71923828125,790.0777587890625,215.40704345703125,772.041259765625,215.9685516357422,801.2063598632812,215.4348907470703,755.4296875,216.9453887939453,811.3634643554688,248.98492431640625,744.3926391601562,250.1070556640625,826.3270263671875,183.19851684570312,738.865478515625,186.5656280517578,809.3726806640625,112.4235610961914,764.019287109375,114.2290267944336,796.9249267578125,416.5599670410156,750.5632934570312,415.4973449707031,791.4207153320312,527.7879028320312,744.0547485351562,520.9970703125,783.754150390625,626.669677734375,743.8456420898438,614.5628051757812
377,12.566625997842502,780.8360595703125,223.66946411132812,788.645751953125,215.406005859375,770.7379150390625,215.8550567626953,799.9981079101562,215.4836883544922,754.8087158203125,216.79872131347656,810.5723266601562,249.16172790527344,743.6515502929688,250.3759307861328,824.903076171875,183.37220764160156,737.1073608398438,187.85145568847656,808.0936279296875,113.32876586914062,762.062744140625,116.55683898925781,796.7623901367188,416.8824462890625,750.5245361328125,415.7911682128906,791.2916259765625,528.590087890625,743.88330078125,521.3184204101562,783.6369018554688,627.0093994140625,743.7288208007812,614.157470703125
378,12.59995922330097,780.1573486328125,223.1953125,787.7401733398438,214.98773193359375,770.0852661132812,215.53115844726562,798.5889892578125,215.37083435058594,754.18505859375,216.74169921875,809.1568603515625,249.908935546875,742.5657958984375,250.69842529296875,821.619384765625,185.1287384033203,735.5556640625,187.7722625732422,804.4049682617188,117.13066101074219,761.8410034179688,117.05467987060547,796.6829833984375,417.0254821777344,750.71435546875,415.98834228515625,791.17822265625,529.03369140625,744.1171264648438,521.7463989257812,783.920654296875,627.3643188476562,744.2505493164062,614.667724609375
379,12.63329244875944,779.68310546875,222.56939697265625,787.2005004882812,214.49679565429688,769.8497314453125,214.8289337158203,797.593017578125,215.11917114257812,753.8463745117188,216.05628967285156,808.3700561523438,249.92391967773438,741.5213012695312,251.17019653320312,822.18017578125,184.99752807617188,733.78173828125,189.34474182128906,804.0454711914062,117.38395690917969,759.5101928710938,118.39981842041016,796.4036254882812,416.7213134765625,750.583740234375,415.8955078125,790.8095703125,528.725341796875,744.0347900390625,521.9987182617188,783.60009765625,627.586669921875,744.4859008789062,615.48583984375
380,12.666625674217908,779.031982421875,221.90127563476562,786.7261352539062,214.03575134277344,769.1705322265625,214.23208618164062,797.3193359375,215.34463500976562,753.172119140625,216.00274658203125,807.8602905273438,250.67608642578125,740.8569946289062,251.87120056152344,821.334716796875,186.45616149902344,732.126220703125,191.44068908691406,803.0396728515625,118.71040344238281,757.1165161132812,121.35244750976562,796.6156005859375,417.0234069824219,750.7095947265625,416.2812805175781,790.945068359375,529.33203125,743.92578125,523.1836547851562,783.6071166992188,627.978759765625,744.259521484375,616.9525146484375
381,12.699958899676375,777.6653442382812,221.42955017089844,786.04296875,214.0509033203125,767.93701171875,214.02293395996094,797.2008666992188,216.1407470703125,752.3931274414062,215.83799743652344,807.92724609375,250.2608642578125,739.0238037109375,250.2512969970703,820.12158203125,183.59341430664062,728.7150268554688,184.03387451171875,801.4969482421875,118.28021240234375,752.5272216796875,121.205322265625,795.8853149414062,417.1426696777344,749.216796875,416.2476501464844,791.2636108398438,523.826171875,743.8554077148438,519.490478515625,782.2953491210938,629.2161254882812,744.0432739257812,623.299560546875
382,12.733292125134843,776.8064575195312,221.38339233398438,785.3305053710938,214.09332275390625,767.2639770507812,214.05133056640625,796.7124633789062,216.3281707763672,752.4488525390625,215.89541625976562,807.7457885742188,250.40655517578125,738.6512451171875,250.3865203857422,820.224853515625,184.13958740234375,726.8978881835938,185.0646209716797,801.9635620117188,118.54720306396484,751.3801879882812,122.61383819580078,795.7435913085938,417.14178466796875,748.99658203125,416.3797302246094,791.825927734375,524.1942138671875,743.9324951171875,520.3892822265625,782.76611328125,629.6614379882812,744.0662231445312,624.9619140625
383,12.766625350593312,777.081787109375,221.6863250732422,785.1860961914062,214.35203552246094,767.38623046875,214.4230499267578,795.8221435546875,216.58258056640625,751.7423706054688,216.33538818359375,806.7215576171875,250.94313049316406,738.0010986328125,250.5260009765625,819.1426391601562,184.58413696289062,727.1912841796875,183.6587677001953,801.3963623046875,118.79804229736328,752.3176879882812,120.22415924072266,795.8487548828125,417.14813232421875,749.3217163085938,416.30743408203125,791.2256469726562,524.339599609375,743.8048095703125,520.2468872070312,782.6153564453125,629.8294677734375,743.7605590820312,624.3399658203125
384,12.79995857605178,776.3712768554688,221.56072998046875,784.5643310546875,214.29498291015625,766.8689575195312,214.2964324951172,795.32177734375,216.521484375,751.6641845703125,216.1703338623047,806.2326049804688,250.1925048828125,737.7567138671875,250.57284545898438,817.8944702148438,182.9038848876953,725.5612182617188,184.76255798339844,799.1865234375,117.85955810546875,748.676025390625,122.2662353515625,795.798828125,416.907470703125,749.4174194335938,416.3302307128906,791.2192993164062,523.5726928710938,743.6001586914062,519.7305908203125,782.90576171875,629.6599731445312,743.8585815429688,624.3827514648438
385,12.833291801510248,776.2644653320312,221.78976440429688,784.5950317382812,214.6350555419922,766.8477172851562,214.45211791992188,795.382568359375,217.05491638183594,751.4598999023438,216.26165771484375,805.8381958007812,250.46897888183594,737.4520874023438,250.66773986816406,818.02001953125,182.69039916992188,725.1744384765625,184.59085083007812,799.3818969726562,116.80567932128906,748.1250610351562,121.47097778320312,795.7674560546875,416.36474609375,749.4132080078125,415.8269958496094,791.20166015625,522.7953491210938,743.26025390625,519.568359375,782.9014892578125,629.3383178710938,743.6507568359375,625.1693115234375
386,12.866625026968716,776.4562377929688,221.98805236816406,784.7105102539062,214.8202362060547,767.110107421875,214.58412170410156,795.2430419921875,217.0602264404297,751.4112548828125,216.09336853027344,805.4051513671875,250.24771118164062,737.2255249023438,250.37081909179688,818.0579833984375,182.64974975585938,725.5101928710938,184.84963989257812,799.0484008789062,116.73609924316406,748.2099609375,122.74503326416016,795.4952392578125,416.0680236816406,749.2003784179688,415.5291748046875,791.0642700195312,522.8414306640625,743.078369140625,519.867919921875,783.0260009765625,628.8936767578125,743.5177001953125,625.30224609375
387,12.899958252427185,775.30078125,221.45628356933594,784.03759765625,214.3839569091797,765.8648681640625,213.9515838623047,795.4945678710938,217.14486694335938,750.6564331054688,215.8517608642578,805.545166015625,251.06884765625,737.6015014648438,250.48252868652344,817.9185791015625,184.422119140625,725.8553466796875,184.89779663085938,799.1896362304688,117.8848648071289,746.1500244140625,122.5289306640625,795.1778564453125,416.57025146484375,749.0048828125,415.59600830078125,791.1658325195312,523.4528198242188,742.8658447265625,519.8590698242188,783.220947265625,629.388916015625,743.0802001953125,625.3475952148438
388,12.933291477885653,775.1582641601562,221.4421844482422,783.918212890625,214.30628967285156,765.7049560546875,213.92276000976562,795.486572265625,217.0407257080078,750.6834106445312,215.9053955078125,805.78173828125,251.2416534423828,737.6375122070312,250.98681640625,817.6798706054688,184.53453063964844,725.4234008789062,185.76487731933594,798.29638671875,118.70941925048828,745.3098754882812,123.85746002197266,795.28271484375,417.0192565917969,749.0279541015625,416.10614013671875,791.463134765625,523.6294555664062,742.9259643554688,519.8413696289062,783.5115356445312,629.3057250976562,743.1016235351562,624.8633422851562
389,12.96662470334412,775.3447265625,221.45166015625,784.0328979492188,214.31288146972656,765.8025512695312,213.9836883544922,795.5139770507812,217.04803466796875,750.437255859375,215.9473876953125,805.8525390625,251.13539123535156,737.17041015625,250.59544372558594,817.5671997070312,186.22457885742188,724.8597412109375,185.94784545898438,797.8204956054688,119.9759750366211,744.8702392578125,122.44400787353516,795.8141479492188,416.1035461425781,749.0985717773438,415.2123718261719,791.8217163085938,522.8895263671875,742.6004028320312,519.5490112304688,783.2631225585938,628.092529296875,742.5664672851562,624.517578125
390,12.999957928802589,775.2073974609375,221.25755310058594,783.8659057617188,214.18789672851562,765.7701416015625,213.86453247070312,795.1834716796875,217.05433654785156,750.60791015625,215.942626953125,805.6485595703125,251.34811401367188,737.0972290039062,250.99569702148438,817.2197875976562,186.04112243652344,724.6360473632812,186.08680725097656,796.0531616210938,120.09754943847656,745.0864868164062,122.48981475830078,795.4430541992188,416.7372741699219,748.882080078125,415.9150085449219,791.279052734375,523.4714965820312,742.5648803710938,520.3021240234375,782.720703125,628.6500854492188,742.8033447265625,625.2898559570312
391,13.033291154261057,775.2131958007812,221.00880432128906,783.7896728515625,213.96743774414062,765.67236328125,213.74783325195312,795.052734375,217.0438690185547,750.4100952148438,216.21331787109375,805.5809936523438,251.40782165527344,737.0164794921875,251.35818481445312,816.2092895507812,185.7601776123047,724.6024169921875,186.31271362304688,794.5435180664062,120.56527709960938,744.6494140625,123.20061492919922,795.4690551757812,416.81817626953125,748.9099731445312,416.0382995605469,790.6727905273438,524.051513671875,742.3590087890625,520.5693969726562,782.5040893554688,630.296875,742.8970336914062,626.1611328125
392,13.066624379719526,775.113037109375,220.73707580566406,783.5267944335938,213.75938415527344,765.7506103515625,213.57015991210938,794.4434204101562,216.67677307128906,750.6747436523438,215.9274139404297,804.9932250976562,250.34896850585938,736.9215698242188,250.94418334960938,815.6581420898438,184.3402557373047,723.8236694335938,186.49945068359375,794.1369018554688,120.32247924804688,745.0021362304688,123.64434814453125,795.2130126953125,415.57867431640625,749.01513671875,415.155517578125,790.3328857421875,523.1019897460938,742.5369873046875,520.249755859375,782.31103515625,629.837890625,742.906982421875,626.0816650390625
393,13.099957605177993,775.7853393554688,220.38499450683594,783.9668579101562,213.30136108398438,766.09228515625,213.46546936035156,794.64208984375,216.22763061523438,750.6986083984375,216.11972045898438,805.0614013671875,250.2470245361328,736.9266357421875,250.42605590820312,813.6785888671875,184.82748413085938,723.9940185546875,184.7117919921875,792.5697021484375,121.29290771484375,747.82421875,121.78733825683594,795.322265625,415.1464538574219,748.9630126953125,414.7163391113281,790.3658447265625,523.0139770507812,742.8280029296875,519.9408569335938,781.7427978515625,628.8978271484375,742.7576293945312,624.8680419921875
394,13.133290830636462,775.9110107421875,220.30686950683594,784.0999145507812,213.2165069580078,766.2362060546875,213.33558654785156,794.623046875,216.302734375,750.6577758789062,216.12033081054688,804.7256469726562,250.63455200195312,736.9586181640625,251.21908569335938,813.0844116210938,184.37142944335938,724.0595703125,185.7646484375,791.6464233398438,120.66557312011719,745.9891967773438,123.05805969238281,795.3893432617188,416.3339538574219,749.352294921875,416.02154541015625,789.9495849609375,523.5716552734375,743.0219116210938,520.6002807617188,781.633544921875,629.8548583984375,743.4945068359375,626.011474609375
395,13.16662405609493,776.3930053710938,220.40744018554688,784.616455078125,213.37254333496094,766.6382446289062,213.46031188964844,795.1702270507812,216.57568359375,750.8077392578125,216.36778259277344,805.0213623046875,250.80078125,737.0982666015625,251.5038604736328,812.488037109375,184.01327514648438,724.4965209960938,185.9362030029297,790.8622436523438,120.60465240478516,745.5760498046875,123.23607635498047,795.4124145507812,416.564453125,749.2579956054688,416.1588134765625,789.3726806640625,524.0841064453125,742.5117797851562,520.5135498046875,780.9257202148438,630.4930419921875,743.35546875,625.6563110351562
396,13.199957281553399,776.4364013671875,220.54295349121094,784.7785034179688,213.52511596679688,766.8027954101562,213.4518585205078,795.4161987304688,216.65380859375,751.1451416015625,216.0260772705078,805.0532836914062,250.9497833251953,737.0762329101562,251.06996154785156,813.06005859375,184.43983459472656,724.06787109375,185.41847229003906,792.8121948242188,120.88971710205078,746.7059936523438,122.64508056640625,795.2964477539062,416.8027648925781,749.16015625,416.2713928222656,789.4537353515625,524.1380615234375,742.5337524414062,520.546875,780.6962280273438,630.4486694335938,743.2208251953125,625.6385498046875
397,13.233290507011866,776.7620239257812,220.60244750976562,784.8530883789062,213.51748657226562,767.216552734375,213.40438842773438,794.8602294921875,216.30917358398438,750.9371337890625,215.53285217285156,804.4917602539062,250.31813049316406,736.249755859375,250.54763793945312,813.43603515625,183.83493041992188,723.7806396484375,185.33741760253906,792.8742065429688,120.76177215576172,746.7194213867188,123.01012420654297,795.233642578125,416.14776611328125,748.9948120117188,415.6712646484375,789.078857421875,523.5051879882812,742.1801147460938,519.8790283203125,780.9218139648438,630.1563720703125,743.5438842773438,625.0303955078125
398,13.266623732470334,777.1953735351562,220.81517028808594,785.1585083007812,213.63482666015625,767.5307006835938,213.6138153076172,794.8551635742188,216.4061279296875,750.6655883789062,215.7980194091797,804.0473022460938,250.57583618164062,736.0802612304688,250.8848419189453,813.3282470703125,183.5713653564453,724.3311767578125,184.78353881835938,793.0452270507812,120.31085205078125,747.1233520507812,122.21070861816406,795.0804443359375,416.8269348144531,748.9842529296875,416.5046691894531,788.7753295898438,523.3118896484375,742.2559204101562,520.2337036132812,781.2383422851562,630.1547241210938,743.8884887695312,625.6630859375
399,13.299956957928803,776.8743896484375,220.744384765625,784.9695434570312,213.6627960205078,767.3341674804688,213.56625366210938,794.8399047851562,216.57554626464844,750.9283447265625,215.76040649414062,804.1336669921875,250.73477172851562,736.0908813476562,250.96221923828125,812.8723754882812,183.91552734375,723.8157348632812,185.38462829589844,792.6630859375,120.35569763183594,747.3812255859375,122.46253967285156,795.1279907226562,417.1919860839844,748.9678344726562,416.8208923339844,788.4849853515625,523.850830078125,741.6676635742188,520.5496215820312,780.89794921875,630.4786987304688,743.5819702148438,625.71533203125
400,13.333290183387271,777.0133056640625,220.80886840820312,785.06640625,213.84530639648438,767.539306640625,213.6800079345703,794.8074340820312,216.84378051757812,750.9620361328125,215.9535369873047,803.9801635742188,250.48292541503906,736.1722412109375,251.27865600585938,813.4990234375,183.32737731933594,724.0023803710938,186.37184143066406,793.0947875976562,119.92562866210938,746.4251708984375,123.06926727294922,795.1734619140625,416.2233581542969,749.1673583984375,416.07781982421875,788.60205078125,523.0418701171875,741.9251098632812,520.3834838867188,780.5440063476562,629.5177001953125,743.5072021484375,625.609619140625
401,13.366623408845738,777.1629638671875,220.97096252441406,785.2853393554688,213.94265747070312,767.6273803710938,213.7858428955078,795.2047729492188,216.91062927246094,750.9114990234375,216.0232696533203,804.314453125,250.7125244140625,736.1380615234375,251.17381286621094,814.3207397460938,184.47518920898438,724.1655883789062,186.32455444335938,793.9081420898438,120.79067993164062,746.9902954101562,122.89887237548828,795.2079467773438,415.811279296875,748.9347534179688,415.6253967285156,788.7991333007812,522.57275390625,741.8357543945312,520.3403930664062,780.9293212890625,628.9135131835938,743.4763793945312,625.782470703125
402,13.399956634304207,777.1068115234375,220.99838256835938,785.0994873046875,213.91180419921875,767.6661987304688,213.76669311523438,794.755859375,216.75730895996094,750.991943359375,215.8687286376953,804.0938720703125,250.775634765625,736.1149291992188,251.13023376464844,814.7439575195312,184.43716430664062,724.477783203125,186.1482696533203,794.303466796875,120.44058990478516,746.8765258789062,123.0994873046875,794.9402465820312,416.5334167480469,748.8920288085938,416.2297668457031,788.2800903320312,523.0568237304688,741.8565673828125,520.453369140625,780.99169921875,629.8975830078125,743.88037109375,626.2531127929688
403,13.433289859762676,777.0252075195312,221.23883056640625,784.966796875,214.1991424560547,767.7236938476562,213.94320678710938,794.3767700195312,216.93194580078125,751.0501708984375,215.75067138671875,803.5886840820312,250.72496032714844,736.0494384765625,250.98678588867188,814.8858642578125,184.06716918945312,724.472412109375,186.0770263671875,795.1296997070312,119.4662857055664,746.9961547851562,122.62410736083984,794.863525390625,416.724365234375,749.1233520507812,416.4050598144531,788.2266235351562,523.29296875,742.0758666992188,520.6635131835938,780.683349609375,629.6968994140625,743.922119140625,626.0580444335938
404,13.466623085221144,776.5086059570312,221.42938232421875,784.704345703125,214.32608032226562,767.1687622070312,214.1411895751953,794.8776245117188,216.97499084472656,751.1588134765625,216.10073852539062,804.4684448242188,250.79840087890625,736.6705932617188,251.45413208007812,815.3076782226562,185.22280883789062,724.1964111328125,188.30966186523438,794.7176513671875,121.02487182617188,745.3318481445312,126.11458587646484,794.7533569335938,416.3763427734375,748.8703002929688,416.05548095703125,788.2570190429688,523.2027587890625,741.8922119140625,520.6279296875,780.9053344726562,629.947998046875,743.5712280273438,626.5134887695312
405,13.499956310679613,776.6923828125,221.55435180664062,784.8886108398438,214.56129455566406,767.4331665039062,214.14723205566406,794.9907836914062,217.38522338867188,751.2962646484375,216.0675811767578,804.8173217773438,251.26438903808594,736.451904296875,251.47731018066406,816.5928344726562,185.9519500732422,724.9927368164062,188.4068603515625,796.4102783203125,120.87968444824219,746.5226440429688,124.88566589355469,794.7586669921875,416.6595153808594,748.4539184570312,416.0596008300781,789.2262573242188,523.8350219726562,741.7821655273438,520.4525756835938,781.5344848632812,630.1011352539062,743.2680053710938,625.4601440429688
406,13.53328953613808,776.6317138671875,221.85304260253906,785.093505859375,214.76959228515625,767.25732421875,214.44419860839844,795.7775268554688,217.49966430664062,751.330078125,216.3677978515625,805.1299438476562,251.24305725097656,737.349609375,251.4227294921875,816.8192138671875,185.93479919433594,726.0492553710938,187.58633422851562,797.6826782226562,120.317626953125,747.1488647460938,123.40267944335938,794.7870483398438,416.0198669433594,748.7417602539062,415.52899169921875,789.1710205078125,523.2627563476562,741.7452392578125,520.7850341796875,781.6288452148438,628.8904418945312,742.8931884765625,625.9031982421875
407,13.566622761596548,776.9489135742188,222.0121612548828,785.349853515625,214.82167053222656,767.510498046875,214.56968688964844,796.0181884765625,217.28158569335938,751.55322265625,216.31272888183594,805.5189819335938,251.12933349609375,737.6304321289062,251.27455139160156,816.9706420898438,185.3124237060547,726.5973510742188,186.9822540283203,797.7438354492188,119.99272918701172,747.179931640625,123.86473846435547,794.9061889648438,416.8460998535156,748.775146484375,416.2137145996094,789.6076049804688,523.8519897460938,742.0026245117188,520.6450805664062,782.1189575195312,629.4860229492188,743.1229858398438,625.54296875
408,13.599955987055017,777.3716430664062,222.0728759765625,785.6594848632812,214.96493530273438,768.1583862304688,214.73304748535156,796.05517578125,217.3046875,752.65234375,216.24256896972656,805.809326171875,250.9663848876953,737.8390502929688,250.92086791992188,817.4052124023438,185.6629180908203,725.8804931640625,187.3705291748047,797.9654541015625,119.93352508544922,749.344482421875,124.63912200927734,795.094970703125,416.2990417480469,748.9796142578125,415.7359313964844,789.9160766601562,523.1300048828125,742.63134765625,520.2935180664062,781.750732421875,628.2546997070312,743.6353759765625,625.1364135742188
409,13.633289212513485,778.1676025390625,222.56639099121094,786.4208984375,215.3086700439453,768.818603515625,215.12794494628906,796.77099609375,217.2887725830078,752.808349609375,216.41648864746094,806.4637451171875,250.58749389648438,738.1416015625,251.1675567626953,818.4714965820312,184.0445556640625,726.7005615234375,187.38565063476562,798.8876953125,118.46150207519531,749.3250122070312,124.7452621459961,795.6857299804688,416.6820373535156,749.3018188476562,416.24847412109375,790.1443481445312,523.6904907226562,742.4345703125,520.7893676757812,782.015869140625,628.8912353515625,743.469970703125,625.349853515625
410,13.666622437971952,777.9271850585938,222.46224975585938,786.40625,215.1616973876953,768.378662109375,215.02792358398438,797.246826171875,217.2568359375,752.40625,216.5106658935547,806.6315307617188,250.80413818359375,738.3281860351562,251.1070556640625,817.9228515625,184.29986572265625,727.0263671875,186.29745483398438,798.4622802734375,118.47848510742188,749.868408203125,122.95679473876953,795.4161987304688,416.5003967285156,748.9674682617188,415.9997863769531,790.1202392578125,523.410888671875,742.2854614257812,520.6167602539062,781.889892578125,628.9150390625,743.1131591796875,625.6417236328125
411,13.699955663430421,778.3681640625,222.29039001464844,786.6973876953125,215.00531005859375,768.8675537109375,214.93568420410156,797.4471435546875,216.9342041015625,753.2000732421875,216.44554138183594,807.3662109375,249.9740447998047,739.16162109375,250.72357177734375,818.1200561523438,182.7562255859375,728.2240600585938,185.8322296142578,798.6455688476562,117.36146545410156,750.5641479492188,122.33821105957031,795.6810302734375,416.480712890625,749.2214965820312,415.8900451660156,790.5880126953125,523.7916870117188,742.3373413085938,519.8779907226562,782.2802124023438,630.1447143554688,742.76806640625,624.8965454101562
412,13.73328888888889,778.9882202148438,222.22166442871094,787.091796875,214.7257537841797,769.2450561523438,215.03298950195312,797.6904296875,216.3783721923828,753.5419921875,216.73789978027344,807.5106811523438,249.49822998046875,740.20703125,250.76141357421875,816.9860229492188,180.7999267578125,730.1382446289062,183.8343505859375,798.5656127929688,116.33909606933594,752.7620239257812,120.46480560302734,795.8404541015625,417.6266784667969,749.8936767578125,417.2514343261719,790.5407104492188,523.6249389648438,743.235107421875,519.6095581054688,782.3090209960938,630.5485229492188,743.275146484375,624.846923828125
413,13.766622114347358,779.5499877929688,222.04742431640625,787.3536987304688,214.51495361328125,769.8180541992188,214.90945434570312,797.52978515625,216.08753967285156,753.946533203125,216.70310974121094,807.8937377929688,249.22836303710938,740.402587890625,250.78622436523438,818.130615234375,181.07069396972656,730.42236328125,184.7216796875,799.92041015625,117.3332290649414,752.1480712890625,122.1365966796875,796.2733154296875,417.6426696777344,750.2626953125,417.2916259765625,791.3192749023438,524.0023193359375,743.7847290039062,519.7051391601562,783.2642211914062,631.3790893554688,743.360107421875,625.06396484375
414,13.799955339805825,779.7251586914062,222.96990966796875,787.9075317382812,215.25465393066406,769.8004150390625,215.7545166015625,799.0547485351562,216.45594787597656,754.3798828125,217.38040161132812,809.3392333984375,249.56788635253906,741.6598510742188,250.9619598388672,819.020263671875,181.65626525878906,731.4912109375,184.3472137451172,800.8322143554688,116.97341918945312,753.011474609375,121.27283477783203,796.3884887695312,418.00189208984375,750.1636962890625,417.5020446777344,791.7155151367188,523.7129516601562,743.8717651367188,519.2819213867188,783.6467895507812,630.8411865234375,743.3464965820312,624.524658203125
415,13.833288565264294,779.3944091796875,223.27127075195312,787.6529541015625,215.54103088378906,769.700439453125,215.9655303955078,798.9151611328125,216.44790649414062,754.7822265625,217.2978515625,809.3609008789062,249.30845642089844,742.002197265625,251.43240356445312,819.7840576171875,181.9087371826172,731.25830078125,187.3810577392578,801.6439208984375,118.49100494384766,752.2876586914062,126.22394561767578,796.0166625976562,418.17816162109375,750.119384765625,417.8636169433594,791.3643188476562,523.870361328125,743.84521484375,519.68359375,783.7394409179688,630.8956909179688,743.3763427734375,624.6478881835938
416,13.866621790722762,780.3698120117188,223.44912719726562,788.55224609375,215.7314910888672,770.7122192382812,216.1110076904297,799.4903564453125,216.5224151611328,755.2528686523438,217.1829071044922,809.6434936523438,249.1083221435547,742.1697998046875,251.1316375732422,820.7870483398438,183.25477600097656,731.7349853515625,188.98202514648438,801.9605102539062,119.5991439819336,752.1034545898438,129.02294921875,796.4244995117188,417.49810791015625,750.3922729492188,417.1951904296875,791.54638671875,522.9160766601562,743.8045043945312,519.3596801757812,783.7042236328125,629.9386596679688,743.359619140625,625.1079711914062
417,13.89995501618123,782.1365966796875,223.90438842773438,789.9324340820312,215.65296936035156,772.475341796875,216.0252227783203,800.5904541015625,215.8287353515625,756.8209838867188,216.79779052734375,810.1476440429688,250.32525634765625,743.5400390625,252.5232696533203,821.4197387695312,186.87173461914062,733.099853515625,194.79232788085938,802.5198364257812,119.41163635253906,757.2830810546875,125.4486312866211,797.0078125,417.44989013671875,751.1022338867188,417.13262939453125,792.8580322265625,529.4214477539062,744.1611328125,523.7633666992188,786.613037109375,628.5328369140625,744.126220703125,618.1776733398438
418,13.933288241639698,782.4468994140625,224.08493041992188,790.006103515625,215.80197143554688,772.644287109375,216.32955932617188,800.5482788085938,216.0477294921875,756.8311157226562,217.42515563964844,810.8363647460938,250.57394409179688,743.8251953125,252.7165985107422,822.6469116210938,186.7642059326172,734.427734375,193.69029235839844,803.049072265625,118.3922119140625,758.3341064453125,123.24514770507812,797.6298217773438,418.21246337890625,751.2948608398438,417.7321472167969,793.4981689453125,530.2396850585938,744.1727905273438,523.9691162109375,787.3543701171875,628.6583251953125,743.8304443359375,617.166015625
419,13.966621467098166,783.1326293945312,224.17420959472656,790.650634765625,216.03932189941406,773.5554809570312,216.4232940673828,800.7440795898438,216.42173767089844,757.6627197265625,217.32630920410156,810.87255859375,250.82205200195312,743.4039916992188,252.56719970703125,824.0119018554688,187.66607666015625,734.1792602539062,194.07391357421875,805.8982543945312,119.05452728271484,760.4846801757812,122.79126739501953,797.1649780273438,417.95465087890625,750.6267700195312,417.5235595703125,793.8760986328125,530.6578979492188,744.3668212890625,524.7439575195312,787.4700927734375,629.1593017578125,744.3422241210938,618.4150390625
420,13.999954692556635,782.7841186523438,223.50119018554688,791.0704345703125,215.96270751953125,773.3333129882812,216.19020080566406,801.9241333007812,216.6327362060547,758.0083618164062,216.8369140625,812.662841796875,248.52725219726562,742.859619140625,250.7175750732422,824.5254516601562,185.972412109375,731.9898071289062,192.79055786132812,806.7385864257812,125.0404281616211,754.8294067382812,132.8917236328125,797.7095336914062,417.3589172363281,750.1812744140625,417.0768127441406,793.87451171875,524.7080078125,744.08203125,520.5926513671875,783.2633666992188,630.9428100585938,743.4223022460938,625.590087890625
421,14.033287918015104,783.2132568359375,224.5468292236328,790.8312377929688,216.2932891845703,773.6544799804688,216.75204467773438,801.0325927734375,216.20033264160156,757.8319702148438,217.27374267578125,810.9431762695312,250.1873321533203,743.5181274414062,252.69937133789062,824.1502685546875,187.2158660888672,733.95947265625,195.631591796875,806.4645385742188,119.8067855834961,760.6221313476562,125.06470489501953,796.7537841796875,417.4836730957031,750.3973388671875,417.3827819824219,793.270751953125,530.7380981445312,744.4129638671875,525.38525390625,786.9268798828125,630.0547485351562,744.7368774414062,619.931396484375
422,14.06662114347357,783.7808227539062,224.33560180664062,791.3819580078125,216.1344451904297,774.3058471679688,216.62550354003906,801.5780029296875,216.23150634765625,758.7487182617188,217.40379333496094,811.5975341796875,250.2599334716797,744.2081298828125,253.10916137695312,824.8031616210938,187.337158203125,734.4614868164062,197.03811645507812,807.5172729492188,120.01090240478516,760.7734375,127.4023666381836,796.8869018554688,417.10565185546875,750.6685791015625,417.1165771484375,793.4221801757812,530.4463500976562,744.89404296875,525.324951171875,786.8792114257812,630.10302734375,745.15087890625,620.5678100585938
423,14.099954368932039,784.7645263671875,224.39743041992188,792.2797241210938,216.12074279785156,775.255859375,216.58480834960938,802.2073974609375,216.22215270996094,759.1912841796875,217.33656311035156,812.0328979492188,250.36476135253906,744.1990966796875,253.3612823486328,825.73486328125,187.15621948242188,735.26171875,197.35386657714844,808.2056884765625,119.11974334716797,762.234619140625,126.88233947753906,797.086669921875,417.53240966796875,750.5076904296875,417.64300537109375,793.921875,530.5516357421875,744.8567504882812,525.6322631835938,787.27587890625,629.828125,745.1495971679688,620.4017944335938
424,14.133287594390508,785.3076782226562,224.59164428710938,792.857177734375,216.359130859375,775.8662719726562,216.7479705810547,802.7094116210938,216.38815307617188,759.7167358398438,217.2461395263672,812.28515625,250.4220428466797,744.8731079101562,252.91070556640625,826.5692749023438,186.56700134277344,736.933837890625,195.3719024658203,809.5492553710938,119.2556381225586,763.5411376953125,125.52311706542969,797.11279296875,417.8985595703125,750.7440795898438,417.7656555175781,794.0972900390625,530.4617919921875,745.010009765625,525.1109619140625,787.5814819335938,629.6463623046875,745.5631103515625,619.943115234375
425,14.166620819848976,786.0630493164062,224.6203155517578,793.6441650390625,216.34213256835938,776.7261962890625,216.6182861328125,803.4445190429688,216.07762145996094,760.3954467773438,216.74391174316406,812.711669921875,249.4989776611328,745.2105712890625,252.49969482421875,826.9857788085938,185.00770568847656,736.9718017578125,196.76869201660156,808.6904296875,116.45832061767578,762.3002319335938,128.53582763671875,797.1533813476562,418.11846923828125,750.6339721679688,418.0372619628906,794.4189453125,530.2070922851562,744.8627319335938,524.750244140625,788.158203125,629.7666015625,745.5680541992188,619.8206176757812
426,14.199954045307443,786.3466186523438,223.69664001464844,794.71484375,216.26840209960938,777.2240600585938,216.2961883544922,805.2821044921875,216.57470703125,761.76416015625,216.2118682861328,814.7307739257812,247.5015869140625,745.9129638671875,249.65185546875,826.0819091796875,184.73431396484375,735.457275390625,194.47604370117188,807.5590209960938,123.99748229980469,756.5888061523438,140.48406982421875,798.2722778320312,417.3448486328125,751.2117309570312,416.852783203125,794.2201538085938,524.8777465820312,744.7656860351562,520.6954956054688,783.314697265625,631.010986328125,744.1411743164062,626.8153076171875
427,14.233287270765912,786.8843383789062,223.2677459716797,795.2949829101562,215.8370361328125,777.7407836914062,215.86720275878906,805.939453125,216.26907348632812,762.2620239257812,215.95254516601562,815.2935791015625,247.3788604736328,746.2954711914062,249.69564819335938,826.598388671875,185.46380615234375,735.07275390625,196.307373046875,807.31103515625,124.26924896240234,755.7156372070312,143.76708984375,798.5333251953125,417.02978515625,751.34619140625,416.59698486328125,794.650390625,524.4862670898438,744.9862670898438,520.7076416015625,783.7352905273438,630.4785766601562,744.0156860351562,627.0027465820312
428,14.26662049622438,787.494384765625,224.13401794433594,795.3755493164062,215.74537658691406,777.8313598632812,216.32479858398438,805.8741455078125,215.50228881835938,761.822265625,216.80226135253906,814.6121215820312,249.2458953857422,747.4909057617188,252.09219360351562,826.219482421875,186.037109375,738.7525634765625,196.1022491455078,809.2513427734375,119.27125549316406,764.9971923828125,128.87709045410156,797.9706420898438,418.2479553222656,751.4996948242188,418.1226806640625,794.5803833007812,530.9176635742188,744.86669921875,525.2457275390625,788.8873291015625,631.39990234375,745.3543701171875,621.1138916015625
429,14.299953721682849,788.1922607421875,224.01539611816406,795.9401245117188,215.44789123535156,778.42822265625,216.25091552734375,806.3986206054688,214.834716796875,762.5660400390625,216.62149047851562,815.0944213867188,248.90829467773438,749.076904296875,251.6545867919922,826.4702758789062,184.9551239013672,741.1217041015625,192.739990234375,810.8786010742188,118.9265365600586,767.103515625,123.70917510986328,798.3568115234375,417.4629821777344,752.7584228515625,417.3371276855469,794.3638305664062,529.9003295898438,746.2490844726562,524.2379760742188,788.5820922851562,631.4688110351562,746.1287231445312,621.1444091796875
430,14.333286947141316,788.4384765625,224.28533935546875,796.0537109375,215.6647491455078,778.5389404296875,216.5570068359375,806.4047241210938,214.88954162597656,762.2615966796875,216.93829345703125,815.0240478515625,248.37411499023438,749.1575927734375,251.5397186279297,826.4252319335938,183.6140899658203,741.7733764648438,192.46058654785156,810.436279296875,116.6783218383789,767.3214111328125,123.11225128173828,798.663818359375,417.62017822265625,752.9579467773438,417.598388671875,794.3414306640625,529.50390625,746.0801391601562,523.8889770507812,788.4150390625,630.5513916015625,745.7883911132812,619.9459838867188
431,14.366620172599784,788.3865356445312,225.40994262695312,796.7012939453125,216.74188232421875,778.9155883789062,217.32467651367188,808.209716796875,215.18313598632812,764.1580810546875,216.42909240722656,816.6119384765625,247.83872985839844,750.8573608398438,250.1597137451172,827.5535888671875,183.98992919921875,741.6315307617188,191.259521484375,812.9564208984375,118.72077178955078,767.8905029296875,122.93717193603516,798.8645629882812,416.8334045410156,753.2295532226562,416.516845703125,796.2396850585938,528.3711547851562,746.5719604492188,522.4633178710938,790.2037353515625,630.0701293945312,746.0866088867188,619.7865600585938
432,14.399953398058253,788.3954467773438,225.6681365966797,796.7705688476562,216.87550354003906,778.7467041015625,217.65928649902344,809.2306518554688,215.22146606445312,764.7097778320312,217.22616577148438,818.6040649414062,247.3196258544922,751.9790649414062,250.03944396972656,828.2650146484375,183.81285095214844,742.3885498046875,192.0454559326172,812.9775390625,115.7500991821289,768.2178955078125,122.75848388671875,799.4781494140625,417.1584777832031,752.9382934570312,416.6701354980469,796.9613647460938,528.5122680664062,745.8426513671875,521.687255859375,791.018310546875,629.2916870117188,744.5670776367188,617.0936889648438
433,14.433286623516722,788.9078979492188,224.59521484375,797.5596313476562,215.63072204589844,779.1592407226562,216.32568359375,810.3265991210938,213.94073486328125,765.068603515625,215.81687927246094,819.1944580078125,247.4537353515625,752.416259765625,250.32264709472656,829.2015991210938,184.85386657714844,741.60009765625,194.3564453125,814.2066040039062,117.10179901123047,767.8037719726562,127.02474212646484,799.4905395507812,417.1570739746094,753.2009887695312,416.78826904296875,797.3378295898438,527.698974609375,746.865966796875,521.4238891601562,791.3024291992188,629.1492309570312,745.1070556640625,617.720458984375
434,14.466619848975188,788.8858642578125,223.38209533691406,798.3336791992188,215.47152709960938,779.4692993164062,215.83131408691406,811.6627197265625,214.64447021484375,766.3270874023438,215.36122131347656,820.5934448242188,244.9096221923828,752.8001708984375,247.70089721679688,828.4309692382812,181.46328735351562,739.7633056640625,190.1575927734375,815.0562744140625,122.32196044921875,762.754150390625,134.5784454345703,800.8487548828125,415.99334716796875,754.25048828125,415.7600402832031,797.134521484375,521.191162109375,746.35107421875,517.5726928710938,785.8844604492188,628.7969360351562,743.1829223632812,624.811767578125
435,14.499953074433657,789.78173828125,224.17958068847656,798.6690673828125,215.2530059814453,780.24658203125,215.69345092773438,811.281982421875,213.76727294921875,766.0413208007812,215.03036499023438,819.5056762695312,248.13705444335938,752.9161376953125,251.29689025878906,831.250732421875,185.96189880371094,740.59765625,197.0982666015625,815.0012817382812,117.88929748535156,766.5823364257812,130.40716552734375,799.7312622070312,416.5076599121094,753.9332275390625,416.4816589355469,798.0105590820312,525.9995727539062,748.1334228515625,521.5658569335938,791.5572509765625,627.5801391601562,746.0530395507812,619.2100830078125
436,14.533286299892126,790.6634521484375,223.05946350097656,799.9473266601562,215.38206481933594,781.3798828125,215.43472290039062,812.3733520507812,215.16246032714844,767.4591674804688,215.14109802246094,821.4271240234375,245.69261169433594,753.6106567382812,247.8794403076172,830.568603515625,180.3925018310547,743.2455444335938,186.39678955078125,815.0684204101562,119.06737518310547,766.5938720703125,125.36370849609375,802.3007202148438,417.75714111328125,755.5852661132812,417.1708068847656,797.7183837890625,522.65380859375,746.5960083007812,518.3106079101562,785.6461791992188,631.0986328125,743.6982421875,626.004150390625
437,14.566619525350594,792.1673583984375,223.23403930664062,801.2714233398438,215.68032836914062,783.1554565429688,215.45645141601562,812.98193359375,215.28585815429688,768.7865600585938,214.5034942626953,820.9917602539062,245.37326049804688,754.3584594726562,246.94122314453125,830.0060424804688,180.0097198486328,743.9304809570312,186.21961975097656,815.6149291992188,118.4988021850586,766.606689453125,127.34978485107422,802.9550170898438,418.0027770996094,756.8858642578125,417.2770080566406,798.0673217773438,523.1466674804688,747.0592651367188,518.8796997070312,786.1852416992188,631.8599243164062,743.520263671875,627.236328125
438,14.599952750809061,793.2153930664062,224.3903045654297,802.1217651367188,215.91171264648438,784.2911987304688,215.57701110839844,813.4659423828125,214.41819763183594,769.2210083007812,213.5599822998047,820.1570434570312,247.5950164794922,754.3623657226562,249.21360778808594,832.1599731445312,186.53109741210938,742.5855712890625,195.5843963623047,817.122802734375,119.57286834716797,769.6563720703125,128.5312042236328,801.6185913085938,415.67926025390625,756.2012329101562,415.2510681152344,799.959716796875,526.3714599609375,749.22998046875,521.6133422851562,791.6177978515625,628.4285278320312,746.552490234375,620.3931884765625
439,14.63328597626753,793.7682495117188,224.20346069335938,802.7705078125,215.64817810058594,784.6111450195312,215.5731964111328,814.4608154296875,214.37306213378906,769.6815795898438,213.93942260742188,821.4794921875,248.78794860839844,755.4922485351562,249.08106994628906,833.401123046875,193.18734741210938,743.2109985351562,194.7594451904297,819.2402954101562,130.7279510498047,770.4912719726562,126.9730224609375,802.2910766601562,414.7418518066406,756.8847045898438,414.09033203125,800.0499877929688,527.2670288085938,749.87548828125,523.4817504882812,791.3289184570312,629.2979125976562,746.1840209960938,623.1810302734375
440,14.666619201725998,794.0151977539062,224.47637939453125,802.9744262695312,215.81153869628906,784.7085571289062,215.90357971191406,814.7144165039062,214.5797576904297,769.6295166015625,214.3165283203125,821.6702880859375,249.5809783935547,756.3458862304688,248.48129272460938,833.545654296875,195.2084503173828,745.2753295898438,190.79336547851562,820.6898193359375,134.1917724609375,772.2680053710938,122.54135131835938,803.2183837890625,414.4590759277344,758.0189819335938,413.46881103515625,800.5914916992188,526.9808959960938,749.8269653320312,523.48974609375,792.7811889648438,628.9444580078125,745.7264404296875,624.0407104492188
441,14.699952427184467,794.7941284179688,225.01675415039062,803.4915161132812,216.0796356201172,785.1680908203125,216.4232940673828,814.9597778320312,214.18606567382812,769.3331298828125,214.52947998046875,821.4708862304688,248.503173828125,756.8148803710938,247.84889221191406,832.4177856445312,192.5607452392578,746.5899047851562,188.66893005371094,819.746826171875,130.2372589111328,773.119384765625,119.38605499267578,803.6159057617188,414.9481506347656,758.5944213867188,414.0718078613281,799.954833984375,526.7821044921875,749.7066040039062,523.06787109375,792.1425170898438,628.7656860351562,745.2297973632812,622.8904418945312
442,14.733285652642934,795.8087158203125,225.35780334472656,804.3749389648438,216.42430114746094,786.2230224609375,216.77203369140625,815.7828979492188,214.4441680908203,770.50146484375,214.67919921875,822.6528930664062,248.55752563476562,758.4899291992188,246.5637969970703,832.9987182617188,192.92323303222656,748.635498046875,183.79769897460938,821.385009765625,132.49273681640625,774.735107421875,114.87600708007812,805.9251708984375,415.197998046875,761.1251831054688,413.8648376464844,801.074951171875,526.6992797851562,750.8052368164062,522.3997192382812,793.6734008789062,629.5767211914062,746.0636596679688,623.0179443359375
443,14.766618878101403,796.22265625,226.1610565185547,804.6724243164062,217.07090759277344,786.6678466796875,217.62257385253906,816.0983276367188,214.4362030029297,771.1350708007812,215.23004150390625,822.6161499023438,247.51824951171875,759.124267578125,246.6262969970703,832.3392333984375,191.29110717773438,749.0883178710938,185.56080627441406,821.1112060546875,131.3379364013672,772.5321044921875,118.54225158691406,804.8571166992188,415.6949462890625,760.41845703125,414.66094970703125,800.5612182617188,527.6317138671875,751.0809326171875,523.3212280273438,794.2197875976562,631.0292358398438,746.7875366210938,624.171875
444,14.799952103559871,797.2172241210938,226.2163848876953,805.4198608398438,217.05870056152344,787.623046875,217.8421173095703,816.4019775390625,214.26016235351562,771.7877807617188,215.5443115234375,822.5092163085938,246.81214904785156,759.5546875,246.5602264404297,831.3704833984375,189.29322814941406,749.5949096679688,185.25570678710938,819.9805297851562,128.2794952392578,772.1807861328125,118.59074401855469,804.7951049804688,415.93756103515625,760.6215209960938,415.1788330078125,800.0576782226562,527.4022827148438,751.3692016601562,523.2494506835938,795.1810913085938,631.0197143554688,748.3165893554688,624.11181640625
445,14.83328532901834,797.0601196289062,226.203857421875,805.8222045898438,217.04843139648438,787.3533325195312,217.8382568359375,817.8572998046875,214.6038818359375,772.1165771484375,215.90548706054688,823.904541015625,247.55519104003906,759.9392700195312,247.2415771484375,831.701416015625,189.7440643310547,748.8251342773438,186.00868225097656,819.5037841796875,127.61883544921875,771.5867919921875,119.4242935180664,804.769287109375,416.53533935546875,759.9959716796875,415.717041015625,800.5068359375,527.6885375976562,751.278076171875,523.4795532226562,795.8461303710938,631.5371704101562,749.3591918945312,625.0204467773438
446,14.866618554476807,797.1046752929688,226.13211059570312,805.7896728515625,217.20896911621094,787.6412963867188,217.73028564453125,817.5396728515625,214.93447875976562,772.3995361328125,215.65907287597656,823.3502807617188,247.1475067138672,759.652587890625,246.802978515625,831.3163452148438,187.6109161376953,748.6578369140625,186.0449981689453,819.3292846679688,124.05216979980469,771.1144409179688,120.5666732788086,804.5791015625,416.8611145019531,759.8831176757812,415.9034423828125,800.414306640625,528.36474609375,751.1175537109375,523.4744262695312,795.3282470703125,632.1410522460938,749.1740112304688,624.676513671875
447,14.899951779935275,796.7030029296875,225.99365234375,805.4254760742188,217.11314392089844,787.3997192382812,217.69149780273438,817.2285766601562,214.7509307861328,772.5036010742188,215.54754638671875,823.2205200195312,246.48277282714844,759.579833984375,246.33621215820312,831.337890625,187.3751220703125,748.633544921875,185.82879638671875,819.0200805664062,124.01618194580078,771.1021728515625,120.33964538574219,804.478759765625,416.26531982421875,759.8592529296875,415.4958801269531,800.2026977539062,528.4296264648438,751.2347412109375,524.1768798828125,796.4454956054688,632.8849487304688,750.7056274414062,626.4747924804688
448,14.933285005393744,796.4656372070312,225.48422241210938,805.265625,216.70298767089844,787.2105102539062,217.18692016601562,816.9630126953125,214.678955078125,772.1290283203125,215.1758270263672,822.7371826171875,246.73428344726562,758.9614868164062,246.39801025390625,831.2205810546875,187.84454345703125,748.40283203125,185.74288940429688,818.7095947265625,124.86264038085938,771.1109008789062,120.18185424804688,804.5194091796875,416.419677734375,759.863037109375,415.743408203125,800.3333740234375,529.2333984375,751.4191284179688,525.6087036132812,796.7235717773438,634.667724609375,751.4314575195312,629.5469360351562
449,14.966618230852212,795.9624633789062,225.82391357421875,804.9798583984375,216.74725341796875,786.4636840820312,217.37554931640625,817.2117919921875,214.2706756591797,771.2811889648438,215.09861755371094,822.8368530273438,246.6797637939453,758.8794555664062,246.37222290039062,831.99169921875,187.64883422851562,748.0462646484375,184.4438934326172,819.0167236328125,123.66395568847656,771.6917114257812,117.46879577636719,804.5733032226562,416.14849853515625,759.8844604492188,415.67291259765625,800.0813598632812,528.621337890625,751.8858642578125,526.1674194335938,796.51416015625,633.69677734375,751.9324951171875,630.1795043945312
450,14.99995145631068,795.9359741210938,224.81564331054688,805.0584716796875,215.6318359375,786.3215942382812,215.98910522460938,816.8131103515625,213.27027893066406,770.0481567382812,213.31764221191406,821.855224609375,247.2141876220703,757.63720703125,245.8587188720703,832.5508422851562,190.63919067382812,747.120849609375,183.4808807373047,820.1591796875,127.90009307861328,773.0445556640625,114.40414428710938,805.3112182617188,414.5511779785156,760.75927734375,414.09423828125,800.4363403320312,526.9715576171875,752.3623657226562,525.7857666015625,795.9063110351562,631.3846435546875,751.8673706054688,629.8568115234375
451,15.033284681769148,794.7791137695312,224.14903259277344,804.0623168945312,214.95274353027344,785.0752563476562,215.35574340820312,816.2413330078125,212.7483367919922,769.0092163085938,212.94046020507812,821.5914916992188,247.3539581298828,756.66943359375,245.9933624267578,833.2208862304688,191.34461975097656,746.75048828125,184.2569122314453,821.046142578125,129.7368927001953,771.9957275390625,116.4958267211914,803.7946166992188,415.4386901855469,758.909423828125,414.8522033691406,799.71728515625,528.2146606445312,751.8200073242188,526.6156005859375,795.3765258789062,632.9158935546875,751.9915161132812,631.0697021484375
452,15.066617907227617,793.5018310546875,223.1679229736328,803.3024291992188,214.4410858154297,784.4082641601562,214.1470947265625,815.5078735351562,213.02749633789062,768.8287963867188,211.7039794921875,821.1542358398438,247.46151733398438,754.4526977539062,247.39932250976562,834.4606323242188,193.4313507080078,742.3411865234375,192.664306640625,821.1940307617188,132.77029418945312,769.9908447265625,124.35029602050781,804.007568359375,413.6819763183594,758.435302734375,413.7529296875,800.8396606445312,526.6641845703125,751.3043823242188,526.3807983398438,795.1173095703125,630.9149780273438,752.7095947265625,630.7667236328125
453,15.099951132686085,791.3259887695312,222.10177612304688,801.4331665039062,214.2704315185547,782.1945190429688,214.4996337890625,814.3171997070312,213.7318572998047,767.7276611328125,213.0543670654297,819.852783203125,243.9820556640625,754.3580932617188,244.15516662597656,830.2239379882812,183.02920532226562,742.70849609375,178.0829315185547,816.77880859375,125.15143585205078,769.2034301757812,115.56361389160156,804.5865478515625,415.6007080078125,759.2548217773438,416.5301513671875,797.2985229492188,520.8372192382812,750.0418701171875,526.5172119140625,787.58984375,629.8602905273438,751.0468139648438,642.0560913085938
454,15.133284358144552,790.5569458007812,221.50753784179688,800.4471435546875,213.6186065673828,781.3956909179688,214.17922973632812,813.0599365234375,213.2100372314453,767.0149536132812,213.15097045898438,818.6194458007812,243.50718688964844,753.7177124023438,243.87789916992188,829.5117797851562,182.10293579101562,742.0226440429688,175.73463439941406,816.0990600585938,124.6042251586914,769.9981689453125,112.54495239257812,803.8001098632812,414.7339782714844,758.7794799804688,416.1768798828125,797.3261108398438,519.9860229492188,750.3992919921875,527.6976318359375,788.5035400390625,630.2789916992188,751.0838623046875,645.568359375
455,15.16661758360302,790.20849609375,221.39834594726562,800.0604248046875,213.64622497558594,781.0296020507812,214.156494140625,812.52294921875,213.6712646484375,766.3869018554688,213.69078063964844,817.9209594726562,243.75245666503906,752.643310546875,245.62118530273438,829.8472290039062,181.28482055664062,739.744873046875,182.49591064453125,816.5470581054688,120.62541198730469,766.9131469726562,121.85012817382812,802.8792724609375,414.445068359375,757.7977905273438,416.278076171875,796.4750366210938,520.2950439453125,749.9835205078125,528.2048950195312,788.0048828125,630.4762573242188,751.0675659179688,645.6250610351562
456,15.19995080906149,789.0717163085938,220.902099609375,798.77978515625,213.23876953125,779.7835693359375,213.81288146972656,811.0241088867188,213.84837341308594,764.7213134765625,214.06944274902344,816.1383666992188,244.42465209960938,751.086181640625,247.12156677246094,828.0283203125,183.39559936523438,737.8980712890625,188.75982666015625,814.8313598632812,123.31443786621094,762.21484375,132.3948211669922,801.8307495117188,413.6670227050781,757.0521240234375,415.7891845703125,795.60986328125,519.5725708007812,750.043212890625,528.0501708984375,787.0589599609375,629.6581420898438,751.193603515625,646.11474609375
457,15.233284034519958,788.5166015625,222.05775451660156,797.1412963867188,213.75357055664062,779.0536499023438,213.87901306152344,807.7498168945312,213.85147094726562,761.96728515625,213.61769104003906,813.9561157226562,247.4951934814453,747.8380737304688,248.8740234375,827.8510131835938,183.956298828125,739.8130493164062,188.5160675048828,810.5224609375,115.93145751953125,766.086669921875,119.2178726196289,800.4287109375,417.1900329589844,754.7155151367188,417.8338623046875,797.2997436523438,529.8065185546875,749.3931884765625,530.2060546875,792.1785278320312,636.2860107421875,752.3618774414062,637.3095092773438
458,15.266617259978425,788.5821533203125,221.81492614746094,797.1405029296875,213.48220825195312,779.060546875,213.70846557617188,807.620849609375,213.70654296875,761.9266357421875,213.6641082763672,813.8840942382812,247.74717712402344,747.69287109375,249.0931854248047,827.673095703125,183.77174377441406,739.6077880859375,187.64639282226562,810.4249267578125,116.21292114257812,766.4389038085938,118.15241241455078,800.2611694335938,417.36468505859375,754.5651245117188,418.0536193847656,797.0641479492188,530.4122314453125,749.269775390625,530.907958984375,792.2136840820312,636.9833374023438,752.3143920898438,638.1168823242188
459,15.299950485436893,788.1331176757812,221.60665893554688,796.1693115234375,213.30471801757812,778.5534057617188,213.4940643310547,805.4573364257812,213.71914672851562,760.1229858398438,213.57369995117188,812.267333984375,247.95880126953125,745.1664428710938,249.9722137451172,828.2892456054688,181.1238555908203,738.150146484375,187.4483184814453,808.8773803710938,111.86335754394531,764.9475708007812,116.81784057617188,800.6843872070312,418.4864807128906,754.400634765625,419.3744812011719,797.25048828125,531.6220703125,748.4240112304688,531.9793701171875,792.5343017578125,637.9584350585938,751.8494262695312,638.39892578125
460,15.333283710895362,787.234375,221.1456298828125,794.881591796875,212.8910675048828,777.845703125,213.0132293701172,803.001220703125,213.08953857421875,758.8106079101562,212.44493103027344,809.3170166015625,247.48846435546875,743.0293579101562,248.17857360839844,825.875244140625,182.05909729003906,737.5052490234375,184.6040802001953,810.263671875,114.0864486694336,766.86474609375,113.74391174316406,799.5504760742188,417.21112060546875,753.7675170898438,417.9066467285156,796.7351684570312,531.3640747070312,747.4550170898438,531.1546630859375,794.305419921875,638.6578369140625,751.632568359375,638.3743896484375
461,15.36661693635383,784.929443359375,220.3915252685547,793.0409545898438,212.07022094726562,775.48583984375,212.20059204101562,802.1536865234375,212.32484436035156,757.4590454101562,211.83766174316406,809.1439819335938,247.4744873046875,741.8389282226562,248.6666717529297,825.6735229492188,185.45265197753906,732.72607421875,189.41029357910156,810.47802734375,119.59404754638672,759.841552734375,120.08673858642578,798.8775634765625,417.29290771484375,752.838623046875,418.20172119140625,796.7548828125,532.064453125,747.5162353515625,532.3796997070312,794.1488037109375,640.4417114257812,751.6343994140625,640.9818725585938
462,15.399950161812297,782.5674438476562,219.08351135253906,791.6896362304688,211.3779296875,773.3591918945312,211.81578063964844,802.3909301757812,212.07989501953125,756.6395874023438,211.64894104003906,809.57373046875,244.79685974121094,739.8402099609375,247.00762939453125,825.7383422851562,190.6974334716797,721.8037719726562,197.4763641357422,808.5204467773438,136.49435424804688,739.7089233398438,150.73330688476562,798.4710083007812,413.72052001953125,751.5432739257812,415.7225646972656,794.672119140625,520.7492065429688,747.490966796875,528.4330444335938,788.5427856445312,631.5477905273438,752.4127807617188,647.6847534179688
463,15.433283387270766,782.0106201171875,218.93704223632812,791.3432006835938,211.3987579345703,773.0662841796875,211.06137084960938,801.1204223632812,212.47598266601562,754.6421508789062,209.62991333007812,806.5992431640625,245.4364776611328,736.372314453125,244.24530029296875,824.8853759765625,183.3599853515625,722.125,181.8700714111328,805.7368774414062,121.49281311035156,748.1082763671875,127.36921691894531,798.6802978515625,415.4272155761719,751.0501708984375,416.8460388183594,794.77001953125,520.543212890625,745.30810546875,528.94921875,790.004150390625,630.485595703125,753.0917358398438,648.514892578125
464,15.466616612729235,780.365966796875,218.6323699951172,789.6179809570312,211.0127716064453,770.9422607421875,210.6839599609375,799.1717529296875,213.1085662841797,751.4119262695312,210.33599853515625,803.7109375,247.49624633789062,734.2442016601562,246.01194763183594,820.9590454101562,180.38449096679688,722.4212646484375,177.126708984375,802.1775512695312,111.18324279785156,750.0720825195312,114.02442169189453,798.4224243164062,417.1330261230469,751.0443725585938,418.7240295410156,794.1173706054688,521.0692138671875,744.705322265625,529.626220703125,791.1506958007812,630.8616943359375,753.2293090820312,648.1165161132812
465,15.499949838187703,777.0402221679688,218.64639282226562,786.487060546875,210.92572021484375,767.4353637695312,210.96298217773438,796.7240600585938,213.04336547851562,748.7379760742188,210.82435607910156,802.2022094726562,248.91375732421875,732.386474609375,246.19432067871094,816.6571655273438,192.88279724121094,718.0436401367188,183.9052734375,796.429443359375,131.31886291503906,741.3311157226562,126.07535552978516,797.067626953125,416.88031005859375,749.3671264648438,418.04876708984375,794.59765625,521.3740844726562,744.1566162109375,529.47802734375,791.7427978515625,631.353515625,752.5511474609375,649.7007446289062
466,15.53328306364617,776.2392578125,216.8870086669922,785.7876586914062,209.4946746826172,766.7047729492188,208.9777069091797,795.7122802734375,212.02127075195312,747.156494140625,209.08876037597656,799.2636108398438,245.32611083984375,731.178955078125,245.60446166992188,813.579345703125,177.0788116455078,718.9053344726562,178.40943908691406,794.1443481445312,109.6136245727539,743.2655029296875,112.97148132324219,796.178466796875,415.45550537109375,749.1961669921875,417.8047790527344,794.04833984375,520.582275390625,743.0805053710938,529.74365234375,791.4325561523438,631.54931640625,750.7074584960938,648.6044311523438
467,15.566616289104639,774.5154418945312,215.56143188476562,784.190673828125,208.43568420410156,765.2059936523438,207.7664337158203,793.9375,211.39601135253906,745.884765625,208.1007843017578,797.213134765625,244.2776336669922,729.7559204101562,244.86790466308594,809.1769409179688,177.39810180664062,716.62744140625,180.03953552246094,787.2418823242188,113.12886810302734,737.7837524414062,117.22562408447266,794.521240234375,414.87322998046875,747.7755737304688,417.2621765136719,793.9105834960938,521.2659301757812,742.48681640625,529.9956665039062,792.4479370117188,633.5900268554688,751.11865234375,650.2825317382812
468,15.599949514563107,772.7561645507812,214.88876342773438,783.1035766601562,207.39093017578125,762.8641357421875,208.19337463378906,794.330810546875,210.0214385986328,745.4347534179688,208.888916015625,799.5814819335938,247.6332550048828,732.0729370117188,240.05491638183594,804.2107543945312,233.91775512695312,719.4054565429688,175.0083465576172,791.4171142578125,230.1333770751953,738.14697265625,106.06317901611328,793.41845703125,409.4903259277344,745.7213134765625,411.01495361328125,795.7283325195312,522.8685302734375,742.0107421875,534.9822998046875,792.8007202148438,631.1680908203125,748.4700317382812,653.17724609375
469,15.633282740021576,772.0201416015625,213.62127685546875,782.2439575195312,205.70101928710938,762.1521606445312,205.75511169433594,792.8528442382812,209.1555938720703,742.4266967773438,205.65713500976562,797.8944702148438,259.66082763671875,727.0762939453125,237.7932586669922,802.858642578125,314.1304931640625,709.166259765625,190.27023315429688,798.4937133789062,386.0025329589844,728.8140258789062,128.25291442871094,791.8389282226562,410.2887878417969,743.10107421875,408.43341064453125,795.1219482421875,523.3947143554688,741.7034301757812,536.1871337890625,792.3133544921875,633.1705322265625,746.5906982421875,653.2730712890625
470,15.666615965480043,771.7583618164062,214.16409301757812,782.5927734375,206.22230529785156,761.93115234375,205.9782257080078,794.6236572265625,210.44586181640625,743.0809326171875,206.23394775390625,798.5972290039062,262.5227355957031,727.6934814453125,239.5320587158203,802.076171875,315.5946960449219,709.2647705078125,201.8085174560547,798.1117553710938,391.9533386230469,729.4096069335938,145.86328125,790.939453125,413.3375549316406,742.4651489257812,410.1301574707031,795.3406372070312,522.8228149414062,740.9774780273438,534.3635864257812,790.5093994140625,633.1973876953125,745.8143310546875,654.63818359375
471,15.699949190938511,770.902587890625,213.3059844970703,781.4152221679688,205.96487426757812,760.7937622070312,205.64797973632812,792.896484375,210.45840454101562,742.4390258789062,207.17466735839844,796.0167846679688,248.2923583984375,727.6253051757812,242.39427185058594,802.146728515625,195.93862915039062,713.4117431640625,177.89727783203125,779.9381103515625,130.5064697265625,737.1636352539062,115.41339874267578,793.1195068359375,415.1625671386719,745.1541748046875,415.84844970703125,796.2240600585938,525.01904296875,742.5811767578125,533.2832641601562,794.8707275390625,635.3176879882812,750.2632446289062,655.7900390625
472,15.73328241639698,770.542236328125,213.20819091796875,780.5269165039062,205.60855102539062,760.451904296875,205.28768920898438,790.9717407226562,209.2923126220703,740.9201049804688,206.31890869140625,793.502685546875,245.82565307617188,725.6488647460938,242.79367065429688,801.4861450195312,183.54940795898438,711.790283203125,173.66734313964844,780.6430053710938,116.27009582519531,736.4674072265625,107.7178955078125,792.8480834960938,416.3027038574219,745.2973022460938,418.2021789550781,795.3850708007812,524.3094482421875,741.563720703125,533.61767578125,796.475341796875,635.673583984375,749.7374877929688,654.5659790039062
473,15.766615641855449,770.0726318359375,213.15878295898438,779.8213500976562,205.36480712890625,759.754638671875,205.13018798828125,790.1060791015625,208.9830780029297,739.7846069335938,206.42652893066406,793.03857421875,246.24755859375,724.7356567382812,244.10858154296875,802.3255615234375,180.53512573242188,712.2452392578125,172.4783477783203,783.64013671875,114.03694152832031,736.7494506835938,105.26370239257812,792.9375610351562,417.50103759765625,745.4260864257812,419.6217346191406,795.2067260742188,524.1447143554688,742.0073852539062,532.6315307617188,796.6847534179688,637.1414794921875,750.4912719726562,653.693603515625
474,15.799948867313915,768.8637084960938,213.0675506591797,778.6378173828125,205.04296875,758.6893920898438,204.77867126464844,789.1135864257812,208.05029296875,739.3822021484375,205.51705932617188,792.9323120117188,245.734375,724.0698852539062,243.6925048828125,802.5782470703125,179.42591857910156,711.4662475585938,172.94235229492188,783.651123046875,111.81597137451172,735.7556762695312,106.77547454833984,792.2591552734375,419.07940673828125,744.5208129882812,420.9452209472656,795.1943969726562,526.3435668945312,741.7189331054688,533.2349243164062,798.1913452148438,639.4451904296875,751.2216186523438,653.4840698242188
475,15.833282092772384,768.3989868164062,212.9239501953125,778.2120361328125,204.77413940429688,758.1430053710938,204.50775146484375,788.8447265625,207.65631103515625,738.7831420898438,205.12045288085938,792.8561401367188,245.76388549804688,723.1913452148438,243.71507263183594,803.1468505859375,178.27268981933594,710.9636840820312,172.8182830810547,785.4849243164062,109.13831329345703,735.7615356445312,106.47923278808594,792.44189453125,420.0400390625,744.3012084960938,421.8486328125,795.0740356445312,527.3651733398438,741.6547241210938,533.5136108398438,798.9215087890625,641.1213989257812,752.49072265625,653.9736328125
476,15.866615318230853,768.103515625,212.56149291992188,777.9812622070312,204.53152465820312,757.8994750976562,204.1977081298828,788.7483520507812,207.9088897705078,738.8514404296875,205.26742553710938,792.8897705078125,246.35195922851562,722.8251953125,244.2291259765625,802.8543090820312,177.83441162109375,710.064208984375,173.32188415527344,784.948974609375,108.14362335205078,734.7968139648438,107.79600524902344,792.1317138671875,420.427978515625,743.7410278320312,422.12152099609375,795.3092041015625,528.9948120117188,741.4747924804688,534.5286254882812,799.8944091796875,643.8529052734375,752.6724853515625,655.82275390625
477,15.899948543689321,767.6139526367188,212.1826171875,777.5180053710938,204.04808044433594,757.2575073242188,203.59535217285156,788.6826782226562,207.28797912597656,738.4570922851562,204.77685546875,793.6979370117188,245.98736572265625,722.8025512695312,244.48992919921875,802.4867553710938,176.4155731201172,710.6771850585938,175.8037109375,784.6798095703125,105.34931945800781,733.7396850585938,111.15179443359375,792.3732299804688,422.15509033203125,743.2837524414062,423.345947265625,796.66650390625,533.1075439453125,740.7326049804688,534.9664916992188,802.6510620117188,649.7598876953125,751.5691528320312,655.2451782226562
478,15.933281769147788,768.1932373046875,211.6151123046875,777.7926025390625,203.4923095703125,757.7657470703125,202.9879150390625,788.3142700195312,206.7130889892578,738.2567749023438,204.10699462890625,793.7711791992188,245.3539581298828,721.82763671875,243.8882293701172,802.0798950195312,175.51622009277344,710.6795654296875,174.95578002929688,783.8449096679688,105.11953735351562,734.2694091796875,109.13896179199219,793.0506591796875,422.5500183105469,743.1995239257812,423.59576416015625,797.8377685546875,534.3968505859375,740.5111083984375,534.6892700195312,803.82470703125,652.2108764648438,751.7565307617188,654.8533935546875
479,15.966614994606257,768.7332153320312,211.46279907226562,778.152587890625,203.16197204589844,757.9550170898438,202.76734924316406,788.46337890625,206.2957305908203,737.7096557617188,204.077392578125,793.8274536132812,245.09071350097656,722.0299072265625,243.73655700683594,801.7294311523438,174.08636474609375,713.3319702148438,173.03880310058594,784.6773681640625,103.09514617919922,735.9579467773438,105.43655395507812,793.1423950195312,423.5971374511719,743.2188110351562,424.4407653808594,798.243408203125,536.8385009765625,740.714599609375,535.4474487304688,805.1576538085938,656.4063720703125,751.9159545898438,655.869384765625
480,15.999948220064725,768.4358520507812,211.2669219970703,778.067138671875,202.89576721191406,757.6945190429688,202.5031280517578,788.8251953125,205.87240600585938,737.9381713867188,203.69129943847656,793.9146728515625,244.795654296875,723.02197265625,243.2554473876953,802.2903442382812,175.1367950439453,713.99560546875,173.30450439453125,786.2265014648438,104.67088317871094,736.795654296875,106.91668701171875,792.7903442382812,422.8641357421875,743.425048828125,423.756591796875,798.4482421875,536.2888793945312,741.2799072265625,535.7977294921875,805.5266723632812,655.3347778320312,751.473876953125,656.3272705078125
481,16.033281445523194,768.3111572265625,210.86769104003906,777.9562377929688,202.38868713378906,757.3897705078125,202.12937927246094,789.0040893554688,205.38206481933594,737.87939453125,203.65660095214844,794.9498901367188,244.62149047851562,723.5416259765625,243.61952209472656,803.5081787109375,173.48873901367188,715.08984375,171.8104705810547,788.4407348632812,102.6373062133789,737.9490966796875,102.864990234375,793.724853515625,423.7301330566406,744.0580444335938,424.6672668457031,799.42236328125,536.8331909179688,741.3104858398438,535.5313110351562,806.639892578125,655.2691650390625,751.4527587890625,654.4221801757812
482,16.06661467098166,768.5991821289062,211.0084228515625,778.3319091796875,202.63485717773438,757.7011108398438,202.31185913085938,789.4279174804688,205.92269897460938,738.1449584960938,204.00779724121094,795.23779296875,245.09910583496094,723.38623046875,244.23561096191406,803.5807495117188,173.65609741210938,714.3458251953125,172.8928680419922,788.211669921875,103.03064727783203,737.3169555664062,104.26117706298828,794.2750854492188,423.7128601074219,744.2781982421875,424.7646179199219,799.9107055664062,536.8489379882812,741.0157470703125,535.911376953125,806.6728515625,654.9421997070312,751.116943359375,654.8229370117188
483,16.09994789644013,769.2496337890625,211.29087829589844,779.4144897460938,202.94976806640625,758.3858642578125,202.503662109375,790.9967041015625,205.9028778076172,738.9689331054688,203.66632080078125,796.173095703125,243.5884246826172,724.4788208007812,243.2284698486328,802.9656372070312,170.76194763183594,717.3399658203125,171.38723754882812,787.5659790039062,101.9715805053711,739.111572265625,102.73509216308594,794.6041870117188,423.70452880859375,744.3204345703125,424.7975769042969,801.2598266601562,537.8486328125,740.9183349609375,536.2482299804688,807.6732177734375,656.5911254882812,751.7789916992188,656.0430297851562
484,16.133281121898598,770.5343017578125,211.38539123535156,780.8941040039062,203.33717346191406,759.7337646484375,202.77734375,792.4933471679688,206.6359405517578,740.23486328125,203.958984375,797.7454833984375,243.09983825683594,725.6956787109375,242.60690307617188,803.9807739257812,168.64004516601562,720.4288940429688,170.10787963867188,786.6939086914062,97.5808334350586,741.0808715820312,101.30020904541016,796.09765625,423.50726318359375,745.1670532226562,424.2884826660156,803.1729125976562,539.1939697265625,740.8279418945312,536.6846923828125,808.6702270507812,656.8619995117188,752.3402709960938,656.4721069335938
485,16.166614347357065,771.6515502929688,211.0594940185547,781.9542846679688,203.24273681640625,761.1041259765625,202.66827392578125,793.4752197265625,206.90530395507812,742.1056518554688,204.1630859375,798.6820678710938,243.53274536132812,727.4321899414062,242.5701446533203,804.8666381835938,170.3557891845703,719.9583129882812,169.93984985351562,786.3274536132812,99.09850311279297,740.1043090820312,101.41056823730469,796.838623046875,423.23699951171875,746.4599609375,423.9913330078125,803.2557373046875,538.1929321289062,741.6118774414062,536.8070068359375,808.864013671875,654.9737548828125,752.5239868164062,656.3076171875
486,16.199947572815535,772.3927612304688,211.39732360839844,782.9509887695312,203.66534423828125,762.2000122070312,202.85906982421875,794.9943237304688,206.9025421142578,744.1076049804688,203.8608856201172,800.6383056640625,242.4359893798828,729.5588989257812,242.1761932373047,806.613037109375,169.6273651123047,721.2230834960938,171.5689239501953,786.6135864257812,100.35735321044922,740.4407958984375,104.35840606689453,797.7367553710938,422.72784423828125,747.4401245117188,423.447998046875,804.3056640625,537.5790405273438,741.8361206054688,535.78369140625,809.7022094726562,655.6595458984375,752.1192016601562,655.8424682617188
487,16.233280798274002,773.7012329101562,211.2989044189453,784.4383544921875,203.51930236816406,763.511474609375,202.52081298828125,796.884521484375,206.77493286132812,745.4952392578125,203.50457763671875,803.830322265625,242.76248168945312,730.1168212890625,242.82911682128906,810.9794921875,170.0673828125,721.6257934570312,173.1646270751953,789.0689697265625,100.7000503540039,742.5453491210938,104.43982696533203,799.5974731445312,423.6246032714844,747.9395141601562,424.1171569824219,805.066162109375,538.8051147460938,741.696533203125,535.8547973632812,808.9335327148438,657.3856201171875,752.5143432617188,655.1558837890625
488,16.26661402373247,775.0548095703125,211.1329345703125,785.7404174804688,203.3578338623047,764.7756958007812,202.25238037109375,798.39208984375,206.88092041015625,746.8298950195312,203.59527587890625,806.8394775390625,244.0708770751953,730.955810546875,243.81509399414062,815.7318115234375,169.5395050048828,722.2542114257812,172.23036193847656,791.5783081054688,98.53162384033203,742.1333618164062,103.1225814819336,801.0908203125,424.46746826171875,748.3614501953125,424.32989501953125,806.732666015625,539.9755249023438,742.1491088867188,535.2153930664062,808.7966918945312,657.218994140625,751.968505859375,652.6470947265625
489,16.29994724919094,781.0025024414062,212.03782653808594,791.0478515625,204.24440002441406,771.1995849609375,202.84498596191406,802.195556640625,206.6752471923828,752.208740234375,202.71176147460938,810.5880126953125,243.29031372070312,734.2017211914062,242.552978515625,822.5692749023438,171.80943298339844,726.4642333984375,176.94949340820312,797.1381225585938,99.6231689453125,745.1021728515625,113.32991027832031,803.2730102539062,425.2231750488281,750.2615966796875,424.4351501464844,809.14501953125,542.4308471679688,744.5499877929688,536.1157836914062,810.966064453125,660.4337158203125,753.7901611328125,654.27099609375
490,16.333280474649406,783.8271484375,212.3596649169922,793.4907836914062,204.2379608154297,773.5841064453125,203.7831268310547,804.9046630859375,206.28964233398438,755.5099487304688,204.2847900390625,814.8797607421875,243.45590209960938,736.9685668945312,241.9952392578125,824.6529541015625,176.57498168945312,725.600830078125,175.22769165039062,800.5953369140625,107.9844970703125,747.363525390625,111.8821029663086,804.824462890625,424.5267333984375,751.0578002929688,423.6646728515625,810.4848022460938,542.3678588867188,746.352783203125,536.0496215820312,810.4646606445312,661.013916015625,753.8643798828125,654.9321899414062
491,16.366613700107877,785.6497802734375,210.8773956298828,795.4013061523438,203.0634307861328,775.4722290039062,202.59457397460938,807.3668212890625,205.77127075195312,758.72021484375,204.3486785888672,817.7704467773438,242.6344451904297,740.794677734375,243.2565460205078,827.0316772460938,174.75706481933594,727.3489990234375,182.39117431640625,806.1670532226562,107.67024993896484,746.678466796875,125.5579605102539,805.077392578125,425.0430908203125,752.1617431640625,424.2798767089844,811.19775390625,544.0310668945312,748.4509887695312,535.952880859375,810.2373046875,663.7389526367188,753.6763305664062,653.9497680664062
492,16.399946925566343,788.873291015625,210.2491912841797,798.7908935546875,201.83547973632812,777.812744140625,201.91421508789062,811.2647094726562,204.19142150878906,760.05517578125,203.98541259765625,820.4295654296875,242.02178955078125,744.1315307617188,242.21102905273438,826.801025390625,171.57310485839844,735.7814331054688,171.94908142089844,806.8812866210938,102.8280258178711,759.8580932617188,106.11066436767578,806.8082275390625,425.7229919433594,753.8816528320312,425.0961608886719,811.4494018554688,543.3191528320312,749.2601318359375,535.7612915039062,811.0910034179688,663.4204711914062,754.6646118164062,653.4932250976562
493,16.43328015102481,791.1498413085938,210.6702880859375,802.1195678710938,202.28907775878906,780.5970458984375,201.82247924804688,815.7695922851562,203.93890380859375,764.2727661132812,202.6114501953125,824.4171752929688,239.34353637695312,747.7857055664062,239.7248077392578,829.0879516601562,175.04354858398438,736.75341796875,174.06578063964844,810.8194580078125,109.16954803466797,764.0806274414062,99.81739044189453,808.1759033203125,423.275390625,754.8538818359375,422.8465576171875,813.5623168945312,542.6849975585938,749.2728271484375,535.6031494140625,811.7468872070312,665.0098266601562,754.773193359375,654.3818969726562
494,16.46661337648328,790.9883422851562,210.40219116210938,802.2479248046875,202.36911010742188,780.8528442382812,201.44284057617188,815.8577880859375,204.50045776367188,764.7783203125,202.11793518066406,824.3162841796875,239.3406524658203,747.1351928710938,240.07144165039062,828.8278198242188,179.3038330078125,734.6607055664062,182.18576049804688,810.1798095703125,114.0508041381836,761.363037109375,108.29229736328125,808.3983154296875,421.479736328125,754.7767333984375,421.1139831542969,814.4224853515625,542.453857421875,749.1982421875,535.2765502929688,812.1561889648438,664.0778198242188,755.7659301757812,653.589111328125
495,16.499946601941748,792.5300903320312,210.40606689453125,803.6690063476562,201.6454315185547,781.5139770507812,202.32415771484375,819.0529174804688,203.14080810546875,767.85107421875,204.2065887451172,827.5040893554688,240.5074920654297,754.2412109375,240.09791564941406,827.2716064453125,182.84539794921875,741.5245971679688,179.74212646484375,815.9507446289062,116.8537826538086,767.6323852539062,113.67765045166016,809.2474365234375,423.6352844238281,757.709228515625,422.9133605957031,814.6747436523438,543.801025390625,753.2071533203125,536.47216796875,812.5133666992188,664.8466186523438,755.6401977539062,656.95751953125
496,16.533279827400214,798.0792846679688,211.40554809570312,808.2308959960938,202.86508178710938,787.4473876953125,202.84423828125,820.1671752929688,203.9599151611328,769.9708862304688,202.51693725585938,826.8829956054688,241.87620544433594,754.0161743164062,235.81886291503906,830.2872924804688,189.4677276611328,744.8857421875,168.7225799560547,815.1416015625,127.42780303955078,772.1526489257812,103.4771499633789,811.6843872070312,424.3074035644531,760.29931640625,422.0497741699219,814.6998291015625,544.0470581054688,754.0249633789062,537.186279296875,811.9419555664062,666.105224609375,756.8001708984375,660.7171020507812
497,16.566613052858685,801.2146606445312,210.62782287597656,810.9442138671875,202.27658081054688,790.8433227539062,201.6754913330078,821.7970581054688,203.22036743164062,771.5637817382812,201.2528839111328,828.0047607421875,238.7071533203125,756.1344604492188,236.53282165527344,839.1755981445312,166.93698120117188,753.7034301757812,161.16452026367188,822.8507690429688,100.36197662353516,776.7849731445312,98.05953216552734,811.400390625,424.5767822265625,760.69140625,422.73651123046875,813.601806640625,541.8184204101562,752.474853515625,534.3040771484375,811.67724609375,663.4105224609375,754.0473022460938,655.0021362304688
498,16.59994627831715,803.5615844726562,209.26467895507812,813.3916015625,201.22483825683594,792.789306640625,201.19761657714844,825.6039428710938,203.63475036621094,775.9551391601562,203.2925567626953,832.8500366210938,240.23092651367188,760.7890014648438,237.63560485839844,838.0208740234375,169.74966430664062,752.9946899414062,162.2682342529297,824.7425537109375,104.28148651123047,777.3710327148438,100.21387481689453,811.8138427734375,424.8005676269531,760.9634399414062,422.341552734375,814.67578125,544.185791015625,753.66845703125,533.7705688476562,810.7529907226562,666.1712036132812,751.4447631835938,652.8384399414062
499,16.633279503775622,806.0783081054688,209.4110870361328,816.2466430664062,201.51361083984375,795.3907470703125,200.9788055419922,828.4035034179688,204.28892517089844,777.8494262695312,202.50184631347656,834.9056396484375,241.41212463378906,762.0620727539062,236.53138732910156,841.0803833007812,172.1396026611328,754.4757080078125,160.4561004638672,826.9317626953125,104.66972351074219,781.655517578125,99.33124542236328,814.3554077148438,426.2882995605469,762.7410278320312,423.0755920410156,816.1058959960938,546.076904296875,753.5682373046875,535.7994995117188,810.483154296875,666.876953125,750.4459228515625,654.9204711914062
500,16.66661272923409,808.193359375,208.68423461914062,818.0480346679688,201.15689086914062,797.6394653320312,200.5680694580078,829.8460693359375,204.9115753173828,780.7568359375,202.8734130859375,836.9971923828125,243.34298706054688,764.9249267578125,236.0772705078125,844.0628662109375,176.05258178710938,757.0642700195312,158.83665466308594,831.7546997070312,107.34603118896484,785.4185180664062,99.2834701538086,815.6290893554688,427.1973876953125,764.4765625,422.9249572753906,817.0078125,547.12451171875,755.3041381835938,535.5145263671875,809.6233520507812,667.4321899414062,749.4584350585938,654.669677734375
501,16.699945954692556,815.1199951171875,209.8395233154297,824.3146362304688,202.5089569091797,804.4931640625,201.3668670654297,834.8492431640625,207.8896026611328,785.8690795898438,203.47607421875,840.3222045898438,248.3572998046875,769.53564453125,235.78807067871094,851.6439819335938,179.29739379882812,765.7734985351562,157.00128173828125,839.0037841796875,109.18592834472656,795.6393432617188,97.82888793945312,819.7327270507812,428.51605224609375,768.642822265625,421.8926696777344,817.7535400390625,547.5228881835938,756.9625244140625,534.6268920898438,810.8439331054688,665.1079711914062,749.81884765625,651.5223999023438
502,16.733279180151026,815.1153564453125,209.84580993652344,824.2971801757812,202.50267028808594,804.4837646484375,201.37948608398438,834.8197021484375,207.86746215820312,785.866943359375,203.49989318847656,840.2673950195312,248.35049438476562,769.5784912109375,235.7916717529297,851.6160278320312,179.360595703125,765.7694702148438,156.98606872558594,838.9873657226562,109.24244689941406,795.6328125,97.81282806396484,819.673095703125,428.42266845703125,768.666259765625,421.826171875,817.6988525390625,547.4935302734375,757.1693115234375,534.71337890625,810.8466796875,665.1358642578125,750.02490234375,651.7023315429688
503,16.766612405609493,821.0136108398438,207.8836212158203,829.5806884765625,200.8805694580078,810.3759765625,199.64791870117188,838.3378295898438,207.5206756591797,790.2044067382812,202.9898681640625,845.1904296875,249.30909729003906,769.7386474609375,237.72891235351562,858.3571166992188,180.54464721679688,765.5714111328125,162.24351501464844,843.1578369140625,109.60465240478516,799.466552734375,101.39189147949219,821.9589233398438,428.17388916015625,768.4068603515625,421.6007995605469,819.3718872070312,548.4075927734375,755.4305419921875,534.457275390625,810.767578125,665.806640625,748.6909790039062,649.8772583007812
504,16.79994563106796,822.2683715820312,207.2478485107422,831.32958984375,200.35720825195312,811.4223022460938,199.13162231445312,840.919189453125,207.90757751464844,791.820556640625,203.56735229492188,847.8821411132812,251.59165954589844,771.362060546875,240.02272033691406,860.7444458007812,190.19644165039062,766.4577026367188,168.9569854736328,848.56103515625,124.3792495727539,801.1912841796875,105.30807495117188,822.04248046875,428.3499755859375,768.0287475585938,421.8984069824219,819.9334106445312,549.0159301757812,755.0625610351562,535.7968139648438,808.8490600585938,665.4049682617188,746.6239624023438,650.48779296875
505,16.83327885652643,822.4447631835938,206.7589111328125,831.8663330078125,200.1691436767578,811.72314453125,198.76519775390625,842.0902709960938,208.3025360107422,793.200927734375,203.85971069335938,849.0947265625,251.20172119140625,772.8394165039062,241.22364807128906,861.5317993164062,184.0901641845703,768.096923828125,170.5532989501953,850.3175048828125,113.50113677978516,802.2628173828125,105.66402435302734,821.603515625,427.96527099609375,767.7197265625,421.6362609863281,820.4603271484375,549.3220825195312,754.6002197265625,534.9628295898438,808.367919921875,665.876220703125,745.4454345703125,649.4393920898438
506,16.866612081984897,822.3598022460938,206.9114532470703,831.8837890625,200.2426300048828,811.608154296875,198.8895721435547,842.2245483398438,208.25657653808594,792.9818725585938,203.88914489746094,849.0579223632812,251.2058563232422,772.6763305664062,241.5664520263672,861.975341796875,183.97987365722656,767.78369140625,171.34567260742188,850.2510375976562,112.79214477539062,801.775390625,106.62328338623047,821.627685546875,428.2214050292969,767.7171020507812,422.1363220214844,820.1776123046875,549.197021484375,754.684326171875,535.8067626953125,808.3065795898438,665.0537719726562,746.1146850585938,650.2066650390625
507,16.899945307443367,823.5563354492188,206.79534912109375,832.9052734375,200.09315490722656,812.603759765625,198.78118896484375,842.8964233398438,208.133544921875,793.3203735351562,203.96543884277344,849.7045288085938,250.90086364746094,772.8798828125,241.85093688964844,863.27978515625,180.37631225585938,768.7308349609375,170.03280639648438,852.0015869140625,107.435302734375,803.4244384765625,104.73774719238281,822.1309814453125,429.3871765136719,767.9360961914062,423.3958740234375,820.6141357421875,550.62451171875,754.7593383789062,536.7670288085938,808.5546264648438,667.0789794921875,745.851318359375,650.9482421875
508,16.933278532901834,823.6338500976562,207.03807067871094,833.080322265625,200.36550903320312,812.6180419921875,198.96995544433594,843.1812133789062,208.48670959472656,793.0025024414062,204.2115478515625,849.8201904296875,251.2436065673828,772.951416015625,242.491943359375,864.5983276367188,179.6848602294922,770.4982299804688,171.0086212158203,854.0277099609375,105.82699584960938,803.9286499023438,106.3089370727539,822.075439453125,429.64434814453125,767.8750610351562,423.57501220703125,820.1802978515625,551.27734375,754.533447265625,536.90771484375,808.9195556640625,667.2047119140625,746.5567626953125,650.3367919921875
509,16.9666117583603,823.5260620117188,207.63331604003906,833.119140625,200.88038635253906,812.5604858398438,199.38604736328125,843.3055419921875,208.6611785888672,792.778564453125,204.16444396972656,849.9374389648438,250.96910095214844,772.3969116210938,242.87278747558594,865.661865234375,179.3245849609375,769.8381958007812,172.70875549316406,856.4415283203125,106.59734344482422,803.3978271484375,107.68852996826172,822.3896484375,430.45147705078125,767.760986328125,424.6448669433594,820.4198608398438,551.93603515625,753.7176513671875,537.7350463867188,808.74609375,667.1806030273438,746.0463256835938,650.2354736328125
510,16.99994498381877,823.2448120117188,207.6844482421875,833.0014038085938,201.1419219970703,812.241455078125,199.54129028320312,843.461669921875,209.52850341796875,792.5341186523438,204.80551147460938,850.29296875,252.08555603027344,772.5762939453125,243.52584838867188,866.8167724609375,179.55372619628906,771.0013427734375,172.06362915039062,857.110107421875,104.45278930664062,804.7699584960938,105.86720275878906,822.7138061523438,430.8525085449219,767.928466796875,424.7931213378906,820.2057495117188,551.8485717773438,753.3412475585938,537.5574340820312,808.5645141601562,666.1419067382812,746.2206420898438,649.4727172851562
511,17.03327820927724,823.3285522460938,208.12289428710938,832.9611206054688,201.6242218017578,812.458984375,199.95187377929688,843.1279296875,209.85043334960938,792.6754150390625,204.9205322265625,850.1136474609375,251.98098754882812,772.2775268554688,243.3700408935547,867.2214965820312,179.5843963623047,770.3954467773438,171.73875427246094,858.2093505859375,105.79359436035156,805.1724243164062,105.38382720947266,823.0805053710938,430.8093566894531,768.2645874023438,424.82427978515625,820.4638671875,551.631591796875,753.257568359375,537.538330078125,808.305908203125,666.4501342773438,745.7919311523438,649.8544311523438
512,17.066611434735705,822.5770263671875,208.0648193359375,832.3844604492188,201.5945587158203,811.7320556640625,199.85386657714844,843.0037231445312,209.95184326171875,792.467041015625,204.9299774169922,850.4627685546875,252.24937438964844,772.3637084960938,243.4907989501953,867.4837036132812,180.00416564941406,770.5527954101562,172.02633666992188,857.9745483398438,105.54460144042969,805.1737670898438,105.28997039794922,823.2642822265625,430.9419860839844,768.2449340820312,424.7835388183594,821.143310546875,552.373046875,753.4537353515625,537.7523193359375,808.73291015625,666.8505249023438,745.8558349609375,649.6925048828125
513,17.099944660194176,820.9553833007812,207.12464904785156,830.873779296875,201.07859802246094,810.2391967773438,199.06967163085938,841.7091674804688,210.26808166503906,791.3905029296875,204.75686645507812,849.7152709960938,252.18385314941406,771.5767211914062,243.3314666748047,865.8963623046875,179.3732452392578,770.527099609375,172.43345642089844,854.1499633789062,103.6860122680664,803.4743041992188,105.2813720703125,822.91650390625,429.896240234375,767.733642578125,423.3914794921875,821.37060546875,551.5833740234375,753.3195190429688,535.6925048828125,807.9854125976562,665.8756103515625,745.96728515625,647.2674560546875
514,17.133277885652642,819.8573608398438,206.9064483642578,830.0188598632812,200.6853485107422,809.0218505859375,198.77374267578125,841.6105346679688,209.75201416015625,790.8505859375,204.47596740722656,849.8623657226562,251.94688415527344,771.24951171875,242.73011779785156,864.5220947265625,179.15115356445312,768.9133911132812,171.5309600830078,852.7379760742188,103.60716247558594,803.0795288085938,105.42025756835938,822.2935791015625,429.95806884765625,766.76025390625,423.26806640625,821.34375,551.7177734375,753.0742797851562,535.1132202148438,807.8854370117188,665.886474609375,745.6298217773438,646.16552734375
515,17.166611111111113,818.6966552734375,207.04769897460938,828.6986694335938,200.41015625,807.4100341796875,198.87339782714844,840.4822998046875,208.8470458984375,788.7235717773438,204.2953338623047,848.7732543945312,251.4674835205078,770.32177734375,241.518310546875,861.4095458984375,181.2199249267578,768.3433227539062,170.1472625732422,848.7799682617188,106.66432189941406,802.8429565429688,105.5696792602539,822.5231323242188,429.5697021484375,766.9386596679688,422.6986999511719,820.8626708984375,550.9945068359375,753.465087890625,534.0868530273438,808.0147094726562,665.6923828125,746.1857299804688,645.474853515625
516,17.19994433656958,818.7301635742188,207.1945343017578,828.0162963867188,200.3681640625,807.193603515625,199.18324279785156,838.7256469726562,208.395263671875,787.2855224609375,204.49229431152344,846.4902954101562,250.6167449951172,769.6458129882812,240.1834259033203,857.3134155273438,179.33290100097656,768.6595458984375,166.05702209472656,842.4343872070312,104.41184997558594,800.4880981445312,103.6554946899414,822.2954711914062,429.7383728027344,767.3988037109375,422.712158203125,819.947021484375,550.24365234375,753.765380859375,533.0315551757812,809.20703125,666.5885009765625,746.5526733398438,645.8062744140625
517,17.233277562028047,818.0889892578125,207.36676025390625,826.9873046875,200.4469451904297,806.6005859375,199.2783966064453,837.050048828125,208.11468505859375,786.1593017578125,204.09991455078125,844.7069702148438,250.52731323242188,768.6317138671875,239.20547485351562,855.65576171875,179.9146728515625,768.10205078125,163.80564880371094,840.1976318359375,105.6633071899414,798.6331176757812,102.49578094482422,822.0485229492188,430.3560791015625,767.5653686523438,423.077392578125,819.8369140625,550.2067260742188,754.1825561523438,532.7154541015625,809.8037109375,667.5787353515625,746.6753540039062,646.5609741210938
518,17.266610787486517,817.41259765625,207.2294464111328,826.3458862304688,200.28570556640625,805.998046875,199.21485900878906,836.5064697265625,208.0670166015625,785.8709106445312,204.14617919921875,844.4176025390625,251.2266387939453,768.322021484375,239.39512634277344,856.01708984375,183.4579620361328,767.5298461914062,164.20089721679688,840.6053466796875,111.208251953125,799.6061401367188,102.60222625732422,821.8938598632812,430.0821533203125,767.4677124023438,422.9048767089844,819.4109497070312,549.8624267578125,754.0081176757812,533.5685424804688,810.033447265625,666.5886840820312,746.8543701171875,647.4303588867188
519,17.299944012944984,816.2183227539062,207.15789794921875,825.1734008789062,199.9920654296875,804.7296142578125,199.06394958496094,835.4596557617188,207.0993194580078,784.4163818359375,203.48716735839844,842.80126953125,248.87588500976562,767.1923828125,238.37945556640625,854.0467529296875,175.1118621826172,765.0543823242188,160.77728271484375,838.5503540039062,101.08726501464844,796.157958984375,100.44068908691406,821.5244140625,430.0835266113281,767.2088623046875,423.4518127441406,818.5776977539062,549.5703735351562,752.7971801757812,533.9049682617188,810.3696899414062,666.6976318359375,745.9143676757812,647.819091796875
520,17.33327723840345,815.1217651367188,206.65957641601562,824.05126953125,198.66238403320312,803.4251098632812,198.42544555664062,834.6831665039062,204.43727111816406,783.4042358398438,202.2377471923828,841.1286010742188,247.11241149902344,767.474853515625,237.03982543945312,852.6781616210938,175.9457550048828,762.8672485351562,160.08709716796875,835.6927490234375,100.98182678222656,793.838134765625,101.48553466796875,819.9429321289062,429.6659851074219,767.0999755859375,423.9696960449219,816.01025390625,547.0814208984375,755.1832885742188,536.0949096679688,809.799072265625,664.6262817382812,748.5020751953125,652.7861938476562
521,17.36661046386192,813.4564819335938,205.37132263183594,822.400634765625,197.9922637939453,802.118408203125,197.51731872558594,833.2042236328125,204.55393981933594,782.9846801757812,202.0000762939453,840.3524780273438,245.4925537109375,767.4013061523438,235.9286651611328,852.7241821289062,172.78594970703125,763.4696044921875,158.80540466308594,837.6744384765625,98.63204956054688,792.4148559570312,99.78685760498047,819.5426635742188,428.2583923339844,766.8187866210938,422.473388671875,815.9013671875,546.9344482421875,753.5143432617188,535.034912109375,809.8170166015625,664.8036499023438,746.3932495117188,651.2744140625
522,17.399943689320388,811.68994140625,205.1107635498047,820.169189453125,197.48175048828125,800.5841064453125,197.6634521484375,830.855712890625,203.16773986816406,782.9847412109375,202.13430786132812,837.9984741210938,243.0952911376953,768.2993774414062,234.36166381835938,849.675537109375,173.37982177734375,759.8314819335938,158.5751190185547,835.722900390625,100.56008911132812,788.935302734375,100.05229949951172,817.5732421875,425.2255859375,767.1928100585938,420.43560791015625,813.72119140625,544.5860595703125,757.1895751953125,536.2437133789062,808.486572265625,663.7741088867188,748.7186889648438,654.5796508789062
523,17.433276914778858,809.5419311523438,205.7582244873047,819.5984497070312,197.22039794921875,798.2630004882812,197.2416229248047,832.2135620117188,199.77667236328125,780.9581298828125,199.38035583496094,839.0960693359375,240.10069274902344,766.6705932617188,234.6708221435547,846.5930786132812,172.72325134277344,758.4267578125,159.21539306640625,832.980712890625,102.01461791992188,786.8674926757812,100.47350311279297,815.7638549804688,426.8785705566406,764.7015991210938,423.2785339355469,814.3057250976562,546.5386352539062,755.2658081054688,537.3682861328125,806.3703002929688,665.727294921875,748.1317749023438,656.0195922851562
524,17.466610140237325,808.6329345703125,205.09356689453125,818.50830078125,196.46343994140625,797.1880493164062,196.520751953125,830.6195678710938,198.8429412841797,778.73046875,198.65805053710938,837.6163330078125,238.27328491210938,764.7242431640625,234.77944946289062,846.5148315429688,169.02108764648438,759.7543334960938,160.05120849609375,832.833251953125,101.14582061767578,786.7777099609375,101.4201889038086,815.4327392578125,425.8342590332031,764.0513305664062,422.8949890136719,814.0436401367188,545.4229736328125,754.4901733398438,536.60595703125,806.4132080078125,664.6520385742188,748.5177612304688,654.672119140625
525,17.499943365695792,807.9014892578125,203.71389770507812,817.3148803710938,195.327392578125,796.6900024414062,195.35829162597656,828.1500854492188,198.36207580566406,777.4227905273438,197.94204711914062,835.4197998046875,238.343017578125,762.4352416992188,235.08212280273438,846.4407958984375,169.36959838867188,757.8485717773438,159.70880126953125,830.478515625,101.88638305664062,784.390625,99.10494995117188,815.0711669921875,425.7266845703125,763.7925415039062,423.21722412109375,813.158447265625,545.45361328125,754.2089233398438,538.3737182617188,805.9456787109375,663.9014892578125,749.474365234375,656.5340576171875
526,17.533276591154262,806.927734375,203.7190704345703,816.13671875,195.2705078125,795.681396484375,195.67710876464844,827.0439453125,198.1493682861328,776.8623046875,198.61419677734375,834.1458740234375,238.18365478515625,763.1571044921875,235.20054626464844,845.8214721679688,168.629638671875,756.9905395507812,157.87828063964844,829.50732421875,101.3874282836914,781.2960815429688,98.55044555664062,813.918701171875,425.2600402832031,764.1033325195312,423.0898132324219,811.509765625,543.3699340820312,755.6807250976562,538.1940307617188,805.3399047851562,661.6115112304688,750.56689453125,656.9082641601562
527,17.56660981661273,805.4124755859375,202.1630096435547,814.8850708007812,194.16015625,794.417236328125,194.2291259765625,825.9613647460938,197.97056579589844,776.053955078125,197.7881317138672,834.5613403320312,237.70420837402344,760.4379272460938,235.44436645507812,845.5128784179688,168.11114501953125,753.87158203125,159.39111328125,826.9222412109375,100.9818115234375,779.0050659179688,95.45069122314453,813.9345092773438,425.803466796875,762.0690307617188,423.6705017089844,812.25048828125,545.0930786132812,752.72412109375,538.4803466796875,805.0415649414062,663.6038818359375,749.4312744140625,656.3862915039062
528,17.599943042071196,803.8297729492188,202.0810546875,813.8449096679688,193.6527099609375,792.7457885742188,193.56689453125,825.7636108398438,196.5769805908203,774.37548828125,196.22793579101562,834.5667114257812,236.01502990722656,759.4103393554688,235.16050720214844,845.5662841796875,164.9026336669922,753.07568359375,159.4156036376953,824.9859008789062,98.57679748535156,776.9497680664062,93.58834075927734,814.5138549804688,426.2441711425781,762.0755615234375,424.5249328613281,812.4633178710938,545.9510498046875,752.10546875,539.5798950195312,805.1740112304688,664.2200927734375,749.9851684570312,656.6936645507812
529,17.633276267529666,802.8997802734375,202.17724609375,813.3665771484375,193.45913696289062,791.8428955078125,193.2415313720703,825.7850952148438,195.65182495117188,773.5239868164062,194.97064208984375,834.0213623046875,234.69715881347656,759.1817626953125,233.7675323486328,845.6897583007812,164.73731994628906,752.5546264648438,157.291259765625,824.696533203125,98.33547973632812,776.6401977539062,87.90200805664062,814.1571655273438,425.71453857421875,761.9125366210938,424.2827453613281,812.6234741210938,544.6134033203125,752.4188842773438,539.8068237304688,805.6851196289062,662.966552734375,750.875,657.4815063476562
530,17.666609492988133,802.962158203125,202.35986328125,813.40185546875,193.60694885253906,791.7608642578125,193.5196075439453,825.996337890625,195.76507568359375,773.4666748046875,195.3958740234375,834.1883544921875,234.979736328125,759.4951782226562,234.16258239746094,845.3911743164062,164.8087158203125,753.6357421875,158.40272521972656,825.1539916992188,99.0444564819336,776.7125854492188,91.8779525756836,813.94970703125,426.2148742675781,761.69580078125,424.659423828125,812.9229736328125,544.7125244140625,752.5310668945312,539.1830444335938,805.8973388671875,662.7274169921875,750.6276245117188,656.646728515625
531,17.699942718446604,802.665283203125,203.3398895263672,813.022216796875,194.61532592773438,791.7150268554688,194.70533752441406,825.4754028320312,196.4043731689453,773.9656982421875,196.32901000976562,833.9422607421875,234.54380798339844,759.6053466796875,234.05242919921875,845.843017578125,166.49819946289062,752.8967895507812,159.90957641601562,826.0675048828125,99.62230682373047,778.4912719726562,91.6001968383789,813.5714721679688,425.8272399902344,761.4440307617188,424.7125244140625,812.500244140625,544.9011840820312,752.02783203125,540.9880981445312,806.9560546875,663.7539672851562,750.76904296875,659.6748046875
532,17.73327594390507,802.5408935546875,204.21026611328125,812.5087890625,195.33334350585938,791.4270629882812,195.64414978027344,824.675048828125,196.71865844726562,773.388916015625,197.27301025390625,832.7420654296875,234.9401092529297,758.8126831054688,235.2744598388672,844.1182250976562,165.60043334960938,750.8125,164.0026397705078,825.871337890625,97.86837768554688,775.9478759765625,100.54541778564453,812.1985473632812,425.8350524902344,760.5272827148438,424.9222412109375,811.6044311523438,543.6554565429688,752.4989013671875,539.3004150390625,806.4937133789062,662.2680053710938,750.5803833007812,657.0768432617188
533,17.766609169363537,801.5000610351562,204.3834686279297,811.5435180664062,195.4866180419922,790.4622802734375,195.68765258789062,824.0794677734375,196.69149780273438,773.0652465820312,197.07537841796875,833.0737915039062,235.0480499267578,757.7012329101562,235.08375549316406,843.5223999023438,165.74647521972656,748.1224975585938,164.9548797607422,825.3331298828125,97.94187927246094,773.5910034179688,102.5687484741211,812.0630493164062,426.2895812988281,759.6173706054688,424.9617919921875,812.2489013671875,544.9841918945312,751.9376220703125,538.4322509765625,807.1094360351562,663.5299682617188,750.4539184570312,654.9591674804688
534,17.799942394822008,800.4376831054688,204.1400909423828,810.8755493164062,194.93472290039062,789.1980590820312,195.35067749023438,824.3452758789062,195.94790649414062,772.5332641601562,196.89015197753906,833.049560546875,235.1283721923828,757.0264282226562,235.86337280273438,841.3426513671875,170.11651611328125,742.3179931640625,171.6195526123047,824.35791015625,103.75435638427734,767.2728881835938,111.775146484375,811.4610595703125,425.7602233886719,758.95849609375,425.0090026855469,812.3491821289062,544.5491943359375,752.5271606445312,539.4854125976562,807.217041015625,664.4166870117188,750.55859375,657.8306884765625
535,17.833275620280475,799.6862182617188,204.4149627685547,810.4568481445312,195.15267944335938,788.3765869140625,195.47616577148438,824.4796752929688,196.31295776367188,772.1091918945312,197.22543334960938,833.5393676757812,236.0249786376953,756.22412109375,237.45501708984375,839.35595703125,177.9142608642578,738.0194702148438,182.19473266601562,822.4698486328125,114.59817504882812,758.7157592773438,124.03376770019531,811.2069702148438,425.6661682128906,758.150634765625,424.9169616699219,813.3048706054688,545.6087036132812,752.3504638671875,539.260009765625,807.5531616210938,666.4718017578125,750.6066284179688,657.9009399414062
536,17.866608845738945,799.9054565429688,204.344482421875,810.2659912109375,195.25399780273438,788.4313354492188,195.7663116455078,823.5642700195312,197.0643768310547,771.4653930664062,197.9743194580078,832.877197265625,237.8922576904297,755.0259399414062,236.54794311523438,836.8648681640625,183.07545471191406,737.7838134765625,175.32435607910156,818.223876953125,123.89405059814453,759.65966796875,114.78485107421875,811.5586547851562,426.4147033691406,757.9921875,424.9433898925781,813.0574340820312,547.369384765625,752.085693359375,540.275634765625,807.4088745117188,668.6919555664062,751.104248046875,659.6265258789062
537,17.89994207119741,798.650390625,204.57749938964844,809.2979125976562,195.31671142578125,787.0174560546875,195.7444610595703,823.0109252929688,196.9822998046875,769.8054809570312,197.72572326660156,832.81103515625,237.5939483642578,752.4788208007812,237.50938415527344,836.007080078125,181.16189575195312,734.8873291015625,178.99559020996094,815.8427124023438,117.70460510253906,758.280517578125,115.72210693359375,812.8161010742188,426.65850830078125,757.4743041992188,425.64056396484375,814.840087890625,548.1244506835938,750.5362548828125,540.8718872070312,808.4769287109375,668.027587890625,750.6256103515625,658.7894897460938
538,17.93327529665588,798.44970703125,204.33090209960938,809.3068237304688,195.146728515625,786.8064575195312,195.5597686767578,823.3349609375,197.2344512939453,769.9880981445312,197.84059143066406,833.0684204101562,238.59820556640625,752.56982421875,237.89141845703125,834.7499389648438,186.5967254638672,733.8037109375,183.17831420898438,814.6655883789062,124.62591552734375,756.123046875,121.6568603515625,812.7557373046875,426.4400329589844,757.296142578125,425.2168273925781,815.614013671875,547.8831787109375,750.9448852539062,540.4187622070312,808.4321899414062,666.9906005859375,750.9415283203125,658.4760131835938
539,17.96660852211435,797.4779663085938,203.39488220214844,808.2894287109375,194.26443481445312,785.8414916992188,194.60169982910156,822.4161987304688,196.49972534179688,769.204833984375,197.2406005859375,832.51025390625,237.55397033691406,751.8256225585938,238.19873046875,834.0826416015625,179.99729919433594,734.5374755859375,181.9077606201172,813.9839477539062,115.25381469726562,757.330078125,119.3274154663086,812.1922607421875,426.664794921875,756.6162719726562,425.58673095703125,815.2683715820312,548.4791870117188,750.1527709960938,539.5035400390625,809.472412109375,668.5447998046875,750.9544067382812,656.6392211914062
540,17.999941747572816,796.294677734375,203.3368682861328,807.2275390625,194.0816650390625,784.2864379882812,194.74237060546875,822.1580200195312,196.40841674804688,768.0880126953125,197.85733032226562,832.8175659179688,238.1402130126953,752.0194702148438,237.9364013671875,832.0133666992188,182.12814331054688,736.1859130859375,178.5009002685547,812.0323486328125,120.36553955078125,759.6168823242188,114.65959167480469,812.4635009765625,427.5260314941406,756.6173706054688,426.0950927734375,815.0410766601562,549.7040405273438,750.0592041015625,539.6971435546875,809.368408203125,670.2478637695312,751.1483764648438,656.8421020507812
541,18.033274973031283,796.2821044921875,204.10972595214844,807.1859130859375,194.83079528808594,784.5661010742188,195.13890075683594,821.61279296875,196.49388122558594,767.8193969726562,197.3950653076172,831.4498901367188,236.41317749023438,751.0872802734375,238.944580078125,832.3711547851562,174.5859832763672,735.7894897460938,183.0717315673828,813.4318237304688,109.78157806396484,758.1314697265625,120.88429260253906,812.0285034179688,427.58099365234375,756.6165771484375,426.9411926269531,814.2451782226562,549.5381469726562,749.5253295898438,539.6300048828125,809.3486328125,670.7901611328125,751.6046752929688,656.3603515625
542,18.066608198489753,796.0784912109375,204.4034423828125,807.099365234375,195.18008422851562,784.4122314453125,195.42591857910156,821.6304931640625,197.0503387451172,767.7578125,197.81983947753906,831.325927734375,237.0274200439453,750.6331176757812,240.02589416503906,832.0914306640625,176.57699584960938,733.7340087890625,187.2845916748047,812.7855834960938,111.44435119628906,755.8803100585938,125.6641845703125,812.109619140625,427.53240966796875,756.5350341796875,427.1912841796875,814.6026000976562,549.0530395507812,749.503173828125,540.0770874023438,808.9545288085938,669.440185546875,751.302978515625,656.5209350585938
543,18.09994142394822,794.8067626953125,204.7579345703125,805.7821044921875,195.1681365966797,782.8787841796875,196.14382934570312,821.5546264648438,196.25430297851562,767.890380859375,198.990966796875,831.5748291015625,236.148193359375,752.9383544921875,240.2384490966797,830.3453369140625,176.829833984375,734.3714599609375,189.91949462890625,811.7197265625,112.62797546386719,753.110107421875,133.8271026611328,809.8074951171875,426.1871643066406,755.65283203125,425.9878845214844,813.74072265625,548.7233276367188,751.968994140625,539.6834106445312,809.020263671875,670.126220703125,751.907958984375,657.2030029296875
544,18.13327464940669,793.5205078125,204.86703491210938,804.5979614257812,195.16867065429688,781.7540283203125,196.15936279296875,821.0571899414062,195.45188903808594,767.5104370117188,198.49342346191406,831.09228515625,234.0024871826172,753.7996215820312,239.40859985351562,831.8732299804688,169.99366760253906,736.0010375976562,188.41778564453125,814.9447631835938,104.5360336303711,752.6289672851562,135.65255737304688,808.5986938476562,424.57073974609375,755.3827514648438,424.5639953613281,812.7333374023438,547.297119140625,751.97314453125,538.3505859375,809.3326416015625,668.9087524414062,751.3596801757812,655.7787475585938
545,18.166607874865157,793.0994873046875,205.09767150878906,804.0756225585938,195.29330444335938,781.3823852539062,196.29214477539062,820.3327026367188,195.07125854492188,767.10546875,198.19790649414062,830.7396850585938,233.20114135742188,753.059814453125,239.47625732421875,831.3260498046875,169.9668426513672,733.7600708007812,190.98171997070312,814.4459228515625,106.52588653564453,747.8110961914062,139.4823455810547,808.7835083007812,424.9246520996094,755.3038330078125,425.1494140625,813.9730224609375,547.6654663085938,751.6846923828125,538.332275390625,810.67626953125,669.1068115234375,750.6757202148438,655.1143798828125
546,18.199941100323624,792.7941284179688,205.03501892089844,803.8584594726562,195.30331420898438,781.1135864257812,196.1597442626953,820.0733032226562,194.98924255371094,766.5855712890625,197.7644805908203,830.2860107421875,232.2945556640625,752.6033935546875,238.5711212158203,831.0982666015625,167.364990234375,734.8558959960938,187.7724609375,814.771240234375,103.89826965332031,750.6552734375,133.62911987304688,809.0264892578125,424.5307922363281,755.3084106445312,424.84246826171875,814.0863647460938,547.6370239257812,750.6104125976562,538.407958984375,810.923828125,669.2940673828125,749.8895263671875,655.0601806640625
547,18.233274325782094,792.0396118164062,204.90875244140625,803.1521606445312,195.36366271972656,780.6170654296875,196.0464630126953,819.3455200195312,195.34548950195312,766.347900390625,197.7954559326172,829.7032470703125,232.72007751464844,751.4283447265625,240.1805419921875,830.9493408203125,170.08485412597656,731.130859375,197.47235107421875,814.6857299804688,108.50867462158203,743.1407470703125,150.02398681640625,808.5880126953125,423.6763916015625,754.792236328125,424.2374572753906,814.420654296875,547.4312744140625,750.4974975585938,538.2196655273438,810.7265014648438,669.4471435546875,749.6510620117188,655.9696044921875
548,18.26660755124056,791.6139526367188,204.7843475341797,802.8992309570312,195.4343719482422,780.4190673828125,195.81492614746094,819.0773315429688,195.57415771484375,766.1732788085938,197.21571350097656,829.3384399414062,232.35733032226562,750.9549560546875,239.0697479248047,830.7544555664062,169.45802307128906,730.6997680664062,194.78277587890625,814.23291015625,108.2474136352539,742.9156494140625,145.88697814941406,809.0414428710938,422.7816162109375,755.1494750976562,423.1275634765625,814.385986328125,546.20849609375,749.9000854492188,536.8558349609375,810.5272216796875,668.6172485351562,749.8470458984375,655.1351318359375
549,18.299940776699028,790.4268188476562,204.4720458984375,801.7794799804688,195.55201721191406,779.4617919921875,195.6938934326172,817.8988037109375,196.86744689941406,765.6376953125,197.70059204101562,829.2362670898438,235.07533264160156,749.6160278320312,238.97251892089844,830.4014892578125,178.958740234375,728.3428344726562,194.11082458496094,811.2991333007812,121.68729400634766,739.8341674804688,143.8471221923828,808.685791015625,422.9770202636719,754.0767822265625,422.3252258300781,814.9905395507812,547.5001831054688,749.3651733398438,537.0908203125,810.3294067382812,670.4371337890625,749.7368774414062,656.6004638671875
550,18.3332740021575,790.3626708984375,204.125,801.7755126953125,195.28775024414062,779.4260864257812,195.37506103515625,818.0570068359375,196.788330078125,765.8173828125,197.50364685058594,829.082763671875,234.91256713867188,750.15673828125,238.493408203125,830.2103271484375,176.42921447753906,729.7113037109375,190.8291778564453,811.5018920898438,116.26224517822266,742.7373657226562,138.2109375,808.6469116210938,423.0698547363281,754.3344116210938,422.3638916015625,814.7236938476562,547.29150390625,749.328125,537.1298217773438,809.9307250976562,669.8646850585938,749.228271484375,656.3923950195312
551,18.366607227615965,790.4813232421875,203.6501007080078,801.7218627929688,194.81455993652344,779.5274658203125,194.90650939941406,817.399169921875,196.30859375,765.262939453125,197.14187622070312,828.4063720703125,233.9237823486328,748.9605102539062,239.25222778320312,830.41796875,173.98916625976562,727.7734375,194.66156005859375,811.6083374023438,113.39247131347656,739.6241455078125,143.28338623046875,808.7722778320312,422.69903564453125,754.2923583984375,422.6474304199219,814.8117065429688,546.4584350585938,749.3241577148438,536.91064453125,810.4043579101562,669.6363525390625,750.08984375,656.4440307617188
552,18.399940453074436,790.1715698242188,203.84690856933594,801.1294555664062,194.82164001464844,779.05419921875,195.23545837402344,816.7988891601562,195.912109375,764.9968872070312,197.6389923095703,828.1629028320312,233.2633514404297,749.250732421875,239.69723510742188,830.2529907226562,171.10311889648438,727.8408203125,194.59518432617188,812.8108520507812,109.08628845214844,740.4434814453125,142.93966674804688,808.6697998046875,423.0939636230469,754.5271606445312,423.4480895996094,814.65771484375,546.8727416992188,749.8817138671875,537.5770263671875,810.54296875,669.890380859375,749.5119018554688,656.1297607421875
553,18.433273678532903,790.1564331054688,203.68063354492188,801.0585327148438,194.68051147460938,778.9342041015625,195.15493774414062,816.6644287109375,195.92491149902344,764.7027587890625,197.84103393554688,827.9755859375,233.40060424804688,749.353515625,239.92100524902344,830.302734375,171.6096649169922,728.1410522460938,195.05389404296875,812.4490966796875,108.570556640625,740.4481811523438,142.9036865234375,808.409912109375,422.9359436035156,754.4337158203125,423.3355407714844,814.3305053710938,546.3872680664062,749.9769897460938,537.5459594726562,809.8704833984375,669.1611938476562,749.095703125,656.0940551757812
554,18.46660690399137,790.5796508789062,203.56448364257812,801.4563598632812,194.62548828125,779.3072509765625,195.08433532714844,816.790283203125,196.1192169189453,764.6265869140625,197.9444580078125,828.1460571289062,233.8228302001953,748.6521606445312,240.5499725341797,830.3076171875,174.71282958984375,726.5921020507812,199.37957763671875,811.9912109375,113.22303771972656,737.6778564453125,149.11341857910156,808.7098388671875,422.4726867675781,754.2928466796875,422.9138488769531,814.361572265625,546.2496337890625,749.693359375,537.3121948242188,809.4193115234375,669.1633911132812,749.4085083007812,656.284423828125
555,18.49994012944984,790.5360717773438,203.20310974121094,801.3375854492188,194.3020782470703,779.3079223632812,194.6925811767578,816.4717407226562,195.85989379882812,764.4527587890625,197.607421875,827.7418212890625,233.32591247558594,748.2244262695312,241.03970336914062,830.4346313476562,170.25857543945312,727.1510009765625,199.03897094726562,812.0609741210938,106.38382720947266,739.20947265625,147.81295776367188,808.9593505859375,422.93157958984375,754.5538940429688,423.6795349121094,813.7188720703125,546.0695190429688,749.4444580078125,537.2098999023438,808.5660400390625,668.4489135742188,749.60009765625,655.2389526367188
556,18.533273354908307,790.3174438476562,203.5326690673828,800.9258422851562,194.57144165039062,779.1358642578125,194.95364379882812,815.809326171875,195.74365234375,764.1557006835938,197.4900665283203,826.9200439453125,232.71910095214844,748.3841552734375,240.29290771484375,830.742919921875,166.14837646484375,728.6258544921875,193.8077850341797,812.5847778320312,99.97891235351562,742.5833740234375,139.79542541503906,808.8408813476562,422.8459777832031,755.005126953125,423.677490234375,813.1140747070312,545.4187622070312,749.7151489257812,537.1943359375,808.1074829101562,667.4695434570312,749.1611328125,654.629150390625
557,18.566606580366773,790.1350708007812,203.44496154785156,800.853515625,194.4742889404297,778.9881591796875,194.9754638671875,816.076904296875,195.6670379638672,764.5863647460938,197.7125701904297,827.6604614257812,232.76869201660156,748.5136108398438,240.86805725097656,830.5297241210938,168.4248809814453,727.2496948242188,197.38250732421875,811.9243774414062,103.8743667602539,740.4678955078125,144.39767456054688,808.7486572265625,423.14605712890625,754.5917358398438,424.0950622558594,813.1671142578125,546.046142578125,749.604736328125,537.6646118164062,807.8809204101562,667.2791137695312,749.4776000976562,654.2437133789062
558,18.599939805825244,789.7547607421875,202.871826171875,800.4624633789062,193.89291381835938,778.4909057617188,194.4631805419922,815.837158203125,195.2549591064453,764.0929565429688,197.47666931152344,827.4462280273438,232.75759887695312,748.531005859375,240.7696990966797,830.2083740234375,167.04884338378906,728.235107421875,195.7028045654297,811.1656494140625,101.26667785644531,741.6718139648438,142.57667541503906,808.8294677734375,422.90399169921875,754.7832641601562,423.8092041015625,813.0952758789062,545.2166748046875,749.8794555664062,536.9218139648438,807.7310791015625,665.9404907226562,749.5689086914062,653.3032836914062
559,18.63327303128371,789.6896362304688,202.8987579345703,800.4259643554688,194.01780700683594,778.5738525390625,194.47418212890625,815.7092895507812,195.3534698486328,764.244873046875,197.2957763671875,827.6548461914062,232.42198181152344,748.1265869140625,240.49496459960938,830.6403198242188,167.91961669921875,727.1060791015625,197.31007385253906,811.5103149414062,103.39752197265625,739.7852172851562,145.1425018310547,809.0369262695312,422.824951171875,754.6456298828125,423.6524658203125,813.2989501953125,545.855224609375,749.4419555664062,537.0465698242188,807.8984985351562,667.5150146484375,749.6988525390625,654.177001953125
560,18.66660625674218,789.7005615234375,202.8499298095703,800.3865966796875,193.92041015625,778.59130859375,194.3708038330078,815.514892578125,195.282958984375,764.1342163085938,197.3113250732422,827.9865112304688,232.5742950439453,747.4314575195312,241.63082885742188,831.2506713867188,169.21131896972656,725.5792236328125,202.3252410888672,812.052001953125,106.01022338867188,737.0930786132812,152.05142211914062,809.3106079101562,422.6675720214844,754.4498901367188,423.6826171875,813.6605224609375,546.1434936523438,749.0119018554688,536.8118286132812,808.3997802734375,667.8510131835938,749.6982421875,653.4509887695312
561,18.699939482200648,789.4953002929688,202.83421325683594,800.1890258789062,193.96102905273438,778.446533203125,194.36940002441406,815.3316040039062,195.3280029296875,764.104248046875,197.24945068359375,827.4622802734375,232.5518798828125,747.6866455078125,241.49679565429688,830.6917114257812,168.96450805664062,726.4826049804688,201.93312072753906,811.7833862304688,105.46588134765625,737.7587890625,151.653076171875,808.8875732421875,422.4978942871094,754.4410400390625,423.5013732910156,813.6246948242188,546.0654907226562,749.3073120117188,536.9264526367188,808.1920166015625,667.2125854492188,749.5107421875,653.355224609375
562,18.733272707659115,789.1847534179688,202.78359985351562,799.9453125,193.8646240234375,778.0521240234375,194.42848205566406,815.46923828125,195.32958984375,764.15771484375,197.5992889404297,827.6785888671875,232.9682159423828,748.443603515625,241.53834533691406,830.3370361328125,170.31964111328125,727.1692504882812,200.76283264160156,810.9072875976562,106.6601791381836,738.90283203125,149.35450744628906,808.7617797851562,422.7206726074219,754.5667724609375,423.7135314941406,813.9717407226562,545.6513671875,750.0339965820312,537.184814453125,808.20068359375,666.343994140625,749.412109375,653.7001953125
563,18.766605933117585,788.6184692382812,202.74501037597656,799.2860107421875,193.79148864746094,777.3829345703125,194.61495971679688,814.9589233398438,195.39828491210938,763.9029541015625,198.2386016845703,827.8989868164062,233.46485900878906,748.3665161132812,241.9664306640625,829.5484619140625,173.48951721191406,726.7254028320312,202.4461212158203,809.7885131835938,111.81539916992188,738.4000244140625,151.66970825195312,808.56005859375,422.55841064453125,754.2290649414062,423.4908447265625,814.0706176757812,545.8788452148438,750.371337890625,537.0159912109375,808.3309326171875,667.1080322265625,749.8303833007812,653.9957885742188
564,18.799939158576052,788.3377075195312,202.97203063964844,798.9407958984375,193.90951538085938,777.1411743164062,194.8681640625,814.7716064453125,195.0154266357422,763.884765625,198.2777862548828,827.6528930664062,232.27406311035156,749.1179809570312,241.69723510742188,830.226806640625,169.2379608154297,728.0049438476562,200.86695861816406,811.1844482421875,106.1238021850586,739.3411865234375,150.46987915039062,808.5403442382812,421.90118408203125,754.8233642578125,423.1408996582031,813.39208984375,545.103515625,750.5291748046875,536.8389892578125,808.9172973632812,667.082763671875,749.9789428710938,654.3809814453125
565,18.83327238403452,787.8765869140625,202.69781494140625,798.33544921875,193.6840362548828,776.8037109375,194.5210418701172,813.9771728515625,194.84078979492188,763.8276977539062,197.95938110351562,827.1326904296875,232.220458984375,749.0694580078125,241.51927185058594,829.8682250976562,168.09132385253906,728.5638427734375,199.7541961669922,811.9147338867188,103.64850616455078,740.4595947265625,147.36798095703125,808.009765625,422.068115234375,754.658935546875,423.1211242675781,813.544921875,545.85205078125,750.9978637695312,536.35205078125,809.6629028320312,668.4839477539062,750.341796875,653.3081665039062
566,18.86660560949299,788.2973022460938,203.0205078125,798.8523559570312,193.99281311035156,777.1777954101562,194.7806396484375,814.3789672851562,195.01885986328125,763.6982421875,198.0048828125,827.1974487304688,231.97267150878906,748.6908569335938,241.7847137451172,830.182373046875,169.71707153320312,728.1864013671875,203.244873046875,811.974853515625,106.44215393066406,738.5979614257812,152.12803649902344,807.9619140625,421.4842834472656,754.3068237304688,422.7282409667969,813.8399047851562,544.94677734375,750.7665405273438,535.8234252929688,809.5487670898438,667.360107421875,750.5540771484375,653.0074462890625
567,18.899938834951456,787.80029296875,202.96717834472656,798.2664184570312,193.87257385253906,776.7252197265625,194.830078125,813.8783569335938,194.7549285888672,763.7120971679688,198.14573669433594,827.3231811523438,231.67494201660156,748.7665405273438,241.89649963378906,830.021240234375,170.1349639892578,727.4103393554688,204.17837524414062,811.3243408203125,107.639404296875,737.779052734375,153.55442810058594,808.1483764648438,421.58221435546875,754.5079345703125,422.9707336425781,813.8032836914062,545.5121459960938,750.8347778320312,536.5909423828125,809.7361450195312,669.1907348632812,750.4044799804688,655.0155029296875
568,18.933272060409926,787.4861450195312,203.2152557373047,797.99951171875,194.13287353515625,776.466796875,194.98731994628906,813.6779174804688,194.87384033203125,763.4485473632812,198.07159423828125,826.8222045898438,231.5207977294922,748.88671875,241.75306701660156,829.9286499023438,167.95730590820312,728.26220703125,202.5528564453125,812.177001953125,104.60453796386719,738.2081909179688,151.7691192626953,808.0177001953125,421.82373046875,754.7406616210938,423.1689147949219,813.4783935546875,545.5792846679688,750.6932983398438,536.4110107421875,810.2553100585938,668.7836303710938,750.5979614257812,654.03564453125
569,18.966605285868393,787.1285400390625,203.25279235839844,797.698974609375,194.23606872558594,776.2406005859375,194.9519500732422,813.2738647460938,195.0338134765625,763.2012329101562,197.9198455810547,826.7893676757812,231.4390869140625,748.204833984375,241.90744018554688,830.304931640625,168.18177795410156,728.2802124023438,202.8740997314453,811.7451171875,105.52061462402344,738.4351806640625,149.90261840820312,808.034912109375,421.9595031738281,754.3336181640625,423.35430908203125,813.60595703125,545.8173217773438,749.9008178710938,536.4763793945312,810.126220703125,669.17431640625,750.46240234375,653.9869995117188
570,18.99993851132686,787.2055053710938,203.0924072265625,797.5933227539062,194.1895751953125,776.3431396484375,194.8358917236328,812.6814575195312,195.24844360351562,763.0637817382812,197.95751953125,826.3071899414062,231.66493225097656,747.8006591796875,242.06063842773438,829.8799438476562,166.77047729492188,728.7825927734375,200.8090362548828,812.2014770507812,102.6628189086914,740.3840942382812,143.8006134033203,808.4593505859375,422.4591979980469,754.83056640625,423.8646240234375,813.2627563476562,546.0664672851562,749.8156127929688,536.209716796875,809.6893920898438,669.145263671875,751.0307006835938,652.6380004882812
571,19.03327173678533,786.9134521484375,203.733154296875,797.1004028320312,194.6993865966797,775.9044189453125,195.5002899169922,811.8709716796875,195.27459716796875,762.2172241210938,198.10789489746094,825.2838745117188,231.22158813476562,747.7155151367188,240.049560546875,828.703125,164.247314453125,731.1299438476562,189.40057373046875,810.597900390625,99.64813232421875,746.2335815429688,125.38204956054688,808.4557495117188,422.8802795410156,755.1790771484375,424.1346130371094,812.6146850585938,546.1094360351562,750.1041870117188,537.0467529296875,809.1857299804688,670.2127075195312,751.3060913085938,654.4841918945312
572,19.066604962243797,786.6349487304688,204.11827087402344,796.5427856445312,195.00965881347656,775.581787109375,195.8162078857422,810.9133911132812,195.27467346191406,761.4357299804688,198.07928466796875,824.5465698242188,231.29190063476562,747.3770751953125,239.17759704589844,829.6752319335938,161.12646484375,732.5806274414062,183.11062622070312,811.1343994140625,94.16677856445312,748.4157104492188,117.85480499267578,808.3983154296875,423.4156188964844,755.3668212890625,424.2864074707031,811.940673828125,545.72998046875,750.0453491210938,536.2716674804688,809.4347534179688,668.9622802734375,751.3892211914062,652.578369140625
573,19.099938187702264,786.8387451171875,204.28146362304688,796.498046875,195.1434783935547,775.6035766601562,195.93577575683594,810.3379516601562,195.2253875732422,760.5534057617188,197.82948303222656,823.9954833984375,231.11480712890625,747.1467895507812,236.9765625,829.9010009765625,159.56619262695312,735.3394165039062,172.84486389160156,810.6236572265625,91.51918029785156,753.6151123046875,102.5133056640625,808.681640625,424.21954345703125,755.5086669921875,424.4529113769531,811.6130981445312,546.811767578125,749.3609619140625,536.7130737304688,809.8477783203125,670.1731567382812,750.7435913085938,652.4342041015625
574,19.133271413160735,785.3004150390625,204.23854064941406,795.3440551757812,194.8866729736328,774.0862426757812,196.03512573242188,810.5007934570312,194.9363555908203,760.5586547851562,198.85072326660156,824.9605712890625,231.42539978027344,747.1963500976562,241.6166229248047,829.514404296875,165.31536865234375,728.6689453125,195.7854766845703,808.119384765625,102.35684204101562,738.2299194335938,141.74072265625,807.4479370117188,423.366455078125,754.2782592773438,424.68701171875,812.2337646484375,545.3285522460938,750.1879272460938,536.370849609375,810.3389282226562,668.0516357421875,750.6452026367188,652.6616821289062
575,19.1666046386192,782.8311157226562,204.62413024902344,793.3953247070312,195.27647399902344,771.7303466796875,196.59629821777344,809.9166259765625,195.34112548828125,759.5280151367188,200.11061096191406,826.3735961914062,231.00425720214844,747.2634887695312,245.21963500976562,831.4620971679688,168.18258666992188,728.8156127929688,208.46498107910156,808.2811279296875,111.32158660888672,733.527099609375,155.9789581298828,807.7661743164062,421.8818664550781,753.9813842773438,424.16668701171875,812.8063354492188,544.119140625,749.2921752929688,535.57958984375,810.037109375,667.52783203125,750.8300170898438,652.3782958984375
576,19.199937864077672,781.58154296875,203.9826202392578,792.0431518554688,194.6756591796875,770.3426513671875,196.05348205566406,809.1292724609375,195.2836456298828,758.81103515625,200.06446838378906,825.9126586914062,232.87538146972656,747.6242065429688,243.7555389404297,830.8536376953125,165.69223022460938,728.5341186523438,196.83091735839844,806.960205078125,104.13015747070312,736.2714233398438,145.38832092285156,807.993896484375,423.3651123046875,754.7138061523438,424.5065002441406,812.2819213867188,544.7140502929688,750.1019897460938,535.5344848632812,810.1686401367188,666.5301513671875,749.932861328125,651.2593383789062
577,19.23327108953614,779.2637939453125,204.68850708007812,790.0524291992188,195.23580932617188,768.3003540039062,196.4468536376953,807.9990844726562,195.17251586914062,758.1748046875,199.52285766601562,825.7546997070312,231.60960388183594,748.4202270507812,240.20875549316406,830.5068969726562,157.85568237304688,732.5501708984375,174.09950256347656,807.68212890625,91.34838104248047,746.6182861328125,100.16072082519531,808.23388671875,425.3482971191406,755.0633544921875,425.9793701171875,812.4188232421875,545.7753295898438,748.4038696289062,535.9005737304688,811.4517211914062,668.568115234375,748.8474731445312,650.2649536132812
578,19.266604314994606,779.2203979492188,204.68600463867188,790.0848388671875,195.31121826171875,768.2965087890625,196.4143829345703,808.0836181640625,195.3643798828125,758.1591796875,199.46437072753906,825.3731689453125,231.79209899902344,748.6940307617188,240.02427673339844,830.381103515625,158.6613006591797,732.7202758789062,175.10665893554688,808.1298217773438,92.08733367919922,746.2042846679688,103.55555725097656,807.70751953125,425.0052185058594,754.978271484375,425.4825439453125,812.1415405273438,545.3643798828125,748.7789306640625,535.5538940429688,811.1785888671875,667.8120727539062,748.930908203125,649.9629516601562
579,19.299937540453076,778.091796875,205.70462036132812,788.6402587890625,196.25711059570312,766.9027709960938,197.63565063476562,806.697021484375,196.2578887939453,756.8878784179688,200.6860809326172,824.8744506835938,233.50848388671875,748.689453125,238.13926696777344,830.3676147460938,157.3308563232422,732.8080444335938,160.16845703125,807.1748046875,88.6640625,748.5147705078125,86.17544555664062,808.3893432617188,426.58221435546875,755.8071899414062,425.9089050292969,811.6483764648438,546.4851684570312,748.7650756835938,535.959228515625,811.5203857421875,667.9168701171875,747.7926025390625,649.4950561523438
580,19.333270765911543,777.0884399414062,206.2832489013672,788.08203125,196.66673278808594,765.7505493164062,198.16409301757812,807.4691162109375,196.5041961669922,756.4330444335938,201.2937469482422,825.6871948242188,233.81227111816406,748.96533203125,238.5879364013672,829.4494018554688,158.3898468017578,731.1716918945312,161.06411743164062,806.4296264648438,91.38138580322266,745.994384765625,88.37772369384766,808.4191284179688,426.2469177246094,755.5829467773438,425.5882568359375,811.7465209960938,546.4677734375,748.9990234375,535.9317016601562,811.1568603515625,668.4071655273438,747.8818359375,649.9785766601562
581,19.36660399137001,774.0843505859375,205.728271484375,785.99365234375,196.84347534179688,763.1464233398438,198.42701721191406,807.4381713867188,197.57611083984375,755.0491943359375,202.64111328125,826.0415649414062,230.58392333984375,751.145751953125,237.3179168701172,830.6981811523438,153.45706176757812,735.8304443359375,155.63421630859375,804.5693969726562,87.38560485839844,743.8668823242188,81.2688217163086,808.9334106445312,423.15313720703125,755.9691162109375,423.1154479980469,809.5386352539062,545.446044921875,746.47412109375,538.6287231445312,810.5079956054688,664.7300415039062,746.5304565429688,651.52490234375
582,19.39993721682848,772.0284423828125,205.191650390625,783.9253540039062,196.669189453125,761.4451904296875,198.29466247558594,806.130126953125,198.50265502929688,754.7506103515625,203.71856689453125,825.2657470703125,231.5337677001953,751.433349609375,238.9076385498047,829.1232299804688,152.76516723632812,735.4798583984375,158.3345947265625,804.1470947265625,86.10041046142578,742.9512939453125,85.85653686523438,808.8351440429688,422.53912353515625,756.5053100585938,422.6037902832031,809.3838500976562,544.9723510742188,746.916259765625,537.7916259765625,810.5271606445312,664.3505249023438,746.7630615234375,650.6541748046875
583,19.433270442286947,770.7347412109375,205.00355529785156,782.752685546875,196.68087768554688,760.6474609375,198.05397033691406,805.2449340820312,198.8121337890625,754.7723388671875,203.59100341796875,824.71826171875,231.70501708984375,751.4136352539062,240.1420440673828,829.4505004882812,152.97628784179688,736.3951416015625,163.91896057128906,802.5497436523438,84.43045043945312,742.2682495117188,93.11265563964844,808.0853881835938,423.1243896484375,756.0596313476562,423.3266906738281,809.7158813476562,545.3736572265625,746.7481689453125,538.2734375,811.3108520507812,664.4473876953125,747.0447998046875,651.3006591796875
584,19.466603667745417,769.3853759765625,204.48651123046875,781.7286376953125,196.50091552734375,759.9453125,197.33377075195312,804.629638671875,199.2632293701172,754.8184204101562,202.96324157714844,824.2654418945312,232.0082550048828,750.9518432617188,241.55255126953125,829.7835083007812,153.69190979003906,737.0203247070312,169.96107482910156,801.2015380859375,84.86888122558594,742.339599609375,98.48129272460938,807.7247924804688,422.564453125,755.7920532226562,422.988037109375,810.0828247070312,545.2321166992188,746.6793823242188,538.2396240234375,810.8757934570312,664.1560668945312,747.816162109375,651.29248046875
585,19.499936893203884,768.9694213867188,204.48886108398438,781.6080932617188,196.7420654296875,759.9325561523438,197.14207458496094,804.701416015625,200.0565643310547,755.10791015625,202.7252960205078,824.0358276367188,232.94239807128906,750.3735961914062,242.1942138671875,829.6046752929688,154.20150756835938,736.5744018554688,170.38980102539062,802.01025390625,85.79143524169922,742.9842529296875,96.4438705444336,807.554931640625,422.716064453125,755.5225830078125,423.1247253417969,810.2872314453125,545.2783813476562,746.3082275390625,538.2188720703125,810.6721801757812,663.8383178710938,748.4708862304688,650.9556884765625
586,19.53327011866235,768.3596801757812,203.99452209472656,780.8701782226562,196.39431762695312,759.5821533203125,196.6319580078125,804.0267333984375,200.00326538085938,755.2916259765625,202.20419311523438,823.6961059570312,233.26246643066406,750.3113403320312,241.12893676757812,829.591064453125,155.12033081054688,736.0047607421875,169.2634735107422,802.6817626953125,85.42253875732422,743.8250732421875,96.85135650634766,807.5379638671875,422.39947509765625,755.7190551757812,422.194091796875,810.2078857421875,545.8342895507812,746.70166015625,537.5111694335938,810.6485595703125,665.1978759765625,748.4966430664062,650.666259765625
587,19.56660334412082,767.1820678710938,204.76815795898438,779.3985595703125,196.0886688232422,759.1435546875,196.18516540527344,803.6615600585938,197.69189453125,757.266357421875,200.18844604492188,824.5030517578125,234.49783325195312,751.8984985351562,243.55955505371094,827.9071655273438,160.23973083496094,738.4739990234375,180.26699829101562,803.0590209960938,92.82678985595703,751.06591796875,103.70697021484375,805.8560791015625,423.08990478515625,755.7924194335938,422.8130798339844,811.8878784179688,544.8167724609375,748.6729125976562,533.2040405273438,813.4841918945312,666.6875610351562,749.6517333984375,645.954345703125
588,19.599936569579288,766.657958984375,204.60128784179688,778.9042358398438,196.01519775390625,758.77734375,196.02066040039062,803.3988647460938,197.8850555419922,757.2590942382812,200.2469482421875,823.9747924804688,235.03536987304688,752.567626953125,244.36062622070312,828.6571655273438,162.7273406982422,738.8983764648438,186.5130615234375,804.6458129882812,94.94635772705078,750.4918823242188,115.79170989990234,805.1257934570312,422.5249938964844,755.944580078125,422.1944885253906,811.2848510742188,543.6644897460938,749.262939453125,532.3428344726562,813.0313720703125,665.5691528320312,749.4113159179688,645.6371459960938
589,19.633269795037755,766.0817260742188,204.71836853027344,778.4136352539062,196.2583465576172,758.434326171875,196.0131072998047,802.9329223632812,198.4794158935547,757.0084838867188,200.61734008789062,822.8900756835938,235.55862426757812,752.0448608398438,248.1243438720703,828.1472778320312,166.1634063720703,737.83544921875,205.65061950683594,806.6038818359375,99.36608123779297,747.5957641601562,144.2205810546875,804.246337890625,422.6038513183594,755.7496948242188,423.15081787109375,810.6887817382812,543.9866943359375,749.7816162109375,532.7560424804688,812.6788330078125,666.883056640625,750.2283935546875,646.4208984375
590,19.666603020496225,765.6727294921875,204.7552032470703,777.9437255859375,196.26759338378906,757.8692016601562,196.17626953125,802.387939453125,198.4523468017578,756.316650390625,200.872314453125,822.5077514648438,235.6079864501953,751.8078002929688,247.56805419921875,828.3564453125,166.2252960205078,737.8157958984375,202.29278564453125,806.6932983398438,99.18720245361328,748.3059692382812,139.6459503173828,804.1790771484375,422.3323974609375,755.7617797851562,422.8324890136719,810.2562866210938,543.4622192382812,749.8942260742188,532.8734130859375,812.5075073242188,666.5745849609375,750.2792358398438,647.1511840820312
591,19.699936245954692,765.841064453125,204.7282257080078,778.1502685546875,196.35800170898438,757.9307250976562,196.2583770751953,802.6416015625,198.9080810546875,756.3587646484375,201.0606231689453,822.3195190429688,236.92852783203125,752.397216796875,246.02120971679688,828.5654296875,166.960205078125,738.31689453125,193.22581481933594,807.0502319335938,98.49286651611328,748.9572143554688,129.0322265625,803.9630126953125,422.97015380859375,755.9484252929688,422.65142822265625,809.9309692382812,543.37109375,750.3057250976562,532.83935546875,812.8710327148438,665.2063598632812,750.4115600585938,646.7825317382812
592,19.733269471413163,765.39501953125,205.20225524902344,777.6599731445312,196.744873046875,756.9853515625,196.966796875,802.0938110351562,199.2961883544922,754.9984130859375,202.04547119140625,821.8325805664062,237.3400115966797,752.432861328125,245.256103515625,827.836181640625,168.87661743164062,740.86328125,187.45706176757812,807.699462890625,101.99148559570312,754.319580078125,119.12469482421875,804.1054077148438,422.94915771484375,756.1033935546875,422.5338439941406,810.1461791992188,543.5285034179688,750.4266357421875,533.4551391601562,813.4368896484375,665.8170166015625,750.1446533203125,647.796630859375
593,19.76660269687163,764.9197387695312,205.71546936035156,777.4092407226562,196.8986053466797,756.9636840820312,197.140869140625,802.55908203125,198.68325805664062,755.861328125,201.94699096679688,822.8036499023438,235.3715057373047,753.4715576171875,248.5193328857422,828.5564575195312,166.84536743164062,742.8610229492188,200.14183044433594,806.44921875,100.4712905883789,753.383544921875,126.33080291748047,803.6598510742188,423.0280456542969,755.7785034179688,424.0949401855469,810.507080078125,543.8987426757812,749.986572265625,534.4981689453125,813.2106323242188,666.8428344726562,750.635009765625,647.8658447265625
594,19.799935922330096,765.402099609375,205.9773712158203,777.9075927734375,197.13905334472656,758.060791015625,197.2709503173828,803.38525390625,198.48733520507812,757.8145751953125,201.48532104492188,823.65478515625,234.13623046875,754.7520751953125,248.47474670410156,828.8801879882812,164.38722229003906,744.3095092773438,201.68310546875,805.7515869140625,97.88436889648438,755.0147094726562,125.42244720458984,803.9678955078125,421.4421691894531,756.3619995117188,422.7960205078125,810.565673828125,543.0927734375,750.021484375,533.7092895507812,813.3150634765625,666.3739624023438,751.4532470703125,647.1505737304688
595,19.833269147788567,765.2409057617188,206.6865234375,777.9306030273438,197.5826873779297,758.2645874023438,197.55633544921875,804.7035522460938,197.9119873046875,758.1756591796875,201.34295654296875,824.1410522460938,229.9066925048828,755.3480224609375,256.67987060546875,829.03564453125,163.1771697998047,749.0646362304688,261.8484802246094,806.7777709960938,100.11222839355469,753.8981323242188,242.06324768066406,804.7017822265625,417.96246337890625,757.2061767578125,422.0238037109375,810.7718505859375,542.2979736328125,749.4950561523438,530.8679809570312,812.9545288085938,667.8977661132812,751.6880493164062,646.013427734375
596,19.866602373247034,765.885498046875,206.43905639648438,778.679443359375,197.48257446289062,759.3018798828125,196.93418884277344,805.7023315429688,198.07896423339844,759.008056640625,200.6278533935547,825.0213623046875,229.97154235839844,753.5300903320312,261.43804931640625,830.2799682617188,165.0866241455078,746.4005126953125,293.5094909667969,809.0323486328125,103.86653137207031,749.5582885742188,319.4228210449219,805.2301635742188,418.80126953125,756.3089599609375,424.0496520996094,811.2179565429688,543.6195678710938,748.0927734375,530.9017944335938,812.796142578125,668.5227661132812,750.8569946289062,645.7674560546875
597,19.8999355987055,766.3641967773438,205.63319396972656,779.1110229492188,197.3892822265625,760.1321411132812,196.51174926757812,806.060302734375,199.25880432128906,760.4365234375,200.41737365722656,824.8080444335938,232.38436889648438,754.7232666015625,257.1974792480469,826.5430297851562,175.4281005859375,745.61865234375,284.1579895019531,807.8651733398438,113.58416748046875,752.3311767578125,303.6716613769531,806.195556640625,417.9611511230469,757.61376953125,420.96490478515625,812.173583984375,544.0859375,748.3419799804688,528.986328125,813.235107421875,667.9417724609375,749.8486328125,643.84765625
598,19.93326882416397,767.4620971679688,205.4624481201172,780.4246215820312,197.48548889160156,761.5245361328125,196.37562561035156,806.9927978515625,199.7157745361328,761.71240234375,199.97132873535156,825.2300415039062,232.96778869628906,754.7105102539062,254.06959533691406,828.426513671875,177.0853271484375,743.9765014648438,268.39764404296875,810.3424682617188,115.70330047607422,754.1323852539062,265.304931640625,805.6527099609375,417.1460266113281,756.8175048828125,419.37762451171875,812.7521362304688,542.4601440429688,748.67333984375,528.84814453125,813.483154296875,665.3377075195312,750.6409912109375,643.5523681640625
599,19.966602049622438,769.4088134765625,206.01370239257812,782.4979858398438,197.72862243652344,763.2345581054688,196.142333984375,808.4553833007812,198.98789978027344,761.6607666015625,199.00022888183594,825.169921875,230.1558837890625,752.9484252929688,263.0666198730469,831.2573852539062,172.25155639648438,747.0538940429688,321.6976318359375,812.8623046875,111.30543518066406,747.87939453125,389.7950439453125,805.3154296875,417.38623046875,755.8142700195312,423.14154052734375,811.847412109375,542.66455078125,747.0800170898438,529.7825317382812,812.2910766601562,666.4591064453125,750.28369140625,646.5616455078125
600,19.999935275080908,771.01318359375,206.28134155273438,784.0475463867188,197.61557006835938,764.3960571289062,196.0533905029297,809.6333618164062,198.0819854736328,762.1028442382812,198.23626708984375,826.0188598632812,229.59222412109375,753.4530029296875,261.2911376953125,832.873291015625,166.94688415527344,746.3563232421875,312.5575256347656,813.5883178710938,104.24673461914062,747.2373046875,378.0168151855469,805.3485717773438,416.84344482421875,755.8922729492188,422.0836486816406,811.292724609375,542.3923950195312,747.560302734375,529.0863647460938,811.3407592773438,665.595458984375,749.8392944335938,645.0960693359375
601,20.033268500539375,771.1062622070312,206.16220092773438,784.1978759765625,197.3247833251953,764.4801635742188,195.93260192871094,810.0123291015625,197.68348693847656,762.2080078125,198.34112548828125,826.3030395507812,229.04913330078125,753.8304443359375,263.3453063964844,834.1731567382812,166.71710205078125,748.283203125,320.13714599609375,814.7108764648438,103.87488555908203,747.323486328125,388.08935546875,805.114501953125,416.2950439453125,755.7664184570312,422.4730224609375,811.2932739257812,541.5477294921875,747.4386596679688,529.6322631835938,811.3212280273438,664.83544921875,749.8106689453125,646.1536865234375
602,20.06660172599784,771.3048706054688,206.4535675048828,784.3155517578125,197.51010131835938,764.82177734375,196.24449157714844,810.3507080078125,197.49722290039062,762.8811645507812,198.4202117919922,826.702392578125,228.56509399414062,754.3760375976562,263.44384765625,834.345947265625,166.72042846679688,748.910400390625,322.04339599609375,815.0636596679688,103.54450225830078,747.856201171875,390.7802429199219,805.1439208984375,415.7076416015625,755.8522338867188,422.0858154296875,811.3831787109375,541.1495971679688,747.5433349609375,529.4574584960938,811.6563110351562,664.77099609375,749.9107055664062,646.4320678710938
603,20.099934951456312,772.4727783203125,205.36654663085938,785.9522094726562,197.7430419921875,766.12646484375,195.7930450439453,810.7529907226562,198.6547393798828,762.9329223632812,197.89886474609375,825.3749389648438,226.3956756591797,754.3909301757812,259.25274658203125,836.35498046875,159.4235076904297,746.4500732421875,315.3857116699219,816.743408203125,93.93916320800781,748.0881958007812,381.1943054199219,805.404052734375,414.371826171875,756.1884765625,419.849609375,810.7205200195312,542.0675048828125,747.5255737304688,533.6052856445312,809.6309814453125,662.5400390625,748.0266723632812,651.8359985351562
604,20.13326817691478,773.0262451171875,206.46371459960938,786.060546875,197.93112182617188,766.1882934570312,196.49278259277344,811.5147094726562,198.52784729003906,763.4028930664062,198.64337158203125,828.0155029296875,230.34788513183594,753.9922485351562,258.22918701171875,834.27294921875,167.79627990722656,744.5853881835938,297.2896423339844,816.8890991210938,108.37858581542969,749.6131591796875,352.51751708984375,806.7041625976562,416.0768127441406,756.30078125,420.2297058105469,812.0296020507812,542.7229614257812,747.8098754882812,529.1343994140625,810.9994506835938,665.7745971679688,749.2822265625,645.3914184570312
605,20.166601402373246,773.0577392578125,206.08213806152344,786.1224975585938,197.84120178222656,766.2283935546875,196.72691345214844,811.7516479492188,198.9692840576172,764.4385986328125,198.72120666503906,828.053466796875,232.05206298828125,757.4663696289062,246.32192993164062,834.4249877929688,165.66305541992188,748.1099243164062,231.11302185058594,817.4273071289062,104.3168716430664,762.9879760742188,218.59466552734375,805.742919921875,415.0371398925781,756.9435424804688,415.4400634765625,811.787109375,541.5823974609375,749.8809204101562,529.052978515625,811.5775146484375,663.53076171875,749.9608764648438,644.9807739257812
606,20.199934627831716,773.5485229492188,205.735107421875,786.5297241210938,197.61216735839844,766.8675537109375,196.6171417236328,811.974609375,198.9568634033203,765.5704956054688,198.70680236816406,828.5970458984375,232.31454467773438,758.7742309570312,242.9320526123047,835.7423706054688,164.19178771972656,749.7556762695312,209.59024047851562,818.3610229492188,99.99481964111328,767.8209228515625,169.86424255371094,805.267578125,415.301025390625,756.6993408203125,414.803955078125,812.0426635742188,541.7767333984375,750.1004028320312,529.9248657226562,812.16845703125,663.2704467773438,749.8350830078125,645.1868286132812
607,20.233267853290183,772.97265625,206.3089141845703,785.9344482421875,198.13796997070312,766.7129516601562,196.7692413330078,811.6123657226562,199.21893310546875,765.1137084960938,199.22415161132812,828.47607421875,230.69985961914062,755.8770751953125,254.990234375,835.4649047851562,166.57318115234375,745.2329711914062,275.8994140625,818.538330078125,107.0115737915039,755.6686401367188,301.4892272949219,806.1909790039062,415.237060546875,756.5587768554688,418.5443420410156,812.3744506835938,541.9569091796875,748.7950439453125,529.8028564453125,811.2445068359375,666.0344848632812,749.2993774414062,646.9035034179688
608,20.266601078748653,772.4703979492188,205.9486846923828,785.5023193359375,198.01959228515625,766.4451293945312,196.90451049804688,811.3180541992188,199.49705505371094,766.0980834960938,199.2283477783203,829.3034057617188,231.56378173828125,757.9575805664062,244.89340209960938,835.864013671875,164.5517120361328,747.93896484375,215.02499389648438,818.0944213867188,102.22481536865234,767.8877563476562,164.89183044433594,805.7403564453125,414.9407043457031,756.3065795898438,415.4029541015625,813.6015625,541.10498046875,749.744384765625,529.5800170898438,812.6243286132812,664.3231811523438,750.5665283203125,644.7777709960938
609,20.29993430420712,771.943115234375,206.11224365234375,785.0943603515625,198.06317138671875,766.03369140625,196.67921447753906,811.4199829101562,199.34519958496094,765.4496459960938,198.77552795410156,828.9881591796875,231.34010314941406,756.9148559570312,249.2427978515625,835.9448852539062,165.4870147705078,746.8878173828125,243.86439514160156,818.1203002929688,105.3246841430664,762.7860717773438,233.49288940429688,806.314208984375,415.1964111328125,756.69140625,416.6534423828125,813.2950439453125,541.3934936523438,749.2648315429688,529.1163330078125,812.6090087890625,664.355712890625,750.3673095703125,644.914306640625
610,20.333267529665587,771.9542236328125,205.6233673095703,784.8812866210938,197.44821166992188,765.8826293945312,196.49081420898438,810.8932495117188,198.76046752929688,766.4732666015625,198.31544494628906,829.3641357421875,233.1904754638672,759.7005615234375,238.7360076904297,835.677734375,162.1425323486328,749.7071533203125,176.6414794921875,817.4891357421875,97.37738037109375,772.36865234375,99.70391082763672,804.9400024414062,418.37408447265625,756.416259765625,416.75860595703125,812.972412109375,543.2786254882812,750.3628540039062,531.4546508789062,813.15478515625,665.7872924804688,750.0470581054688,645.8241577148438
611,20.366600755124058,771.41015625,205.5902099609375,784.3675537109375,197.38330078125,765.5926513671875,196.2428436279297,810.7072143554688,198.44723510742188,766.47216796875,198.04087829589844,828.3946533203125,231.90467834472656,760.364501953125,242.2716064453125,834.7274169921875,161.26425170898438,751.9560546875,199.94796752929688,817.1629638671875,97.1673812866211,770.512939453125,141.59059143066406,804.0775146484375,417.3081359863281,756.780517578125,416.595947265625,812.0703125,542.9617919921875,750.8341064453125,530.0104370117188,813.2232055664062,666.5958251953125,751.0757446289062,644.7047119140625
612,20.399933980582524,771.1643676757812,206.0252227783203,784.0755615234375,197.6635284423828,765.5454711914062,196.1957550048828,810.7343139648438,198.4486083984375,765.5891723632812,198.59620666503906,828.1534423828125,229.71876525878906,757.5407104492188,256.9659423828125,835.1674194335938,163.96054077148438,748.0636596679688,285.06707763671875,817.0364990234375,104.11090850830078,752.828125,318.0137939453125,805.2478637695312,416.3206481933594,757.008544921875,420.0529479980469,811.8208618164062,542.2526245117188,748.5745239257812,528.8684692382812,812.7827758789062,667.9672241210938,749.5462036132812,645.9802856445312
613,20.43326720604099,770.45068359375,206.3915252685547,783.2837524414062,197.98301696777344,765.0883178710938,196.56973266601562,810.3822631835938,198.5753173828125,765.8245239257812,198.7751922607422,828.2575073242188,230.0277099609375,757.8449096679688,257.0122375488281,834.613525390625,165.34063720703125,747.8927612304688,286.0176086425781,817.078857421875,106.16658020019531,752.5472412109375,321.0006103515625,805.4892578125,417.4207763671875,757.412353515625,420.9890441894531,811.7137451171875,542.825927734375,748.901123046875,528.8543701171875,812.7984008789062,668.6735229492188,750.176513671875,645.9611206054688
614,20.46660043149946,770.3035888671875,205.9219512939453,783.24755859375,197.64479064941406,764.7864990234375,196.14138793945312,810.1019287109375,198.47885131835938,765.3320922851562,198.1217498779297,827.5475463867188,230.39859008789062,758.1256103515625,253.03042602539062,834.0623168945312,163.7142791748047,749.316162109375,266.2763977050781,816.4620361328125,102.95658874511719,757.2418212890625,283.43450927734375,805.4309692382812,416.9701843261719,757.7308349609375,419.308837890625,811.839111328125,542.82373046875,749.438232421875,528.8779296875,812.968017578125,668.2138061523438,750.388427734375,646.1700439453125
615,20.49993365695793,770.1879272460938,206.63780212402344,783.0751953125,198.06300354003906,764.658447265625,196.79638671875,810.43310546875,198.61822509765625,765.291259765625,199.09478759765625,827.880126953125,230.6360626220703,757.4838256835938,257.77093505859375,832.8681640625,165.96722412109375,746.9924926757812,287.3238525390625,816.5450439453125,106.20173645019531,752.3062133789062,323.75128173828125,805.7525634765625,418.2535705566406,757.596923828125,422.0926208496094,812.5772705078125,543.0811767578125,749.4618530273438,529.7423706054688,813.2045288085938,668.7430419921875,749.890380859375,647.3721313476562
616,20.5332668824164,769.2413330078125,206.5564422607422,782.3450927734375,197.900390625,763.2066650390625,196.6790313720703,809.7581787109375,198.51058959960938,763.6393432617188,198.68893432617188,827.1094970703125,231.53895568847656,758.4976196289062,251.74655151367188,833.4741821289062,162.7281494140625,751.20166015625,252.50167846679688,815.8280639648438,101.56754302978516,760.2521362304688,257.62255859375,804.72802734375,418.0124206542969,757.4735107421875,419.6431579589844,811.1383666992188,543.2518310546875,749.6362915039062,529.4364624023438,812.6305541992188,668.5128784179688,749.8516845703125,646.6004638671875
617,20.566600107874866,769.2193603515625,206.57249450683594,782.5228881835938,197.98715209960938,762.6293334960938,196.8836212158203,809.50634765625,198.94979858398438,762.316162109375,198.95408630371094,825.8639526367188,232.6476593017578,758.6483154296875,247.83990478515625,831.8558959960938,165.48988342285156,752.5814208984375,231.57901000976562,815.7178344726562,104.24282836914062,765.1219482421875,213.76190185546875,804.343994140625,417.6293029785156,757.6652221679688,418.12847900390625,810.6189575195312,542.5484619140625,750.1163940429688,529.55419921875,813.0913696289062,667.8321533203125,750.5146484375,647.175537109375
618,20.599933333333333,770.0127563476562,205.81690979003906,783.3598022460938,198.5435028076172,763.7201538085938,196.6772918701172,808.5675048828125,200.13668823242188,762.2427978515625,198.3408660888672,822.9404296875,229.67410278320312,758.2569580078125,246.71995544433594,834.333740234375,160.68666076660156,749.9762573242188,246.0502166748047,820.2545776367188,101.31486511230469,756.7439575195312,253.48672485351562,804.352783203125,416.2140197753906,758.6439208984375,417.06207275390625,809.8118896484375,541.3812866210938,749.78173828125,531.2969970703125,810.43798828125,664.4365234375,747.4550170898438,650.625244140625
619,20.633266558791803,772.1703491210938,206.16131591796875,785.1902465820312,197.46322631835938,765.0855102539062,195.93592834472656,809.4127807617188,198.8341522216797,761.552490234375,199.076416015625,824.7620849609375,231.01060485839844,753.5438842773438,264.119873046875,832.2354736328125,166.173095703125,748.616943359375,311.2405090332031,816.0886840820312,109.63248443603516,746.1494750976562,372.1932678222656,805.996337890625,417.5289306640625,757.7933349609375,423.6782531738281,809.8590087890625,541.375244140625,746.9652099609375,529.45654296875,811.0823974609375,667.7275390625,750.578125,648.0726928710938
620,20.66659978425027,768.87890625,205.90567016601562,782.0927734375,197.09051513671875,762.3607177734375,195.38494873046875,807.4796142578125,198.84649658203125,760.6082153320312,198.94891357421875,822.4837036132812,231.27294921875,754.3826904296875,268.0067138671875,829.1995849609375,164.7080535888672,752.6033935546875,322.43292236328125,814.1830444335938,108.4342269897461,744.7950439453125,385.46014404296875,804.1207885742188,419.88763427734375,757.9863891601562,426.9822692871094,808.9608154296875,543.669189453125,746.8914184570312,531.111572265625,811.1574096679688,669.5266723632812,751.2045288085938,647.6130981445312
621,20.699933009708737,767.9676513671875,205.93484497070312,781.0660400390625,197.10397338867188,761.7457885742188,195.58067321777344,806.4488525390625,199.2410888671875,760.8883666992188,199.50941467285156,819.7057495117188,231.65567016601562,756.0794677734375,270.2947998046875,825.9756469726562,169.9168701171875,757.238037109375,334.2398376464844,812.875732421875,112.52821350097656,744.9415283203125,398.99114990234375,802.7724609375,418.6074523925781,759.3041381835938,426.80279541015625,808.5910034179688,542.2747802734375,749.4834594726562,532.1307983398438,811.47314453125,668.0624389648438,753.7785034179688,650.2437744140625
622,20.733266235167207,765.7652587890625,205.83668518066406,779.7793579101562,198.63671875,759.23193359375,196.055908203125,804.7457275390625,203.1139678955078,756.45361328125,201.0906982421875,816.693115234375,232.55857849121094,753.9741821289062,267.1614685058594,828.1077270507812,163.0488739013672,752.2573852539062,320.6899108886719,815.70556640625,106.09402465820312,746.013916015625,378.7139892578125,803.4143676757812,417.8568115234375,759.6348266601562,424.4288330078125,807.9556274414062,542.3820190429688,748.479736328125,535.2156372070312,808.79638671875,665.2938232421875,749.3383178710938,653.3851318359375
623,20.766599460625674,764.5592041015625,205.8076629638672,777.8313598632812,198.46237182617188,758.3194580078125,196.52911376953125,802.5298461914062,202.3380584716797,756.5875244140625,201.75445556640625,816.2625122070312,232.66818237304688,753.7442016601562,267.9893493652344,829.67041015625,172.7344970703125,750.3758544921875,327.6317138671875,820.8314208984375,123.9558334350586,745.4588623046875,388.3119201660156,802.227294921875,417.2095031738281,759.0017700195312,424.5552062988281,807.69580078125,542.289794921875,750.1079711914062,537.1300659179688,808.833740234375,664.6275024414062,750.3531494140625,654.562255859375
624,20.799932686084144,765.6686401367188,205.40945434570312,779.5988159179688,198.5194091796875,759.6821899414062,196.00721740722656,804.442138671875,202.5148468017578,758.4181518554688,198.97354125976562,817.3661499023438,233.95877075195312,755.20361328125,247.37806701660156,826.7759399414062,161.61361694335938,749.5801391601562,218.55245971679688,817.2897338867188,97.01742553710938,760.8759155273438,173.04806518554688,802.6906127929688,418.5323486328125,758.522705078125,419.88671875,809.1046142578125,542.7093505859375,750.1644897460938,535.9801635742188,810.0010375976562,663.004150390625,750.2460327148438,650.9303588867188
625,20.83326591154261,764.0391235351562,205.5455322265625,777.171875,198.05677795410156,758.1632690429688,196.14585876464844,802.10107421875,201.23388671875,757.4063720703125,200.7747344970703,814.960205078125,230.37454223632812,755.0103149414062,267.4356994628906,823.7377319335938,169.22061157226562,752.036376953125,331.6957092285156,811.7966918945312,116.46565246582031,744.4312133789062,394.124267578125,801.5872192382812,416.6879577636719,759.6730346679688,424.47821044921875,806.7507934570312,542.4183349609375,750.1591796875,536.8321533203125,808.7794799804688,665.8584594726562,751.0062255859375,655.0640258789062
626,20.866599137001078,764.188720703125,205.6631317138672,777.4625244140625,198.24761962890625,758.141357421875,196.23704528808594,802.1384887695312,201.768798828125,756.9940795898438,200.97885131835938,814.14599609375,231.22637939453125,755.5333862304688,267.0431823730469,825.1434326171875,169.7669677734375,753.2246704101562,328.06732177734375,813.620361328125,116.06372833251953,746.1505737304688,387.5960998535156,801.1159057617188,416.8753662109375,760.1047973632812,424.4591369628906,806.0321044921875,541.7283325195312,750.78466796875,537.5391235351562,808.7607421875,665.2937622070312,751.3992919921875,656.7442626953125
627,20.89993236245955,763.1954345703125,205.5863037109375,775.4884033203125,198.18946838378906,758.41015625,196.6256103515625,800.2498779296875,201.00917053222656,761.5435791015625,200.83526611328125,809.6318359375,228.41273498535156,764.4091796875,264.061279296875,819.9708862304688,163.26763916015625,762.5712890625,322.25531005859375,808.851318359375,106.63360595703125,748.589599609375,380.4814758300781,796.7472534179688,415.0895080566406,764.1278076171875,422.8975830078125,802.2250366210938,539.8758544921875,755.8992919921875,538.6390380859375,808.461669921875,665.1844482421875,754.7340087890625,660.89892578125
628,20.933265587918015,762.505126953125,205.337890625,773.3607788085938,198.53846740722656,758.8065795898438,197.9001922607422,796.5919189453125,202.9473876953125,771.9567260742188,201.55712890625,795.3135986328125,232.8799591064453,792.7088623046875,242.71139526367188,803.5146484375,160.59613037109375,797.3172607421875,207.64151000976562,801.7749633789062,88.63182067871094,779.220947265625,164.03125,784.6670532226562,418.7455139160156,780.1882934570312,420.8624572753906,783.7138671875,540.8812866210938,779.389892578125,546.4464111328125,789.4329833984375,661.9700927734375,777.595458984375,668.4019775390625
629,20.966598813376482,761.7120971679688,205.70211791992188,772.7872314453125,199.0529022216797,758.5376586914062,197.7397003173828,796.8168334960938,203.46461486816406,769.2406005859375,202.17701721191406,799.4165649414062,231.58615112304688,783.1549682617188,255.0164794921875,811.7402954101562,158.2658233642578,782.8124389648438,271.8468017578125,804.9300537109375,85.8168716430664,762.5526733398438,279.0382385253906,788.4082641601562,417.7359924316406,775.1142578125,422.52935791015625,789.4324951171875,538.6338500976562,771.2001953125,542.2655029296875,796.0820922851562,662.1245727539062,768.3217163085938,665.880615234375
630,20.999932038834952,760.0635375976562,205.79736328125,771.9196166992188,198.8831024169922,756.7407836914062,197.29653930664062,797.3590087890625,203.18870544433594,764.0960693359375,202.73910522460938,803.9988403320312,229.8851776123047,771.0320434570312,265.8310241699219,814.4944458007812,157.54917907714844,770.7476806640625,317.75390625,804.6554565429688,92.16743469238281,753.302734375,358.38885498046875,792.0597534179688,415.88525390625,767.1752319335938,424.0587158203125,797.9412231445312,538.7088623046875,760.02734375,540.6229248046875,804.90478515625,662.9937133789062,757.2225952148438,662.62646484375
631,21.03326526429342,759.6647338867188,205.43592834472656,771.8824462890625,198.6033172607422,756.1597900390625,196.61708068847656,797.1058349609375,203.1651611328125,761.0341796875,202.32598876953125,807.0634155273438,230.03384399414062,762.8385009765625,269.7440490722656,819.4671020507812,160.52285766601562,763.9315795898438,334.111083984375,807.0772094726562,95.9874267578125,751.3673095703125,385.0404357910156,794.604736328125,414.9684143066406,762.4491577148438,424.1831970214844,801.9722290039062,538.777099609375,754.5881958007812,539.2606201171875,807.269775390625,664.1021728515625,753.6227416992188,661.5025634765625
632,21.06659848975189,759.3184204101562,205.1962127685547,771.71826171875,198.1957550048828,755.3040771484375,196.32435607910156,797.0199584960938,202.97901916503906,758.6207885742188,202.62326049804688,808.57275390625,231.2648468017578,758.6596069335938,272.2015075683594,821.473388671875,167.17166137695312,758.9810791015625,342.9568786621094,810.002197265625,104.21074676513672,749.8960571289062,396.94329833984375,796.5995483398438,414.6843566894531,761.0457153320312,424.4825744628906,802.8658447265625,539.2205810546875,752.9593505859375,539.8497314453125,806.9580688476562,664.7234497070312,752.6778564453125,661.881591796875
633,21.099931715210356,758.90380859375,205.3102264404297,771.2424926757812,198.3919219970703,755.1430053710938,196.55604553222656,796.8214111328125,203.4744873046875,759.1940307617188,203.2399139404297,807.8627319335938,231.46047973632812,759.4597778320312,272.9037170410156,817.0169067382812,164.5709686279297,759.2537231445312,341.5312805175781,805.9635620117188,102.35867309570312,749.4411010742188,393.1446228027344,796.2655639648438,415.87908935546875,761.4850463867188,425.759765625,802.4046020507812,539.9896850585938,752.5239868164062,539.8511962890625,806.9088134765625,665.2492065429688,752.1683959960938,660.7125854492188
634,21.133264940668823,759.3892211914062,205.11932373046875,771.56982421875,198.212890625,755.7030639648438,196.4052734375,796.9273071289062,203.1171112060547,759.6847534179688,202.92535400390625,808.3502197265625,231.339111328125,759.012451171875,271.9529113769531,817.452392578125,165.92013549804688,757.602783203125,339.8778381347656,806.6356811523438,103.67731475830078,749.3317260742188,389.9021911621094,796.326904296875,415.0974426269531,761.0230102539062,424.734130859375,802.8086547851562,539.1777954101562,752.6338500976562,538.9004516601562,806.9990234375,664.0508422851562,751.840087890625,659.4860229492188
635,21.166598166127294,759.3364868164062,205.546875,771.77734375,198.5531463623047,755.50341796875,196.61898803710938,797.4490356445312,203.22219848632812,758.9848022460938,202.7818145751953,809.0083618164062,231.40867614746094,757.909912109375,272.6332092285156,816.8434448242188,166.27593994140625,756.8463134765625,343.00579833984375,806.3231811523438,105.57723236083984,748.185791015625,398.2062072753906,797.6486206054688,416.32086181640625,761.1784057617188,426.1233825683594,803.5149536132812,540.3021850585938,751.8312377929688,539.452392578125,806.8094482421875,663.7929077148438,751.405517578125,658.6090087890625
636,21.19993139158576,758.64208984375,206.17213439941406,771.087890625,199.54708862304688,755.4807739257812,197.37942504882812,797.0800170898438,204.53904724121094,761.4182739257812,202.9831085205078,805.270263671875,232.07374572753906,764.8164672851562,268.3365478515625,813.0926513671875,162.6004180908203,765.012939453125,323.46954345703125,804.2918090820312,99.87490844726562,753.6064453125,362.1953125,794.6575317382812,417.8678283691406,764.5624389648438,426.0491638183594,801.4585571289062,540.6256713867188,755.3468627929688,540.5370483398438,807.2000122070312,663.6903686523438,753.2634887695312,660.385498046875
637,21.233264617044227,759.2828369140625,206.44602966308594,771.8900756835938,199.82167053222656,755.997802734375,197.51791381835938,797.8421630859375,204.48892211914062,761.418212890625,202.4877166748047,806.6224975585938,232.3056182861328,764.2011108398438,266.29541015625,815.1967163085938,164.07562255859375,764.0036010742188,316.3904113769531,805.73974609375,100.43966674804688,754.4220581054688,346.8575134277344,795.5765991210938,417.9953308105469,764.2949829101562,425.2938232421875,802.2042846679688,540.2491455078125,755.1895141601562,539.2053833007812,807.23681640625,663.377197265625,753.6031494140625,659.2552490234375
638,21.266597842502698,760.1560668945312,206.17262268066406,772.0142211914062,199.96202087402344,757.1680908203125,197.80999755859375,796.5916137695312,205.3677520751953,765.7102661132812,202.43243408203125,802.4058837890625,234.37948608398438,774.6495361328125,257.31988525390625,812.1558837890625,167.74703979492188,778.85302734375,275.14166259765625,804.1128540039062,101.81878662109375,766.6484375,271.4462890625,792.0437622070312,419.3477478027344,769.6329345703125,423.6899719238281,798.7083740234375,541.3130493164062,760.8058471679688,541.3508911132812,805.9944458007812,662.797607421875,757.2847900390625,661.223388671875
639,21.299931067961165,762.351318359375,206.3939208984375,774.6398315429688,199.4100799560547,758.4081420898438,197.36477661132812,799.2960815429688,202.8914337158203,762.7311401367188,201.40773010253906,807.6107177734375,230.40940856933594,765.2708740234375,264.5639953613281,818.6693115234375,162.51541137695312,763.5895385742188,319.37860107421875,808.2369384765625,97.39413452148438,750.2429809570312,365.40185546875,795.5890502929688,417.7950134277344,764.6785278320312,425.1638488769531,801.78515625,541.2698974609375,756.6957397460938,540.6865234375,807.4788818359375,664.3274536132812,754.9406127929688,661.9083862304688
640,21.333264293419635,764.0775146484375,206.36354064941406,777.2470703125,198.8638153076172,758.8065185546875,196.70286560058594,802.30029296875,201.7758331298828,758.6090698242188,200.8769989013672,813.9208374023438,230.03240966796875,754.714111328125,268.36505126953125,821.9180908203125,162.0834503173828,750.4212036132812,330.629150390625,810.6070556640625,97.21778106689453,744.733154296875,378.4551696777344,800.3834228515625,417.02386474609375,758.9618530273438,425.4121398925781,806.478759765625,541.8631591796875,750.582763671875,537.8443603515625,807.4158325195312,663.9456787109375,750.5321044921875,655.4357299804688
641,21.366597518878102,765.37841796875,206.32093811035156,778.8150024414062,199.37623596191406,760.072998046875,197.00254821777344,803.3738403320312,203.02801513671875,759.96826171875,200.1580352783203,815.1007690429688,234.09181213378906,756.8597412109375,253.40892028808594,824.6904296875,168.4039306640625,750.4470825195312,253.3860626220703,813.7015991210938,103.61934661865234,756.635498046875,230.96160888671875,800.6500854492188,417.8409729003906,759.3060913085938,421.0431823730469,807.1203002929688,541.9856567382812,752.1515502929688,538.0999145507812,809.3272094726562,662.657470703125,751.7061157226562,655.1171264648438
642,21.39993074433657,765.7667846679688,206.78294372558594,780.0182495117188,199.79776000976562,759.8386840820312,196.9612579345703,804.4896240234375,204.14569091796875,757.7406616210938,200.3628387451172,815.4202880859375,235.75125122070312,754.0554809570312,256.36279296875,825.565185546875,168.3193817138672,749.875,259.4993896484375,815.3048706054688,102.8797607421875,756.3628540039062,236.7889862060547,801.5755004882812,419.6122131347656,758.27978515625,423.04541015625,807.844970703125,541.9620971679688,749.9454956054688,536.78125,809.436767578125,662.762451171875,752.0191040039062,653.3464965820312
643,21.43326396979504,764.9638061523438,207.061279296875,778.7784423828125,200.24937438964844,759.8013305664062,197.94097900390625,804.2373046875,205.1880340576172,762.244873046875,201.77151489257812,811.32666015625,236.25521850585938,766.4130249023438,251.46102905273438,816.2947998046875,164.64801025390625,766.7446899414062,230.45008850097656,808.932373046875,97.97928619384766,766.3868408203125,190.13418579101562,798.3345336914062,421.7825622558594,764.38720703125,424.0095520019531,804.36767578125,542.6488647460938,754.5322265625,539.1668701171875,810.897216796875,663.4371337890625,754.1397094726562,656.478515625
644,21.466597195253506,764.990966796875,207.55572509765625,779.2838134765625,200.0044708251953,758.603759765625,197.37611389160156,804.6943969726562,204.07594299316406,755.9299926757812,201.95220947265625,816.5018310546875,234.56259155273438,752.4293823242188,269.27044677734375,828.271728515625,161.84835815429688,749.8402099609375,318.5411071777344,815.9947509765625,98.93534851074219,746.7496337890625,364.3049621582031,802.6537475585938,420.4021911621094,758.4581298828125,427.28936767578125,807.928955078125,543.5247802734375,749.2657470703125,537.5508422851562,808.9584350585938,664.8787841796875,751.4583129882812,654.5191040039062
645,21.499930420711973,767.218017578125,207.98402404785156,781.7827758789062,200.5307159423828,760.2283325195312,197.42027282714844,806.4365844726562,204.5153045654297,755.7973022460938,200.89572143554688,817.0452880859375,235.1494598388672,752.3834838867188,264.5052490234375,831.1687622070312,161.71131896972656,749.7254028320312,305.3579406738281,819.412109375,97.75189971923828,746.0188598632812,355.8106689453125,803.465576171875,419.9635009765625,758.7431640625,424.8905944824219,807.9024047851562,544.1088256835938,748.9142456054688,536.4500732421875,808.7146606445312,665.1533813476562,750.2063598632812,654.6045532226562
646,21.533263646170443,767.1051025390625,208.57057189941406,781.0551147460938,200.65280151367188,761.6597290039062,198.46554565429688,808.5511474609375,202.82107543945312,762.8318481445312,201.16128540039062,819.3069458007812,232.6039276123047,762.1704711914062,262.3701477050781,830.2233276367188,158.3777313232422,754.870361328125,302.65899658203125,816.4019775390625,95.02230834960938,742.21923828125,355.22174072265625,800.2345581054688,421.3179626464844,760.20068359375,425.77105712890625,806.802490234375,544.3804321289062,751.8834228515625,536.5173950195312,811.3460693359375,666.5076904296875,751.6865234375,655.649658203125
647,21.56659687162891,772.9725952148438,208.93252563476562,787.781005859375,201.37791442871094,765.2853393554688,198.664794921875,812.9964599609375,204.30526733398438,760.1571044921875,200.54005432128906,824.435302734375,236.0142059326172,756.399169921875,250.35244750976562,837.3443603515625,165.31637573242188,748.8770751953125,247.47750854492188,820.4942016601562,96.47210693359375,750.9967651367188,251.7592315673828,805.5274658203125,419.2288513183594,757.806884765625,418.84173583984375,809.5473022460938,543.3733520507812,748.3552856445312,531.8748168945312,810.2427978515625,664.083251953125,749.1121215820312,650.2047729492188
648,21.59993009708738,777.145263671875,207.3904266357422,791.13525390625,201.00245666503906,770.9782104492188,198.0772705078125,814.3897705078125,205.03404235839844,767.9398803710938,199.4042510986328,827.7634887695312,237.5280303955078,760.3692626953125,237.92526245117188,841.4221801757812,164.6974334716797,750.54931640625,175.6107940673828,826.13427734375,94.34822082519531,761.9036865234375,112.21725463867188,806.470703125,420.25616455078125,758.5753784179688,416.7999267578125,810.8678588867188,544.3570556640625,748.298828125,533.1282348632812,810.3436889648438,664.6261596679688,749.5701904296875,650.2471313476562
649,21.633263322545847,779.5733642578125,208.1665802001953,793.5416870117188,201.1157989501953,771.9595336914062,198.44215393066406,816.2413940429688,204.17906188964844,765.5543212890625,199.8916778564453,827.9841918945312,237.0721435546875,756.4964599609375,245.76382446289062,841.0239868164062,170.70999145507812,743.434326171875,231.2679901123047,824.998046875,101.1453857421875,753.2597045898438,221.38009643554688,807.6129760742188,416.7389221191406,757.7310791015625,415.0476379394531,811.9688720703125,542.800537109375,749.2991333007812,530.693359375,810.4898681640625,662.4849853515625,749.3992309570312,648.6249389648438
650,21.666596548004314,780.1028442382812,207.7712860107422,793.9205322265625,200.82916259765625,772.7030639648438,198.2381591796875,816.3112182617188,203.89759826660156,766.7526245117188,199.55889892578125,828.3245849609375,236.77996826171875,757.2968139648438,242.98817443847656,841.2628173828125,169.20619201660156,744.269287109375,214.75485229492188,825.227783203125,98.50971984863281,756.7049560546875,187.76426696777344,807.300537109375,416.8453369140625,757.5613403320312,414.7976379394531,812.1719360351562,542.7343139648438,749.678955078125,531.31787109375,810.9610595703125,662.5010375976562,750.1624755859375,648.9654541015625
651,21.699929773462785,780.9699096679688,207.22463989257812,795.0015258789062,200.06951904296875,772.9346313476562,197.7152099609375,817.6226806640625,203.8152618408203,766.2120361328125,199.7489471435547,829.6973876953125,238.48594665527344,757.1892700195312,241.69216918945312,842.4260864257812,171.3369903564453,744.8446655273438,202.2095489501953,826.5169067382812,98.32620239257812,759.7920532226562,163.60806274414062,808.208984375,418.14801025390625,757.3170166015625,415.4248352050781,812.7914428710938,544.1589965820312,749.3901977539062,532.997314453125,811.1246948242188,662.2774658203125,749.691650390625,649.3197021484375
652,21.73326299892125,784.7650756835938,207.87510681152344,797.9781494140625,199.4415740966797,775.293212890625,198.7711639404297,820.07763671875,202.2034912109375,768.1747436523438,201.56301879882812,833.6679077148438,241.3506622314453,760.4140014648438,238.41905212402344,842.339599609375,169.5380096435547,753.011474609375,159.18414306640625,821.52978515625,93.55043029785156,777.1443481445312,86.02830505371094,806.9873657226562,423.9878845214844,755.8489990234375,420.0918884277344,812.4415283203125,546.3524169921875,750.3770751953125,534.7505493164062,811.6231689453125,666.091552734375,750.501220703125,651.540283203125
653,21.766596224379718,787.6768188476562,207.58724975585938,800.1580200195312,199.28814697265625,777.8485717773438,198.8334197998047,820.2355346679688,201.81796264648438,769.029052734375,201.40264892578125,834.1275024414062,241.0501251220703,758.82275390625,237.49136352539062,844.4756469726562,171.58985900878906,751.9096069335938,161.9849395751953,824.388671875,96.43416595458984,777.5482788085938,96.01802825927734,807.61181640625,423.8224792480469,755.0602416992188,419.679931640625,813.5142211914062,546.094482421875,749.84423828125,533.4187622070312,812.5999145507812,665.4232177734375,750.1478881835938,650.4082641601562
654,21.79992944983819,788.9244995117188,207.4438018798828,801.0368041992188,198.9051055908203,778.545166015625,199.01622009277344,820.5745239257812,201.03912353515625,768.8604736328125,201.81536865234375,834.6179809570312,240.1224822998047,758.1637573242188,237.10983276367188,844.146728515625,172.315185546875,749.9485473632812,162.67462158203125,825.4050903320312,100.2850341796875,776.142333984375,99.1116714477539,807.85400390625,422.9468688964844,754.5635986328125,419.19708251953125,813.738037109375,545.6929321289062,749.8358154296875,533.3965454101562,812.7114868164062,664.6774291992188,749.817138671875,649.8748779296875
655,21.833262675296655,791.7222900390625,206.6719207763672,803.7713623046875,198.29966735839844,781.0419311523438,198.2472686767578,822.2099609375,201.14511108398438,769.8382568359375,201.12513732910156,834.9142456054688,241.39283752441406,757.3924560546875,236.39356994628906,843.1755981445312,178.58984375,747.7178344726562,163.5270233154297,826.9991455078125,110.04679870605469,776.2262573242188,100.87759399414062,809.2213134765625,423.7015686035156,755.1951293945312,419.7264099121094,814.6371459960938,546.2466430664062,749.96484375,534.0895385742188,812.237548828125,664.5626220703125,749.889404296875,650.4119873046875
656,21.866595900755126,794.9118041992188,206.6588897705078,806.3825073242188,198.42247009277344,784.4532470703125,198.31443786621094,823.0678100585938,200.98611450195312,772.2509765625,200.74314880371094,834.49267578125,240.1263427734375,757.8287963867188,235.94171142578125,842.6666870117188,176.9566650390625,747.7460327148438,164.56744384765625,827.4664306640625,110.35596466064453,775.2080078125,101.9291763305664,808.3231811523438,423.59222412109375,754.806884765625,420.1522521972656,815.0082397460938,545.4635620117188,750.6113891601562,534.0682983398438,811.9472045898438,664.2600708007812,749.8634643554688,650.8639526367188
657,21.899929126213593,797.7642822265625,206.7717742919922,808.829345703125,198.04782104492188,786.85595703125,198.1842498779297,824.1669311523438,199.5289764404297,772.4244384765625,199.6851806640625,833.5533447265625,238.46385192871094,757.7955932617188,235.0580291748047,843.0009765625,174.89254760742188,747.4905395507812,164.40792846679688,829.6373291015625,108.98734283447266,773.8909912109375,103.81664276123047,808.2495727539062,423.3648376464844,755.3251953125,420.7161865234375,814.9577026367188,544.7224731445312,751.61474609375,535.865966796875,812.0771484375,663.7874145507812,749.5519409179688,653.8247680664062
658,21.93326235167206,801.158203125,207.10655212402344,811.4690551757812,198.31556701660156,790.2918090820312,198.31898498535156,824.27001953125,199.3246307373047,772.904296875,198.8197479248047,831.7471313476562,237.2785186767578,757.0006103515625,234.38125610351562,843.3666381835938,171.11244201660156,750.0444946289062,162.52658081054688,830.7848510742188,105.60948944091797,776.912841796875,101.93563079833984,809.3026733398438,424.0267028808594,756.715087890625,421.9442138671875,814.669677734375,544.4586181640625,750.58740234375,537.1065063476562,812.848388671875,664.5640869140625,749.0671997070312,656.5336303710938
659,21.96659557713053,804.5138549804688,207.47801208496094,813.4963989257812,199.2172088623047,794.2019653320312,199.3712615966797,823.6463012695312,200.87742614746094,776.1458740234375,200.49801635742188,829.430419921875,237.08856201171875,757.87353515625,234.90773010253906,838.1535034179688,169.33433532714844,749.4835205078125,163.2232666015625,827.4776611328125,105.571533203125,776.0856323242188,103.32715606689453,808.8872680664062,423.5413818359375,758.0006103515625,422.2869567871094,815.175537109375,544.0226440429688,752.5260009765625,538.1463012695312,813.12646484375,665.0982055664062,748.9468994140625,658.6657104492188
660,21.999928802588997,807.5589599609375,207.16481018066406,815.628662109375,199.11410522460938,797.73046875,198.91983032226562,822.7779541015625,201.0966033935547,777.3475952148438,199.070556640625,825.6566772460938,238.2103729248047,757.6701049804688,232.64291381835938,833.0999145507812,173.9671173095703,752.4176025390625,158.9466552734375,825.6322631835938,108.61495971679688,780.5669555664062,97.0505599975586,810.2417602539062,425.4440002441406,761.0882568359375,423.6278076171875,813.4954223632812,543.9044189453125,751.9243774414062,538.4619140625,812.6954956054688,665.0150756835938,749.214599609375,660.7546997070312
661,22.033262028047464,809.3368530273438,207.259765625,817.4935913085938,200.13475036621094,800.2846069335938,199.10031127929688,823.6129760742188,203.3760528564453,779.2546997070312,199.16305541992188,826.0223388671875,238.23184204101562,757.9793090820312,232.34202575683594,834.1709594726562,168.50494384765625,755.9244995117188,156.13270568847656,824.5416259765625,100.70520782470703,782.2045288085938,93.23255157470703,812.010498046875,426.7359924316406,762.2918701171875,424.4804992675781,814.4293823242188,545.0807495117188,749.4482421875,538.6861572265625,811.5623779296875,665.9773559570312,748.0482177734375,662.2260131835938
662,22.066595253505934,809.1351928710938,207.3577880859375,817.404296875,200.0408172607422,799.6869506835938,199.260986328125,824.1094360351562,203.34780883789062,778.6882934570312,199.94140625,826.4715576171875,238.76327514648438,758.020751953125,233.5692138671875,833.5093383789062,168.58555603027344,755.1185913085938,156.92369079589844,822.549560546875,101.15057373046875,780.898193359375,93.78203582763672,811.2530517578125,427.6176452636719,761.244140625,425.6000671386719,814.498046875,545.4390258789062,749.4521484375,539.3592529296875,811.9176635742188,666.2662963867188,747.333251953125,662.1664428710938
663,22.0999284789644,811.2362060546875,206.8411407470703,818.9880981445312,199.6001434326172,801.7083740234375,199.12083435058594,824.4942016601562,203.90478515625,780.944580078125,200.8208770751953,824.4862060546875,241.34063720703125,761.1953125,233.51173400878906,825.7791137695312,173.1918182373047,757.6123657226562,155.71987915039062,820.8212280273438,100.894775390625,783.8574829101562,93.73839569091797,810.9247436523438,427.918701171875,764.0003662109375,425.1816101074219,812.9229125976562,547.287353515625,751.4384765625,540.202392578125,810.7047119140625,668.463134765625,746.9813842773438,664.8310546875
664,22.13326170442287,814.2816162109375,207.04188537597656,821.8365478515625,200.05531311035156,804.7612915039062,199.48300170898438,826.4154052734375,205.2274932861328,783.4846801757812,201.57513427734375,823.8258666992188,244.9479522705078,764.6448974609375,232.05084228515625,818.9612426757812,191.06439208984375,761.2321166992188,154.4015350341797,817.9251098632812,127.51021575927734,786.2625122070312,94.47407531738281,810.447021484375,425.383056640625,765.8949584960938,421.1553649902344,811.4187622070312,546.79296875,752.3892211914062,538.6258544921875,808.81103515625,667.3564453125,745.41015625,663.6234130859375
665,22.166594929881338,814.4219970703125,207.0823974609375,822.3628540039062,200.29751586914062,804.7757568359375,199.89866638183594,827.8746337890625,206.3555450439453,785.010009765625,203.35760498046875,825.48828125,246.2705841064453,766.7723999023438,234.28604125976562,817.4155883789062,189.19534301757812,763.0988159179688,155.1278076171875,813.0221557617188,123.79823303222656,786.8373413085938,93.72776794433594,809.0179443359375,424.7926330566406,764.7200317382812,420.6170349121094,812.7957153320312,547.2108154296875,753.55859375,538.6788940429688,808.9212646484375,667.4547729492188,745.6981811523438,664.1555786132812
666,22.199928155339805,818.0473022460938,208.264892578125,824.9463500976562,201.61595153808594,808.937255859375,200.6084442138672,827.55322265625,207.42323303222656,785.9253540039062,202.6788330078125,824.02099609375,247.31793212890625,766.6993408203125,233.42205810546875,821.2068481445312,194.90994262695312,770.4169311523438,154.70989990234375,814.7002563476562,134.21054077148438,789.3451538085938,94.90442657470703,809.6161499023438,424.8558044433594,766.0501098632812,419.9247131347656,812.2825317382812,545.9075317382812,753.1594848632812,537.3248291015625,809.6299438476562,665.1525268554688,746.7900390625,662.5240478515625
667,22.233261380798275,819.6944580078125,209.71484375,826.1673583984375,201.68807983398438,809.9125366210938,201.6512451171875,828.8065185546875,207.42225646972656,785.7609252929688,203.6045379638672,825.379150390625,263.2906799316406,767.9854736328125,232.24368286132812,815.0054321289062,284.7544250488281,770.0821533203125,155.9360809326172,810.4337768554688,317.5390625,792.6585693359375,100.863525390625,809.4309692382812,430.2075500488281,766.4053955078125,421.3978271484375,810.0390625,545.0162963867188,753.6475830078125,540.15283203125,810.58447265625,663.541748046875,745.8806762695312,664.392822265625
668,22.266594606256742,822.1740112304688,211.2189178466797,828.4044189453125,202.6745147705078,811.968017578125,202.881103515625,830.6466674804688,208.708740234375,786.8839111328125,204.86669921875,825.5911865234375,271.5545654296875,769.3804931640625,231.5072784423828,813.7416381835938,320.3410949707031,766.602783203125,157.6005859375,815.4920654296875,373.5951232910156,794.4691772460938,102.28182220458984,808.6262817382812,431.677490234375,766.6580200195312,420.6637268066406,808.2838745117188,544.3510131835938,756.0885009765625,540.8633422851562,810.4647216796875,662.6383666992188,746.2095336914062,665.4302978515625
669,22.29992783171521,822.25390625,211.4998779296875,828.2855224609375,203.2012176513672,812.3545532226562,203.2564697265625,830.246337890625,209.64805603027344,787.8705444335938,205.52989196777344,825.7109375,272.5906677246094,769.8720092773438,232.05177307128906,814.0042724609375,323.2135314941406,766.813232421875,159.78097534179688,814.8662719726562,377.0198974609375,795.056884765625,103.92922973632812,808.3473510742188,431.2009582519531,766.6202392578125,419.8719787597656,808.5191650390625,544.2997436523438,756.5323486328125,540.3449096679688,809.7353515625,662.4830322265625,745.6538696289062,664.7213134765625
670,22.33326105717368,822.8485717773438,211.62167358398438,828.6818237304688,203.3925018310547,813.1611328125,203.14439392089844,830.0999755859375,209.57720947265625,788.142822265625,204.76171875,826.02001953125,271.8453063964844,769.0947265625,231.4364013671875,815.6571655273438,322.1651916503906,765.8416748046875,161.5430450439453,814.5363159179688,370.2519226074219,792.3032836914062,104.9149169921875,808.7644653320312,431.3531188964844,766.407470703125,419.8174743652344,808.3809204101562,545.0030517578125,755.7905883789062,540.0152587890625,809.1615600585938,664.0308837890625,745.1710815429688,664.8604736328125
671,22.366594282632146,823.7392578125,212.26690673828125,828.8661499023438,204.2288818359375,814.36474609375,203.70654296875,829.0657958984375,210.71754455566406,788.505615234375,205.23377990722656,826.5790405273438,272.87109375,767.7869873046875,231.94342041015625,818.3883056640625,324.20709228515625,765.1173706054688,164.5184783935547,814.4649658203125,367.2969055175781,791.1397705078125,107.3265380859375,810.5802001953125,432.04461669921875,767.0001831054688,420.01483154296875,808.4750366210938,545.1199340820312,754.2437133789062,538.9580078125,808.5648193359375,663.2994384765625,743.4149780273438,662.5599975585938
672,22.399927508090617,823.8592529296875,212.48146057128906,828.9617309570312,204.38302612304688,814.48388671875,203.85525512695312,828.9943237304688,211.00157165527344,788.4337158203125,205.4649200439453,826.443359375,273.7640686035156,767.5863037109375,232.6501007080078,817.989501953125,325.7813720703125,764.5634155273438,165.3845977783203,814.2201538085938,370.2210388183594,790.1260986328125,108.42811584472656,811.0345458984375,432.41986083984375,767.5242919921875,420.3695068359375,808.404052734375,544.764892578125,754.2418823242188,538.728515625,808.7760620117188,662.3194580078125,743.93896484375,661.8598022460938
673,22.433260733549083,823.8705444335938,212.07061767578125,828.7232055664062,204.0836944580078,814.6680297851562,203.47036743164062,828.0684204101562,210.92233276367188,788.2249145507812,205.1363067626953,825.2586059570312,273.7253112792969,766.9053344726562,232.42864990234375,817.5369262695312,325.8962707519531,764.6828002929688,165.4597625732422,814.274169921875,369.6014099121094,790.774169921875,108.99846649169922,810.7389526367188,432.5135803222656,767.48193359375,420.5124206542969,808.2247314453125,545.07080078125,754.2193603515625,539.3179931640625,809.230224609375,662.2643432617188,744.1780395507812,662.2774658203125
674,22.46659395900755,823.525390625,212.6775360107422,828.724853515625,204.63499450683594,814.2282104492188,204.04678344726562,828.6134643554688,211.42799377441406,788.0396728515625,205.69815063476562,825.2698364257812,274.2821960449219,767.4066162109375,233.21240234375,817.103271484375,326.7054748535156,765.53076171875,166.677490234375,814.3372192382812,370.6380310058594,791.0646362304688,109.6562271118164,810.2537841796875,432.7160949707031,767.2999877929688,420.849365234375,807.8460083007812,545.0679931640625,754.10986328125,539.9222412109375,808.879150390625,662.8089599609375,744.4147338867188,664.1111450195312
675,22.49992718446602,823.5189208984375,213.1601104736328,828.564453125,205.2040557861328,814.5145874023438,204.4573974609375,828.19287109375,211.5606689453125,788.574951171875,205.44476318359375,825.2525024414062,273.2386474609375,767.2830200195312,231.9642791748047,818.4166259765625,325.3484802246094,765.7008056640625,166.17599487304688,814.986572265625,366.3726806640625,791.9256591796875,109.7536849975586,810.0818481445312,431.6362609863281,767.1530151367188,419.6784973144531,808.103515625,544.6972045898438,755.401123046875,539.2755126953125,808.7979125976562,663.1858520507812,746.2236328125,664.3441162109375
676,22.533260409924488,822.980224609375,212.6700897216797,828.1210327148438,204.7028350830078,813.92236328125,204.0701904296875,828.0201416015625,211.10406494140625,788.0985717773438,205.1853790283203,825.0432739257812,272.843017578125,767.0391845703125,231.67886352539062,818.4261474609375,324.75738525390625,765.5342407226562,165.3812713623047,814.505126953125,365.8550109863281,791.609130859375,109.51178741455078,809.7703857421875,432.0270690917969,766.7926025390625,420.2167663574219,807.5103149414062,544.9436645507812,755.0983276367188,540.2144775390625,809.1722412109375,662.9767456054688,746.6463623046875,665.1241455078125
677,22.566593635382958,822.492919921875,212.81411743164062,827.9601440429688,204.85910034179688,813.3009643554688,204.23239135742188,828.4754638671875,211.51123046875,787.6196899414062,205.59715270996094,825.2913208007812,273.63043212890625,766.9072265625,232.39952087402344,817.6722412109375,326.0935363769531,765.5658569335938,165.81561279296875,813.630859375,369.4686584472656,791.8720703125,109.35922241210938,809.7747192382812,432.568115234375,766.4107055664062,420.7719421386719,807.7288818359375,544.7109985351562,754.1544189453125,540.2615966796875,809.3670043945312,662.030517578125,745.7935791015625,664.648193359375
678,22.599926860841425,822.0535278320312,213.33343505859375,827.3984375,205.51324462890625,813.11083984375,204.7946014404297,827.7147827148438,212.09820556640625,787.77978515625,205.96432495117188,824.4535522460938,273.8263244628906,766.8610229492188,231.98553466796875,817.3547973632812,327.55255126953125,765.5372924804688,165.204833984375,813.373046875,373.7010192871094,792.7669677734375,109.08705139160156,808.8961181640625,431.94122314453125,766.025634765625,420.0161437988281,807.6986083984375,545.1203002929688,755.1044921875,540.8563842773438,809.3274536132812,661.9503784179688,746.4459228515625,664.6152954101562
679,22.63326008629989,821.9161376953125,213.24310302734375,827.2715454101562,205.4219970703125,812.9591064453125,204.70791625976562,827.6331787109375,212.15155029296875,787.5054321289062,206.01480102539062,824.1690063476562,274.20654296875,766.65625,232.0574951171875,817.26220703125,329.4580383300781,765.6063232421875,165.59609985351562,813.7838134765625,379.032958984375,793.0250244140625,109.63665008544922,808.6963500976562,431.6352233886719,765.8428344726562,419.6680908203125,807.7588500976562,544.3399658203125,755.1571044921875,540.3524780273438,809.537353515625,661.9758911132812,746.6856689453125,664.927490234375
680,22.666593311758362,821.485107421875,213.15988159179688,826.71875,205.33450317382812,812.5504760742188,204.74595642089844,827.0078125,211.99264526367188,787.2944946289062,206.0972900390625,823.480712890625,274.0437316894531,766.7190551757812,231.5719757080078,816.7213745117188,329.71136474609375,765.2838134765625,164.19259643554688,813.2198486328125,381.0376892089844,793.3995971679688,109.37923431396484,808.070556640625,431.3244934082031,765.6864624023438,419.3646545410156,807.3782958984375,544.0376586914062,755.6484375,540.6373901367188,809.3436889648438,661.4779052734375,746.5921020507812,665.1971435546875
681,22.69992653721683,821.20361328125,213.0652313232422,826.2860107421875,205.15846252441406,812.2535400390625,204.72061157226562,826.1534423828125,211.76629638671875,787.271728515625,206.25526428222656,821.4776000976562,274.3604431152344,767.65283203125,231.25083923339844,814.8223876953125,330.9637145996094,765.4182739257812,162.99801635742188,814.4657592773438,382.2327880859375,793.6862182617188,109.10789489746094,806.34228515625,430.9142150878906,766.1251831054688,419.057861328125,806.2329711914062,543.9888305664062,758.84619140625,541.6658325195312,808.7330932617188,661.6405029296875,749.3504028320312,666.9639892578125
682,22.733259762675296,820.7884521484375,213.29452514648438,825.9705200195312,205.45469665527344,811.853759765625,205.01560974121094,826.0938720703125,212.25074768066406,787.1837158203125,206.78578186035156,821.3484497070312,274.93011474609375,767.706298828125,231.8592071533203,814.783203125,332.0153503417969,765.5234375,163.86317443847656,815.2083740234375,384.6465148925781,794.1495361328125,109.73773956298828,805.8980712890625,430.42919921875,765.7817993164062,418.6703796386719,806.5317993164062,543.7159423828125,759.05224609375,541.9152221679688,808.6846923828125,660.4682006835938,749.1160888671875,666.632080078125
683,22.766592988133766,820.2301635742188,213.6826629638672,825.7840576171875,205.90992736816406,811.419677734375,205.21456909179688,826.52099609375,212.9459228515625,787.0850219726562,206.69186401367188,821.8342895507812,276.118896484375,767.4268188476562,231.54127502441406,814.0834350585938,333.48406982421875,766.5468139648438,162.8813934326172,814.6793823242188,386.8837585449219,795.4154052734375,110.82836151123047,806.4766845703125,431.5820617675781,765.5125732421875,419.046142578125,806.6693115234375,543.7171630859375,755.863037109375,540.4951782226562,809.6807861328125,660.8192138671875,746.630859375,666.2435913085938
684,22.799926213592233,819.8003540039062,212.8788299560547,825.7479858398438,205.21701049804688,810.9559326171875,204.56643676757812,827.2085571289062,212.8897247314453,787.452392578125,206.801513671875,822.904296875,276.6497497558594,767.8477783203125,232.57427978515625,814.0682373046875,334.46966552734375,766.248046875,164.71609497070312,815.1392822265625,390.23406982421875,795.1563720703125,111.46705627441406,806.5352172851562,431.64910888671875,765.1753540039062,419.19903564453125,806.6102905273438,543.4783935546875,754.6363525390625,540.2243041992188,809.0590209960938,660.1575317382812,745.6878051757812,665.7108154296875
685,22.833259439050703,820.6110229492188,213.21273803710938,826.4130859375,205.62857055664062,811.8265380859375,204.88084411621094,827.5064086914062,213.52191162109375,787.957275390625,207.33087158203125,823.258544921875,277.3185729980469,767.7500610351562,233.85935974121094,814.8646240234375,335.32025146484375,766.489013671875,167.27574157714844,815.704345703125,390.7629089355469,795.1682739257812,111.80442810058594,806.8064575195312,431.7545471191406,765.1380615234375,419.47723388671875,806.931640625,543.4962158203125,754.3579711914062,540.1887817382812,809.0247802734375,659.591552734375,745.1636352539062,664.4407348632812
686,22.86659266450917,820.6452026367188,213.3364715576172,826.6410522460938,205.71788024902344,811.7161865234375,204.94541931152344,827.8928833007812,213.7780303955078,787.6259155273438,207.53506469726562,823.2725830078125,278.03741455078125,767.7809448242188,234.6645050048828,814.1516723632812,335.9676208496094,767.193359375,168.4255828857422,815.4277954101562,391.3306579589844,795.34326171875,112.74652099609375,806.7036743164062,432.48529052734375,765.0040893554688,420.14208984375,806.7925415039062,543.6328125,753.6246948242188,539.8843994140625,809.0441284179688,659.0277709960938,744.8742065429688,663.4462280273438
687,22.899925889967637,821.3434448242188,213.2044677734375,827.1986083984375,205.73068237304688,812.4583129882812,204.89979553222656,827.8567504882812,214.41065979003906,788.1739501953125,208.04684448242188,823.2681884765625,279.16961669921875,767.8987426757812,235.79034423828125,814.0531005859375,335.61181640625,768.2401123046875,169.0325927734375,815.81787109375,388.7159118652344,796.0746459960938,113.55679321289062,806.4210815429688,433.94549560546875,764.7753295898438,421.4201965332031,807.0587768554688,545.0829467773438,753.065673828125,540.1917724609375,809.855712890625,660.2764892578125,744.773193359375,663.3985595703125
688,22.933259115426107,821.3299560546875,213.912841796875,826.8572998046875,206.36671447753906,812.6360473632812,205.50767517089844,827.0331420898438,214.6039581298828,788.1876220703125,207.9441680908203,822.6099243164062,278.8636779785156,767.8956298828125,234.2061309814453,814.5773315429688,334.0083312988281,769.2250366210938,164.69325256347656,815.929931640625,383.4998474121094,796.9362182617188,111.26863098144531,806.7860107421875,433.9762268066406,765.4763793945312,421.0380554199219,806.4839477539062,543.8162231445312,752.81640625,538.7642822265625,810.6818237304688,659.6116943359375,745.0045776367188,663.2569580078125
689,22.966592340884574,822.8917236328125,214.65797424316406,827.7882080078125,206.8915557861328,814.252685546875,206.01780700683594,826.6204833984375,214.38156127929688,788.3628540039062,207.7058868408203,821.966796875,278.3657531738281,767.2035522460938,233.9681854248047,814.7300415039062,334.0987854003906,769.2122802734375,165.14080810546875,816.1756591796875,384.5805969238281,797.0823364257812,111.24105072021484,807.4207763671875,434.34698486328125,766.0403442382812,421.4905700683594,806.5789184570312,544.2538452148438,752.75537109375,538.794677734375,811.2615356445312,660.0172729492188,744.6674194335938,661.9846801757812
690,22.99992556634304,823.3289184570312,215.39785766601562,828.12548828125,207.6486053466797,815.0321044921875,206.77040100097656,826.1948852539062,214.9827880859375,789.1530151367188,208.23440551757812,820.7505493164062,278.25445556640625,767.511962890625,234.67161560058594,814.2867431640625,333.48907470703125,769.5108032226562,166.51025390625,816.2403564453125,384.2267150878906,797.397705078125,112.3914794921875,806.5344848632812,434.6216735839844,766.0933227539062,422.2924499511719,806.3185424804688,544.5015258789062,752.9332275390625,540.2786254882812,812.6635131835938,661.9076538085938,745.8445434570312,665.5184936523438
691,23.03325879180151,823.6882934570312,215.59811401367188,828.2745971679688,207.71246337890625,815.4469604492188,206.82867431640625,825.6930541992188,214.7319793701172,789.1508178710938,208.0001220703125,819.72119140625,278.09539794921875,767.5408935546875,234.80612182617188,813.339111328125,332.8832702636719,769.5581665039062,167.07618713378906,816.3265991210938,382.9754943847656,796.1891479492188,113.7074203491211,806.3092041015625,434.9981384277344,766.57080078125,422.76019287109375,806.2910766601562,545.32373046875,753.07666015625,540.8432006835938,813.66064453125,663.2879638671875,745.8862915039062,666.327880859375
692,23.06659201725998,823.681396484375,215.83058166503906,828.2448120117188,207.92784118652344,815.41064453125,207.0131072998047,825.83935546875,214.7915496826172,789.1757202148438,208.07142639160156,820.3281860351562,278.1022644042969,767.143798828125,234.84849548339844,813.4630126953125,333.4349670410156,768.7269897460938,168.0465545654297,816.6177978515625,384.9032287597656,795.8365478515625,114.6606216430664,806.5970458984375,435.2520446777344,766.212890625,422.8754577636719,806.8875732421875,545.9793090820312,753.0128173828125,540.5206298828125,813.5228271484375,663.92626953125,745.4013061523438,665.1185302734375
693,23.09992524271845,823.9567260742188,216.16567993164062,828.1759033203125,208.22564697265625,815.7451782226562,207.25677490234375,825.31201171875,214.78457641601562,789.1564331054688,207.91539001464844,819.8988037109375,277.9771423339844,766.9998779296875,233.84292602539062,813.4453125,333.8397216796875,768.9794921875,166.32257080078125,817.1099853515625,386.1034240722656,796.13427734375,114.20958709716797,806.729736328125,434.7742919921875,766.4983520507812,422.0180358886719,807.215087890625,544.4667358398438,753.4132690429688,538.3245239257812,813.4465942382812,662.28369140625,744.89794921875,662.5057983398438
694,23.133258468176916,823.4201049804688,216.18218994140625,827.6763305664062,208.2250213623047,815.1107788085938,207.40489196777344,825.1392211914062,214.89419555664062,788.9649047851562,208.48716735839844,820.2631225585938,278.3861083984375,767.168212890625,235.1576385498047,813.9111938476562,334.1445617675781,768.7567138671875,168.12680053710938,817.5093994140625,388.21832275390625,795.5917358398438,114.8661117553711,806.5592651367188,434.88812255859375,766.3770141601562,422.4298095703125,807.2874755859375,544.3457641601562,753.904541015625,538.5927734375,812.4439086914062,661.2578735351562,744.6978149414062,661.6576538085938
695,23.166591693635382,822.65185546875,215.8184814453125,826.8721313476562,207.67942810058594,813.9992065429688,207.1185302734375,825.1793823242188,213.5904998779297,788.2841796875,207.9479217529297,821.3683471679688,276.7555847167969,766.9924926757812,234.0322265625,814.5606079101562,332.68927001953125,765.0693969726562,168.0263671875,817.7208862304688,386.59881591796875,794.5914306640625,116.17327117919922,807.4816284179688,433.926513671875,766.5562133789062,421.5780944824219,807.424072265625,545.0280151367188,754.3351440429688,539.1568603515625,810.6533813476562,662.2387084960938,741.474853515625,661.08251953125
696,23.199924919093853,822.3405151367188,216.25213623046875,826.562744140625,208.2059326171875,814.0006103515625,207.53201293945312,824.6249389648438,213.8150634765625,788.1587524414062,207.67420959472656,820.4318237304688,276.0063781738281,766.7749633789062,232.89402770996094,815.554931640625,331.9023742675781,765.200927734375,165.4097900390625,818.0282592773438,387.01263427734375,796.4564208984375,113.85909271240234,808.0604858398438,433.04498291015625,767.5053100585938,420.96600341796875,806.9727783203125,544.3389892578125,754.3958129882812,540.6277465820312,811.0365600585938,662.4375610351562,742.02490234375,664.5541381835938
697,23.23325814455232,821.5763549804688,216.4490966796875,826.1051635742188,208.6510467529297,813.611572265625,207.6146697998047,824.3776245117188,214.06585693359375,788.0264282226562,207.1085968017578,820.086669921875,274.4846496582031,766.2260131835938,232.51914978027344,815.8467407226562,329.245849609375,765.9727172851562,165.85626220703125,819.1975708007812,387.27459716796875,796.6345825195312,112.19761657714844,809.1754760742188,432.4361267089844,768.2798461914062,420.8529968261719,808.0609741210938,544.4859008789062,753.7288208007812,541.166015625,811.835693359375,662.6569213867188,742.6699829101562,664.8887329101562
698,23.266591370010786,821.438720703125,216.37449645996094,826.0628662109375,208.58741760253906,813.3915405273438,207.58746337890625,824.5538330078125,214.18309020996094,787.7614135742188,207.264892578125,820.2642822265625,274.9126281738281,766.2166137695312,232.73365783691406,816.25146484375,330.150146484375,766.4017333984375,165.69918823242188,819.6416625976562,388.9167175292969,796.8755493164062,111.85604858398438,809.1934204101562,432.81756591796875,768.187255859375,421.1976318359375,807.7166137695312,544.4401245117188,753.4566040039062,541.4854125976562,811.5712890625,662.0353393554688,742.807861328125,664.9959106445312
699,23.299924595469257,819.5733032226562,217.4692840576172,824.9749145507812,209.6020965576172,811.4285888671875,208.45980834960938,825.0604858398438,214.8188018798828,787.1223754882812,207.58116149902344,821.0926513671875,275.93609619140625,766.003662109375,232.69839477539062,814.3128662109375,331.83404541015625,765.6380004882812,165.39675903320312,817.6016235351562,393.7572326660156,795.667724609375,112.9662857055664,808.009521484375,433.74432373046875,766.420166015625,421.3786315917969,809.380126953125,545.6123046875,753.8809814453125,540.0161743164062,812.60791015625,662.2500610351562,744.3438720703125,662.376708984375
700,23.333257820927724,818.8355102539062,217.83041381835938,824.6400756835938,210.000732421875,810.742431640625,208.8627166748047,825.34814453125,214.85397338867188,786.8807373046875,207.59925842285156,821.2188720703125,274.64874267578125,765.8089599609375,232.0947265625,814.7391357421875,329.4321594238281,764.7728271484375,163.7770538330078,817.591796875,392.6877746582031,793.318115234375,110.22598266601562,807.2605590820312,432.699951171875,765.5803833007812,420.7511901855469,810.03076171875,545.3143920898438,754.7843627929688,540.6825561523438,812.9974365234375,662.64599609375,746.6880493164062,664.49462890625
701,23.366591046386194,819.4197998046875,216.93763732910156,825.3953857421875,208.83657836914062,810.8815307617188,208.09661865234375,826.2543334960938,213.5986785888672,786.7330322265625,207.4266815185547,821.8702392578125,272.7446594238281,765.9273071289062,233.06640625,812.1539916992188,317.64556884765625,764.1514282226562,161.73995971679688,814.5340576171875,373.70928955078125,791.1444091796875,111.37299346923828,807.6290893554688,434.64068603515625,765.6390991210938,423.408935546875,810.8969116210938,547.43408203125,754.1856689453125,541.1651611328125,815.8773803710938,664.8316650390625,747.9445190429688,664.0809936523438
702,23.39992427184466,818.2637939453125,215.70008850097656,825.0608520507812,207.78111267089844,809.378173828125,207.20526123046875,827.4307250976562,211.88475036621094,786.4539794921875,207.03038024902344,822.90087890625,262.616943359375,766.5107421875,234.97679138183594,813.4478759765625,269.9389343261719,763.922607421875,163.06765747070312,812.4857788085938,278.99249267578125,788.8883056640625,109.25721740722656,808.0433959960938,430.24749755859375,765.6714477539062,422.52252197265625,812.211669921875,547.11865234375,754.818115234375,541.147216796875,814.8890991210938,665.2723999023438,748.4086303710938,664.6766357421875
703,23.433257497303128,816.9088134765625,215.12442016601562,823.5734252929688,208.24720764160156,808.54541015625,206.93148803710938,825.5084838867188,211.99803161621094,785.4698486328125,206.92166137695312,822.753662109375,246.80369567871094,762.6234130859375,238.8502197265625,823.4445190429688,179.96548461914062,762.8045043945312,164.30686950683594,816.6549072265625,112.54207611083984,783.3745727539062,104.74407958984375,809.6431884765625,429.1226806640625,764.4368286132812,426.1400451660156,815.9688110351562,547.9130859375,752.8554077148438,539.2937622070312,814.1705932617188,668.5304565429688,748.3976440429688,663.1175537109375
704,23.466590722761598,815.6815795898438,215.4734649658203,822.6510009765625,208.8408203125,807.2726440429688,207.4213104248047,825.4679565429688,213.063232421875,784.6687622070312,208.04330444335938,823.5458374023438,247.0577392578125,761.7722778320312,240.66604614257812,824.8267822265625,179.05136108398438,761.0618896484375,166.53794860839844,817.2307739257812,115.03874969482422,780.5452880859375,105.11798858642578,809.73486328125,429.699462890625,763.6590576171875,427.26995849609375,816.3355102539062,547.1298217773438,752.658447265625,539.2551879882812,812.7538452148438,669.0374755859375,748.0580444335938,663.5872192382812
705,23.499923948220065,814.412353515625,216.30813598632812,821.924560546875,209.8238983154297,805.8665771484375,208.2649383544922,826.1492919921875,214.26434326171875,784.2928466796875,209.17291259765625,824.6746826171875,248.21205139160156,762.0182495117188,242.1657257080078,824.9105224609375,178.7459259033203,759.1660766601562,167.84088134765625,817.4864501953125,115.41341400146484,778.44775390625,106.365234375,809.950927734375,430.2555236816406,763.6066284179688,427.7783203125,816.2434692382812,546.9625854492188,753.135498046875,538.5601196289062,810.5623168945312,669.185302734375,747.7447509765625,662.5712280273438
706,23.533257173678532,813.3243408203125,215.66908264160156,821.2049560546875,209.21603393554688,804.4132690429688,207.83819580078125,826.819580078125,214.0388946533203,783.9485473632812,209.58473205566406,826.2899169921875,248.62937927246094,762.59814453125,242.57212829589844,824.524658203125,179.40245056152344,757.465087890625,167.6459197998047,816.4021606445312,116.41265106201172,778.4385375976562,105.84114837646484,810.56591796875,429.98272705078125,763.8827514648438,427.3832092285156,815.267822265625,546.7669067382812,753.9873657226562,537.883544921875,807.9966430664062,669.5585327148438,748.1279296875,661.5916137695312
707,23.566590399137002,813.3572998046875,215.25267028808594,821.900634765625,208.81097412109375,804.0521850585938,207.54510498046875,828.3995971679688,214.09332275390625,782.8929443359375,209.55662536621094,827.7371215820312,249.04579162597656,762.0441284179688,243.01084899902344,827.410888671875,178.36898803710938,757.0042114257812,166.07667541503906,819.0167846679688,115.63251495361328,780.5906372070312,104.87008666992188,813.2218017578125,429.5257873535156,765.3721313476562,427.240234375,813.9452514648438,543.952880859375,752.330810546875,536.944580078125,807.520263671875,667.0550537109375,749.8715209960938,662.3444213867188
708,23.59992362459547,812.7825317382812,215.2607879638672,821.2984619140625,208.72213745117188,803.2672119140625,207.39161682128906,827.410400390625,214.11756896972656,781.5348510742188,209.16099548339844,826.4241333007812,250.1378936767578,760.6002807617188,242.77223205566406,824.6873168945312,181.45785522460938,754.993408203125,166.7726287841797,820.4758911132812,117.57390594482422,782.5535278320312,105.26700592041016,814.91845703125,428.9866027832031,767.0894775390625,426.4571533203125,814.5233764648438,544.4535522460938,753.3482055664062,536.3425903320312,806.8276977539062,666.9100341796875,750.944580078125,661.0120849609375
709,23.63325685005394,810.9511108398438,217.07997131347656,819.7747192382812,210.6797637939453,801.62939453125,208.96823120117188,827.0307006835938,215.65899658203125,780.8024291992188,210.23585510253906,828.0284423828125,250.4232177734375,759.0006713867188,243.55918884277344,827.6353149414062,180.61668395996094,752.6561889648438,167.7522430419922,820.596435546875,118.97273254394531,779.12841796875,105.1417465209961,814.1022338867188,430.7228698730469,764.4159545898438,427.78765869140625,815.4004516601562,543.8092041015625,751.90087890625,533.1483154296875,807.2286987304688,664.9345092773438,750.887939453125,653.6692504882812
710,23.666590075512406,810.5922241210938,216.8887176513672,819.5599975585938,210.4024200439453,800.994873046875,208.9200439453125,827.4932250976562,215.55955505371094,780.5663452148438,210.83355712890625,828.7407836914062,250.9613800048828,759.5108032226562,244.48455810546875,828.2517700195312,181.3316192626953,752.4652099609375,168.43878173828125,820.3856811523438,119.37418365478516,778.7305908203125,105.6500244140625,813.4988403320312,431.0916748046875,763.7525634765625,428.3050842285156,815.1410522460938,543.71435546875,752.1472778320312,533.7312622070312,807.22705078125,663.9890747070312,750.488525390625,653.2919311523438
711,23.699923300970873,808.3516235351562,217.85690307617188,816.8655395507812,211.52670288085938,799.5486450195312,209.40049743652344,823.78955078125,215.93238830566406,778.9841918945312,209.78076171875,825.8741455078125,249.97293090820312,755.7605590820312,243.5004425048828,828.2323608398438,180.96107482910156,748.3279418945312,170.48146057128906,818.884765625,119.94905853271484,776.8980102539062,108.5741195678711,812.854248046875,429.2019348144531,762.9962158203125,426.57513427734375,815.2343139648438,542.1730346679688,752.7416381835938,532.5853881835938,805.8532104492188,662.2095947265625,751.2903442382812,651.4835815429688
712,23.733256526429344,807.36083984375,218.9830780029297,815.0571899414062,212.5380401611328,798.498046875,210.58917236328125,820.7694091796875,216.65328979492188,776.9408569335938,210.96978759765625,823.1566162109375,250.9415740966797,753.8883056640625,244.6682891845703,827.655517578125,182.08978271484375,748.2054443359375,171.54400634765625,820.2685546875,120.7027816772461,776.7876586914062,109.25166320800781,811.906982421875,430.88153076171875,762.6445922851562,428.4100341796875,814.3860473632812,543.4860229492188,753.3526000976562,533.7808837890625,805.9581298828125,663.26318359375,751.407470703125,651.3098754882812
713,23.76658975188781,806.1248168945312,220.8594512939453,813.1617431640625,213.9369659423828,797.2290649414062,212.6060028076172,818.21044921875,216.8175811767578,775.5144653320312,212.50027465820312,820.3356323242188,250.47055053710938,753.2066650390625,245.12506103515625,826.6239013671875,182.97686767578125,746.7445678710938,173.59332275390625,820.8496704101562,120.04413604736328,774.7892456054688,112.4039077758789,810.10546875,429.2021179199219,762.3706665039062,427.5285339355469,812.444580078125,540.884765625,754.7069702148438,533.8211669921875,806.8348388671875,661.4883422851562,752.7164916992188,652.7806396484375
714,23.799922977346277,803.52099609375,224.21072387695312,810.33740234375,217.14935302734375,794.2500610351562,216.13314819335938,815.8815307617188,219.8636016845703,772.4235229492188,216.36988830566406,819.9385375976562,252.6539306640625,750.7135009765625,248.01351928710938,826.0662231445312,183.01295471191406,746.9586181640625,175.2826690673828,820.4223022460938,118.42929077148438,773.18408203125,112.19349670410156,810.2220458984375,431.00762939453125,760.8660888671875,429.1358947753906,813.1693725585938,542.1318969726562,752.4705810546875,532.6686401367188,807.6404418945312,662.2601318359375,751.6348266601562,650.066650390625
715,23.833256202804748,803.739501953125,224.70004272460938,810.2002563476562,218.251953125,794.7698974609375,216.78292846679688,814.2704467773438,222.33673095703125,771.5023193359375,217.67457580566406,817.660888671875,254.62869262695312,748.870361328125,249.9265899658203,824.4435424804688,183.79132080078125,748.9392700195312,176.6764373779297,819.5908813476562,120.89317321777344,772.2947998046875,112.09381103515625,810.2215576171875,432.8739318847656,760.707275390625,430.9008483886719,813.9213256835938,544.1428833007812,750.8112182617188,533.6414184570312,808.3550415039062,663.3817749023438,751.17333984375,650.0888061523438
716,23.866589428263215,801.4712524414062,224.8550567626953,807.7752685546875,218.42974853515625,792.7612915039062,216.8993377685547,811.5623779296875,222.1105194091797,769.5848388671875,217.34996032714844,816.2446899414062,253.05618286132812,745.804443359375,249.46351623535156,824.1828002929688,184.25096130371094,746.8187255859375,179.79542541503906,817.8865356445312,122.41094970703125,770.670166015625,113.11544799804688,809.6151123046875,432.35308837890625,758.916015625,430.7947082519531,814.8617553710938,544.8990478515625,749.92626953125,534.1255493164062,810.080078125,665.3585815429688,752.20654296875,650.9573364257812
717,23.899922653721685,799.4039306640625,225.6031951904297,806.4986572265625,218.79818725585938,790.6910400390625,217.2147979736328,811.2037963867188,221.30308532714844,767.8273315429688,216.23928833007812,814.33544921875,252.02471923828125,744.8746337890625,248.55838012695312,822.46923828125,183.71678161621094,745.78369140625,179.54566955566406,815.2717895507812,120.35985565185547,769.1934204101562,111.60116577148438,807.1132202148438,431.42218017578125,756.993896484375,430.20703125,813.9713134765625,543.3599853515625,749.3204345703125,534.2001953125,811.5177001953125,664.0037841796875,753.5250854492188,652.6419677734375
718,23.93325587918015,796.30224609375,224.58290100097656,803.8627319335938,217.50689697265625,787.3865966796875,216.26861572265625,809.5969848632812,219.72442626953125,765.3953857421875,215.49993896484375,812.7450561523438,250.76693725585938,744.2866821289062,248.2129669189453,821.1710205078125,182.64315795898438,745.4575805664062,179.29290771484375,813.7182006835938,117.81360626220703,767.8168334960938,110.25381469726562,805.3543090820312,429.781005859375,755.7422485351562,429.0476989746094,813.2627563476562,542.0314331054688,748.5028686523438,534.1273193359375,814.7841796875,661.928466796875,754.3760986328125,652.279541015625
719,23.96658910463862,793.531494140625,220.91061401367188,800.5130615234375,213.8986053466797,784.3189086914062,213.25489807128906,806.0008544921875,217.03079223632812,763.0914306640625,214.22056579589844,811.3392333984375,249.92974853515625,742.3721313476562,247.65390014648438,819.2477416992188,182.22857666015625,741.86962890625,178.3760223388672,811.7835693359375,118.3520736694336,766.7666625976562,110.83296966552734,805.1514282226562,427.2191467285156,755.3016967773438,426.49554443359375,813.0938110351562,541.4616088867188,747.5411987304688,532.5603637695312,815.732666015625,661.3509521484375,751.9762573242188,649.6276245117188
720,23.99992233009709,792.80419921875,219.95787048339844,800.58251953125,213.09596252441406,783.51904296875,212.12567138671875,806.7803955078125,217.114990234375,762.4368286132812,213.35975646972656,810.9743041992188,251.03195190429688,741.7014770507812,248.08139038085938,817.1098022460938,184.5724334716797,741.166748046875,180.0886688232422,810.5907592773438,118.75726318359375,768.6322631835938,109.90888977050781,805.7213745117188,426.4125061035156,755.6016845703125,425.786376953125,813.7833862304688,539.7487182617188,747.2099609375,531.7452392578125,815.14599609375,659.0094604492188,752.6762084960938,649.930419921875
721,24.033255555555556,791.0731811523438,219.1522674560547,799.2322387695312,212.1129150390625,781.6832275390625,211.3807830810547,806.4907836914062,215.91055297851562,761.7218627929688,212.5016632080078,810.1842041015625,250.78286743164062,742.1880493164062,246.3358154296875,815.171142578125,185.51559448242188,738.4217529296875,176.01254272460938,808.2140502929688,119.87541961669922,767.3980712890625,109.34446716308594,805.2244873046875,425.17535400390625,756.000244140625,424.49652099609375,813.2601318359375,537.2105712890625,748.2830810546875,531.4039916992188,815.7791137695312,655.732177734375,752.905029296875,650.7362060546875
722,24.066588781014023,790.9185180664062,219.3669891357422,799.0784912109375,212.33425903320312,781.5076293945312,211.64089965820312,806.5426635742188,216.13365173339844,761.8134765625,212.90968322753906,810.582763671875,250.90887451171875,742.3706665039062,246.8021240234375,815.4900512695312,185.0171356201172,738.458740234375,176.3033447265625,808.3890380859375,120.05521392822266,766.9500122070312,109.90399932861328,805.1776123046875,425.35919189453125,755.8403930664062,424.7098693847656,813.53662109375,537.0279541015625,748.2816772460938,531.0122680664062,815.7005615234375,655.3934936523438,752.5009765625,649.935546875
723,24.099922006472493,791.435791015625,219.0720672607422,799.0914916992188,211.97067260742188,782.060791015625,211.2036895751953,805.3004760742188,215.4745330810547,760.8560180664062,211.70797729492188,809.0608520507812,250.55694580078125,740.8018798828125,244.9637908935547,815.63134765625,186.1251220703125,737.37646484375,172.94923400878906,808.4259033203125,120.55436706542969,769.3399047851562,106.49945831298828,806.6359252929688,424.9545593261719,757.302490234375,424.20684814453125,812.9461059570312,536.27392578125,748.7678833007812,531.4454956054688,814.3966064453125,653.176513671875,752.9453125,649.6097412109375
724,24.13325523193096,790.886474609375,218.09239196777344,798.6187133789062,211.01466369628906,781.6260986328125,210.25743103027344,804.8917846679688,214.51904296875,760.7347412109375,210.69557189941406,808.7498779296875,249.64244079589844,740.8598022460938,244.04071044921875,816.7831420898438,186.3007354736328,736.5170288085938,172.36697387695312,809.2780151367188,119.71971130371094,769.6240844726562,104.73226928710938,806.84521484375,423.9909362792969,757.7661743164062,423.55865478515625,812.8106079101562,535.4639282226562,749.0131225585938,532.6746215820312,813.9674072265625,651.8048706054688,752.3657836914062,651.3829956054688
725,24.16658845738943,790.4866333007812,218.02267456054688,797.9661254882812,210.95126342773438,781.3351440429688,210.25088500976562,804.0777587890625,214.21160888671875,760.5711059570312,210.70484924316406,809.290283203125,248.7428436279297,740.4732055664062,243.99920654296875,818.771484375,185.15452575683594,735.7254028320312,173.18069458007812,809.2528076171875,118.78421783447266,766.6863403320312,105.42015838623047,806.9512939453125,423.63385009765625,757.534423828125,423.2117919921875,812.6654663085938,535.1469116210938,749.1510009765625,531.6243896484375,814.5449829101562,653.4816284179688,753.4258422851562,651.2647705078125
726,24.199921682847897,790.2191162109375,218.03749084472656,797.7255249023438,211.02792358398438,781.1286010742188,210.37387084960938,803.9747924804688,214.5064697265625,760.7368774414062,211.19012451171875,809.8665161132812,248.99993896484375,740.4730224609375,245.11233520507812,819.8942260742188,184.4292449951172,735.3328857421875,174.37905883789062,808.78564453125,118.25908660888672,765.671630859375,106.0345687866211,807.3511352539062,423.8875427246094,757.6487426757812,423.7301940917969,813.1974487304688,535.6618041992188,749.1128540039062,532.5057983398438,815.5592651367188,653.4739990234375,753.735595703125,651.4488525390625
727,24.233254908306364,790.0408325195312,218.70169067382812,797.7354125976562,211.72193908691406,781.121337890625,211.0806427001953,804.4609375,214.9093475341797,761.7432250976562,211.61973571777344,810.9171142578125,248.92105102539062,741.8472900390625,245.05506896972656,820.6589965820312,185.0870361328125,736.4058837890625,174.9058380126953,810.364990234375,120.0380859375,766.9862060546875,106.92142486572266,808.068359375,423.5520324707031,758.643310546875,423.26422119140625,813.1642456054688,535.8095092773438,749.512451171875,532.0247802734375,815.6720581054688,653.3439331054688,754.5905151367188,650.451904296875
728,24.266588133764834,790.0958251953125,219.06797790527344,798.0796508789062,212.0179901123047,781.1126708984375,211.37405395507812,805.70068359375,214.8946990966797,762.1971435546875,212.1049346923828,813.4954223632812,247.86624145507812,742.4300537109375,246.83865356445312,824.66455078125,180.23619079589844,735.0482788085938,178.03323364257812,810.4569091796875,116.35550689697266,762.1764526367188,111.14948272705078,808.837890625,424.13214111328125,758.461181640625,424.4237976074219,813.75146484375,536.0523071289062,749.1072998046875,532.6217651367188,815.120849609375,653.6621704101562,753.81005859375,650.0486450195312
729,24.2999213592233,790.078369140625,218.5629119873047,798.4215698242188,211.27963256835938,780.6387329101562,210.9736328125,807.4817504882812,214.125,762.6959838867188,212.5531768798828,816.1934204101562,248.0734405517578,744.8285522460938,248.11277770996094,826.2245483398438,178.14854431152344,736.6102905273438,177.52203369140625,809.9293823242188,115.07763671875,761.861083984375,112.45557403564453,809.178466796875,424.82244873046875,758.8890991210938,425.0362854003906,813.4688110351562,537.0215454101562,749.713623046875,532.93505859375,814.9409790039062,655.0755615234375,753.415771484375,649.89892578125
730,24.333254584681768,790.7481689453125,218.0340118408203,799.5198364257812,210.6495819091797,781.0059814453125,210.64117431640625,809.8656616210938,213.7444610595703,764.3861694335938,212.8308868408203,818.066162109375,248.9172821044922,747.8312377929688,248.21755981445312,824.879638671875,180.83328247070312,738.0234375,176.91383361816406,810.900634765625,117.23912811279297,764.5333862304688,110.92005920410156,809.9254760742188,424.5066833496094,760.293701171875,424.6372985839844,813.7659912109375,535.9383544921875,751.1595458984375,532.4821166992188,813.4697875976562,651.8062133789062,752.7093505859375,648.29833984375
731,24.36658781014024,794.7340698242188,216.50657653808594,802.9715576171875,208.3382568359375,784.0564575195312,208.70814514160156,813.0966796875,211.68569946289062,765.6242065429688,212.43482971191406,821.4624633789062,251.45240783691406,748.740966796875,252.97720336914062,829.39892578125,188.4659423828125,736.602783203125,192.40423583984375,813.1693115234375,118.30438995361328,765.3577880859375,118.75985717773438,811.2664184570312,423.2381286621094,760.5700073242188,424.1637268066406,814.6328735351562,539.6737670898438,752.0034790039062,536.98388671875,813.8731689453125,651.92822265625,750.6956787109375,646.30126953125
732,24.399921035598705,797.0278930664062,216.21641540527344,805.5574951171875,207.95590209960938,786.6314086914062,208.1239013671875,815.8121948242188,210.93406677246094,768.7337036132812,211.25567626953125,823.52197265625,250.74508666992188,751.5404052734375,252.94163513183594,829.7568969726562,187.33433532714844,737.2926025390625,193.76473999023438,814.0262451171875,119.41852569580078,764.8834838867188,121.03144073486328,812.4577026367188,422.8507385253906,762.5914306640625,423.8744812011719,814.4813232421875,540.3463745117188,752.6627197265625,537.4346313476562,812.6396484375,653.7093505859375,750.4293212890625,647.5543823242188
733,24.433254261057176,800.1470336914062,214.8246612548828,808.62744140625,206.8145751953125,789.8784790039062,207.0050506591797,818.6190795898438,210.2709503173828,772.4153442382812,210.7257537841797,826.2652587890625,249.82644653320312,754.298095703125,252.41029357910156,830.5493774414062,187.000732421875,738.0357666015625,195.55630493164062,815.5003051757812,119.58399963378906,764.41845703125,124.79737091064453,813.0940551757812,422.72003173828125,763.352783203125,423.6278076171875,814.9389038085938,541.2874755859375,753.4453125,537.2976684570312,812.8369140625,655.413330078125,750.9315795898438,647.5274047851562
734,24.466587486515643,800.0223388671875,214.8614959716797,808.5960693359375,206.86624145507812,789.8098754882812,207.00869750976562,818.7366943359375,210.2584991455078,772.4969482421875,210.6172637939453,826.2604370117188,249.52490234375,754.469482421875,252.27395629882812,830.5819702148438,186.14341735839844,737.8784790039062,195.30702209472656,815.4539794921875,118.5865249633789,764.60400390625,124.44225311279297,813.2780151367188,422.5513610839844,763.6181640625,423.564208984375,814.9234619140625,541.179443359375,753.4837646484375,537.53125,812.771484375,655.0891723632812,750.9491577148438,647.5635375976562
735,24.49992071197411,801.2789306640625,214.74526977539062,809.8488159179688,206.3762664794922,790.8162231445312,206.8863067626953,820.0852661132812,209.21591186523438,773.5349731445312,210.1736602783203,828.3262939453125,248.3444061279297,755.9552612304688,250.76747131347656,831.0933837890625,184.24008178710938,740.3440551757812,189.3775177001953,815.630859375,118.03069305419922,768.3064575195312,114.48197174072266,815.477294921875,423.0655822753906,765.0768432617188,423.8642883300781,816.4421997070312,543.2045288085938,752.9710083007812,538.2891235351562,814.5089721679688,657.419189453125,750.7688598632812,647.9659423828125
736,24.53325393743258,803.8349609375,213.244384765625,812.16259765625,205.1067352294922,793.38330078125,205.39944458007812,821.8179321289062,208.33718872070312,775.195556640625,208.7657470703125,830.0781860351562,247.7237548828125,757.9899291992188,248.8411102294922,833.45166015625,183.5409393310547,744.3695678710938,185.4398193359375,815.8441162109375,117.182373046875,769.1691284179688,112.74916076660156,817.52099609375,424.42584228515625,767.1829223632812,424.34271240234375,815.879638671875,544.8966674804688,753.5010986328125,538.57958984375,813.5829467773438,659.3818359375,751.302734375,648.3018798828125
737,24.566587162891047,805.9806518554688,213.6471405029297,814.031494140625,205.18698120117188,795.4780883789062,205.53829956054688,822.7108154296875,207.73831176757812,776.0195922851562,207.8822479248047,831.1580810546875,247.3908233642578,758.4462280273438,247.58209228515625,836.9693603515625,186.07635498046875,745.1558837890625,185.4799346923828,818.6669921875,118.6751480102539,770.6812744140625,113.0258560180664,820.1708984375,423.8183898925781,769.2949829101562,423.5304260253906,818.7125854492188,543.416259765625,754.4120483398438,537.5083618164062,816.3160400390625,658.8816528320312,751.6268310546875,649.3676147460938
738,24.599920388349513,806.4257202148438,213.2668914794922,814.8202514648438,204.9385223388672,796.147216796875,204.8502655029297,824.1847534179688,207.5210723876953,777.4917602539062,207.20785522460938,833.1492919921875,246.94952392578125,761.0590209960938,248.5819854736328,840.67431640625,180.94065856933594,748.9280395507812,185.4732208251953,819.5888671875,112.16620635986328,773.2683715820312,112.42728424072266,821.4461059570312,424.48956298828125,771.146484375,424.2141418457031,819.7783203125,542.2738037109375,756.4003295898438,535.6469116210938,816.2749633789062,656.827392578125,752.7182006835938,645.0316162109375
739,24.633253613807984,808.37451171875,213.5398406982422,816.8265991210938,205.09762573242188,797.7919921875,205.06898498535156,826.4407958984375,207.55638122558594,778.6021118164062,207.61782836914062,835.4915771484375,246.53704833984375,762.96435546875,249.24765014648438,843.2285766601562,179.04922485351562,751.643310546875,186.0968780517578,820.9861450195312,110.19851684570312,774.2491455078125,112.21675109863281,823.1141357421875,424.34735107421875,772.3618774414062,424.1536560058594,820.9888305664062,542.3067016601562,757.0482177734375,535.1687622070312,816.4794921875,655.364990234375,752.5489501953125,641.9996337890625
740,24.66658683926645,809.3218994140625,213.02374267578125,817.6142578125,204.64395141601562,798.7730102539062,204.73135375976562,827.0728759765625,207.2686767578125,779.6341552734375,207.4969940185547,837.042724609375,246.15611267089844,762.7127075195312,248.33460998535156,846.0646362304688,179.39517211914062,751.3897094726562,185.70858764648438,823.5591430664062,110.9347152709961,773.3322143554688,114.41100311279297,822.8232421875,425.1499328613281,770.9601440429688,424.564453125,821.3363647460938,543.4017333984375,756.944580078125,535.1923828125,817.359375,657.5042114257812,753.8574829101562,643.1388549804688
741,24.69992006472492,809.2490844726562,212.3762664794922,817.8296508789062,204.55038452148438,799.1744384765625,204.25071716308594,827.6729736328125,208.0813446044922,781.359375,207.480712890625,838.4551391601562,246.93795776367188,764.3304443359375,248.5334930419922,849.2686157226562,180.9795379638672,753.0570678710938,186.97906494140625,827.4030151367188,112.09368133544922,776.2421875,116.02651977539062,823.896728515625,424.5793762207031,772.2192993164062,423.7143859863281,822.6534423828125,543.2763671875,757.9229736328125,535.2518920898438,817.9728393554688,656.8973388671875,754.2727661132812,643.4591674804688
742,24.733253290183388,809.844970703125,212.6732177734375,818.3666381835938,204.84548950195312,800.01171875,204.2364959716797,827.7914428710938,208.07568359375,782.0022583007812,206.79298400878906,838.0891723632812,246.78639221191406,765.0003051757812,248.21400451660156,849.6918334960938,179.2122344970703,754.6068115234375,186.51712036132812,827.01416015625,109.11618041992188,777.7405395507812,116.90531921386719,824.5476684570312,424.7069091796875,773.822021484375,423.78253173828125,823.8302001953125,542.3507690429688,761.6712646484375,534.1240844726562,818.4945068359375,656.6925659179688,758.6695556640625,643.2057495117188
743,24.766586515641855,811.0889892578125,213.0158233642578,819.3057250976562,205.31263732910156,801.487548828125,204.8700408935547,827.4122924804688,208.9308319091797,783.0540161132812,207.26112365722656,838.2398071289062,249.5204315185547,764.7460327148438,248.34669494628906,853.4156494140625,192.4278564453125,752.3782958984375,191.86962890625,832.848876953125,126.22523498535156,773.99560546875,127.02243041992188,825.8412475585938,424.3079528808594,775.8958740234375,423.0357971191406,824.8380737304688,543.0388793945312,767.6442260742188,536.0170288085938,820.9390258789062,656.8191528320312,769.1947021484375,647.5767822265625
744,24.799919741100325,810.4343872070312,214.39724731445312,819.0349731445312,206.552978515625,800.8787841796875,206.07945251464844,828.0018310546875,209.5105438232422,782.8967895507812,207.936279296875,838.2149047851562,248.51206970214844,765.610595703125,248.67640686035156,852.6099853515625,184.54209899902344,754.0482788085938,187.2335662841797,829.813720703125,115.73611450195312,776.9771118164062,119.60131072998047,826.8245849609375,424.5777587890625,777.3426513671875,423.9141845703125,824.7592163085938,542.435791015625,769.1090698242188,536.4332275390625,821.6926879882812,656.7125244140625,772.7330322265625,648.0907592773438
745,24.833252966558792,810.2118530273438,215.49021911621094,818.6435546875,207.4387969970703,800.4486694335938,207.239990234375,827.779296875,209.94515991210938,782.7883911132812,208.9947509765625,837.6155395507812,249.3347930908203,766.7578735351562,248.46826171875,851.600830078125,185.77865600585938,754.469482421875,184.29360961914062,830.5555419921875,117.19913482666016,777.4122314453125,117.25611114501953,825.8181762695312,425.12066650390625,777.7259521484375,424.2347717285156,823.6207275390625,543.4111938476562,772.121337890625,537.5975341796875,820.0626220703125,657.3911743164062,774.760009765625,649.0445556640625
746,24.86658619201726,810.3577270507812,215.65988159179688,818.876220703125,207.58433532714844,800.6129760742188,207.37388610839844,828.0244140625,209.9788360595703,782.7040405273438,208.85650634765625,837.8771362304688,249.28451538085938,766.2594604492188,247.9484100341797,851.9697265625,187.87881469726562,754.0310668945312,184.7279815673828,831.3060913085938,121.01005554199219,776.3759155273438,118.58771514892578,825.8961181640625,424.111083984375,777.2493286132812,423.0788879394531,824.1075439453125,542.1975708007812,771.0556030273438,536.197021484375,821.5639038085938,656.223876953125,774.5858764648438,647.9896240234375
747,24.89991941747573,809.9248046875,216.35012817382812,818.5316162109375,208.27635192871094,800.2489624023438,207.98568725585938,827.6771850585938,210.4949188232422,782.213134765625,208.9672393798828,837.2042846679688,250.00048828125,765.8377685546875,247.40960693359375,851.4904174804688,192.94969177246094,753.0317993164062,185.81483459472656,832.124755859375,127.59961700439453,775.0559692382812,120.27473449707031,826.1146850585938,423.2995300292969,777.6157836914062,422.0518493652344,824.4973754882812,541.4158935546875,771.281005859375,535.9037475585938,822.299560546875,655.0687255859375,774.9046020507812,648.2410888671875
748,24.933252642934196,809.5255126953125,216.23495483398438,818.3430786132812,208.30177307128906,799.8004150390625,208.0122833251953,827.7735595703125,211.00634765625,781.8990478515625,209.31491088867188,837.4663696289062,251.33096313476562,765.2734375,247.54600524902344,852.0149536132812,200.58389282226562,751.5949096679688,188.808837890625,834.794921875,139.96514892578125,772.4622192382812,124.74024963378906,825.4776611328125,422.21453857421875,776.5862426757812,420.6965637207031,825.0513305664062,541.4745483398438,771.069580078125,536.1921997070312,822.47314453125,654.5528564453125,774.5799560546875,648.985595703125
749,24.966585868392666,809.3263549804688,216.13015747070312,818.2686157226562,208.2294158935547,799.5179443359375,207.79881286621094,827.7684326171875,211.08741760253906,780.9888305664062,209.13592529296875,837.4391479492188,251.3409881591797,763.399169921875,248.02098083496094,853.390380859375,197.36663818359375,751.2509765625,187.26873779296875,835.459716796875,136.70223999023438,772.7989501953125,121.980712890625,824.3187255859375,423.6217956542969,774.2505493164062,422.1830749511719,824.7581787109375,542.1146850585938,769.4932250976562,536.3538208007812,822.1521606445312,655.0562133789062,774.5515747070312,648.3629760742188
750,24.999919093851133,808.6260375976562,215.2003631591797,817.7056884765625,207.5244903564453,798.7979125976562,207.04483032226562,827.5286254882812,210.81674194335938,780.5665893554688,208.8648681640625,836.9085083007812,250.96144104003906,763.5906982421875,247.8640594482422,852.1692504882812,196.5325164794922,751.93603515625,186.8604278564453,834.3543701171875,135.97560119628906,772.8631591796875,121.19859313964844,823.70654296875,423.1528015136719,774.0559692382812,421.79730224609375,824.1276245117188,542.0894165039062,769.6258544921875,536.6033935546875,821.1531372070312,654.6026611328125,774.5001831054688,648.3056640625
751,25.0332523193096,808.40380859375,214.60011291503906,818.0094604492188,207.02151489257812,798.4201049804688,206.58680725097656,828.8009033203125,210.80596923828125,780.7894897460938,209.0380096435547,837.864013671875,250.60781860351562,763.0618286132812,247.95257568359375,851.0977783203125,194.72244262695312,751.2045288085938,186.6096649169922,833.8794555664062,133.42808532714844,774.0089721679688,119.711669921875,821.9099731445312,422.19744873046875,771.1763305664062,421.02392578125,824.9520874023438,541.265380859375,768.4581298828125,535.4021606445312,822.215087890625,655.0828247070312,774.1834716796875,648.32861328125
752,25.06658554476807,808.163330078125,213.9505615234375,817.82177734375,206.39137268066406,798.158203125,205.9198760986328,828.6412963867188,210.3380584716797,780.4418334960938,208.4893798828125,837.635986328125,250.6386260986328,762.7579956054688,247.79937744140625,851.0247192382812,196.0374298095703,750.9832763671875,187.2276153564453,833.7571411132812,135.4712677001953,773.71630859375,120.81356048583984,821.6727905273438,421.9143371582031,770.9503173828125,420.7266845703125,825.0488891601562,540.9686889648438,768.528564453125,535.3096923828125,822.556396484375,654.7192993164062,774.3544921875,648.34814453125
753,25.099918770226537,808.110107421875,213.90475463867188,817.6085815429688,206.29269409179688,798.044189453125,205.77938842773438,828.09619140625,210.1691436767578,779.789306640625,208.16233825683594,837.28173828125,250.61126708984375,761.8604125976562,247.2148895263672,851.5784912109375,195.02114868164062,750.7931518554688,185.12582397460938,833.5684204101562,133.2085723876953,773.8889770507812,118.76506805419922,821.6219482421875,422.51947021484375,770.4955444335938,421.06573486328125,825.0455932617188,542.2681274414062,768.0626831054688,536.1463012695312,822.3378295898438,655.9501342773438,773.6932983398438,649.119873046875
754,25.133251995685004,807.9461059570312,214.24998474121094,817.5189208984375,206.64463806152344,797.7733764648438,206.1581573486328,828.310546875,210.5568084716797,779.6411743164062,208.77249145507812,837.2224731445312,250.49639892578125,762.0198974609375,247.74444580078125,850.6552734375,191.14222717285156,751.2359619140625,184.09027099609375,832.0193481445312,125.81837463378906,775.3466796875,116.82489013671875,821.30810546875,423.48541259765625,770.1231689453125,422.16119384765625,824.6982421875,543.3750610351562,767.5916137695312,536.9620361328125,822.36474609375,657.0652465820312,773.1828002929688,649.2649536132812
755,25.166585221143475,807.6887817382812,214.4273681640625,817.4136962890625,206.7644805908203,797.4676513671875,206.2548065185547,828.8037109375,210.46315002441406,779.8988037109375,208.87228393554688,837.368408203125,249.6097412109375,763.1054077148438,247.65025329589844,849.05224609375,186.77122497558594,751.7802734375,182.92054748535156,829.4451293945312,119.55864715576172,775.3977661132812,115.94178009033203,821.4844970703125,423.5616149902344,770.6725463867188,422.39154052734375,825.6105346679688,544.1671142578125,768.6505126953125,537.519287109375,822.4912719726562,657.5360717773438,772.7614135742188,649.0126953125
756,25.19991844660194,807.6387329101562,214.03173828125,817.239990234375,206.28924560546875,797.3847045898438,205.89720153808594,828.4415893554688,209.87612915039062,779.7245483398438,208.54344177246094,837.241455078125,249.45571899414062,763.0350341796875,247.7113494873047,849.477783203125,188.59701538085938,751.3676147460938,184.2826385498047,830.4296264648438,122.21772766113281,774.7274169921875,116.5702133178711,821.64794921875,422.7212219238281,771.076904296875,421.73333740234375,825.369384765625,542.684814453125,769.162841796875,536.597412109375,822.3035278320312,655.6619873046875,773.3754272460938,647.760498046875
757,25.233251672060412,807.8121948242188,213.8412322998047,817.3489990234375,206.00160217285156,797.4959106445312,205.72402954101562,828.7169799804688,209.2187042236328,779.9585571289062,208.30393981933594,837.6967163085938,247.84230041503906,763.1996459960938,247.24673461914062,848.7576904296875,185.4556427001953,751.0823974609375,184.79281616210938,829.4594116210938,117.44676208496094,775.7742309570312,116.11748504638672,822.1695556640625,422.4791259765625,771.2035522460938,421.7906799316406,824.8584594726562,542.9693603515625,768.2281494140625,536.5782470703125,821.7840576171875,655.5810546875,772.260498046875,646.1070556640625
758,25.26658489751888,807.6578369140625,213.59629821777344,817.4366455078125,205.89007568359375,797.3204956054688,205.5186767578125,829.178955078125,209.52613830566406,779.9359130859375,208.46104431152344,838.2127075195312,248.02198791503906,763.0662231445312,247.79827880859375,848.83154296875,183.97483825683594,750.975341796875,184.96275329589844,828.9561767578125,115.6468734741211,775.2221069335938,116.16950988769531,822.4506225585938,423.3199768066406,770.9132690429688,422.6587219238281,825.302734375,543.3682861328125,767.1985473632812,536.6656494140625,822.2724609375,655.636962890625,771.7927856445312,645.746826171875
759,25.299918122977346,807.14111328125,212.9532470703125,816.7601318359375,205.36814880371094,796.9520874023438,204.91375732421875,828.1660766601562,209.1405487060547,779.5806274414062,207.90835571289062,837.6196899414062,247.81068420410156,762.5164184570312,247.49842834472656,849.4752197265625,184.4520263671875,750.8245239257812,185.32778930664062,829.6004638671875,116.71675109863281,774.9893188476562,117.11145782470703,821.98486328125,422.71575927734375,770.6450805664062,421.9696044921875,824.68408203125,542.2316284179688,767.063720703125,535.4334106445312,821.6387939453125,654.33349609375,771.7848510742188,644.2886352539062
760,25.333251348435816,807.4959106445312,212.5211944580078,817.0786743164062,204.89212036132812,797.2479248046875,204.4193115234375,828.1707763671875,208.7342987060547,779.2858276367188,207.42909240722656,837.3809204101562,247.7748565673828,762.0133666992188,247.708740234375,850.1159057617188,183.9080810546875,751.0927734375,185.52670288085938,829.5618286132812,116.0596923828125,775.0718383789062,117.33941650390625,821.7967529296875,422.6283264160156,770.49462890625,422.0151062011719,824.1919555664062,541.6517944335938,767.4707641601562,535.2105102539062,821.193603515625,653.8814086914062,773.23876953125,644.418701171875
761,25.366584573894283,807.2717895507812,212.11297607421875,816.9208374023438,204.52879333496094,797.1965942382812,204.0677947998047,828.1860961914062,208.35037231445312,779.8930053710938,207.0592803955078,837.8139038085938,247.44744873046875,762.3085327148438,247.165771484375,850.6229858398438,185.23667907714844,750.4716186523438,185.8220977783203,830.1397705078125,118.81070709228516,773.7315063476562,118.32978057861328,821.1455078125,421.71453857421875,770.0252075195312,421.003662109375,823.939453125,541.5409545898438,767.9859008789062,535.1138305664062,820.8783569335938,655.3076171875,773.8934936523438,646.263427734375
762,25.39991779935275,807.8246459960938,211.73684692382812,817.3615112304688,204.072265625,797.7622680664062,203.5686798095703,828.2055053710938,207.58139038085938,779.9221801757812,206.07186889648438,837.2503051757812,246.72647094726562,762.2386474609375,246.0318145751953,850.5763549804688,185.54852294921875,750.792236328125,184.67872619628906,830.9784545898438,120.50826263427734,773.85693359375,117.44026184082031,820.8857421875,422.0057373046875,770.1195068359375,421.2618103027344,823.4381713867188,542.056640625,768.5046997070312,535.8408203125,820.1009521484375,655.9696655273438,774.395263671875,647.2010498046875
763,25.43325102481122,807.9400024414062,211.76463317871094,817.708984375,204.1106414794922,797.9349975585938,203.5160675048828,828.92333984375,207.5437469482422,780.2821655273438,205.8246612548828,837.961181640625,246.24246215820312,762.3750610351562,245.6790008544922,851.0616455078125,184.0756072998047,750.435302734375,184.48785400390625,831.117431640625,117.5663833618164,774.3457641601562,116.99085998535156,821.4055786132812,421.0626220703125,770.1724243164062,420.2991027832031,823.603759765625,540.8974609375,767.4562377929688,534.5527954101562,820.4781494140625,654.5377807617188,773.7185668945312,645.5906372070312
764,25.466584250269687,807.7526245117188,211.40989685058594,817.4619140625,203.74900817871094,797.6223754882812,203.2694549560547,828.7385864257812,207.46725463867188,780.1073608398438,206.12049865722656,838.1200561523438,246.79931640625,762.25634765625,246.50132751464844,851.0990600585938,184.47889709472656,750.2799682617188,185.13681030273438,831.154052734375,118.1216812133789,774.284912109375,117.27967071533203,820.9432373046875,421.2842712402344,769.5443725585938,420.5794372558594,824.0708618164062,541.1602172851562,767.3849487304688,534.6470947265625,821.0487670898438,653.8988647460938,773.130859375,644.5110473632812
765,25.499917475728157,807.6510009765625,211.4099884033203,817.4784545898438,203.7523956298828,797.539794921875,203.232666015625,828.95654296875,207.56765747070312,780.2409057617188,206.08633422851562,838.3186645507812,247.41928100585938,762.4882202148438,246.5438995361328,851.2224731445312,185.59422302246094,750.4973754882812,184.62864685058594,831.3082885742188,119.16771697998047,774.6603393554688,117.0479507446289,820.8261108398438,421.205078125,769.5029296875,420.3002624511719,824.234130859375,541.2200317382812,767.4332885742188,534.6671752929688,821.2738647460938,654.1853637695312,772.9055786132812,645.2092895507812
766,25.533250701186624,807.6209716796875,211.404541015625,817.3853149414062,203.76658630371094,797.5213623046875,203.1808624267578,828.6940307617188,207.50437927246094,779.944091796875,205.88121032714844,837.7794189453125,247.03416442871094,762.3568115234375,246.07054138183594,850.4942016601562,184.33058166503906,751.2850341796875,183.06170654296875,829.8181762695312,117.91175079345703,775.39208984375,115.22673034667969,820.6380004882812,421.7669982910156,769.431640625,420.7784729003906,823.6285400390625,541.839111328125,767.066162109375,535.0065307617188,820.71923828125,654.4597778320312,772.7179565429688,644.8284912109375
767,25.56658392664509,806.83251953125,210.7852325439453,816.2892456054688,203.1501007080078,796.7225341796875,202.87890625,827.5872192382812,206.82110595703125,779.8694458007812,206.1206817626953,836.8824462890625,246.22381591796875,763.3320922851562,245.67933654785156,849.187744140625,182.51707458496094,752.6346435546875,181.40309143066406,827.975341796875,114.55350494384766,776.0499267578125,113.45198822021484,818.587158203125,421.9523620605469,768.5982666015625,420.989990234375,821.354248046875,542.6556396484375,767.4832153320312,535.9151611328125,819.2825317382812,655.419677734375,772.3619995117188,645.423583984375
768,25.59991715210356,806.4205932617188,210.74713134765625,815.7415161132812,203.1935272216797,796.2958374023438,202.95516967773438,826.886962890625,206.97265625,779.6138305664062,206.31044006347656,836.1563110351562,246.9226837158203,763.5294799804688,245.51248168945312,848.986083984375,185.28472900390625,752.7384033203125,180.69412231445312,829.8343505859375,119.65202331542969,775.53369140625,112.9755859375,817.7269897460938,422.20391845703125,768.6719970703125,421.0256042480469,820.4918823242188,543.099365234375,769.52490234375,536.2584228515625,817.5278930664062,655.6033935546875,774.1204833984375,645.5657958984375
769,25.633250377562028,805.9883422851562,210.68408203125,815.331298828125,203.14320373535156,795.8563232421875,202.91004943847656,826.5819702148438,206.95960998535156,779.4563598632812,206.2860870361328,835.665771484375,247.2163543701172,763.7727661132812,245.29803466796875,848.034423828125,186.0221710205078,753.2666625976562,179.63401794433594,830.1556396484375,121.68989562988281,775.9295043945312,112.07496643066406,816.9960327148438,422.4107360839844,768.56982421875,421.0559387207031,819.6275634765625,543.7012939453125,770.2765502929688,536.558837890625,816.0482177734375,656.81494140625,774.6644897460938,646.5752563476562
770,25.666583603020495,806.2410888671875,210.7626495361328,815.7630615234375,203.3134002685547,796.1223754882812,202.99200439453125,827.283447265625,207.24464416503906,779.8170776367188,206.41253662109375,836.2433471679688,247.0535125732422,763.8298950195312,245.3175506591797,847.8530883789062,185.03988647460938,753.28271484375,179.99107360839844,829.3722534179688,120.0679931640625,775.9817504882812,112.6184310913086,816.9249877929688,422.6293640136719,768.0323486328125,421.2263488769531,820.0296020507812,544.0309448242188,769.6754150390625,536.4021606445312,816.3098754882812,657.13134765625,774.3590087890625,646.2213134765625
771,25.699916828478965,806.0802612304688,210.45372009277344,815.39404296875,202.99212646484375,795.7654418945312,202.80740356445312,826.5438842773438,207.06918334960938,778.9613037109375,206.38087463378906,835.1917724609375,248.00485229492188,763.622314453125,244.95030212402344,847.2057495117188,190.6166229248047,753.3658447265625,179.10398864746094,831.341552734375,131.32369995117188,774.241943359375,112.38065338134766,816.3255004882812,421.91729736328125,768.3092651367188,420.2768249511719,818.7948608398438,544.4996948242188,771.089111328125,537.260986328125,814.3818359375,657.349365234375,775.341552734375,647.3727416992188
772,25.733250053937432,805.8018188476562,210.34481811523438,815.0344848632812,202.67208862304688,795.3297729492188,202.56356811523438,826.1254272460938,206.5706329345703,778.318359375,206.12655639648438,834.4159545898438,248.20289611816406,763.9185180664062,245.2519989013672,846.9884643554688,189.2151641845703,754.5302124023438,178.15298461914062,831.0452880859375,129.0033721923828,774.3290405273438,112.21217346191406,815.6989135742188,422.9137878417969,768.4825439453125,421.23626708984375,817.8662109375,544.0609130859375,771.8242797851562,536.7679443359375,813.6776733398438,656.6987915039062,775.8535766601562,646.5711059570312
773,25.766583279395903,805.1318359375,210.21713256835938,814.7177734375,202.48931884765625,794.65625,202.2740478515625,826.4035034179688,206.5449981689453,777.8385009765625,205.87112426757812,835.1431274414062,248.26943969726562,763.046630859375,245.45223999023438,847.5133666992188,188.1109161376953,754.4019165039062,178.2779541015625,830.0828857421875,125.63117980957031,774.9942626953125,111.42719268798828,816.0531005859375,422.33258056640625,767.4051513671875,420.5823059082031,819.9892578125,543.5673217773438,769.31005859375,535.8641967773438,816.9613037109375,655.872314453125,773.5025634765625,645.724365234375
774,25.79991650485437,804.9520263671875,210.08468627929688,814.6422119140625,202.47332763671875,794.680419921875,202.14743041992188,826.51904296875,206.57093811035156,778.2935180664062,205.62619018554688,835.6277465820312,247.8096160888672,762.9688110351562,244.57606506347656,848.1478271484375,187.1881103515625,754.6280517578125,177.00076293945312,830.205322265625,123.80242156982422,775.6858520507812,110.57262420654297,815.4189453125,421.5079650878906,766.1310424804688,419.41839599609375,820.6351318359375,542.6679077148438,767.2924194335938,534.1425170898438,818.5263671875,654.8285522460938,771.423828125,643.8699340820312
775,25.833249730312836,804.060546875,209.8518829345703,813.9938354492188,202.38229370117188,793.9395751953125,201.98208618164062,826.5455932617188,206.52981567382812,778.4644165039062,205.52191162109375,835.9459838867188,246.8649444580078,763.3805541992188,243.6935272216797,848.22802734375,184.97286987304688,754.9160766601562,176.09295654296875,829.2081298828125,118.88648223876953,776.0408935546875,109.58656311035156,814.7234497070312,421.9921875,765.3802490234375,419.7488708496094,820.374267578125,544.1541748046875,767.3801879882812,535.2713012695312,818.0433959960938,657.228515625,771.74658203125,645.9545288085938
776,25.866582955771307,803.3837280273438,209.73492431640625,813.4139404296875,202.26031494140625,793.3062744140625,201.90191650390625,826.3761596679688,206.43313598632812,778.3782348632812,205.62193298339844,836.26611328125,246.27964782714844,763.634521484375,243.66952514648438,848.3170776367188,182.75050354003906,755.1524658203125,175.87860107421875,828.560546875,114.5867691040039,776.3555908203125,108.8183822631836,815.0653686523438,422.0311279296875,765.4454956054688,419.8616943359375,820.9169921875,544.223876953125,766.5545654296875,535.2059326171875,819.13525390625,657.4752197265625,770.70654296875,645.8970336914062
777,25.899916181229774,803.2616577148438,209.543701171875,813.2880249023438,201.8247833251953,793.0347290039062,201.63328552246094,826.3328247070312,205.71841430664062,777.9852905273438,205.3089141845703,836.3295288085938,245.8746795654297,763.54638671875,243.9423370361328,848.3707885742188,182.03384399414062,755.2392578125,176.56878662109375,829.3026123046875,113.94631958007812,776.3731079101562,109.1375503540039,815.34375,421.6679382324219,765.6528930664062,419.74432373046875,820.7935180664062,543.0796508789062,765.9271240234375,534.2659301757812,819.444580078125,656.6249389648438,770.0563354492188,645.1317749023438
778,25.93324940668824,802.7518920898438,209.59890747070312,812.6121215820312,201.85902404785156,792.5218505859375,201.78533935546875,825.8151245117188,205.58157348632812,777.9480590820312,205.63265991210938,835.8848266601562,245.1691436767578,764.3250122070312,243.92523193359375,847.4494018554688,179.4365997314453,756.1098022460938,176.34783935546875,827.9714965820312,109.304443359375,777.217041015625,108.92689514160156,815.094970703125,421.75341796875,766.1171875,419.9859924316406,820.2891845703125,543.9346923828125,767.0546264648438,535.1827392578125,818.5111083984375,657.3966674804688,770.1570434570312,645.5078735351562
779,25.96658263214671,802.6834106445312,210.2574920654297,812.4794311523438,202.06619262695312,792.287841796875,202.29222106933594,826.1483154296875,204.74659729003906,778.0213623046875,205.61817932128906,835.8831787109375,243.5154266357422,765.4099731445312,243.14845275878906,845.1886596679688,177.39244079589844,756.8079223632812,176.23489379882812,825.5242309570312,106.30224609375,777.8779907226562,108.6293716430664,815.2301635742188,421.706787109375,766.7949829101562,420.2091064453125,819.5416259765625,543.4771728515625,767.9636840820312,534.6802978515625,817.8489379882812,657.6162719726562,770.5995483398438,644.76904296875
780,25.999915857605178,802.9362182617188,210.29934692382812,812.6447143554688,202.2462921142578,792.6323852539062,202.38868713378906,825.8749389648438,204.95132446289062,777.9345092773438,205.52357482910156,835.6748657226562,242.8895721435547,764.4940795898438,242.58163452148438,844.7897338867188,175.89930725097656,755.8565673828125,174.78890991210938,824.2725219726562,104.72652435302734,777.8818359375,105.8780288696289,816.003662109375,420.3738098144531,766.8447265625,418.9898986816406,820.6397094726562,542.2564086914062,766.5827026367188,533.5833129882812,819.0841064453125,656.7864379882812,769.2352294921875,644.1829223632812
781,26.033249083063648,802.8753051757812,210.96246337890625,812.6801147460938,202.4097137451172,792.2208862304688,202.7238311767578,826.31005859375,204.3129425048828,777.2303466796875,205.37762451171875,835.3368530273438,242.97628784179688,765.2472534179688,243.09413146972656,843.7431030273438,176.05914306640625,756.2886352539062,175.11215209960938,824.3350219726562,104.5132064819336,779.1624755859375,105.17244720458984,816.611328125,419.8680114746094,768.291748046875,418.8182373046875,820.02734375,541.654541015625,767.9290771484375,533.9314575195312,818.0596923828125,655.1539306640625,769.2716064453125,643.2106323242188
782,26.066582308522115,803.0564575195312,210.61183166503906,812.7056274414062,202.06028747558594,792.2870483398438,202.5078582763672,826.0905151367188,204.12060546875,777.05517578125,205.4990692138672,835.28564453125,242.84619140625,764.8606567382812,243.33712768554688,843.3964233398438,175.386474609375,755.7120971679688,175.00796508789062,824.0018920898438,104.49356842041016,778.80029296875,105.15143585205078,816.7288208007812,420.34039306640625,768.1547241210938,419.4672546386719,820.1301879882812,541.8130493164062,767.5877685546875,534.1876220703125,818.2125854492188,655.7243041992188,768.85009765625,643.6417846679688
783,26.09991553398058,802.57470703125,210.5763702392578,812.1826782226562,202.09922790527344,791.90966796875,202.4816436767578,825.6029663085938,204.25,776.928466796875,205.52793884277344,834.9531860351562,242.99229431152344,765.030517578125,243.2157440185547,843.6649780273438,175.54302978515625,756.2889404296875,174.69203186035156,823.2152099609375,102.9410629272461,779.101318359375,104.37511444091797,816.4509887695312,420.80072021484375,768.0883178710938,419.782958984375,820.0253295898438,542.2505493164062,767.7141723632812,534.7427368164062,818.1699829101562,655.85791015625,768.5217895507812,644.078857421875
784,26.133248759439052,802.280517578125,210.64805603027344,811.8865966796875,202.27000427246094,791.6159057617188,202.63352966308594,825.3617553710938,204.60935974121094,776.6998901367188,205.94032287597656,834.7517700195312,243.13194274902344,765.211669921875,243.62376403808594,843.7763671875,174.70355224609375,757.1650390625,174.56268310546875,822.3197631835938,101.2396011352539,779.0242309570312,103.76760864257812,816.116943359375,421.0127868652344,767.953369140625,420.0066223144531,820.01416015625,542.3482666015625,768.1212158203125,534.8092041015625,818.1736450195312,655.37646484375,769.0609130859375,643.4867553710938
785,26.16658198489752,802.20654296875,210.98619079589844,811.7362670898438,202.48565673828125,791.4015502929688,202.9131622314453,825.162353515625,204.5653533935547,776.2666015625,206.07887268066406,834.3018188476562,243.3142852783203,765.3068237304688,243.79603576660156,843.3623657226562,175.0036163330078,756.852294921875,174.68930053710938,822.107177734375,101.05974578857422,778.7709350585938,103.91704559326172,816.1498413085938,420.9945068359375,768.6795654296875,420.0682678222656,818.97265625,543.1806640625,770.0869140625,536.029296875,816.24462890625,656.3511352539062,770.9550170898438,644.8182983398438
786,26.199915210355986,801.9427490234375,211.17672729492188,811.5753784179688,202.63804626464844,791.211181640625,202.97354125976562,825.1292114257812,204.51124572753906,776.1256713867188,205.79428100585938,834.176513671875,243.0088348388672,765.2550659179688,243.3831787109375,843.1091918945312,174.89566040039062,756.9634399414062,174.57041931152344,822.1329956054688,101.45353698730469,778.7548217773438,104.11963653564453,816.2086791992188,420.26287841796875,768.7910766601562,419.2266540527344,818.4703979492188,542.36328125,769.447265625,534.8468017578125,816.040283203125,655.3779907226562,770.7628784179688,643.2861938476562
787,26.233248435814456,802.0321044921875,210.87762451171875,811.50341796875,202.40354919433594,791.3558349609375,202.7061004638672,824.6934814453125,204.35064697265625,776.1199340820312,205.56158447265625,833.5314331054688,242.87997436523438,765.1807250976562,243.4129180908203,842.7302856445312,174.52227783203125,756.52197265625,174.95065307617188,821.3740234375,100.8820571899414,777.8645629882812,104.86109161376953,816.345947265625,420.8129577636719,769.4660034179688,419.9565124511719,818.250732421875,543.2351684570312,771.1246948242188,536.3440551757812,815.0414428710938,656.7802124023438,772.3139038085938,645.5828857421875
788,26.266581661272923,801.6959228515625,210.8526153564453,811.3386840820312,202.52210998535156,791.2154541015625,202.70401000976562,824.8001708984375,204.57594299316406,776.4384765625,205.4741668701172,833.8908081054688,242.7397918701172,765.1830444335938,243.05416870117188,843.2244873046875,174.49215698242188,756.8145751953125,174.451904296875,821.8488159179688,100.9843978881836,779.0819091796875,103.89203643798828,816.4208374023438,420.09698486328125,769.1484375,419.1473388671875,819.1226196289062,542.9291381835938,770.3495483398438,535.8699951171875,816.3536987304688,656.1549072265625,771.790283203125,644.9656982421875
789,26.299914886731393,801.5057373046875,210.66094970703125,811.0667114257812,202.426513671875,791.1089477539062,202.5755615234375,824.4227905273438,204.593017578125,776.5214233398438,205.4179229736328,833.3285522460938,242.9049530029297,765.6517333984375,242.7902374267578,843.0452270507812,174.8155059814453,757.25048828125,173.6697235107422,821.3232421875,100.55378723144531,779.197021484375,103.28170776367188,815.9740600585938,420.79656982421875,769.546875,419.72271728515625,817.758056640625,543.7224731445312,771.7177734375,536.9283447265625,814.6754760742188,656.736083984375,773.4143676757812,645.9588012695312
790,26.33324811218986,801.3333740234375,210.2232666015625,810.971435546875,201.90492248535156,790.7681884765625,202.10931396484375,824.4661254882812,204.14700317382812,775.9131469726562,205.11483764648438,833.6654663085938,242.7303466796875,764.8582763671875,242.91940307617188,842.94189453125,174.61346435546875,756.76904296875,173.97134399414062,821.1162109375,100.6938247680664,779.3431396484375,103.06803131103516,816.4483032226562,420.8482971191406,769.1522827148438,419.8619384765625,818.4598999023438,543.7942504882812,770.3700561523438,536.7692260742188,815.6966552734375,657.01513671875,772.173583984375,645.7672729492188
791,26.366581337648327,801.2379760742188,210.39450073242188,810.8466796875,202.0124969482422,790.6722412109375,202.3570098876953,824.6245727539062,204.1171417236328,776.296142578125,205.47975158691406,834.3187866210938,242.48890686035156,765.3713989257812,243.0286407470703,842.8362426757812,174.53273010253906,757.1947021484375,174.283203125,821.3631591796875,100.58171081542969,780.6521606445312,102.65299987792969,816.7457275390625,420.0053405761719,769.1431884765625,419.0782775878906,819.1428833007812,542.0260620117188,769.3927001953125,534.8096923828125,816.6099853515625,655.3809204101562,770.25927734375,643.617919921875
792,26.399914563106798,801.082275390625,210.34625244140625,810.6307373046875,201.99630737304688,790.5274047851562,202.29823303222656,824.2653198242188,204.06602478027344,776.1106567382812,205.3454132080078,833.84814453125,242.4764862060547,765.431884765625,242.893310546875,842.744384765625,174.15475463867188,757.25341796875,173.61859130859375,821.3579711914062,100.27283477783203,780.638671875,102.00312805175781,816.5105590820312,420.22607421875,769.5087890625,419.2686462402344,818.3004760742188,541.9171142578125,770.788330078125,534.7203369140625,814.8677978515625,655.42041015625,771.866455078125,643.6109008789062
793,26.433247788565264,801.1296997070312,210.25904846191406,810.6061401367188,201.94451904296875,790.5552978515625,202.31349182128906,824.187255859375,204.09796142578125,776.2330932617188,205.57601928710938,833.9451293945312,242.4822540283203,765.5455322265625,243.27017211914062,842.783935546875,174.2189483642578,757.3217163085938,174.29483032226562,821.680908203125,100.86868286132812,780.6993408203125,102.22175598144531,816.4910278320312,420.09893798828125,769.481689453125,419.2909240722656,818.6853637695312,541.9182739257812,770.885498046875,534.8927612304688,814.8941650390625,655.6148681640625,771.353759765625,643.9398193359375
794,26.46658101402373,801.456787109375,210.09165954589844,810.8892211914062,201.7176513671875,790.84375,202.14820861816406,824.3947143554688,203.77487182617188,776.3483276367188,205.38670349121094,834.1366577148438,241.99346923828125,765.3651733398438,243.01039123535156,842.579345703125,173.8109893798828,756.9615478515625,174.4993133544922,821.2479248046875,100.16519927978516,780.6350708007812,102.4592056274414,816.6948852539062,419.77093505859375,769.2938842773438,419.0760803222656,819.1172485351562,542.1423950195312,770.1653442382812,535.25244140625,815.8697509765625,656.05712890625,770.440185546875,644.4424438476562
795,26.4999142394822,801.0523681640625,210.50611877441406,810.6060180664062,202.07061767578125,790.4331665039062,202.47149658203125,824.2774047851562,204.02386474609375,775.9254150390625,205.5242462158203,833.980224609375,242.14157104492188,765.0511474609375,243.12603759765625,842.5661010742188,174.04945373535156,756.6251831054688,174.7321014404297,821.84521484375,100.90933227539062,780.4420166015625,102.95616149902344,816.8927001953125,419.9346008300781,769.4342651367188,419.2541809082031,818.8073120117188,541.922119140625,769.817138671875,535.0590209960938,815.810791015625,656.3117065429688,770.7028198242188,644.7368774414062
796,26.53324746494067,801.5283203125,210.4697723388672,811.1412353515625,201.97451782226562,790.906982421875,202.32809448242188,824.7260131835938,203.9272003173828,776.172607421875,205.27911376953125,834.296142578125,242.32015991210938,764.998291015625,243.4295654296875,843.1738891601562,174.8598175048828,756.6466674804688,176.28860473632812,823.4036865234375,102.17529296875,780.7268676757812,104.76814270019531,817.2867431640625,420.1655578613281,769.5161743164062,419.53619384765625,819.190673828125,541.886474609375,768.904296875,534.9490356445312,816.7724609375,655.7700805664062,769.9852905273438,643.987060546875
797,26.56658069039914,801.5721435546875,210.51123046875,811.212158203125,202.07843017578125,791.0383911132812,202.4442138671875,824.9234008789062,204.09983825683594,776.588134765625,205.4231719970703,834.8161010742188,242.1915283203125,765.173583984375,243.0121307373047,843.4207763671875,175.2980194091797,756.909912109375,175.7340087890625,823.3973999023438,102.83191680908203,780.93408203125,104.24269104003906,817.4995727539062,420.166259765625,769.3014526367188,419.3857727050781,819.83740234375,542.1692504882812,768.1541137695312,534.9358520507812,817.8247680664062,656.1487426757812,769.2589111328125,644.2137451171875
798,26.599913915857606,801.69482421875,210.28587341308594,811.3912353515625,201.76339721679688,791.101806640625,202.2128448486328,825.185302734375,203.72885131835938,776.6787719726562,205.2911376953125,835.29345703125,241.9232635498047,764.7733154296875,243.57681274414062,843.6414184570312,175.5890350341797,755.982421875,178.46531677246094,824.4456176757812,103.90017700195312,780.3458251953125,106.92007446289062,817.4139404296875,420.3244323730469,768.7603149414062,419.8184509277344,819.9832763671875,542.0792846679688,767.6260375976562,534.694091796875,818.1009521484375,656.534912109375,769.3407592773438,644.0059204101562
799,26.633247141316073,801.7505493164062,210.4850311279297,811.28369140625,201.93746948242188,791.1781616210938,202.453125,824.8624267578125,203.8079071044922,776.9336547851562,205.4788818359375,834.8353881835938,242.460693359375,765.395751953125,243.4709014892578,843.685546875,176.30723571777344,756.5215454101562,176.9277801513672,825.3057861328125,105.09346771240234,781.1373901367188,105.93450164794922,816.7505493164062,421.11737060546875,769.03662109375,420.4586486816406,819.201416015625,542.8570556640625,769.4031372070312,535.571044921875,816.9601440429688,657.4221801757812,770.7447509765625,645.1168823242188
800,26.666580366774543,801.3458862304688,210.5680694580078,810.9017944335938,202.0035858154297,790.7142944335938,202.68772888183594,824.88134765625,203.84652709960938,776.9031982421875,206.0239715576172,835.2521362304688,241.9556427001953,765.8496704101562,243.64105224609375,843.3949584960938,174.7043914794922,756.9338989257812,176.69775390625,824.5066528320312,103.574462890625,780.8214111328125,105.82305908203125,816.67724609375,420.745849609375,768.8027954101562,420.18914794921875,819.4105834960938,543.1970825195312,768.750244140625,535.6858520507812,817.7761840820312,657.756591796875,769.8311767578125,644.8380737304688
801,26.69991359223301,801.3338623046875,210.3928680419922,810.9711303710938,202.09397888183594,790.8204345703125,202.58831787109375,824.9382934570312,204.43161010742188,777.084716796875,206.14793395996094,835.55908203125,242.33053588867188,765.5919189453125,243.59288024902344,843.5482177734375,174.31736755371094,757.1544799804688,175.87191772460938,823.5571899414062,102.65045928955078,781.0508422851562,104.78858184814453,816.9880981445312,421.409912109375,768.5718383789062,420.564453125,820.1055908203125,544.3052368164062,768.0205078125,535.9739990234375,818.4454956054688,658.365234375,769.6065063476562,644.5721435546875
802,26.733246817691477,801.1409912109375,210.0057830810547,810.884521484375,201.73118591308594,790.6359252929688,202.2579803466797,825.1620483398438,204.1199951171875,777.1742553710938,205.93125915527344,836.3153076171875,241.70529174804688,765.5648193359375,243.12725830078125,843.9468994140625,173.6980438232422,757.1008911132812,175.66793823242188,823.2310180664062,101.90673828125,781.15087890625,104.62638092041016,817.3468017578125,421.1419677734375,768.3253784179688,420.2303161621094,820.5086059570312,544.5343627929688,767.2446899414062,535.7650756835938,819.1844482421875,658.9729614257812,769.2973022460938,644.564453125
803,26.766580043149947,801.0362548828125,209.70611572265625,811.0072631835938,201.3945770263672,790.5457153320312,201.8916015625,825.5757446289062,204.0536651611328,777.3363647460938,205.71250915527344,836.8719482421875,242.752685546875,765.5416870117188,243.8399200439453,845.0228881835938,177.20066833496094,756.77587890625,178.42991638183594,826.6532592773438,106.89498138427734,781.3394165039062,108.40237426757812,817.4530639648438,421.748291015625,768.1709594726562,420.7588806152344,820.5620727539062,545.1929931640625,766.1904296875,536.4354858398438,820.0424194335938,659.4502563476562,768.4902954101562,645.345458984375
804,26.799913268608414,801.4266357421875,209.38746643066406,811.3185424804688,201.10736083984375,790.8346557617188,201.6106414794922,825.7280883789062,203.86013793945312,777.3652954101562,205.5775604248047,837.156494140625,242.5760955810547,765.6246337890625,243.63510131835938,846.025390625,176.4229278564453,756.7896728515625,177.65965270996094,826.911865234375,105.64849090576172,781.84033203125,107.8899154663086,817.5543212890625,421.6502380371094,768.2208251953125,420.6365966796875,820.697265625,545.1603393554688,766.9317016601562,536.5899047851562,819.1624755859375,659.7158203125,768.554931640625,645.8358154296875
805,26.833246494066884,801.6005249023438,209.44815063476562,811.6282958984375,201.36724853515625,791.2296142578125,201.57513427734375,825.9722900390625,204.20469665527344,777.70361328125,205.1011505126953,837.1552734375,242.26597595214844,765.3489379882812,242.40626525878906,846.011962890625,175.69761657714844,756.7369995117188,175.20074462890625,826.6981201171875,105.41559600830078,781.474365234375,105.69947814941406,817.817626953125,421.28912353515625,768.1749267578125,419.9288024902344,821.5569458007812,545.3472290039062,766.735107421875,536.2081298828125,819.6026611328125,660.0798950195312,768.7291259765625,646.0481567382812
806,26.86657971952535,801.914794921875,209.494873046875,812.000244140625,201.50474548339844,791.590087890625,201.68997192382812,826.37060546875,204.5352325439453,778.1574096679688,205.34458923339844,837.521728515625,242.49708557128906,765.51708984375,242.5706787109375,846.0323486328125,175.394775390625,756.740234375,174.98086547851562,826.725341796875,104.75244903564453,781.82275390625,105.37528228759766,817.9424438476562,421.2412414550781,768.1031494140625,419.8480224609375,821.8027954101562,545.09375,766.2025146484375,535.8458251953125,820.1310424804688,660.0223388671875,768.4085693359375,645.9895629882812
807,26.899912944983818,802.3295288085938,209.18817138671875,812.482666015625,201.18817138671875,792.0020141601562,201.36119079589844,826.7459106445312,204.3687744140625,778.358642578125,205.01113891601562,837.9121704101562,242.7690887451172,765.09814453125,242.46234130859375,846.1715087890625,176.7779083251953,755.953857421875,175.01670837402344,826.7163696289062,106.68245697021484,781.6953735351562,104.98755645751953,818.337890625,421.04718017578125,767.986083984375,419.5950927734375,821.7357177734375,544.0712890625,765.1053466796875,534.9227294921875,820.353515625,658.9249877929688,768.0321044921875,645.33935546875
808,26.93324617044229,802.326904296875,209.15159606933594,812.35888671875,201.1568603515625,792.0584106445312,201.31143188476562,826.45263671875,204.3509979248047,778.48486328125,204.95375061035156,837.83203125,243.11489868164062,765.135986328125,242.49777221679688,846.8156127929688,178.24099731445312,756.1494140625,175.66709899902344,827.832275390625,108.74261474609375,781.5562744140625,106.36161804199219,818.0940551757812,421.20892333984375,767.9210205078125,419.63116455078125,821.9783325195312,544.4117431640625,765.7950439453125,535.0899047851562,820.52587890625,658.90576171875,768.4098510742188,645.168701171875
809,26.966579395900755,802.9532470703125,209.1331787109375,812.9301147460938,201.0582733154297,792.5203857421875,201.19871520996094,826.6633911132812,204.3098907470703,778.2479248046875,204.85385131835938,837.59326171875,243.7952423095703,764.7410278320312,243.17393493652344,847.3307495117188,179.32432556152344,755.689453125,176.4910125732422,828.6283569335938,111.10826873779297,780.853759765625,107.56617736816406,818.031005859375,422.035400390625,767.9247436523438,420.6042785644531,822.2374877929688,545.1387939453125,766.7054443359375,536.356201171875,820.1367797851562,658.9987182617188,769.0865478515625,645.9862060546875
810,26.999912621359226,802.9203491210938,209.2046661376953,812.8748779296875,201.1219024658203,792.3525390625,201.35751342773438,826.806640625,204.50653076171875,778.1656494140625,205.306884765625,837.9080810546875,244.10350036621094,765.0198974609375,243.27223205566406,846.81298828125,178.97305297851562,756.41259765625,175.33126831054688,827.766357421875,109.76390838623047,782.2527465820312,105.97319030761719,818.314453125,422.6815490722656,768.0142822265625,421.101318359375,822.2545776367188,545.6317749023438,766.4716796875,536.3790283203125,820.2685546875,658.9542236328125,768.7344360351562,645.164794921875
811,27.033245846817692,802.8336181640625,209.1704559326172,812.7828369140625,201.33827209472656,792.478759765625,201.3995361328125,826.43994140625,205.01104736328125,778.3246459960938,205.26063537597656,837.5521850585938,244.44784545898438,764.7403564453125,242.68374633789062,847.3218383789062,180.04306030273438,756.511962890625,173.87606811523438,828.580322265625,111.71888732910156,782.8203125,104.81549835205078,818.1001586914062,421.8258361816406,767.8641357421875,419.9940185546875,822.489013671875,545.3930053710938,766.4640502929688,536.1876831054688,820.51318359375,658.877685546875,768.9110107421875,645.7840576171875
812,27.06657907227616,803.1051635742188,208.79881286621094,813.0096435546875,201.0428009033203,792.7429809570312,201.09384155273438,826.505126953125,204.91262817382812,778.555419921875,205.12045288085938,837.5021362304688,244.72093200683594,764.76416015625,242.6648712158203,847.2340698242188,180.65029907226562,756.4630126953125,173.43896484375,828.688232421875,112.3787612915039,783.6048583984375,103.71548461914062,817.7194213867188,422.33154296875,767.6502685546875,420.4590759277344,821.9569702148438,546.3201293945312,766.967529296875,537.1739501953125,819.5344848632812,659.4672241210938,769.5008544921875,646.3927612304688
813,27.09991229773463,802.9418334960938,208.91773986816406,812.9851684570312,201.2024688720703,792.7447509765625,201.14683532714844,826.6671752929688,205.0203399658203,778.8170166015625,204.8740234375,837.73486328125,244.48411560058594,764.7363891601562,241.81866455078125,847.1288452148438,180.34373474121094,756.7647094726562,172.01034545898438,827.9505615234375,111.62541198730469,784.2069091796875,102.86166381835938,817.8341064453125,421.8795166015625,767.3259887695312,419.7106628417969,822.6492309570312,545.66552734375,765.6365966796875,536.0089111328125,821.0400390625,659.03662109375,768.4220581054688,645.8109130859375
814,27.133245523193096,803.1926879882812,208.8763885498047,813.1796875,201.01942443847656,792.8878784179688,201.0583038330078,826.8112182617188,204.6186981201172,778.7982177734375,204.72842407226562,837.5682373046875,244.3240203857422,764.8611450195312,241.92689514160156,846.8377685546875,179.7877197265625,756.6050415039062,171.87701416015625,827.9879150390625,111.33394622802734,784.1226196289062,102.6728515625,817.4182739257812,422.11077880859375,767.2381591796875,420.09112548828125,821.9400024414062,545.4977416992188,766.2006225585938,536.0930786132812,820.1730346679688,658.6817016601562,768.960693359375,645.4509887695312
815,27.166578748651563,803.5452880859375,209.22763061523438,813.6073608398438,201.5526580810547,793.3574829101562,201.39259338378906,827.1016845703125,205.44606018066406,779.03759765625,204.96714782714844,837.7491455078125,244.78671264648438,764.471923828125,241.7174835205078,847.42919921875,179.43783569335938,756.5687255859375,170.85792541503906,828.5327758789062,109.7594985961914,784.9100952148438,101.88323974609375,818.0087280273438,421.8845520019531,767.2024536132812,419.6379089355469,822.9345092773438,544.494384765625,765.0499267578125,534.8802490234375,821.4259643554688,657.5044555664062,768.0050659179688,644.5362548828125
816,27.199911974110034,803.8075561523438,209.42709350585938,813.9190673828125,201.74822998046875,793.6510009765625,201.47439575195312,827.3419799804688,205.6259307861328,779.1966552734375,204.75970458984375,837.6654052734375,245.35397338867188,764.4798583984375,241.3309326171875,846.9793090820312,180.96182250976562,757.201904296875,170.18943786621094,828.8379516601562,111.78289794921875,785.773193359375,101.8316879272461,817.9517822265625,422.9512023925781,767.1583862304688,420.3276062011719,822.6864013671875,545.6492309570312,764.85595703125,535.25634765625,821.3002319335938,658.1123657226562,768.3052368164062,644.390380859375
817,27.2332451995685,803.840576171875,209.3934326171875,813.997802734375,201.76707458496094,793.7188110351562,201.45570373535156,827.5283813476562,205.78512573242188,779.4279174804688,204.8446502685547,837.9631958007812,245.6220703125,764.6712036132812,241.50350952148438,847.534912109375,181.2830352783203,757.3836059570312,170.47833251953125,829.990966796875,111.9759292602539,786.3082885742188,102.19550323486328,818.0855102539062,422.99334716796875,767.2509765625,420.3304443359375,822.8483276367188,545.965087890625,764.8602294921875,535.58154296875,821.3235473632812,658.6201782226562,768.0396728515625,644.990478515625
818,27.26657842502697,803.680419921875,209.438720703125,813.9569091796875,201.84280395507812,793.6307983398438,201.47198486328125,827.61083984375,205.84359741210938,779.4578247070312,204.747314453125,837.9642944335938,245.52113342285156,764.5966186523438,241.35670471191406,847.6166381835938,181.32540893554688,757.2860717773438,170.28453063964844,829.8848266601562,112.47986602783203,786.6490478515625,101.8106460571289,817.75048828125,422.4955749511719,766.8675537109375,419.8382873535156,822.78125,545.1786499023438,764.4605712890625,534.9616088867188,821.1961059570312,658.1137084960938,767.7720947265625,644.82470703125
819,27.299911650485438,803.8552856445312,209.41571044921875,814.0046997070312,201.81405639648438,793.75732421875,201.5369110107422,827.494873046875,205.88551330566406,779.548095703125,205.00650024414062,837.9378662109375,245.9381866455078,764.7086181640625,241.72714233398438,847.8092651367188,182.41070556640625,757.2061157226562,170.7595672607422,830.3190307617188,113.68624877929688,786.5658569335938,102.14502716064453,817.6162109375,422.5318603515625,766.9520263671875,419.9095458984375,822.414306640625,545.8917846679688,764.9734497070312,535.9190063476562,820.8515014648438,658.8297729492188,768.0668334960938,645.824462890625
820,27.333244875943905,803.9417114257812,209.24838256835938,814.005615234375,201.8261260986328,793.856201171875,201.5131072998047,827.3567504882812,206.07408142089844,779.6644287109375,205.09596252441406,837.4949340820312,245.83522033691406,764.9864501953125,241.0873260498047,846.9263916015625,182.43075561523438,757.310791015625,169.4013214111328,829.6080322265625,113.78337097167969,786.1641235351562,101.2766342163086,817.2557983398438,422.5582580566406,767.137939453125,419.78125,822.024169921875,546.7537841796875,766.5323486328125,536.6588134765625,819.6770629882812,659.97412109375,769.5287475585938,646.97314453125
821,27.366578101402375,803.8914794921875,209.08689880371094,814.00537109375,201.8407745361328,793.926025390625,201.4199676513672,827.2617797851562,206.4445343017578,779.7525634765625,205.1495361328125,837.5635986328125,246.04409790039062,764.6325073242188,241.12811279296875,847.1383666992188,182.49951171875,757.3524780273438,169.49249267578125,829.5535888671875,113.89004516601562,786.3612670898438,101.56929016113281,817.4564819335938,422.5879821777344,766.8509521484375,419.70458984375,822.585205078125,546.5081787109375,765.0908203125,536.138916015625,820.788818359375,659.3307495117188,768.4160766601562,646.2324829101562
822,27.399911326860842,803.9357299804688,209.24281311035156,813.9161376953125,202.00942993164062,793.9696655273438,201.6066131591797,826.9935913085938,206.53160095214844,779.8187255859375,205.32015991210938,837.05224609375,246.12710571289062,764.8557739257812,241.15737915039062,846.4776611328125,182.18252563476562,757.4685668945312,169.2924346923828,828.9378051757812,112.53912353515625,786.5775756835938,101.19566345214844,816.9216918945312,423.04583740234375,766.956787109375,420.1610412597656,821.7484130859375,547.5156860351562,766.4954833984375,537.1300659179688,819.4527587890625,660.5504150390625,769.6881713867188,647.243408203125
823,27.43324455231931,803.797607421875,209.2122039794922,813.8049926757812,201.9031982421875,793.7991333007812,201.5516815185547,827.0250244140625,206.27198791503906,779.6578369140625,205.22946166992188,837.3034057617188,245.57888793945312,764.7777709960938,241.10665893554688,846.5747680664062,180.89010620117188,757.6077270507812,169.4131622314453,828.40283203125,110.91730499267578,786.4593505859375,101.38385772705078,817.1917114257812,422.8335876464844,766.8799438476562,420.0350646972656,822.0532836914062,547.204345703125,765.6880493164062,536.6536254882812,820.3123168945312,660.2693481445312,769.0219116210938,646.535400390625
824,27.46657777777778,803.886474609375,209.28065490722656,813.9631958007812,201.93601989746094,793.8348388671875,201.60287475585938,827.3195190429688,206.310546875,779.6205444335938,205.30142211914062,837.745849609375,245.45347595214844,764.67041015625,241.08326721191406,846.5323486328125,180.4246063232422,757.4127807617188,169.2711944580078,827.7426147460938,110.20245361328125,786.34619140625,101.23181915283203,817.7283935546875,422.6690673828125,766.918701171875,419.8566589355469,822.500732421875,546.620849609375,764.7823486328125,535.9006958007812,821.0147094726562,659.656982421875,768.2459106445312,645.7025756835938
825,27.499911003236246,803.8389892578125,209.21763610839844,813.9446411132812,201.89833068847656,793.8001098632812,201.53746032714844,827.3323364257812,206.33164978027344,779.5928955078125,205.2943115234375,837.8287963867188,245.5338897705078,764.4520263671875,241.30174255371094,847.00048828125,180.77212524414062,757.1533813476562,170.07449340820312,828.1622924804688,110.61634826660156,785.8915405273438,101.78334045410156,817.3748779296875,422.509033203125,766.4612426757812,419.72320556640625,822.3985595703125,546.6515502929688,764.782958984375,535.9269409179688,820.7471313476562,659.6463623046875,768.4232177734375,645.6448974609375
826,27.533244228694716,803.5733032226562,209.10816955566406,813.7192993164062,201.77230834960938,793.5291748046875,201.42686462402344,827.2537231445312,206.17974853515625,779.4257202148438,205.20162963867188,837.8447875976562,245.21377563476562,764.2704467773438,241.1341552734375,846.5849609375,180.23489379882812,756.94580078125,169.99746704101562,827.4775390625,109.834716796875,786.0757446289062,101.48985290527344,817.305908203125,422.49188232421875,766.1578369140625,419.724365234375,822.27783203125,546.2996215820312,763.9874267578125,535.479736328125,820.6415405273438,659.3533325195312,767.5828857421875,645.1232299804688
827,27.566577454153183,803.6561889648438,209.29043579101562,813.8696899414062,201.9118194580078,793.6007690429688,201.53343200683594,827.5236206054688,206.26535034179688,779.4918212890625,205.21229553222656,837.9331665039062,245.39419555664062,764.450439453125,241.10926818847656,846.9892578125,180.2516326904297,757.2400512695312,169.65765380859375,828.236083984375,109.46534729003906,786.5155639648438,101.27342224121094,817.2401733398438,422.6443786621094,766.23681640625,419.8202819824219,822.1487426757812,546.3983764648438,764.6465454101562,535.5637817382812,820.62255859375,659.3846435546875,768.6124877929688,645.1231079101562
828,27.59991067961165,803.5448608398438,209.34503173828125,813.6327514648438,201.8616943359375,793.3429565429688,201.64552307128906,827.1986694335938,206.0871124267578,779.1248779296875,205.4684600830078,837.5326538085938,245.4720458984375,764.5048828125,241.51141357421875,846.6441040039062,180.3116455078125,757.2369384765625,169.79945373535156,828.2610473632812,109.91849517822266,786.2442626953125,101.16590118408203,816.6884765625,423.1094970703125,766.1248779296875,420.44580078125,821.276611328125,547.2083740234375,765.3231201171875,536.6468505859375,819.693603515625,660.0264892578125,769.0977172851562,645.7260131835938
829,27.63324390507012,803.47705078125,209.21206665039062,813.6158447265625,201.87423706054688,793.3867797851562,201.51365661621094,827.0726318359375,206.43978881835938,779.1487426757812,205.42916870117188,837.4823608398438,246.01190185546875,764.1527709960938,241.68223571777344,847.1715087890625,180.61734008789062,757.207763671875,169.6049041748047,828.6396484375,109.56778717041016,786.6965942382812,100.68315887451172,816.8932495117188,423.50347900390625,766.0291137695312,420.7353820800781,821.8662109375,547.0301513671875,764.6415405273438,536.5078125,820.4600219726562,659.7085571289062,768.5194702148438,645.8427124023438
830,27.666577130528587,803.4336547851562,209.20709228515625,813.647705078125,201.7937774658203,793.3685302734375,201.46127319335938,827.2266235351562,206.19549560546875,779.2128295898438,205.2222900390625,837.7506713867188,245.67092895507812,764.10107421875,241.68565368652344,847.2064208984375,180.728759765625,756.7256469726562,170.4168243408203,828.4658813476562,110.40800476074219,786.2832641601562,101.43036651611328,817.3780517578125,423.0575256347656,766.2429809570312,420.4427795410156,822.2710571289062,546.2561645507812,763.9683837890625,536.0181274414062,820.9722290039062,658.9541015625,767.822998046875,645.5012817382812
831,27.699910355987054,803.340576171875,209.41258239746094,813.44384765625,202.03260803222656,793.2680053710938,201.69577026367188,826.9008178710938,206.47703552246094,779.15771484375,205.56121826171875,837.343994140625,246.1090087890625,764.3460693359375,242.14756774902344,847.23828125,181.132568359375,757.0208740234375,170.884033203125,829.1688232421875,110.82979583740234,786.1239013671875,101.79856872558594,816.98046875,423.78826904296875,766.4901123046875,421.19549560546875,821.5671997070312,547.27978515625,765.4057006835938,537.1454467773438,819.4716186523438,660.3707885742188,768.8927612304688,646.8798217773438
832,27.733243581445524,803.3317260742188,209.49468994140625,813.5061645507812,202.08047485351562,793.2411499023438,201.76687622070312,827.036865234375,206.45640563964844,778.9165649414062,205.56224060058594,837.6085205078125,245.66603088378906,763.9048461914062,242.08982849121094,847.61376953125,180.31869506835938,756.7406616210938,171.07264709472656,828.7948608398438,110.10468292236328,785.8159790039062,102.12553405761719,817.4942016601562,422.7153015136719,766.3241577148438,420.2544860839844,822.1841430664062,545.8345947265625,763.7876586914062,535.9567260742188,820.8551635742188,658.5476684570312,767.5553588867188,645.48876953125
833,27.76657680690399,802.8672485351562,209.3534698486328,813.0997314453125,201.9336395263672,792.752197265625,201.6708984375,826.9745483398438,206.35003662109375,778.873291015625,205.66769409179688,837.6806030273438,245.67266845703125,764.2018432617188,242.20118713378906,847.2780151367188,179.85264587402344,756.8151245117188,171.0082550048828,828.4910888671875,109.0918197631836,785.5897216796875,102.11405181884766,816.9085083007812,423.46893310546875,765.9356079101562,420.9515686035156,821.815673828125,546.8482055664062,764.2505493164062,536.6321411132812,820.2348022460938,659.662109375,767.8525390625,646.0188598632812
834,27.79991003236246,802.761474609375,209.49966430664062,812.9094848632812,202.0967254638672,792.6309814453125,201.90257263183594,826.7306518554688,206.52865600585938,778.7941284179688,206.00833129882812,837.4064331054688,245.8760528564453,764.3717041015625,242.33352661132812,847.4332275390625,180.77630615234375,757.1589965820312,171.29908752441406,829.4933471679688,110.2234115600586,785.9369506835938,102.29723358154297,816.5485229492188,422.9217834472656,765.9169311523438,420.4376525878906,821.3410034179688,546.5708618164062,764.57958984375,536.6736450195312,819.8661499023438,659.3072509765625,767.91845703125,646.068603515625
835,27.83324325782093,802.6525268554688,209.5645294189453,812.7868041992188,202.29360961914062,792.6298828125,202.01419067382812,826.4309692382812,206.83209228515625,778.7252197265625,206.02696228027344,836.9723510742188,245.97975158691406,764.0823364257812,241.9490966796875,847.27978515625,181.45587158203125,757.2530517578125,170.5796661376953,829.6749267578125,111.56591033935547,786.1119384765625,101.69506072998047,816.236083984375,422.4543151855469,765.7239379882812,419.8392639160156,820.8475952148438,546.1251220703125,764.4019775390625,536.1749267578125,819.63525390625,659.009033203125,768.4000244140625,645.9142456054688
836,27.866576483279395,802.145751953125,209.4236297607422,812.2122802734375,202.2044219970703,792.12451171875,201.94322204589844,825.8455200195312,206.78916931152344,778.3091430664062,206.06983947753906,836.5301513671875,245.77206420898438,763.8826904296875,241.77601623535156,846.918212890625,181.11415100097656,757.04931640625,170.1378173828125,828.6990966796875,111.01263427734375,785.9067993164062,101.23681640625,816.0223999023438,422.3031311035156,765.69873046875,419.72760009765625,820.7975463867188,546.5587158203125,765.1334838867188,536.8080444335938,819.2198486328125,659.1290893554688,768.946044921875,646.2744750976562
837,27.899909708737866,802.62646484375,209.42984008789062,812.66357421875,202.3333282470703,792.7124633789062,201.98741149902344,826.11474609375,207.0482635498047,778.8938598632812,206.08721923828125,836.5218505859375,245.93280029296875,764.2717895507812,241.61126708984375,846.9981079101562,181.42552185058594,757.501953125,170.13229370117188,829.0173950195312,111.02168273925781,785.9846801757812,101.72813415527344,815.88671875,422.5144958496094,765.8583984375,419.81646728515625,820.4192504882812,546.9336547851562,765.5110473632812,537.119384765625,818.7503662109375,659.6793823242188,769.54345703125,646.9920654296875
838,27.933242934196333,802.4268798828125,209.40992736816406,812.4976196289062,202.430419921875,792.5794067382812,202.03135681152344,825.9359741210938,207.34890747070312,778.8523559570312,206.21168518066406,836.2659912109375,246.24041748046875,764.1494750976562,241.5784149169922,846.8184814453125,182.2597198486328,757.4537353515625,169.9247283935547,829.3704223632812,112.4922103881836,786.1317749023438,101.65415954589844,815.7929077148438,422.5579833984375,765.8357543945312,419.8174743652344,820.5267944335938,546.9325561523438,765.5891723632812,537.2479858398438,818.98486328125,659.7311401367188,769.8297119140625,647.4326171875
839,27.9665761596548,801.9098510742188,209.30316162109375,812.0443115234375,202.33868408203125,792.059814453125,201.98941040039062,825.7562255859375,207.35565185546875,778.6553344726562,206.39833068847656,836.2943115234375,246.1872100830078,764.1649169921875,241.7596893310547,846.7012329101562,181.5858154296875,756.9202270507812,169.8050994873047,828.7554321289062,111.4608154296875,785.6276245117188,101.64844512939453,815.5941772460938,422.607666015625,765.6829223632812,419.94012451171875,820.2754516601562,546.7966918945312,765.6668701171875,537.305908203125,818.8427124023438,659.8262329101562,770.0350341796875,647.68310546875
840,27.99990938511327,801.8858642578125,209.3625946044922,811.9364624023438,202.44308471679688,792.0037231445312,202.09893798828125,825.5223388671875,207.4687957763672,778.4815673828125,206.542236328125,836.1011962890625,246.04823303222656,764.0531005859375,241.61451721191406,847.0143432617188,180.82586669921875,757.2100830078125,169.27874755859375,829.5675048828125,109.96685791015625,786.684814453125,100.96490478515625,815.5377807617188,422.7291259765625,765.6660766601562,420.061279296875,820.1055297851562,547.2305908203125,765.946533203125,537.6591796875,818.5650634765625,660.2192993164062,770.270263671875,647.7427978515625
841,28.033242610571737,802.0911254882812,209.4035186767578,812.1514282226562,202.4152374267578,792.1895141601562,202.08909606933594,825.6991577148438,207.3427276611328,778.495849609375,206.44039916992188,836.44287109375,246.09027099609375,763.9708251953125,241.8184356689453,847.666015625,181.4839324951172,757.0718994140625,170.05479431152344,830.2144775390625,111.3324203491211,785.803466796875,101.64254760742188,815.9028930664062,422.3592529296875,765.76806640625,419.69647216796875,819.9951782226562,546.6788940429688,764.940673828125,537.0717163085938,818.8348999023438,659.5288696289062,769.4097290039062,646.9866943359375
842,28.066575836030207,802.0285034179688,209.35401916503906,812.1394653320312,202.35203552246094,792.10400390625,202.0076446533203,825.723388671875,207.22837829589844,778.3306274414062,206.28851318359375,836.2222900390625,245.92959594726562,763.9690551757812,241.69223022460938,847.1831665039062,181.5202178955078,757.2954711914062,170.01290893554688,829.8812866210938,112.10022735595703,785.2677612304688,101.73680114746094,815.6270141601562,422.0346374511719,765.676025390625,419.3734436035156,819.7601928710938,546.3576049804688,765.0101928710938,536.7134399414062,818.5197143554688,659.8215942382812,769.5682983398438,647.3245239257812
843,28.099909061488674,802.2228393554688,209.21340942382812,812.2371215820312,202.1961212158203,792.3078002929688,201.83078002929688,825.5772094726562,206.98707580566406,778.408447265625,205.99642944335938,835.9448852539062,245.7340545654297,763.9246826171875,241.41629028320312,847.0364379882812,181.31793212890625,757.3056030273438,169.69528198242188,829.692626953125,111.94391632080078,785.49365234375,101.49496459960938,815.3182373046875,422.3486022949219,765.5697631835938,419.6873474121094,819.8270263671875,546.6835327148438,765.7063598632812,537.0350952148438,818.0420532226562,660.565673828125,769.8548583984375,648.0352172851562
844,28.13324228694714,802.3157348632812,208.9499053955078,812.4033203125,201.90924072265625,792.4739990234375,201.47251892089844,825.7905883789062,206.68661499023438,778.5949096679688,205.54591369628906,836.1723022460938,245.5538330078125,763.9337768554688,241.55882263183594,847.5154418945312,180.91192626953125,757.375244140625,170.71791076660156,829.94140625,111.19596099853516,784.9760131835938,102.4849853515625,815.5635375976562,422.4463195800781,765.6051025390625,419.81903076171875,819.8878173828125,546.9826049804688,764.7232055664062,537.2539672851562,818.4676513671875,660.4177856445312,768.875732421875,647.7570190429688
845,28.16657551240561,802.4201049804688,209.0531768798828,812.348388671875,202.02378845214844,792.663330078125,201.65065002441406,825.489990234375,206.7164306640625,778.9547729492188,205.67776489257812,835.7462768554688,245.59469604492188,764.211669921875,241.26901245117188,847.379638671875,181.92483520507812,757.0662231445312,170.41177368164062,830.503173828125,112.44357299804688,785.3717041015625,102.26907348632812,814.9935913085938,422.2768249511719,765.6520385742188,419.68896484375,819.3289184570312,546.805908203125,765.990234375,537.5460205078125,817.9727783203125,660.299072265625,770.1416625976562,648.186279296875
846,28.199908737864078,802.2015991210938,209.2284698486328,812.33056640625,202.1728057861328,792.4749755859375,201.78167724609375,825.93505859375,206.78480529785156,779.022216796875,205.72154235839844,836.6239624023438,245.10934448242188,764.2772827148438,241.1090087890625,847.5905151367188,180.55947875976562,757.0709838867188,170.19676208496094,829.9932250976562,110.60004425048828,785.3355712890625,101.896484375,815.9497680664062,421.6349792480469,765.7816162109375,419.00799560546875,820.3086547851562,545.7415771484375,764.0425415039062,536.0578002929688,819.5,659.5491943359375,768.16015625,646.928466796875
847,28.233241963322545,802.3333129882812,209.0489959716797,812.2830810546875,201.87225341796875,792.3976440429688,201.6678009033203,825.73828125,206.42445373535156,778.7523803710938,205.8952178955078,836.3414306640625,245.2777862548828,764.2423706054688,241.72193908691406,847.3046264648438,180.68885803222656,756.7501831054688,171.046142578125,829.8472900390625,110.04842376708984,785.1494140625,102.18579864501953,815.45751953125,422.3070983886719,765.6618041992188,419.92626953125,819.8200073242188,546.7797241210938,765.5220947265625,537.5152587890625,818.6068725585938,660.8004150390625,769.2593994140625,648.31103515625
848,28.266575188781015,802.4364013671875,209.47317504882812,812.2410278320312,202.09762573242188,792.28759765625,202.09286499023438,825.6353759765625,206.37353515625,778.4163818359375,206.3524169921875,836.1325073242188,245.37539672851562,764.2966918945312,242.07095336914062,846.7924194335938,180.89932250976562,756.3907470703125,171.41941833496094,829.5220336914062,110.05571746826172,784.8338623046875,102.69403839111328,815.2760009765625,422.72052001953125,765.7593383789062,420.4949645996094,819.41259765625,546.6759643554688,766.5408935546875,537.6817626953125,817.9356079101562,660.6950073242188,769.962646484375,648.2023315429688
849,28.299908414239482,802.3616943359375,209.53759765625,812.2476196289062,202.2664031982422,792.3648071289062,202.13514709472656,825.6923217773438,206.5892333984375,778.675537109375,206.2506866455078,836.1017456054688,245.3656768798828,764.4743041992188,241.84832763671875,847.1627807617188,180.76617431640625,756.7435913085938,171.16696166992188,829.9102172851562,109.76516723632812,785.077880859375,102.55445098876953,815.1312255859375,422.3548583984375,765.8078002929688,420.0262756347656,819.1151733398438,546.1051635742188,766.6648559570312,537.0775146484375,817.439697265625,660.019287109375,770.4481201171875,647.7345581054688
850,28.333241639697953,802.457763671875,209.54884338378906,812.37158203125,202.27626037597656,792.3985595703125,202.1646728515625,825.8920288085938,206.62551879882812,778.5881958007812,206.3369903564453,836.3702392578125,245.2239532470703,764.3922119140625,241.82606506347656,847.0806884765625,180.48599243164062,756.707275390625,171.1321563720703,829.8211669921875,110.01820373535156,784.9495239257812,102.71504211425781,815.464111328125,422.1243896484375,765.6754150390625,419.7723083496094,819.5137939453125,545.9149780273438,765.269287109375,536.62890625,818.1860961914062,659.1092529296875,768.6798095703125,646.313720703125
851,28.36657486515642,802.6779174804688,209.53884887695312,812.4749145507812,202.2679901123047,792.66259765625,202.21775817871094,825.83642578125,206.5831298828125,778.9640502929688,206.4533233642578,836.2806396484375,245.20123291015625,764.7186279296875,241.95855712890625,847.1848754882812,180.5034942626953,756.8726196289062,171.53970336914062,830.0650024414062,109.84254455566406,784.9619140625,103.2371597290039,815.105224609375,422.3795471191406,765.74951171875,420.1246032714844,819.1157836914062,545.9478149414062,766.460205078125,536.87255859375,817.6976318359375,659.2178344726562,770.1973876953125,646.6264038085938
852,28.399908090614886,802.5267333984375,209.57769775390625,812.2841186523438,202.36990356445312,792.60205078125,202.2760009765625,825.521240234375,206.8159637451172,778.9861450195312,206.50369262695312,836.275146484375,245.65286254882812,764.4151611328125,241.89207458496094,847.1559448242188,182.00634765625,756.5183715820312,171.23471069335938,830.1544189453125,112.82940673828125,784.6195068359375,103.32337951660156,815.2822265625,422.15106201171875,765.6282958984375,419.7215270996094,819.9300537109375,545.7750854492188,765.6643676757812,536.4476928710938,818.8076171875,658.9363403320312,769.0137939453125,646.3153076171875
853,28.433241316073357,802.5952758789062,209.8505859375,812.419921875,202.51803588867188,792.6219482421875,202.4200439453125,825.8681640625,206.72256469726562,778.9949340820312,206.47268676757812,836.6386108398438,245.46844482421875,764.6463623046875,241.9570770263672,847.8782958984375,181.27439880371094,756.685302734375,171.54501342773438,830.5868530273438,111.13627624511719,784.3890380859375,103.58013153076172,815.3843994140625,422.5186767578125,765.6690063476562,420.10406494140625,819.9862670898438,545.7463989257812,765.88134765625,536.4119262695312,818.6041870117188,659.297607421875,769.0443115234375,646.5466918945312
854,28.466574541531823,802.7197875976562,209.90582275390625,812.525634765625,202.4462432861328,792.6179809570312,202.4500732421875,825.9901733398438,206.4959259033203,778.8058471679688,206.48960876464844,836.7213134765625,245.3701629638672,764.5518798828125,242.10499572753906,847.7904663085938,181.41102600097656,756.450927734375,172.0587158203125,830.8760375976562,111.64006805419922,784.1400756835938,104.23928833007812,815.4923706054688,422.633056640625,765.6549682617188,420.3312072753906,820.0449829101562,545.8684692382812,765.688232421875,536.6281127929688,818.8731079101562,659.6984252929688,768.7265625,646.8970947265625
855,28.49990776699029,802.5714721679688,209.70367431640625,812.4323120117188,202.34564208984375,792.535400390625,202.24835205078125,825.8968505859375,206.63088989257812,778.760498046875,206.36370849609375,836.66064453125,245.55093383789062,764.31396484375,242.048583984375,847.493408203125,181.3532257080078,756.6055297851562,171.77842712402344,830.4662475585938,111.6828842163086,784.3742065429688,104.28671264648438,815.6454467773438,422.7302551269531,765.56494140625,420.2978210449219,820.5646362304688,546.6172485351562,765.1018676757812,536.9256591796875,819.9036254882812,659.8654174804688,768.3457641601562,646.5408325195312
856,28.53324099244876,803.0637817382812,209.88058471679688,812.8473510742188,202.57223510742188,793.0479736328125,202.4626922607422,826.098388671875,206.9029541015625,779.1712036132812,206.5536651611328,836.6275634765625,245.95489501953125,764.5972900390625,242.02127075195312,847.5813598632812,182.0726776123047,756.8672485351562,171.44300842285156,831.2188720703125,112.3721694946289,784.9022827148438,104.34884643554688,815.45166015625,422.7214050292969,765.6691284179688,420.17974853515625,820.172607421875,546.121826171875,765.5335693359375,536.4593505859375,819.3502197265625,659.6356811523438,768.7078857421875,646.5291748046875
857,28.566574217907228,803.0809936523438,209.96409606933594,812.7880859375,202.72073364257812,793.0499877929688,202.6366729736328,826.013916015625,207.13748168945312,779.3181762695312,206.9247283935547,836.2488403320312,246.01217651367188,765.0919799804688,242.1745147705078,847.1089477539062,181.4792938232422,757.0339965820312,171.35426330566406,830.7064208984375,110.65782165527344,785.3287963867188,104.02686309814453,814.876953125,423.64544677734375,765.8304443359375,421.1830139160156,818.9633178710938,547.3678588867188,767.2030639648438,538.074462890625,817.109130859375,661.3273315429688,770.1780395507812,648.4747314453125
858,28.599907443365698,803.2310791015625,209.96832275390625,812.9978637695312,202.62220764160156,793.0778198242188,202.59494018554688,826.2769165039062,206.94198608398438,779.0057373046875,206.8408966064453,837.0001831054688,245.62570190429688,764.4130859375,242.2773895263672,847.0869750976562,180.55120849609375,756.920654296875,171.6295623779297,829.9591064453125,110.32427215576172,785.0763549804688,104.1637191772461,815.8703002929688,423.118408203125,765.4793701171875,420.64599609375,820.529296875,546.5159912109375,764.224609375,536.2994384765625,819.9281616210938,660.0311889648438,767.3214111328125,645.763427734375
859,28.633240668824165,803.2539672851562,209.90731811523438,813.1626586914062,202.56163024902344,793.0847778320312,202.50479125976562,826.7509155273438,206.94480895996094,779.182861328125,206.79153442382812,837.520751953125,245.74600219726562,764.5624389648438,242.27392578125,847.4834594726562,181.08880615234375,756.6847534179688,171.87791442871094,830.5970458984375,110.7952880859375,785.4747924804688,104.21592712402344,816.1292724609375,423.23345947265625,765.4865112304688,420.7320556640625,820.7566528320312,546.5922241210938,764.1709594726562,536.416259765625,819.9829711914062,659.8494262695312,767.2178955078125,645.5862426757812
860,28.66657389428263,803.3590698242188,209.7034912109375,813.1192016601562,202.47801208496094,793.1729736328125,202.47625732421875,826.3952026367188,207.0902557373047,779.198974609375,207.01473999023438,836.970703125,245.94786071777344,764.5748901367188,242.1789093017578,846.1014404296875,181.58078002929688,756.6268310546875,171.16650390625,829.00390625,111.36001586914062,785.5601196289062,103.31195068359375,815.7971801757812,423.6236572265625,765.6150512695312,421.0841064453125,819.721923828125,547.1577758789062,764.811279296875,537.0051879882812,818.742431640625,660.9884643554688,768.2432861328125,646.777587890625
861,28.699907119741102,803.60595703125,209.58023071289062,813.2911987304688,202.36033630371094,793.494384765625,202.35902404785156,826.42333984375,206.94020080566406,779.6316528320312,206.86968994140625,836.9812622070312,245.81996154785156,764.8474731445312,242.1167755126953,846.5400390625,181.57696533203125,756.4285278320312,171.37709045410156,829.4739379882812,111.4071273803711,785.5509643554688,103.63365936279297,815.6399536132812,423.33148193359375,765.7854614257812,420.9001770019531,819.8814697265625,546.822509765625,766.0524291992188,537.1262817382812,818.2554321289062,660.7529907226562,769.1580810546875,647.2508544921875
862,28.73324034519957,803.6309204101562,209.69970703125,813.5664672851562,202.40524291992188,793.5301513671875,202.3258819580078,827.12548828125,206.91770935058594,779.7315063476562,206.6858367919922,837.8933715820312,245.57687377929688,764.741943359375,242.20672607421875,846.9635620117188,180.39501953125,756.60009765625,171.6099395751953,829.2155151367188,109.66213989257812,785.7227783203125,103.50115203857422,816.5830078125,423.1631164550781,765.6565551757812,420.71160888671875,821.6310424804688,546.3970947265625,763.788818359375,536.209228515625,820.9793090820312,660.0193481445312,766.7634887695312,645.88623046875
863,28.766573570658036,803.4644165039062,209.7178192138672,813.6055908203125,202.4658966064453,793.463623046875,202.2695770263672,827.3753662109375,207.127197265625,779.8178100585938,206.54957580566406,838.2134399414062,246.07211303710938,764.7457885742188,242.26097106933594,847.6587524414062,181.47267150878906,756.7907104492188,171.6932373046875,829.7066040039062,110.62046813964844,785.97314453125,103.61653900146484,816.776123046875,423.2192687988281,765.5767822265625,420.5708312988281,821.65625,546.073974609375,762.5399169921875,535.8309326171875,821.660888671875,659.5184326171875,765.9315795898438,645.7433471679688
864,28.799906796116506,803.8695678710938,209.86709594726562,813.9705200195312,202.56039428710938,793.8200073242188,202.3780975341797,827.6329956054688,207.033203125,779.981689453125,206.4840545654297,838.4801025390625,245.79678344726562,764.7281494140625,242.0784149169922,847.909912109375,181.16627502441406,756.7536010742188,171.61773681640625,830.049560546875,110.95501708984375,786.3104248046875,103.77043914794922,816.913818359375,423.04949951171875,765.54833984375,420.41729736328125,822.0086669921875,546.1132202148438,762.784423828125,535.6405639648438,821.5960083007812,659.6797485351562,765.9755859375,645.4055786132812
865,28.833240021574973,803.9453125,209.8875274658203,814.0172729492188,202.53976440429688,793.9063110351562,202.35513305664062,827.6505126953125,206.86886596679688,780.0999145507812,206.33326721191406,838.2735595703125,245.63868713378906,765.0462646484375,241.90087890625,847.6956787109375,181.0454559326172,756.8321533203125,171.36488342285156,829.9967651367188,110.86812591552734,786.0165405273438,103.46546173095703,816.7157592773438,423.13543701171875,765.83154296875,420.5330505371094,821.59423828125,546.32177734375,763.9244995117188,536.0167846679688,820.7308959960938,659.87109375,767.0651245117188,645.7578735351562
866,28.866573247033443,803.9612426757812,209.86776733398438,813.9694213867188,202.5894012451172,793.9930419921875,202.3484649658203,827.4634399414062,206.9725341796875,780.1987915039062,206.30203247070312,838.0401000976562,245.581298828125,765.1283569335938,241.58641052246094,847.6473999023438,180.69993591308594,757.1246948242188,170.65606689453125,829.8905639648438,110.2730941772461,786.189453125,103.16837310791016,816.41650390625,423.13226318359375,765.7266235351562,420.3873596191406,821.1945190429688,546.2726440429688,763.925048828125,535.7186889648438,820.3271484375,659.4540405273438,767.0428466796875,644.99755859375
867,28.89990647249191,803.8202514648438,209.69888305664062,813.7752685546875,202.420166015625,793.8501586914062,202.20668029785156,827.173095703125,206.7873992919922,779.9694213867188,206.16368103027344,838.1159057617188,245.41867065429688,764.79052734375,241.56243896484375,848.00244140625,180.94491577148438,756.9432373046875,170.83151245117188,830.007080078125,111.19359588623047,786.3806762695312,103.1741714477539,816.9196166992188,422.3179626464844,765.9071044921875,419.63909912109375,821.6939697265625,545.5533447265625,763.2703247070312,535.1513061523438,820.9591674804688,658.7589111328125,766.147216796875,644.5422973632812
868,28.933239697950377,804.1609497070312,209.60084533691406,814.0243530273438,202.31752014160156,794.0222778320312,202.16773986816406,827.2452392578125,206.8589630126953,779.8704223632812,206.41397094726562,837.8367919921875,246.12086486816406,764.9680786132812,242.11355590820312,847.710205078125,181.1288299560547,757.1730346679688,170.4418487548828,829.8926391601562,111.13214111328125,786.6438598632812,102.96943664550781,816.5405883789062,423.2272644042969,766.0557861328125,420.56964111328125,821.177001953125,546.3209838867188,764.9232177734375,536.0991821289062,819.95068359375,659.6788330078125,767.828857421875,645.6643676757812
869,28.966572923408847,804.36865234375,209.56118774414062,814.1976318359375,202.29258728027344,794.2335205078125,202.1426544189453,827.3184204101562,206.8715362548828,780.0357055664062,206.36363220214844,837.7705688476562,246.45278930664062,765.1300048828125,241.86767578125,848.00048828125,182.66439819335938,757.1482543945312,169.98129272460938,830.4632568359375,113.12507629394531,786.8081665039062,102.61827087402344,816.2221069335938,422.8149719238281,766.0121459960938,420.0365905761719,820.7294311523438,546.1522216796875,765.50341796875,536.2407836914062,819.1285400390625,659.6251220703125,768.0880737304688,646.2949829101562
870,28.999906148867314,804.3358764648438,209.50901794433594,814.3617553710938,202.29937744140625,794.2957153320312,202.00315856933594,827.6671752929688,207.03541564941406,780.1890869140625,206.15988159179688,838.1533203125,246.55482482910156,764.997314453125,241.92127990722656,848.18798828125,182.4103240966797,757.2958984375,170.29678344726562,830.4598999023438,112.6710433959961,786.9732055664062,103.01048278808594,816.6856689453125,422.8648376464844,765.9290771484375,419.98980712890625,821.6605834960938,545.71484375,764.0726318359375,535.4309692382812,820.6373901367188,659.219970703125,766.8729248046875,645.6400756835938
871,29.03323937432578,804.5230102539062,209.66244506835938,814.4837646484375,202.47293090820312,794.43359375,202.2024688720703,827.7070922851562,207.23875427246094,780.2220458984375,206.4785919189453,837.9264526367188,246.69337463378906,765.2748413085938,242.2319793701172,848.2782592773438,181.92771911621094,757.609375,170.4036865234375,830.7066040039062,111.50074768066406,786.9577026367188,103.0025405883789,816.3114013671875,422.89117431640625,766.0202026367188,420.104736328125,821.0386352539062,545.69921875,765.1343383789062,535.71044921875,819.5795288085938,659.0717163085938,767.9266967773438,645.77294921875
872,29.06657259978425,804.6759033203125,209.5909423828125,814.8048706054688,202.44680786132812,794.6411743164062,202.03453063964844,828.1328125,207.24359130859375,780.290283203125,206.12762451171875,838.4966430664062,246.3214111328125,764.8148803710938,242.12667846679688,848.4404907226562,181.15476989746094,757.2352294921875,170.9073028564453,830.6177978515625,111.15814971923828,786.7730102539062,103.13385009765625,817.2613525390625,422.5522155761719,766.0593872070312,419.7702941894531,822.1310424804688,544.904541015625,763.2476806640625,534.4447631835938,820.7244873046875,658.0267944335938,766.234619140625,644.0963745117188
873,29.09990582524272,804.58740234375,209.85296630859375,814.7959594726562,202.66824340820312,794.556396484375,202.27749633789062,828.3811645507812,207.4510955810547,780.5744018554688,206.37738037109375,838.6253051757812,246.86044311523438,765.2857666015625,242.2830810546875,848.439697265625,182.1144256591797,757.546142578125,170.8733673095703,831.645263671875,112.1512222290039,787.3565063476562,103.35002136230469,816.6217041015625,423.2242431640625,765.833251953125,420.3297119140625,821.7061767578125,545.9036254882812,764.4393920898438,535.3604125976562,819.8331909179688,659.4597778320312,767.4556884765625,645.622314453125
874,29.13323905070119,804.5067749023438,209.70407104492188,814.893310546875,202.6061553955078,794.6348876953125,202.0802459716797,828.6539306640625,207.46728515625,780.8209838867188,205.9913330078125,839.1765747070312,246.4752960205078,765.05859375,241.60281372070312,848.7840576171875,182.11878967285156,757.3261108398438,170.47900390625,831.7315063476562,112.6242446899414,787.182373046875,103.18521118164062,817.195556640625,422.8216857910156,765.6116333007812,419.7065124511719,822.4312133789062,545.38330078125,762.23681640625,534.2190551757812,821.4033203125,658.6962280273438,765.7189331054688,644.2352905273438
875,29.166572276159656,804.4920043945312,209.63824462890625,814.808837890625,202.53517150878906,794.6503295898438,202.02749633789062,828.4925537109375,207.35227966308594,780.9365234375,205.9457244873047,839.1953125,246.41893005371094,765.166015625,241.68165588378906,848.8726196289062,182.13888549804688,757.214111328125,170.83570861816406,831.4222412109375,112.23152160644531,787.1254272460938,103.24143981933594,817.2801513671875,422.868896484375,765.7986450195312,419.7991027832031,822.4906005859375,545.2368774414062,762.5479125976562,534.2096557617188,821.1166381835938,659.0929565429688,765.6204833984375,644.817626953125
876,29.199905501618122,804.8407592773438,209.5464630126953,815.1918334960938,202.544189453125,795.0787963867188,201.90367126464844,828.7760620117188,207.5165557861328,781.2605590820312,205.7706298828125,839.2831420898438,246.4913787841797,765.2686767578125,241.4993133544922,849.2872314453125,182.1000518798828,757.4523315429688,170.66421508789062,831.9269409179688,111.69145965576172,787.9398193359375,103.06725311279297,817.68115234375,422.380859375,766.1978149414062,419.2816162109375,822.9691162109375,544.8906860351562,762.9682006835938,534.05859375,821.344482421875,658.357177734375,766.0444946289062,644.5471801757812
877,29.233238727076593,804.6441650390625,209.5343017578125,815.0026245117188,202.47811889648438,794.8309326171875,201.8678436279297,828.7677001953125,207.38082885742188,781.1412963867188,205.7823486328125,839.1448364257812,246.27552795410156,765.4708251953125,241.37750244140625,848.824951171875,181.734130859375,757.3762817382812,170.6094970703125,831.2820434570312,111.13233947753906,787.1279907226562,103.31118774414062,817.2154541015625,422.7865295410156,765.9038696289062,419.7002258300781,823.1690063476562,545.7954711914062,763.6000366210938,534.9912719726562,821.1024169921875,658.9502563476562,765.9656982421875,645.1070556640625
878,29.26657195253506,804.0518188476562,209.35516357421875,814.3847045898438,202.33380126953125,794.2772827148438,201.7761688232422,828.3582763671875,207.29966735839844,781.0706176757812,205.90936279296875,838.9880981445312,246.3165740966797,765.8956298828125,241.6162567138672,848.6244506835938,181.9047393798828,757.4847412109375,171.1943817138672,831.205810546875,111.02271270751953,786.9532470703125,103.8759765625,817.1729736328125,422.5299987792969,766.417724609375,419.5060729980469,822.80078125,546.2259521484375,764.8983764648438,535.575927734375,820.4765625,659.1580810546875,767.1859741210938,645.447509765625
879,29.299905177993526,804.3961181640625,209.50550842285156,814.5877685546875,202.51817321777344,794.5452880859375,202.01039123535156,828.2594604492188,207.47096252441406,781.0547485351562,206.23033142089844,838.541259765625,246.25755310058594,765.8455810546875,241.85829162597656,848.0401611328125,181.27439880371094,757.4883422851562,171.50205993652344,831.1055908203125,110.46051025390625,786.7631225585938,104.21067810058594,816.5593872070312,422.6953430175781,766.2674560546875,419.79962158203125,821.7230224609375,546.2977905273438,765.9051513671875,535.6445922851562,818.7815551757812,659.7198486328125,768.5621337890625,645.7015991210938
880,29.333238403451997,804.5453491210938,209.47718811035156,814.6712646484375,202.51097106933594,794.705078125,201.98985290527344,828.182861328125,207.5309295654297,781.0901489257812,206.2552490234375,838.7590942382812,246.2507781982422,765.5503540039062,241.8745880126953,848.353271484375,181.2819366455078,757.4705810546875,171.6455841064453,830.9783325195312,110.48084259033203,786.9068603515625,104.41323852539062,816.8894653320312,422.7069091796875,766.119873046875,419.7789306640625,822.6373291015625,547.17626953125,765.2401733398438,536.2732543945312,820.1016235351562,660.9473266601562,767.5772094726562,646.5830078125
881,29.366571628910464,805.0897827148438,209.77438354492188,815.1959228515625,202.75770568847656,795.2340698242188,202.2586212158203,828.5214233398438,207.66036987304688,781.279052734375,206.41404724121094,839.0118408203125,246.22573852539062,765.5497436523438,242.32273864746094,848.9730224609375,180.6455841064453,757.3735961914062,172.33218383789062,831.2021484375,109.85226440429688,786.2523193359375,105.1468276977539,817.4161376953125,422.7073669433594,766.4515380859375,419.9477844238281,822.6961669921875,546.33251953125,764.5867919921875,535.6641235351562,820.7037963867188,659.676513671875,767.4331665039062,645.4833374023438
882,29.399904854368934,805.4329833984375,210.18685913085938,815.5448608398438,203.1614990234375,795.4976806640625,202.693603515625,829.0126342773438,208.03211975097656,781.5669555664062,206.94271850585938,839.203125,246.28457641601562,766.1849365234375,242.65126037597656,848.7383422851562,179.7436065673828,757.8152465820312,172.57521057128906,831.6576538085938,108.49750518798828,785.8584594726562,105.72769927978516,817.3128051757812,423.32171630859375,766.6807250976562,420.60235595703125,822.428466796875,546.7998046875,765.4794921875,535.9569091796875,819.9756469726562,660.5792236328125,768.1334838867188,645.8878173828125
883,29.4332380798274,805.5250854492188,210.0946502685547,815.6427612304688,203.0463409423828,795.62890625,202.50999450683594,828.8776245117188,207.9525604248047,781.3864135742188,206.59031677246094,839.2421264648438,246.56414794921875,765.4107666015625,242.59942626953125,848.2214965820312,181.00392150878906,756.83837890625,172.9007568359375,829.156494140625,110.49565124511719,784.3865966796875,106.57939910888672,817.8409423828125,423.17547607421875,766.6151733398438,420.31976318359375,823.0905151367188,546.4981689453125,764.4513549804688,535.4407958984375,820.9883422851562,660.0052490234375,767.592041015625,645.5194091796875
884,29.466571305285868,805.9915771484375,210.30810546875,816.1035766601562,203.18978881835938,795.9606323242188,202.70391845703125,829.1979370117188,208.0267791748047,781.2919311523438,206.74705505371094,839.2750244140625,246.79855346679688,765.0924072265625,242.94053649902344,847.9451293945312,181.93357849121094,756.3125,173.8249053955078,828.8624877929688,112.78504943847656,783.872802734375,107.99292755126953,817.6237182617188,423.0647277832031,766.2300415039062,420.2933044433594,822.9855346679688,546.2324829101562,764.3228759765625,535.2525024414062,820.5558471679688,659.4961547851562,767.51953125,645.0509643554688
885,29.499904530744338,806.5236206054688,210.7047882080078,816.6630249023438,203.46044921875,796.3642578125,203.05545043945312,829.910400390625,208.12387084960938,781.632568359375,207.0831756591797,839.7424926757812,246.79721069335938,765.67236328125,243.23773193359375,847.2652587890625,181.2218780517578,756.6322021484375,174.2019805908203,828.0990600585938,111.44889831542969,783.4034423828125,108.49784851074219,817.7913818359375,424.0016174316406,766.3812866210938,421.22222900390625,822.8194580078125,547.03759765625,764.1878662109375,535.5714721679688,820.5108032226562,660.5482788085938,767.3299560546875,645.1361694335938
886,29.533237756202805,806.7202758789062,210.716796875,816.853759765625,203.49964904785156,796.4818115234375,203.1015625,830.00634765625,208.28541564941406,781.437744140625,207.21188354492188,839.8369750976562,246.9000244140625,765.3914184570312,243.37942504882812,846.6641235351562,181.34751892089844,756.5076904296875,174.34620666503906,827.4791870117188,112.48126983642578,782.7656860351562,108.98197174072266,818.5741577148438,423.6105651855469,766.6719360351562,420.8170166015625,823.77099609375,546.5626220703125,762.9589233398438,534.7791748046875,821.9940795898438,659.6387939453125,765.9385375976562,643.856201171875
887,29.566570981661272,807.19921875,211.0968780517578,817.0393676757812,203.8153533935547,796.8817138671875,203.47427368164062,829.407470703125,208.43661499023438,781.109130859375,207.3672332763672,838.8040161132812,247.4646759033203,764.910400390625,243.45550537109375,846.787841796875,183.23587036132812,756.23828125,173.63705444335938,829.208984375,116.81077575683594,782.34912109375,108.05026245117188,817.7735595703125,424.3446350097656,766.5714111328125,421.61029052734375,822.7772827148438,547.3095703125,764.5088500976562,536.0393676757812,820.2958374023438,660.8890380859375,767.5833129882812,645.7310180664062
888,29.599904207119742,807.1536865234375,211.27960205078125,816.9765625,203.89859008789062,796.8833618164062,203.61978149414062,829.426513671875,208.16885375976562,781.2319946289062,207.28343200683594,838.885009765625,246.74557495117188,765.1825561523438,243.2468719482422,846.9962768554688,182.40817260742188,756.367431640625,174.37149047851562,829.0570678710938,115.98283386230469,781.4381713867188,109.61359405517578,817.6744384765625,424.0016174316406,766.5823974609375,421.365234375,822.4429321289062,546.8856811523438,764.302734375,535.6416015625,820.4843139648438,660.779296875,767.5695190429688,645.4808349609375
889,29.63323743257821,807.2989501953125,211.59451293945312,817.0110473632812,204.0953369140625,796.9462280273438,203.94793701171875,829.50634765625,208.06307983398438,781.3902587890625,207.5884552001953,838.704345703125,246.43226623535156,765.8466796875,243.42645263671875,846.4662475585938,181.63336181640625,756.3952026367188,174.92369079589844,828.1795043945312,114.8219985961914,780.5993041992188,110.67615509033203,817.2948608398438,423.9971008300781,766.82958984375,421.5411376953125,822.2279663085938,546.7932739257812,765.9985961914062,535.814697265625,819.7481689453125,659.7745971679688,768.7308349609375,644.4805908203125
890,29.66657065803668,807.3658447265625,211.59603881835938,816.9751586914062,203.99996948242188,796.9711303710938,203.93434143066406,829.3741455078125,207.84432983398438,781.335693359375,207.59974670410156,838.7871704101562,246.324462890625,765.8351440429688,243.72366333007812,846.52001953125,181.4140167236328,756.4013061523438,175.94187927246094,827.5147094726562,113.70895385742188,780.339111328125,111.75335693359375,817.5624389648438,424.3497619628906,767.03515625,421.99041748046875,822.1672973632812,547.0254516601562,765.9147338867188,536.0890502929688,819.9413452148438,660.33447265625,768.5999145507812,644.946044921875
891,29.699903883495146,807.6947021484375,211.36093139648438,817.212158203125,203.9178009033203,797.4445190429688,203.67648315429688,829.0918579101562,207.94712829589844,781.498291015625,207.17066955566406,838.1571044921875,246.67633056640625,765.4072875976562,243.38291931152344,846.6758422851562,182.0546875,756.2809448242188,174.95175170898438,828.2606201171875,115.05894470214844,781.352294921875,110.77234649658203,817.3015747070312,424.37042236328125,767.0343017578125,421.9153137207031,822.0288696289062,547.4874267578125,766.4948120117188,536.778076171875,819.218505859375,660.69091796875,769.210693359375,645.9293823242188
892,29.733237108953613,807.5343627929688,211.48895263671875,817.0953979492188,204.04061889648438,797.2947387695312,203.7152557373047,828.9342651367188,208.0208740234375,781.2033081054688,207.009033203125,837.7655639648438,246.8920135498047,765.1145629882812,243.24990844726562,846.1952514648438,182.1708221435547,756.2075805664062,174.5728302001953,827.4551391601562,115.5572509765625,780.85693359375,111.41018676757812,816.9603271484375,424.69842529296875,766.8270263671875,422.0753479003906,821.7321166992188,547.3303833007812,766.6348876953125,536.2733764648438,818.759521484375,660.7820434570312,769.6978759765625,645.7943115234375
893,29.766570334412084,807.1151733398438,211.43968200683594,816.4995727539062,203.9609375,796.7440185546875,203.82675170898438,828.380859375,208.02503967285156,780.6614990234375,207.59323120117188,837.848388671875,246.67849731445312,764.7554321289062,243.63156127929688,845.7618408203125,181.642333984375,756.1343994140625,175.10704040527344,826.0581665039062,114.9230728149414,779.5271606445312,112.12873840332031,816.833740234375,424.65118408203125,766.1583862304688,422.0715026855469,822.1550903320312,547.0450439453125,765.2337036132812,535.5133666992188,820.2402954101562,660.6265258789062,767.92724609375,644.545166015625
894,29.79990355987055,806.6672973632812,211.55760192871094,815.9407348632812,203.9971466064453,796.3243408203125,203.98193359375,827.8690795898438,207.79493713378906,780.6771240234375,207.68544006347656,837.3535766601562,246.3833465576172,765.3944702148438,243.43130493164062,845.4188232421875,182.1370086669922,756.4166870117188,175.63633728027344,826.9219360351562,115.20470428466797,778.6024780273438,112.71810150146484,816.165771484375,424.22625732421875,766.377197265625,421.6656494140625,821.4635620117188,547.0490112304688,766.5408325195312,535.5265502929688,819.6292114257812,660.596923828125,768.892822265625,644.4136962890625
895,29.833236785329017,805.9107666015625,211.30783081054688,815.3108520507812,203.76792907714844,795.6249389648438,203.76612854003906,827.630615234375,207.66757202148438,780.5913696289062,207.62338256835938,837.2373657226562,246.60809326171875,765.5811157226562,243.47109985351562,844.4576416015625,182.8100128173828,756.418212890625,175.65789794921875,825.1528930664062,115.47809600830078,778.8482666015625,112.7095718383789,815.6527099609375,424.26690673828125,766.107177734375,421.62237548828125,821.148681640625,547.4228515625,766.7723388671875,535.9095458984375,819.3035278320312,661.3012084960938,769.0462646484375,645.4205932617188
896,29.866570010787488,804.7638549804688,210.83009338378906,814.0869750976562,203.42808532714844,794.6294555664062,203.4572296142578,826.4494018554688,207.5557861328125,780.2918090820312,207.5813446044922,836.6320190429688,246.900634765625,765.4893188476562,243.50067138671875,844.3090209960938,184.4042205810547,755.9375610351562,175.8695831298828,825.86279296875,118.15446472167969,778.254150390625,112.83025360107422,815.3180541992188,423.9422607421875,766.2974243164062,421.26837158203125,821.007080078125,547.2885131835938,767.6358032226562,535.9159545898438,819.167724609375,660.8904418945312,769.8660888671875,645.4029541015625
897,29.899903236245954,804.5017700195312,210.63465881347656,814.0109252929688,203.31324768066406,794.5119018554688,203.23414611816406,826.58740234375,207.54539489746094,780.4043579101562,207.26248168945312,837.0291137695312,246.82810974121094,765.3580322265625,243.3239288330078,845.4492797851562,185.60691833496094,755.6607666015625,176.1299285888672,827.839599609375,121.2282943725586,777.9381713867188,112.52269744873047,815.8047485351562,423.2735595703125,766.3919067382812,420.6377258300781,821.7706298828125,547.4591674804688,766.819580078125,536.4127807617188,820.2666015625,660.422607421875,769.1486206054688,645.4996948242188
898,29.933236461704425,804.4437255859375,210.86334228515625,814.2327880859375,203.49661254882812,794.4993286132812,203.32888793945312,827.2738037109375,207.64791870117188,780.6721801757812,207.22039794921875,837.401123046875,246.70138549804688,765.6898803710938,243.6768341064453,845.1251220703125,184.04339599609375,755.8592529296875,176.73001098632812,827.1177978515625,118.62350463867188,777.877685546875,112.87113952636719,815.829345703125,423.8670654296875,766.224853515625,421.3230285644531,822.3318481445312,547.5560913085938,766.1857299804688,536.3555908203125,821.0543212890625,660.44384765625,768.6258544921875,645.3017578125
899,29.96656968716289,804.9190673828125,211.0692901611328,814.6436157226562,203.6250762939453,794.9869995117188,203.47341918945312,827.5377807617188,207.52438354492188,781.0410766601562,207.16387939453125,837.4959106445312,246.37469482421875,765.8594360351562,243.7939453125,845.4774780273438,182.91204833984375,755.5718383789062,177.23890686035156,827.6080322265625,116.7330322265625,777.8828735351562,113.15806579589844,815.8071899414062,423.3904113769531,766.36083984375,421.02239990234375,822.0142211914062,546.71533203125,766.5416870117188,535.774169921875,820.3106689453125,659.44189453125,768.7896728515625,644.4193725585938
900,29.99990291262136,804.4456787109375,210.9654998779297,814.1434936523438,203.504638671875,794.4716796875,203.43409729003906,827.1365356445312,207.39573669433594,780.7023315429688,207.24305725097656,837.2988891601562,246.35665893554688,765.78076171875,243.7328338623047,845.5747680664062,183.4141845703125,755.4632568359375,177.01011657714844,828.2386474609375,117.91492462158203,777.99169921875,112.98319244384766,815.4820556640625,423.0650329589844,766.16162109375,420.7306823730469,822.15380859375,546.8724975585938,767.0238647460938,536.0792236328125,820.5276489257812,659.6337890625,768.9801025390625,644.7437744140625
901,30.03323613807983,804.3839721679688,211.14712524414062,814.1026611328125,203.61318969726562,794.3513793945312,203.5921630859375,827.181396484375,207.41641235351562,780.5325927734375,207.39300537109375,837.2093505859375,246.32472229003906,765.8233642578125,243.78125,845.3963012695312,182.461181640625,755.8788452148438,176.56536865234375,827.7850952148438,116.18071746826172,778.2534790039062,112.95633697509766,815.01171875,423.5285339355469,765.7462158203125,421.13958740234375,821.3885498046875,546.4738159179688,766.5184326171875,535.451416015625,820.2097778320312,659.3869018554688,768.9336547851562,644.1080322265625
902,30.066569363538296,804.3436279296875,210.92376708984375,814.1284790039062,203.4595489501953,794.3820190429688,203.37115478515625,827.19580078125,207.39480590820312,780.5302124023438,207.11537170410156,837.3428344726562,246.24302673339844,765.5599365234375,243.37557983398438,845.49853515625,182.9481658935547,755.6676635742188,175.72723388671875,827.9916381835938,117.6904525756836,778.7638549804688,111.80902099609375,815.8034057617188,422.87091064453125,766.0990600585938,420.4655456542969,822.2874145507812,545.7867431640625,765.5718383789062,535.0160522460938,821.4140014648438,658.6926879882812,767.8718872070312,644.0258178710938
903,30.099902588996763,803.9600830078125,211.03741455078125,813.8177490234375,203.57757568359375,794.0531616210938,203.41958618164062,826.9906005859375,207.49240112304688,780.3706665039062,207.01800537109375,836.9942626953125,246.60565185546875,765.6527099609375,243.36703491210938,845.1692504882812,184.11886596679688,755.4580688476562,175.75155639648438,827.9489135742188,119.79208374023438,778.4486083984375,112.27754211425781,815.8895874023438,423.1119079589844,766.5844116210938,420.6615295410156,822.2735595703125,546.7160034179688,766.5006713867188,536.2245483398438,821.00634765625,659.5448608398438,768.6188354492188,645.5040893554688
904,30.133235814455233,803.8778686523438,210.8046875,813.5728149414062,203.4008331298828,794.0130615234375,203.25045776367188,826.4599609375,207.2769317626953,780.2173461914062,206.91310119628906,836.6362915039062,245.9971466064453,765.4144287109375,243.36512756347656,845.515869140625,182.9177703857422,755.330322265625,176.2158203125,827.4767456054688,117.81074523925781,778.716552734375,112.1048355102539,815.77001953125,422.7858581542969,766.581787109375,420.5773620605469,822.127197265625,546.3632202148438,766.9550170898438,536.3381958007812,820.4700317382812,659.0827026367188,768.8900756835938,645.3135986328125
905,30.1665690399137,803.8742065429688,210.557861328125,813.5642700195312,203.17930603027344,793.948974609375,203.0927276611328,826.4744262695312,207.31932067871094,780.1839599609375,207.07350158691406,836.8677368164062,246.60134887695312,765.1268310546875,243.6284637451172,845.3974609375,184.62818908691406,754.712158203125,176.3438720703125,827.2965698242188,120.64542388916016,777.7314453125,112.43893432617188,815.402099609375,422.8157653808594,765.9680786132812,420.4849853515625,822.0556640625,546.1646728515625,766.6396484375,535.9332885742188,820.5491333007812,658.91748046875,768.791259765625,645.03515625
906,30.19990226537217,803.52685546875,210.81101989746094,813.1276245117188,203.34397888183594,793.5447387695312,203.3051300048828,826.1287841796875,207.3835906982422,779.9397583007812,207.3538360595703,836.5262451171875,246.9706268310547,765.2498168945312,243.8951416015625,844.82861328125,184.0609893798828,754.402099609375,175.8868865966797,825.71142578125,118.76255798339844,777.6577758789062,112.60020446777344,814.7806396484375,423.87359619140625,765.8101196289062,421.4398193359375,820.9679565429688,546.7975463867188,767.609375,536.4260864257812,818.9661865234375,659.6028442382812,769.484130859375,645.2794189453125
907,30.233235490830637,803.5416259765625,211.14675903320312,813.2538452148438,203.67044067382812,793.5537719726562,203.61717224121094,826.4067993164062,207.51760864257812,779.7916259765625,207.50233459472656,837.0465698242188,246.18138122558594,764.90576171875,243.91043090820312,845.8831176757812,182.29603576660156,754.5894775390625,176.66476440429688,826.5280151367188,116.0535659790039,777.8577270507812,112.47228240966797,815.2447509765625,423.7215576171875,765.56982421875,421.48077392578125,821.3367919921875,546.3863525390625,766.4974975585938,535.892333984375,819.8278198242188,659.739501953125,769.3176879882812,644.922119140625
908,30.266568716289104,803.9973754882812,211.0313262939453,813.8556518554688,203.56549072265625,794.02734375,203.4600372314453,827.1165161132812,207.34329223632812,779.967529296875,207.22543334960938,837.9793701171875,244.94517517089844,764.4486083984375,243.6155242919922,846.4793090820312,179.39732360839844,754.1659545898438,176.7809295654297,826.0004272460938,113.09335327148438,776.9793090820312,112.22856140136719,816.2017211914062,422.7455749511719,765.2373657226562,420.6953125,822.4805297851562,544.9159545898438,763.6380004882812,534.1820068359375,821.57763671875,658.4904174804688,766.7307739257812,643.1359252929688
909,30.299901941747574,804.1378784179688,211.0367431640625,813.9568481445312,203.62753295898438,794.3003540039062,203.4149627685547,826.9627685546875,207.47019958496094,780.2554321289062,206.96189880371094,837.4695434570312,245.6401824951172,764.5011596679688,243.4033203125,846.5420532226562,182.45655822753906,753.7401123046875,177.21514892578125,827.605224609375,117.98157501220703,776.158935546875,113.26058959960938,815.9230346679688,423.027099609375,765.605712890625,420.8237609863281,821.8435668945312,545.505859375,765.1262817382812,535.0506591796875,820.26708984375,658.5784912109375,768.4547729492188,644.0386352539062
910,30.33323516720604,804.2030029296875,211.3004150390625,814.0196533203125,203.99554443359375,794.4100341796875,203.67845153808594,826.9601440429688,207.89976501464844,780.4112548828125,207.12750244140625,836.8513793945312,245.98794555664062,765.0316162109375,243.08810424804688,846.1148681640625,183.0086669921875,754.2697143554688,176.4912872314453,828.0082397460938,118.341796875,776.2600708007812,113.26512908935547,815.259765625,423.48406982421875,765.8955078125,421.10833740234375,821.053955078125,546.449951171875,767.336669921875,536.060546875,818.508056640625,659.6766967773438,770.6746826171875,645.484375
911,30.366568392664508,804.0326538085938,211.57421875,813.8236083984375,204.29885864257812,794.2439575195312,203.9877166748047,826.739990234375,208.2310791015625,780.241455078125,207.49989318847656,836.9950561523438,246.0967254638672,764.6290893554688,243.46572875976562,846.5811157226562,183.1572265625,753.8548583984375,177.02896118164062,829.0740356445312,119.12515258789062,775.910888671875,112.96714782714844,815.3908081054688,423.4980163574219,765.6632080078125,421.205078125,821.4674072265625,546.1212768554688,766.8595581054688,535.564697265625,818.8622436523438,659.3382568359375,770.2837524414062,644.6474609375
912,30.39990161812298,804.3172607421875,211.79873657226562,813.8256225585938,204.3968505859375,794.3978271484375,204.2954559326172,826.4071655273438,207.9688720703125,780.076904296875,207.7556610107422,836.65283203125,245.52464294433594,764.74755859375,243.25807189941406,846.5722045898438,182.72073364257812,753.8863525390625,176.9227752685547,829.3169555664062,118.63919067382812,775.4947509765625,113.02281188964844,815.1065063476562,423.3540344238281,765.8116455078125,421.2200622558594,820.3153686523438,546.3295288085938,767.6107177734375,536.0923461914062,817.6520385742188,660.36572265625,770.8484497070312,645.6512451171875
913,30.433234843581445,804.3905639648438,211.73448181152344,813.7236938476562,204.3113250732422,794.4002685546875,204.27835083007812,825.9307861328125,207.9225616455078,779.7424926757812,207.8214111328125,836.4193725585938,245.88784790039062,764.324951171875,243.61830139160156,846.7060546875,183.62704467773438,753.6510009765625,177.11270141601562,829.9235229492188,120.55110931396484,775.2750244140625,112.8542251586914,815.5235595703125,423.26568603515625,766.2009887695312,421.1852111816406,820.3418579101562,545.7620239257812,767.5880737304688,535.5635986328125,817.6934814453125,659.700439453125,770.8591918945312,644.9627685546875
914,30.466568069039916,804.2918701171875,211.74972534179688,813.8616333007812,204.32382202148438,794.3135375976562,204.21267700195312,826.4105834960938,207.96856689453125,779.732666015625,207.66954040527344,836.7642211914062,245.87063598632812,764.3018188476562,243.6247100830078,846.5232543945312,183.10540771484375,753.6702270507812,177.1071014404297,829.500244140625,119.83314514160156,775.0740966796875,113.01863861083984,815.7998657226562,423.20440673828125,766.0880126953125,421.0638122558594,820.6363525390625,545.5048828125,766.3228149414062,535.0615844726562,818.5679321289062,659.2570190429688,769.991455078125,644.3614501953125
915,30.499901294498382,804.2706909179688,211.6637725830078,813.6985473632812,204.22433471679688,794.2002563476562,204.21401977539062,826.03125,207.91346740722656,779.3623657226562,207.84573364257812,836.5137329101562,245.77537536621094,763.9310913085938,243.7068328857422,846.5010986328125,183.27134704589844,753.660400390625,177.28114318847656,829.6358642578125,120.16299438476562,775.1583862304688,112.96781921386719,815.6806640625,423.0387268066406,765.868896484375,421.00445556640625,820.5161743164062,545.51806640625,766.1218872070312,535.3221435546875,818.3909912109375,659.774658203125,769.5093994140625,645.1502685546875
916,30.53323451995685,804.6093139648438,211.64964294433594,814.1897583007812,204.2345428466797,794.4913330078125,204.13345336914062,826.8165893554688,207.9834747314453,779.6446533203125,207.8306121826172,836.9462890625,245.51626586914062,764.4022216796875,243.83010864257812,846.621826171875,180.61181640625,754.1212158203125,177.1372833251953,828.8438720703125,114.53810119628906,775.2695922851562,112.76392364501953,815.7841796875,423.1358947753906,765.9150390625,421.1166076660156,820.9102172851562,545.1543579101562,766.4251708984375,534.7982177734375,818.4902954101562,659.3878784179688,769.6647338867188,644.53076171875
917,30.56656774541532,804.7518920898438,211.65081787109375,814.2920532226562,204.2252197265625,794.6068115234375,204.2149658203125,826.9195556640625,208.06178283691406,779.8682861328125,208.12582397460938,837.0810546875,245.7593536376953,764.4744873046875,244.1538543701172,846.3118286132812,181.2518768310547,753.893310546875,177.6676483154297,828.8504638671875,115.57792663574219,774.9347534179688,113.29991149902344,815.4300537109375,423.0332946777344,765.5182495117188,421.0563049316406,820.9479370117188,545.5646362304688,766.23681640625,535.1612548828125,818.928955078125,659.7153930664062,769.3812866210938,644.7162475585938
918,30.599900970873787,804.222412109375,211.4867401123047,813.85693359375,204.09133911132812,794.227294921875,203.9739532470703,826.5189819335938,207.9228057861328,779.6840209960938,207.63792419433594,837.0505981445312,245.89788818359375,764.1049194335938,243.93380737304688,846.4757080078125,183.2878875732422,753.4312744140625,178.338134765625,829.33984375,119.1689224243164,774.8764038085938,113.67745971679688,816.1341552734375,422.5028991699219,765.9749145507812,420.4255065917969,821.28857421875,545.019287109375,765.2062377929688,534.5550537109375,819.5567626953125,658.6620483398438,768.54931640625,643.8179931640625
919,30.633234196332253,803.9383544921875,211.52395629882812,813.5171508789062,204.0780487060547,793.9300537109375,204.03712463378906,826.2579345703125,207.81011962890625,779.6182861328125,207.7759246826172,836.6526489257812,245.9239044189453,764.5604248046875,244.10076904296875,846.063720703125,183.0193634033203,753.40869140625,178.41232299804688,828.6051025390625,118.07877349853516,774.216552734375,114.08426666259766,815.6278686523438,422.7401428222656,766.1969604492188,420.73651123046875,820.4820556640625,545.7586669921875,766.5778198242188,535.6845092773438,818.5576171875,659.1988525390625,769.72021484375,644.8178100585938
920,30.666567421790724,804.0393676757812,211.87741088867188,813.724853515625,204.3767547607422,794.04638671875,204.31227111816406,826.5906372070312,208.06459045410156,779.760009765625,207.96888732910156,837.017578125,246.2110137939453,764.5947875976562,244.58358764648438,845.9640502929688,182.70843505859375,753.6199951171875,178.78692626953125,828.0524291992188,117.63656616210938,774.2100830078125,114.26895904541016,815.9940185546875,422.9653015136719,766.1608276367188,420.95208740234375,821.2391357421875,545.477783203125,765.2933349609375,535.0725708007812,820.0806884765625,658.70654296875,768.5120849609375,643.9199829101562
921,30.69990064724919,803.5862426757812,211.82586669921875,813.1588134765625,204.34027099609375,793.8114624023438,204.13766479492188,825.6475219726562,207.77337646484375,779.5956420898438,207.35011291503906,835.7357177734375,246.05943298339844,764.337646484375,244.34059143066406,846.0922241210938,182.80860900878906,753.138427734375,178.9551239013672,828.8593139648438,117.93663024902344,773.6826782226562,114.27935028076172,814.9734497070312,422.6606750488281,766.3115844726562,420.7424011230469,819.5961303710938,545.4388427734375,767.3659057617188,535.5939331054688,817.5577392578125,658.739501953125,770.9861450195312,644.6781005859375
922,30.73323387270766,803.2220458984375,211.78329467773438,812.73095703125,204.21319580078125,793.3692016601562,204.1098175048828,825.2088623046875,207.60284423828125,779.1426391601562,207.38609313964844,835.3250732421875,246.46463012695312,764.3101806640625,244.39646911621094,846.0758056640625,184.42825317382812,753.2318115234375,178.37083435058594,829.3556518554688,120.52010345458984,773.8795166015625,113.15047454833984,814.6470336914062,422.7320556640625,766.2633056640625,420.7889709472656,819.2098388671875,545.0778198242188,767.4578247070312,535.5932006835938,817.43212890625,657.6532592773438,770.8093872070312,644.0284423828125
923,30.766567098166128,803.142333984375,211.4571990966797,812.5077514648438,203.69839477539062,793.1121826171875,203.8192596435547,824.9370727539062,206.81414794921875,778.6735229492188,207.1094512939453,835.2299194335938,245.7172088623047,764.1580810546875,243.92538452148438,845.2117309570312,183.87295532226562,753.13330078125,177.49310302734375,827.997314453125,119.65054321289062,774.1179809570312,111.60986328125,815.284423828125,422.064208984375,766.6482543945312,420.29229736328125,819.7442016601562,544.7866821289062,766.934326171875,535.608642578125,818.688720703125,657.6030883789062,769.693603515625,644.1942138671875
924,30.799900323624595,802.8878173828125,211.85411071777344,812.3532104492188,203.8773956298828,792.5733032226562,204.00892639160156,825.2054443359375,206.69113159179688,777.728759765625,207.22174072265625,835.1393432617188,245.43458557128906,764.1106567382812,244.1286163330078,844.8935546875,180.6993865966797,753.5482177734375,176.73033142089844,825.22509765625,113.0771484375,773.21337890625,111.13756561279297,815.0443725585938,422.77801513671875,766.3994750976562,420.9721374511719,819.3422241210938,545.154541015625,767.5543212890625,535.7176513671875,817.7236328125,657.4176635742188,770.2265014648438,643.44873046875
925,30.833233549083065,802.8614501953125,211.9990234375,812.231201171875,203.8480682373047,792.3628540039062,204.11195373535156,825.0181884765625,206.4126739501953,777.1634521484375,207.34176635742188,834.59912109375,245.22926330566406,764.2235717773438,244.425048828125,844.474365234375,180.36631774902344,753.4794311523438,177.8706817626953,824.1478271484375,112.24768829345703,771.7411499023438,113.55044555664062,814.4857788085938,423.5580139160156,766.4749755859375,421.8941345214844,817.5695190429688,545.21435546875,768.375,536.1747436523438,815.7383422851562,658.1128540039062,771.3133544921875,644.3672485351562
926,30.866566774541532,803.10595703125,211.99581909179688,812.6883544921875,203.8014678955078,792.588134765625,204.0175018310547,825.8128051757812,206.38478088378906,777.2242431640625,207.20175170898438,835.7831420898438,244.6900177001953,763.7960205078125,244.28201293945312,844.6444091796875,178.88999938964844,753.3602294921875,177.96084594726562,822.6557006835938,109.84171295166016,771.621826171875,113.49974822998047,815.8644409179688,423.13751220703125,766.3003540039062,421.44329833984375,819.1234130859375,544.6173706054688,765.0551147460938,535.065673828125,818.7158813476562,657.8154296875,768.2762451171875,643.4346923828125
927,30.8999,802.988037109375,212.139892578125,812.5257568359375,203.9505615234375,792.4491577148438,204.16949462890625,825.7003784179688,206.5113067626953,777.2859497070312,207.40748596191406,835.0767822265625,245.04933166503906,764.5147705078125,244.28256225585938,844.7633056640625,179.70101928710938,753.5399780273438,178.06076049804688,823.3698120117188,109.12394714355469,771.4454956054688,113.5196533203125,814.5489501953125,423.7484436035156,766.2765502929688,422.04583740234375,817.6614990234375,545.468017578125,768.2162475585938,536.6089477539062,815.8685302734375,658.147705078125,771.1365966796875,644.724365234375
