frame,time_s,nose_x,nose_y,l_eye_x,l_eye_y,r_eye_x,r_eye_y,l_ear_x,l_ear_y,r_ear_x,r_ear_y,l_shoulder_x,l_shoulder_y,r_shoulder_x,r_shoulder_y,l_elbow_x,l_elbow_y,r_elbow_x,r_elbow_y,l_wrist_x,l_wrist_y,r_wrist_x,r_wrist_y,l_hip_x,l_hip_y,r_hip_x,r_hip_y,l_knee_x,l_knee_y,r_knee_x,r_knee_y,l_ankle_x,l_ankle_y,r_ankle_x,r_ankle_y
1,0.03333326758711374,748.4692993164062,239.01463317871094,756.1784057617188,232.0030059814453,739.36083984375,230.39915466308594,761.388427734375,238.16049194335938,717.2145385742188,234.10911560058594,764.3360595703125,294.54449462890625,690.75439453125,291.29278564453125,769.4132690429688,360.7615661621094,656.5226440429688,359.7076110839844,778.22265625,416.0027160644531,653.0287475585938,424.0636901855469,751.9491577148438,432.931884765625,704.0718383789062,432.5823669433594,746.9171142578125,529.8010864257812,694.64892578125,534.4307250976562,719.1918334960938,608.4998168945312,673.1173095703125,624.33935546875
2,0.06666653517422748,743.3228149414062,238.31832885742188,751.3366088867188,231.44224548339844,733.8078002929688,229.65289306640625,758.3202514648438,237.88124084472656,712.156982421875,233.76841735839844,763.5498046875,292.9117431640625,685.6575927734375,291.59796142578125,771.585205078125,355.9180908203125,653.8883056640625,362.1368713378906,780.391357421875,411.7290344238281,657.275634765625,428.2620544433594,751.989990234375,430.1651611328125,700.45263671875,431.1046142578125,760.4198608398438,526.5218505859375,697.8900146484375,533.351318359375,726.8971557617188,605.2149658203125,668.3612060546875,624.5894775390625
3,0.09999980276134121,741.8662109375,238.5931854248047,750.031005859375,231.39251708984375,732.2264404296875,229.9594268798828,757.6914672851562,237.41917419433594,711.04541015625,233.95480346679688,763.8404541015625,291.9852294921875,683.870361328125,291.7152099609375,773.7977294921875,354.8020324707031,651.1451416015625,362.1933288574219,781.546875,410.9249267578125,661.8767700195312,428.0966796875,753.7345581054688,428.91680908203125,700.5001831054688,431.3432922363281,766.954833984375,521.7925415039062,700.2225341796875,533.4150390625,734.7059326171875,598.6051635742188,669.9496459960938,624.6275024414062
4,0.13333307034845496,740.9793090820312,238.32217407226562,749.0635986328125,230.35780334472656,731.6182861328125,229.64508056640625,756.9765014648438,236.86041259765625,711.27099609375,233.8528289794922,766.9682006835938,290.95074462890625,683.1113891601562,292.21337890625,778.16845703125,352.0832214355469,648.7698364257812,362.421630859375,786.6380615234375,408.53338623046875,673.67578125,427.01715087890625,765.07275390625,429.9989013671875,708.2064208984375,434.2745361328125,778.2694702148438,523.1580810546875,699.1168823242188,535.2792358398438,761.77978515625,609.46484375,678.2161865234375,629.5696411132812
5,0.1666663379355687,741.0068359375,238.03443908691406,749.083984375,230.07510375976562,731.6434936523438,229.29820251464844,757.052001953125,236.61773681640625,711.3583374023438,233.4677734375,767.39208984375,290.9513244628906,682.95166015625,291.77069091796875,778.4027099609375,352.3699035644531,648.4658203125,362.0669250488281,786.9013671875,408.94354248046875,673.6312255859375,427.4197998046875,765.3239135742188,430.58709716796875,708.0881958007812,434.54718017578125,778.165771484375,524.59326171875,698.6121215820312,535.6845092773438,761.7308959960938,611.4677124023438,677.78125,629.9908447265625
6,0.19999960552268242,740.9229736328125,237.98788452148438,749.0617065429688,230.00779724121094,731.5440673828125,229.26023864746094,757.1903076171875,236.46807861328125,711.2949829101562,233.36935424804688,767.4254150390625,290.6195373535156,683.0392456054688,291.6168518066406,778.8278198242188,352.09765625,648.610595703125,362.0484619140625,787.4481201171875,408.7210388183594,673.9249267578125,427.2381591796875,765.3372802734375,430.0060119628906,708.1329345703125,434.1456298828125,778.4088745117188,523.4257202148438,698.8557739257812,535.2607421875,761.7698364257812,610.4859619140625,677.8587036132812,630.1964721679688
7,0.23333287310979617,741.56884765625,237.5891571044922,749.4883422851562,229.23648071289062,732.4819946289062,228.8703155517578,757.8982543945312,235.49998474121094,713.4508666992188,233.4563751220703,771.688232421875,290.3160400390625,685.0310668945312,292.6540832519531,785.374755859375,352.5827331542969,655.7908935546875,363.12353515625,792.0660400390625,410.1585693359375,680.7706298828125,422.2166442871094,768.987060546875,431.27130126953125,709.419921875,434.96759033203125,784.34716796875,528.3685302734375,695.970947265625,534.4559936523438,782.9317626953125,618.7430419921875,682.3265991210938,626.65673828125
8,0.2666661406969099,743.4721069335938,238.24185180664062,751.3777465820312,230.0245819091797,734.4495849609375,229.5869598388672,759.8125,236.6865692138672,715.5565185546875,234.54290771484375,773.7529907226562,291.69232177734375,687.3419799804688,294.01702880859375,788.4786987304688,352.61834716796875,659.4884033203125,363.47943115234375,795.431884765625,410.6238708496094,685.0719604492188,422.8594665527344,770.3060302734375,432.259033203125,710.7666625976562,435.684326171875,785.85791015625,528.5253295898438,695.8637084960938,533.636474609375,785.8429565429688,620.0987548828125,681.9252319335938,626.235107421875
9,0.29999940828402366,746.3524780273438,238.83836364746094,753.9616088867188,230.477294921875,737.0470581054688,230.19894409179688,762.3413696289062,237.017822265625,717.6386108398438,235.4090118408203,777.624267578125,292.8269348144531,689.98193359375,295.392578125,793.5831298828125,355.6185302734375,665.572265625,366.16583251953125,799.5858154296875,414.02032470703125,690.3238525390625,423.7509765625,772.7967529296875,434.3855285644531,712.54150390625,437.2655029296875,786.8585815429688,530.61328125,696.63720703125,533.3255004882812,787.115234375,622.126708984375,683.301513671875,624.0186157226562
10,0.3333326758711374,749.5082397460938,239.55828857421875,757.7332153320312,230.94415283203125,740.2062377929688,230.76564025878906,766.86669921875,237.46348571777344,721.1795043945312,236.14744567871094,782.3717651367188,293.735107421875,693.5809326171875,295.9043273925781,798.8677978515625,357.23773193359375,669.92626953125,366.0476379394531,803.3565063476562,417.7139892578125,693.3822631835938,425.0963134765625,773.9290161132812,435.52508544921875,712.8405151367188,437.8702087402344,789.0768432617188,532.6760864257812,697.8755493164062,534.3187866210938,791.9384155273438,623.3742065429688,684.6522216796875,624.033203125
11,0.36666594345825115,751.0045776367188,240.5550994873047,759.526611328125,231.89060974121094,741.7935791015625,231.93679809570312,770.3569946289062,237.9201202392578,725.1541137695312,237.29550170898438,787.9984741210938,294.2029724121094,699.0296630859375,296.6781921386719,802.6679077148438,357.8326721191406,674.6995239257812,366.12322998046875,804.5172729492188,419.32470703125,696.6080322265625,425.4887390136719,777.7769775390625,437.27545166015625,716.7578125,439.1922912597656,791.50244140625,534.965087890625,700.6296997070312,535.6263427734375,792.4590454101562,622.7329711914062,685.3324584960938,622.4210205078125
12,0.39999921104536484,751.1031494140625,240.6468963623047,759.649169921875,232.00909423828125,741.8984985351562,232.0274658203125,770.4817504882812,238.04478454589844,725.1950073242188,237.355712890625,788.0858154296875,294.1561584472656,698.9352416992188,296.762939453125,802.8261108398438,357.6673583984375,674.7797241210938,366.5733947753906,804.4957885742188,419.1952209472656,697.2222290039062,426.0249328613281,777.7899169921875,437.03546142578125,716.64990234375,439.00860595703125,791.51806640625,534.7052001953125,700.5601806640625,535.4609375,792.234130859375,622.5416870117188,685.3800048828125,622.3458251953125
13,0.4333324786324786,750.8643798828125,240.63192749023438,759.5145263671875,232.0099334716797,741.6336669921875,232.02772521972656,770.6394653320312,238.16046142578125,725.1395874023438,237.4523162841797,788.3067016601562,294.4626770019531,699.0492553710938,296.8079833984375,802.736083984375,357.8377380371094,674.4820556640625,366.0915222167969,804.3536987304688,419.54736328125,697.3739013671875,426.1538391113281,778.0535278320312,437.1524963378906,716.8884887695312,439.0514221191406,791.6105346679688,534.7824096679688,700.8849487304688,535.5167846679688,792.2462158203125,622.24755859375,685.7457275390625,622.0653686523438
14,0.46666574621959234,761.3590698242188,238.8466033935547,769.3865966796875,230.1760711669922,751.9857788085938,230.5154571533203,779.5974731445312,236.50686645507812,735.366455078125,236.58189392089844,798.4042358398438,294.0358581542969,709.1281127929688,295.52386474609375,814.5298461914062,358.34619140625,682.11474609375,363.774169921875,814.5913696289062,417.1560363769531,702.9977416992188,423.9560241699219,786.0982666015625,436.0483093261719,725.609130859375,436.97454833984375,793.2973022460938,535.6423950195312,706.2157592773438,535.3091430664062,792.1563720703125,622.4749145507812,688.833984375,621.2040405273438
15,0.4999990138067061,766.4638061523438,238.96141052246094,774.8462524414062,230.5507049560547,757.1569213867188,230.55564880371094,785.135986328125,237.1349639892578,739.8659057617188,236.47921752929688,802.29443359375,294.68017578125,714.1139526367188,296.0436096191406,818.89013671875,360.0254211425781,689.8366088867188,364.6120300292969,819.3535766601562,420.4835510253906,707.523193359375,423.2081298828125,788.9197998046875,436.0083923339844,729.08447265625,436.7967529296875,795.3580932617188,536.304931640625,708.8738403320312,536.778076171875,792.7030639648438,622.4359130859375,691.4058227539062,623.4874267578125
16,0.5333322813938198,775.1226196289062,238.05657958984375,783.1585693359375,229.3689727783203,765.54736328125,229.35623168945312,791.9937133789062,235.6210174560547,748.8460693359375,235.9230194091797,810.9586181640625,293.91802978515625,723.6693725585938,294.1180725097656,830.3548583984375,361.0492248535156,696.9922485351562,363.1103820800781,833.1322631835938,420.1983337402344,708.7975463867188,423.28228759765625,795.8778686523438,433.68719482421875,736.3649291992188,432.69244384765625,796.155517578125,535.3491821289062,718.127685546875,531.6533203125,793.1428833007812,623.6185302734375,701.7802734375,619.8323974609375
17,0.5666655489809336,779.7257690429688,237.79551696777344,787.9172973632812,229.17454528808594,769.9981079101562,229.25057983398438,796.959716796875,235.84719848632812,753.2378540039062,236.26217651367188,815.0421752929688,294.6970520019531,728.6776733398438,293.9896545410156,834.5624389648438,361.8758239746094,700.9157104492188,360.4077453613281,838.0474243164062,421.76556396484375,709.1993408203125,420.7225341796875,798.4342041015625,434.0783386230469,739.9985961914062,432.7588195800781,796.1126098632812,535.4785766601562,723.213623046875,532.1604614257812,792.4310913085938,623.5923461914062,708.5806274414062,620.800537109375
18,0.5999988165680473,783.4044799804688,237.34210205078125,791.5083618164062,228.64892578125,773.567626953125,228.92330932617188,800.5721435546875,235.0021514892578,756.8558349609375,235.9977264404297,818.4446411132812,293.4336242675781,732.901123046875,293.5388488769531,837.3462524414062,360.362548828125,705.2835083007812,359.8150939941406,840.2197875976562,424.7933654785156,710.7844848632812,422.6707458496094,800.9909057617188,433.1095886230469,743.69970703125,431.9540100097656,796.7255249023438,535.2742309570312,729.631591796875,531.4166259765625,793.027587890625,624.5390014648438,718.1968994140625,620.1903686523438
19,0.6333320841551611,786.2098388671875,238.30345153808594,794.1923828125,230.02574157714844,776.6593627929688,230.4508514404297,804.8192138671875,234.30239868164062,759.9295654296875,235.34494018554688,821.6327514648438,290.7884216308594,737.0886840820312,292.43304443359375,839.7051391601562,358.3448181152344,711.9014892578125,360.3973693847656,838.7717895507812,423.9153137207031,716.0291137695312,424.12677001953125,802.3092041015625,432.5997009277344,747.2935180664062,432.42413330078125,800.9774780273438,533.0137939453125,737.382568359375,530.620361328125,796.6030883789062,621.8997192382812,730.034423828125,618.834228515625
20,0.6666653517422748,786.8562622070312,237.67034912109375,795.755615234375,229.60089111328125,777.672607421875,229.84967041015625,807.858642578125,234.2177276611328,762.5717163085938,234.69024658203125,823.6961059570312,291.364990234375,740.5136108398438,292.3127746582031,841.492919921875,360.39727783203125,714.2169799804688,360.9047546386719,840.6591186523438,423.84405517578125,717.8174438476562,423.978759765625,803.8469848632812,432.87738037109375,750.3689575195312,432.86328125,800.3829345703125,533.0433959960938,743.2183227539062,533.0516967773438,795.9590454101562,622.1610107421875,740.46826171875,624.404541015625
21,0.6999986193293886,789.14990234375,237.0245361328125,798.447021484375,229.091064453125,779.9815063476562,228.9940948486328,811.1986694335938,234.50901794433594,765.246826171875,234.24485778808594,826.6774291992188,293.13177490234375,743.1090698242188,292.42193603515625,843.6480102539062,363.22613525390625,716.3445434570312,362.0816955566406,842.3706665039062,422.65667724609375,720.3630981445312,425.8440246582031,805.72802734375,433.30084228515625,752.3715209960938,432.3687744140625,801.1373291015625,533.0669555664062,746.8532104492188,530.76953125,796.6759643554688,622.0834350585938,746.638427734375,621.3731689453125
22,0.7333318869165023,791.5340576171875,237.24557495117188,801.0125122070312,229.52418518066406,782.4679565429688,229.00286865234375,813.5503540039062,235.05154418945312,767.0965576171875,233.83607482910156,828.7644653320312,293.3810729980469,744.1532592773438,292.2569885253906,846.4766235351562,363.1693115234375,717.9705200195312,362.6208801269531,844.0508422851562,422.3053894042969,722.2006225585938,426.1463317871094,807.9282836914062,433.2273254394531,754.2984619140625,431.95562744140625,801.8179931640625,533.9264526367188,749.9330444335938,530.2189331054688,796.8164672851562,623.8171997070312,753.1725463867188,620.90185546875
23,0.766665154503616,793.76220703125,237.38800048828125,803.2410278320312,229.96726989746094,784.7659912109375,229.11839294433594,815.2963256835938,235.96707153320312,768.8335571289062,233.8740997314453,829.9415283203125,294.6224670410156,745.5296020507812,292.1488037109375,847.9973754882812,363.8554382324219,719.3140258789062,360.6837463378906,846.0445556640625,422.1581115722656,722.3980102539062,423.53778076171875,809.91015625,434.1611328125,756.7578735351562,432.3663635253906,802.3099365234375,535.2158813476562,753.0159912109375,530.8082275390625,795.767822265625,623.16943359375,757.4918212890625,620.002197265625
24,0.7999984220907297,793.2141723632812,237.3612823486328,802.8638305664062,229.92611694335938,784.2091674804688,229.1082000732422,815.4312744140625,235.89109802246094,768.6871948242188,233.85020446777344,830.0277099609375,294.6134033203125,745.8331298828125,291.8356628417969,848.0076293945312,363.8441162109375,719.2020263671875,359.6471862792969,846.2003173828125,422.0667419433594,722.2799682617188,422.9757385253906,809.6820678710938,433.95953369140625,756.6573486328125,432.1316223144531,802.4163208007812,534.8023681640625,753.2176513671875,531.0206909179688,795.4542236328125,622.591552734375,756.9441528320312,620.786376953125
25,0.8333316896778434,793.3062744140625,236.92320251464844,802.9715576171875,229.46533203125,784.3336791992188,228.70997619628906,815.5265502929688,235.41871643066406,768.8590698242188,233.4209747314453,829.8595581054688,294.2977294921875,745.9898681640625,291.2322692871094,847.9959716796875,364.0634460449219,718.98193359375,358.55859375,846.0711059570312,422.4602355957031,722.1182250976562,422.297119140625,809.5198364257812,433.66973876953125,756.6471557617188,431.92852783203125,802.4441528320312,534.1436157226562,753.1658325195312,531.4365844726562,795.794921875,621.566650390625,756.4606323242188,621.7327270507812
26,0.8666649572649572,795.1715087890625,237.47560119628906,805.0808715820312,230.2178192138672,786.259033203125,229.17503356933594,817.7192993164062,236.3662109375,770.5537109375,233.8295440673828,831.6484985351562,294.3385009765625,747.5809326171875,292.0636901855469,850.3366088867188,361.4730224609375,720.261474609375,358.8548583984375,850.402099609375,421.4159851074219,720.4950561523438,421.1783447265625,811.2906494140625,433.7777099609375,758.640869140625,432.1478576660156,803.1238403320312,533.5426635742188,755.4234619140625,530.1694946289062,794.4976196289062,623.0097045898438,760.0342407226562,622.0210571289062
27,0.8999982248520709,796.4946899414062,237.2729949951172,806.098388671875,229.9292755126953,787.9466552734375,228.85069274902344,817.7803955078125,236.942138671875,771.6160278320312,233.65921020507812,833.0609741210938,293.6642150878906,748.3694458007812,292.4820861816406,850.8506469726562,359.2296447753906,719.8048095703125,360.3360290527344,850.5619506835938,421.26007080078125,718.3944702148438,423.2291564941406,815.0087890625,433.0074157714844,761.2677612304688,431.9902648925781,803.8585205078125,533.3687133789062,756.3428955078125,529.7289428710938,793.4821166992188,623.735595703125,760.4251708984375,619.6254272460938
28,0.9333314924391847,797.9959106445312,237.7052001953125,807.4546508789062,230.19541931152344,789.220947265625,229.2651824951172,818.7214965820312,236.81800842285156,772.1311645507812,233.84434509277344,833.6453857421875,293.27044677734375,748.3360595703125,292.6756896972656,851.5887451171875,358.4677429199219,717.96875,360.98583984375,852.7377319335938,419.1625671386719,714.4588012695312,424.6537780761719,816.1453247070312,433.97503662109375,761.824462890625,433.42779541015625,805.6551513671875,534.044189453125,755.2841186523438,532.0936889648438,794.0379028320312,623.4591674804688,756.7029418945312,622.5807495117188
29,0.9666647600262984,797.4351806640625,237.8313446044922,807.0911865234375,230.3439178466797,788.6912231445312,229.297119140625,818.7241821289062,236.96109008789062,771.84423828125,233.78701782226562,833.520263671875,293.0386047363281,748.0603637695312,292.5923767089844,851.691650390625,357.3108825683594,716.84033203125,360.4506530761719,853.1550903320312,417.03033447265625,713.0498046875,422.622314453125,815.7042846679688,433.5444641113281,761.2645263671875,433.1166076660156,806.240966796875,533.0857543945312,755.0997314453125,531.6599731445312,793.49560546875,622.6040649414062,755.3350830078125,622.5821533203125
30,0.9999980276134122,796.553466796875,238.16143798828125,806.2276611328125,230.66880798339844,787.83154296875,229.58883666992188,817.9984130859375,237.2429656982422,771.2154541015625,234.04977416992188,833.0731811523438,293.4309997558594,747.6918334960938,292.56787109375,851.13427734375,357.8878479003906,715.9896850585938,359.64013671875,852.7692260742188,417.0205993652344,710.4988403320312,420.2274475097656,815.05810546875,433.1966552734375,760.83251953125,432.42962646484375,805.3839111328125,532.9034423828125,755.2748413085938,530.231201171875,793.12255859375,622.199951171875,756.4981689453125,620.218505859375
31,1.0333312952005258,794.6914672851562,238.0660400390625,804.89306640625,230.54473876953125,786.0236206054688,229.41566467285156,817.8009033203125,237.09149169921875,770.1858520507812,233.8646240234375,832.8224487304688,292.9607238769531,747.3466796875,292.5621032714844,850.6962280273438,356.72796630859375,715.3650512695312,359.00018310546875,852.2261352539062,417.1068420410156,708.5341796875,418.6808166503906,814.0269775390625,432.7465515136719,759.6845092773438,432.1636047363281,805.2974243164062,532.9039916992188,754.7943725585938,530.6300659179688,793.7920532226562,622.5335083007812,756.7785034179688,620.9827270507812
32,1.0666645627876397,794.203369140625,238.160400390625,804.257568359375,230.7626953125,785.1729736328125,229.81101989746094,817.0347290039062,236.27540588378906,769.1135864257812,234.0462188720703,831.1749267578125,292.929443359375,745.8605346679688,292.6039123535156,850.6944580078125,357.97613525390625,715.360595703125,358.9579162597656,852.754150390625,417.1965026855469,708.9827270507812,417.0104675292969,811.6929931640625,433.5621337890625,758.2540893554688,432.8853454589844,804.769775390625,533.2404174804688,753.8924560546875,532.0828247070312,794.0884399414062,621.7965698242188,756.3469848632812,624.6227416992188
33,1.0999978303747533,793.1459350585938,238.27468872070312,803.0266723632812,230.77926635742188,784.0042114257812,230.0283203125,815.7600708007812,235.9821319580078,768.1244506835938,234.163818359375,829.7598876953125,292.5506896972656,745.52001953125,292.1283874511719,848.4985961914062,358.2484436035156,715.0551147460938,359.1076965332031,853.568603515625,418.21929931640625,709.1068115234375,418.89434814453125,811.22265625,433.0600891113281,758.402587890625,432.4285583496094,804.568359375,532.7054443359375,754.4307250976562,531.0787963867188,794.2713623046875,621.8587036132812,756.4689331054688,623.9200439453125
34,1.1333310979618672,792.2676391601562,238.21762084960938,801.939697265625,230.6398468017578,783.029052734375,229.97622680664062,814.4677734375,235.6840362548828,767.0013427734375,234.13014221191406,828.5601806640625,292.4674072265625,744.8421020507812,292.1279602050781,847.0838012695312,359.10595703125,714.91845703125,360.1506652832031,853.19775390625,419.646240234375,709.2034912109375,420.89019775390625,810.6788940429688,432.8297424316406,758.27001953125,432.19073486328125,803.4622802734375,532.6445922851562,754.570068359375,530.3569946289062,793.765869140625,622.36669921875,756.9884643554688,622.835693359375
35,1.1666643655489808,790.1522216796875,237.70120239257812,799.8493041992188,230.0501251220703,780.9698486328125,229.46710205078125,812.7724609375,235.1473388671875,765.677001953125,233.8380584716797,827.5485229492188,292.51153564453125,743.9668579101562,292.2724609375,845.721435546875,360.5412292480469,713.7266845703125,361.77752685546875,852.35986328125,421.68060302734375,708.9481201171875,423.62750244140625,810.0836791992188,433.1872863769531,757.87109375,432.55474853515625,802.2957763671875,533.574951171875,754.2205810546875,530.7742919921875,793.796142578125,624.0718383789062,757.4076538085938,623.161865234375
36,1.1999976331360946,790.7001953125,237.70680236816406,800.300537109375,230.04013061523438,781.466064453125,229.484130859375,812.9470825195312,235.0262908935547,765.7860717773438,233.71499633789062,827.4818725585938,292.2987365722656,743.966064453125,291.8291931152344,845.8954467773438,360.222900390625,713.75830078125,360.559326171875,852.322509765625,421.9231872558594,709.0338745117188,422.7872009277344,810.1133422851562,432.9440612792969,757.9611206054688,432.2917785644531,801.96923828125,533.3858032226562,754.2540893554688,530.98388671875,793.0728759765625,623.9489135742188,757.0740966796875,623.7874145507812
37,1.2333309007232083,790.9307861328125,237.72970581054688,800.5165405273438,230.09970092773438,781.731201171875,229.48873901367188,813.042236328125,235.1641845703125,765.9699096679688,233.73480224609375,827.6262817382812,292.4416809082031,743.81591796875,291.9838562011719,846.0214233398438,360.3320007324219,713.5496215820312,360.9523620605469,852.4192504882812,421.9909973144531,709.2088623046875,422.87017822265625,810.2319946289062,433.15057373046875,757.9298095703125,432.46942138671875,801.910400390625,533.6626586914062,754.1738891601562,530.9427490234375,793.0252685546875,624.1925048828125,757.4481201171875,623.408447265625
38,1.2666641683103221,785.6416625976562,238.04092407226562,795.1466674804688,230.18453979492188,776.342529296875,229.988525390625,808.4373168945312,235.0099334716797,761.6104125976562,234.55230712890625,825.18994140625,292.4090881347656,740.2830810546875,292.5859680175781,846.1007690429688,359.41131591796875,708.7730102539062,360.3370666503906,855.5455932617188,422.44696044921875,708.3501586914062,423.5003662109375,809.1779174804688,433.1866455078125,756.421875,433.0251159667969,800.9453735351562,533.9790649414062,753.1493530273438,532.0662841796875,794.1458740234375,624.9215087890625,756.7051391601562,623.880615234375
39,1.2999974358974358,785.073486328125,238.40023803710938,794.4739379882812,230.4058380126953,776.0933227539062,229.91644287109375,806.84765625,236.1702880859375,760.3331909179688,234.35560607910156,824.4589233398438,292.0380554199219,738.5103759765625,292.05218505859375,846.4082641601562,355.34661865234375,704.642578125,357.97381591796875,857.3268432617188,417.4589538574219,706.912109375,421.66839599609375,811.9776611328125,431.9195556640625,757.7161865234375,432.2015686035156,801.5277709960938,534.1288452148438,752.8487548828125,532.3145141601562,793.0745849609375,624.1102294921875,756.2079467773438,620.4456787109375
40,1.3333307034845496,783.7881469726562,238.76895141601562,792.6597290039062,231.05230712890625,774.383056640625,230.630859375,803.6862182617188,236.6114959716797,757.661376953125,235.21697998046875,821.6182861328125,292.755126953125,729.7920532226562,292.1407165527344,849.687744140625,346.8520202636719,691.2628173828125,348.4218444824219,866.211181640625,398.91339111328125,707.5518188476562,397.6065673828125,807.11279296875,434.5384216308594,750.849853515625,435.3792419433594,802.0777587890625,535.4469604492188,751.9850463867188,535.4854125976562,793.447509765625,623.5234985351562,756.210693359375,622.4243774414062
41,1.3666639710716633,783.0431518554688,239.14877319335938,791.704833984375,231.01492309570312,773.5084228515625,230.5022430419922,800.9797973632812,236.9889678955078,756.1134643554688,235.67068481445312,821.1766967773438,291.2530212402344,727.3211669921875,290.492919921875,853.7058715820312,339.2654113769531,689.3916625976562,342.60272216796875,866.859130859375,376.2980651855469,710.7410888671875,378.95806884765625,809.7665405273438,432.1441650390625,750.1885986328125,432.3366394042969,802.2687377929688,535.4024658203125,750.9312744140625,534.5796508789062,794.2843627929688,625.226806640625,755.1264038085938,622.7616577148438
42,1.3999972386587771,782.7424926757812,239.93545532226562,791.5203857421875,232.26980590820312,773.7491455078125,231.46728515625,801.4948120117188,237.6611785888672,757.0603637695312,234.9647979736328,822.1700439453125,289.87908935546875,724.2813110351562,289.9073486328125,857.1021728515625,332.94134521484375,684.5366821289062,337.951171875,865.9826049804688,356.12646484375,715.4813232421875,352.5729675292969,807.6930541992188,433.4950866699219,747.5462036132812,435.2313537597656,805.0601196289062,533.9068603515625,748.7382202148438,536.4660034179688,793.9627075195312,621.1162109375,756.9299926757812,622.79443359375
43,1.4333305062458908,782.126953125,240.55703735351562,790.741455078125,232.82928466796875,773.3721313476562,231.86709594726562,800.1602783203125,239.45314025878906,755.569091796875,235.61280822753906,821.4996948242188,289.7198791503906,722.3453979492188,287.89923095703125,859.8793334960938,323.2911071777344,679.5064697265625,327.89422607421875,868.1951293945312,330.8861083984375,710.816162109375,333.4657287597656,809.2786254882812,431.5256652832031,746.9112548828125,432.77874755859375,805.8517456054688,536.020751953125,749.5219116210938,536.9236450195312,798.1328125,622.3047485351562,760.297607421875,619.0590209960938
44,1.4666637738330046,781.22216796875,241.45399475097656,789.9708251953125,233.6286163330078,773.0007934570312,232.62692260742188,799.8763427734375,239.76861572265625,757.1534423828125,235.83824157714844,822.9900512695312,288.4081115722656,722.5699462890625,286.8041687011719,861.8588256835938,316.0639953613281,677.0661010742188,319.39593505859375,867.9933471679688,321.1363220214844,715.3612060546875,314.4072570800781,810.2001953125,431.6999816894531,747.0634155273438,433.1134338378906,806.6051025390625,535.5984497070312,748.5590209960938,536.20654296875,801.1041870117188,624.27001953125,760.88818359375,618.253662109375
45,1.4999970414201182,782.3081665039062,241.15621948242188,790.3089599609375,232.7506103515625,773.3360595703125,232.36109924316406,799.770751953125,237.2301483154297,758.06640625,235.63348388671875,828.5595092773438,288.7084655761719,722.60888671875,283.7374267578125,873.174072265625,321.6533508300781,673.2781982421875,310.9749755859375,857.6289672851562,305.5871276855469,719.6334228515625,299.9855041503906,809.0606079101562,434.03790283203125,744.59716796875,433.72186279296875,805.261474609375,531.9862670898438,749.0675659179688,534.8876953125,797.2200317382812,620.89599609375,757.7063598632812,621.3015747070312
46,1.533330309007232,782.9349365234375,241.91676330566406,790.9580688476562,233.07708740234375,773.4176635742188,232.63937377929688,800.4832153320312,237.46682739257812,756.742919921875,235.63720703125,828.2806396484375,290.875244140625,721.6510009765625,282.17156982421875,871.6898803710938,323.5177307128906,679.0816650390625,304.2184143066406,844.556640625,284.4678039550781,749.3505859375,277.2784118652344,808.6583862304688,435.189697265625,742.70361328125,434.07403564453125,804.0609741210938,532.6190795898438,748.4945068359375,538.3409423828125,795.6226806640625,619.486328125,756.2982788085938,624.1708374023438
47,1.5666635765943457,782.1619873046875,242.55389404296875,790.4098510742188,234.01824951171875,773.0075073242188,233.49822998046875,800.7545166015625,241.10116577148438,756.6808471679688,237.6748809814453,826.7474975585938,294.75384521484375,723.8626098632812,283.0124206542969,870.305419921875,322.7481384277344,682.8573608398438,299.6918029785156,843.7780151367188,286.6883544921875,744.9495849609375,274.6689147949219,810.8659057617188,436.73297119140625,744.8358154296875,434.435302734375,803.84423828125,535.9426879882812,748.9592895507812,539.9031982421875,799.9780883789062,620.9281616210938,761.5892944335938,623.7246704101562
48,1.5999968441814594,782.4677734375,242.5388641357422,790.6456298828125,233.93106079101562,773.2691040039062,233.484619140625,800.9691772460938,240.71739196777344,756.90576171875,237.49497985839844,827.0897216796875,294.13824462890625,724.1257934570312,282.3846740722656,870.5680541992188,322.9094543457031,683.4727172851562,299.4222106933594,843.806396484375,286.6255187988281,745.3978881835938,273.88134765625,810.6426391601562,436.0086364746094,744.522216796875,433.6343994140625,804.0171508789062,535.5810546875,749.0927734375,539.2393798828125,800.3206176757812,621.0274658203125,761.6327514648438,623.3286743164062
49,1.6333301117685732,782.6589965820312,242.5665283203125,790.71826171875,234.0040740966797,773.3911743164062,233.59983825683594,800.8431396484375,240.98443603515625,756.782958984375,237.88861083984375,826.8281860351562,294.4735412597656,724.0030517578125,282.7331237792969,870.2242431640625,323.00811767578125,682.9544067382812,299.31689453125,844.154296875,287.32183837890625,743.8356323242188,274.22265625,810.4515380859375,435.70306396484375,744.462646484375,433.3334655761719,803.9816284179688,535.1639404296875,749.17529296875,538.6494140625,800.4865112304688,620.8784790039062,761.5230102539062,622.8037109375
50,1.6666633793556869,780.5850830078125,243.22598266601562,788.7241821289062,234.70852661132812,771.6595458984375,234.21710205078125,800.350341796875,240.04966735839844,756.9512939453125,236.90325927734375,826.4625854492188,291.5274658203125,728.3966064453125,278.5777893066406,860.6680908203125,321.33172607421875,692.2835083007812,297.5205383300781,825.3951416015625,275.9175109863281,746.0225219726562,274.0837097167969,810.9828491210938,431.9046325683594,746.9166259765625,427.67938232421875,802.3770751953125,534.4696655273438,749.6323852539062,531.930419921875,802.480712890625,625.6436157226562,760.83349609375,618.4447021484375
51,1.6999966469428007,783.8062133789062,243.16441345214844,791.4407348632812,234.65829467773438,774.3761596679688,234.34536743164062,801.8618774414062,241.0758819580078,757.5796508789062,238.36102294921875,827.35009765625,293.5775451660156,728.955810546875,280.8868408203125,862.025146484375,324.32342529296875,697.6043701171875,299.59539794921875,825.1054077148438,279.83966064453125,754.806884765625,273.55267333984375,811.4717407226562,432.90679931640625,746.7738037109375,428.8455810546875,804.092041015625,534.561279296875,750.15478515625,532.37841796875,802.9359741210938,627.0021362304688,760.1296997070312,619.6995239257812
52,1.7333299145299144,781.960205078125,242.48065185546875,790.1112670898438,234.38327026367188,773.2332763671875,233.36231994628906,801.3473510742188,241.44908142089844,758.1972045898438,236.87693786621094,825.6414794921875,295.2142639160156,730.4417114257812,280.7362060546875,855.384521484375,337.0537109375,703.8011474609375,310.8066101074219,820.8143310546875,295.7140808105469,769.2755126953125,286.091064453125,812.5064086914062,431.1927185058594,749.2396240234375,426.7583312988281,805.499755859375,535.4927978515625,751.9337158203125,532.747802734375,803.0528564453125,627.2194213867188,761.033935546875,619.9566040039062
53,1.7666631821170282,783.4125366210938,242.8270721435547,792.0921020507812,234.98977661132812,774.35986328125,234.04078674316406,802.7041625976562,241.27391052246094,758.5189208984375,238.54782104492188,825.8543701171875,295.2569274902344,730.2007446289062,288.456298828125,854.3969116210938,341.92431640625,705.3756103515625,327.8335876464844,818.5103149414062,307.2274475097656,762.2739868164062,301.133544921875,810.830322265625,431.7272033691406,749.3361206054688,429.80474853515625,806.7919311523438,532.9848022460938,749.8633422851562,534.2777709960938,798.489501953125,623.4723510742188,757.9927978515625,626.010009765625
54,1.7999964497041419,784.623291015625,242.98411560058594,792.7269897460938,234.68861389160156,774.9308471679688,234.357666015625,803.36279296875,240.39395141601562,758.3894653320312,239.2594451904297,824.93017578125,296.61041259765625,733.1658325195312,289.7637634277344,849.0125732421875,355.3793640136719,708.9883422851562,340.0963439941406,818.3011474609375,331.3013610839844,758.9140014648438,326.6207580566406,811.9469604492188,431.4810485839844,752.18115234375,429.3171081542969,806.2301635742188,534.4714965820312,752.1068725585938,533.4537353515625,799.8480834960938,626.7181396484375,757.2174072265625,624.6126098632812
55,1.8333297172912557,785.4794921875,242.7457733154297,793.558837890625,234.4418487548828,776.0643310546875,234.41065979003906,804.0662841796875,239.74017333984375,759.8887939453125,239.44456481933594,826.2703857421875,295.5088195800781,734.3601684570312,292.6490173339844,850.9046020507812,355.1119384765625,711.1131591796875,345.0899963378906,822.197998046875,359.8388366699219,756.6431274414062,347.0216064453125,811.8655395507812,432.9549865722656,752.8067016601562,432.3459777832031,806.2177124023438,534.638916015625,753.1214599609375,535.9309692382812,798.5844116210938,626.2691040039062,757.82666015625,626.3093872070312
56,1.8666629848783693,785.2637939453125,242.4388885498047,793.6544189453125,233.9850616455078,775.8617553710938,234.18772888183594,805.1005249023438,239.28456115722656,760.8451538085938,239.5436553955078,827.510986328125,296.38848876953125,735.766845703125,294.5363464355469,847.4620361328125,360.4407958984375,713.9768676757812,352.90447998046875,815.8326416015625,379.51007080078125,762.4989624023438,370.02593994140625,812.2918090820312,434.3642272949219,753.3888549804688,434.0187072753906,806.5791625976562,535.1820678710938,753.8505859375,536.5059204101562,798.3347778320312,626.3341674804688,758.259033203125,626.8892211914062
57,1.8999962524654832,786.39013671875,241.95138549804688,794.957275390625,233.74957275390625,777.1634521484375,233.79815673828125,806.7943115234375,238.81515502929688,762.2907104492188,238.73216247558594,826.0125732421875,295.5181884765625,738.7465209960938,293.5520324707031,843.531982421875,360.7014465332031,716.2701416015625,354.26629638671875,823.15771484375,396.0581970214844,755.4852905273438,386.9070129394531,810.748779296875,430.8512878417969,754.7776489257812,430.32269287109375,805.1038208007812,533.1124267578125,754.2902221679688,532.8016967773438,798.76708984375,626.0034790039062,757.8381958007812,624.63330078125
58,1.9333295200525968,787.214599609375,242.11190795898438,795.7158813476562,233.7373809814453,777.934814453125,234.00218200683594,807.6245727539062,238.2929229736328,763.225341796875,238.72573852539062,826.6204223632812,295.4504699707031,740.2081298828125,294.33465576171875,842.58544921875,364.1062927246094,719.0139770507812,359.1450500488281,826.1173706054688,410.913330078125,757.8919677734375,401.5282897949219,811.47509765625,431.7330017089844,756.0120239257812,431.486083984375,805.0487060546875,533.6376342773438,753.9351196289062,532.9490356445312,799.864501953125,626.9273681640625,757.2277221679688,624.5470581054688
59,1.9666627876397107,789.3024291992188,241.7885284423828,797.5383911132812,233.4510040283203,780.0501098632812,233.71005249023438,808.4813842773438,237.9151611328125,764.6453247070312,238.3013916015625,825.9833984375,295.1540832519531,741.1730346679688,294.8036193847656,841.75244140625,362.9837951660156,719.4389038085938,361.3669738769531,831.2752685546875,414.46673583984375,753.947265625,410.4313659667969,811.2208251953125,432.8186950683594,756.990478515625,432.965576171875,804.7328491210938,534.390869140625,754.7608032226562,533.82080078125,799.9389038085938,626.899169921875,757.4234008789062,624.8355102539062
60,1.9999960552268243,788.8109741210938,241.83279418945312,797.1529541015625,233.5001678466797,779.5728149414062,233.74269104003906,808.3828735351562,238.0295867919922,764.4564208984375,238.40321350097656,826.0568237304688,295.4195861816406,741.2066650390625,295.0994567871094,841.8995361328125,363.3554382324219,719.4151611328125,361.8849792480469,831.2677612304688,414.1392517089844,753.6177368164062,410.65325927734375,811.169677734375,433.0934753417969,756.9067993164062,433.24749755859375,805.06201171875,534.4983520507812,754.8143920898438,534.1433715820312,799.8677368164062,626.7164306640625,757.0185546875,625.2186889648438
61,2.033329322813938,789.3953857421875,241.47276306152344,797.5907592773438,233.1882781982422,780.1732788085938,233.4301300048828,808.4166870117188,237.95396423339844,764.822509765625,238.2978973388672,825.8885498046875,295.52374267578125,741.4122314453125,295.03143310546875,841.8352661132812,363.35247802734375,719.5217895507812,361.67431640625,831.205078125,413.6614074707031,753.3162231445312,410.7740173339844,811.1348876953125,433.0157470703125,757.1140747070312,433.0878601074219,804.7459106445312,534.212158203125,754.9053344726562,533.664306640625,799.9156494140625,626.4385986328125,757.1848754882812,624.6505126953125
62,2.0666625904010516,791.3980712890625,240.65220642089844,799.412353515625,232.5402374267578,782.4100341796875,232.4366912841797,809.355224609375,237.7305145263672,766.2454833984375,237.31275939941406,827.3435668945312,295.4207763671875,741.2051391601562,294.7945251464844,845.3784790039062,363.86279296875,719.4736938476562,362.6848449707031,830.3298950195312,415.7179870605469,753.9818115234375,414.2892761230469,812.1871337890625,432.4359436035156,757.2410278320312,432.33447265625,805.466796875,533.7598266601562,754.8718872070312,533.2315063476562,800.1406860351562,626.4468383789062,757.522705078125,624.5187377929688
63,2.0999958579881657,791.2693481445312,240.6519012451172,799.4923095703125,232.7131805419922,782.5557250976562,232.31126403808594,809.5729370117188,238.1644744873047,766.612548828125,237.08920288085938,828.3744506835938,295.4273376464844,740.6483154296875,294.928466796875,847.1585083007812,363.7337341308594,718.7256469726562,362.8930969238281,828.6866455078125,417.1786804199219,755.5804443359375,413.42718505859375,813.21875,431.9975891113281,757.3390502929688,431.888671875,806.046875,533.2755126953125,754.3394165039062,532.8515014648438,799.9345092773438,626.9173583984375,757.975341796875,624.8243408203125
64,2.1333291255752793,792.1090698242188,240.69705200195312,800.4203491210938,232.6809844970703,783.3101806640625,232.31781005859375,810.6878051757812,238.24420166015625,767.325927734375,237.3103790283203,830.9932861328125,295.4873046875,740.569580078125,295.1177673339844,849.4185180664062,363.639404296875,717.8247680664062,361.3004455566406,823.7578125,415.25482177734375,757.0687255859375,406.78643798828125,815.2213134765625,433.0870056152344,757.6173095703125,432.88543701171875,807.1399536132812,533.8916625976562,754.0270385742188,533.6968383789062,799.6182861328125,627.4544677734375,758.2149658203125,625.3344116210938
65,2.166662393162393,792.7640380859375,240.90826416015625,800.969482421875,232.85018920898438,784.0115966796875,232.43446350097656,810.7774658203125,238.25440979003906,767.5610961914062,237.2044219970703,831.1370239257812,295.2445068359375,740.1653442382812,295.0851135253906,850.7220458984375,362.18365478515625,717.7586059570312,360.2778625488281,822.4906616210938,410.6434631347656,757.4268188476562,402.3577575683594,814.9139404296875,432.9825134277344,757.0040283203125,432.8720397949219,807.1554565429688,533.376953125,753.89111328125,533.7772827148438,799.3825073242188,626.8010864257812,758.3018798828125,625.5866088867188
66,2.1999956607495066,793.0686645507812,240.6094207763672,801.1336669921875,232.51377868652344,784.8047485351562,231.88217163085938,810.8035278320312,239.30369567871094,768.2259521484375,236.2916259765625,833.020751953125,295.235107421875,739.6126708984375,293.97247314453125,850.5869140625,361.111328125,720.141357421875,361.43511962890625,813.9572143554688,409.0072021484375,765.2850952148438,401.6224365234375,817.6123657226562,432.81304931640625,756.5062866210938,432.5135192871094,807.1897583007812,534.2943115234375,752.216552734375,533.7571411132812,799.1094970703125,628.456787109375,759.1369018554688,622.7612915039062
67,2.2333289283366207,792.9320068359375,241.00157165527344,801.2708129882812,232.93557739257812,784.75927734375,232.1499481201172,811.4293212890625,239.69998168945312,768.5185546875,236.29493713378906,833.5519409179688,295.442626953125,739.87451171875,293.36981201171875,851.5895385742188,360.6540222167969,719.7315673828125,359.4143981933594,813.3399658203125,404.3825988769531,765.2142944335938,395.93572998046875,817.4024658203125,432.5027770996094,756.087890625,431.8621520996094,807.1616821289062,534.1310424804688,752.1809692382812,533.6427001953125,798.9273071289062,628.6650390625,759.3895263671875,623.4984130859375
68,2.2666621959237343,792.5206909179688,240.929443359375,801.0405883789062,232.9467315673828,784.3648071289062,232.12362670898438,811.7852172851562,239.75917053222656,768.6069946289062,236.3389129638672,834.259765625,295.25592041015625,740.5554809570312,292.7167053222656,852.8248901367188,359.4247131347656,719.6393432617188,357.0325012207031,814.5306396484375,400.26373291015625,762.9879150390625,391.85345458984375,817.5726928710938,432.06097412109375,756.2756958007812,431.0565185546875,807.2901000976562,534.2260131835938,752.4474487304688,533.2314453125,798.9990234375,628.4099731445312,759.57958984375,622.9680786132812
69,2.299995463510848,793.2555541992188,241.06614685058594,801.5883178710938,232.98593139648438,784.8939819335938,232.2609405517578,811.93505859375,239.6719207763672,768.4107055664062,236.4108123779297,834.9383544921875,294.8797607421875,739.2305297851562,292.6379699707031,854.687744140625,358.31365966796875,718.4403686523438,357.00537109375,815.9803466796875,398.7933349609375,767.055419921875,391.47076416015625,818.2950439453125,432.0802307128906,755.8654174804688,431.3791198730469,807.7225952148438,534.4705810546875,752.544677734375,533.9808959960938,798.42578125,628.5061645507812,760.1972045898438,623.0485229492188
70,2.3333287310979616,793.360107421875,241.13726806640625,801.5706787109375,233.05015563964844,784.9000244140625,232.43869018554688,811.9038696289062,239.71250915527344,768.320068359375,236.7271728515625,835.0390014648438,294.7358703613281,739.588623046875,292.08685302734375,855.8540649414062,356.4978942871094,717.5769653320312,353.6749267578125,818.14697265625,395.5340270996094,764.5155639648438,388.0184020996094,818.612060546875,431.98602294921875,756.411376953125,431.1092529296875,807.749755859375,534.3563842773438,752.928466796875,533.8082275390625,799.064697265625,628.619384765625,760.1201171875,623.1067504882812
71,2.3666619986850757,792.9418334960938,241.12887573242188,801.2557373046875,232.97854614257812,784.4996337890625,232.43017578125,811.9674072265625,239.41233825683594,768.4651489257812,236.55470275878906,835.395263671875,294.3769226074219,739.67431640625,291.2891845703125,856.26611328125,356.174072265625,715.5580444335938,351.6865234375,819.103271484375,394.5775451660156,762.50537109375,385.2483825683594,818.6517333984375,431.7461853027344,756.4214477539062,430.8015441894531,807.8292846679688,534.30078125,753.3356323242188,533.9976196289062,799.2357788085938,628.1865234375,760.3801879882812,623.0767822265625
72,2.3999952662721893,793.2745361328125,240.99977111816406,801.5712890625,232.8877716064453,784.8314208984375,232.2588653564453,812.1365966796875,239.4285125732422,768.5428466796875,236.3861846923828,835.4046630859375,294.4762878417969,739.4861450195312,291.272705078125,856.1806640625,356.6881103515625,715.9661865234375,352.26922607421875,818.5242309570312,395.1277160644531,763.2886962890625,385.889404296875,818.5421752929688,431.6938171386719,756.1002197265625,430.68231201171875,808.2533569335938,534.4387817382812,753.2485961914062,533.8922119140625,799.5250854492188,628.6674194335938,760.27001953125,623.241455078125
73,2.433328533859303,793.137451171875,241.12985229492188,801.5755615234375,232.978515625,784.6744995117188,232.38815307617188,812.4436645507812,239.52926635742188,768.6148681640625,236.57298278808594,835.6151123046875,294.6336669921875,739.6529541015625,291.4880676269531,856.1316528320312,356.6575012207031,715.5778198242188,352.2227783203125,818.5244140625,395.06829833984375,762.8834228515625,385.91387939453125,818.4249267578125,431.9413757324219,755.9421997070312,431.00030517578125,808.2144165039062,534.2832641601562,753.033203125,534.0861206054688,799.6366577148438,628.5977783203125,760.0645751953125,623.7354736328125
74,2.4666618014464166,791.3907470703125,239.99879455566406,799.6563720703125,231.98153686523438,783.5589599609375,231.5247802734375,810.5291748046875,238.96548461914062,769.7459716796875,236.36961364746094,836.1828002929688,293.512939453125,740.038330078125,290.72198486328125,860.44189453125,351.9234924316406,712.0789794921875,347.2885437011719,821.4608764648438,388.1090087890625,762.0167236328125,378.6895751953125,818.211669921875,431.8905029296875,756.10693359375,431.21002197265625,807.704345703125,533.66455078125,754.00732421875,535.0780639648438,799.5368041992188,627.7742309570312,760.2578125,624.7127685546875
75,2.4999950690335306,790.370849609375,239.56427001953125,798.9489135742188,231.6279296875,782.6089477539062,231.16134643554688,810.6793212890625,239.00796508789062,769.6932983398438,236.3491668701172,836.8712768554688,293.6476745605469,740.3807373046875,289.8844909667969,861.6494140625,349.8271179199219,713.0321044921875,342.42047119140625,820.3722534179688,384.075439453125,767.0598754882812,372.1427917480469,817.665283203125,431.9154052734375,755.2237548828125,430.8426818847656,807.79541015625,533.2850952148438,754.1328125,534.7379150390625,799.8389282226562,627.4010009765625,760.7442016601562,624.492919921875
76,2.5333283366206443,790.8126831054688,239.63455200195312,799.1036376953125,232.15440368652344,783.1893310546875,231.6216583251953,810.228515625,239.81361389160156,769.9364013671875,236.97544860839844,836.8751220703125,291.377197265625,740.622314453125,288.0456237792969,865.1780395507812,335.58544921875,715.617919921875,330.6971130371094,824.6976928710938,366.4775085449219,773.6095581054688,358.5205993652344,818.41748046875,430.73980712890625,755.9124145507812,429.67437744140625,808.7294311523438,531.7608032226562,753.9389038085938,532.9297485351562,800.9378051757812,626.142578125,760.3850708007812,622.195068359375
77,2.566661604207758,791.031494140625,239.7739715576172,799.3790283203125,232.43179321289062,783.4462280273438,231.77398681640625,810.6014404296875,240.40264892578125,770.25146484375,237.30897521972656,837.5023193359375,291.6071472167969,740.6821899414062,287.4680480957031,866.80615234375,332.00262451171875,713.1127319335938,325.4447021484375,826.48486328125,356.535888671875,768.940185546875,348.5447082519531,819.2623901367188,430.90081787109375,756.5327758789062,429.4543762207031,809.0122680664062,532.36474609375,754.0582885742188,532.9612426757812,801.9984130859375,626.3259887695312,761.1375122070312,621.6006469726562
78,2.5999948717948715,790.8921508789062,241.8698272705078,799.6787109375,234.3391571044922,782.916259765625,233.5436248779297,811.5648193359375,241.2439422607422,768.4046020507812,237.80287170410156,837.5371704101562,291.1556091308594,739.6397705078125,286.43402099609375,868.0692749023438,326.5410461425781,714.8788452148438,318.97412109375,826.74951171875,346.40130615234375,771.7511596679688,338.32281494140625,819.0009155273438,431.5515441894531,755.2982788085938,429.724853515625,808.8046875,533.455322265625,752.50244140625,533.2413330078125,803.1563720703125,626.6702270507812,762.1558227539062,620.5145263671875
79,2.633328139381985,789.9154052734375,242.11297607421875,799.2472534179688,234.8141326904297,781.9938354492188,233.4369659423828,811.3662109375,239.93907165527344,768.6107788085938,236.48008728027344,837.621826171875,290.93646240234375,738.8914794921875,284.2320861816406,868.5558471679688,325.004638671875,713.883544921875,309.92510986328125,824.5010375976562,332.3084716796875,776.0806884765625,325.8758850097656,814.4390869140625,430.55352783203125,752.5626831054688,427.69830322265625,806.5152587890625,528.9183959960938,750.589111328125,528.5956420898438,797.2632446289062,622.1544189453125,759.6132202148438,620.71630859375
80,2.6666614069690993,789.7261352539062,242.06976318359375,799.7711791992188,234.59188842773438,781.8612060546875,233.19338989257812,812.1777954101562,239.28414916992188,768.271240234375,236.16127014160156,837.8624267578125,287.923828125,740.6056518554688,279.0233459472656,866.2459716796875,322.95745849609375,714.2905883789062,298.41082763671875,818.6085815429688,319.6650085449219,766.1621704101562,313.5023498535156,815.3649291992188,427.96832275390625,751.5704345703125,423.1152038574219,804.792724609375,530.972900390625,749.722900390625,527.761962890625,795.033203125,620.8435668945312,757.679443359375,619.6400756835938
81,2.699994674556213,789.3557739257812,242.92913818359375,798.3768920898438,235.3431396484375,781.2679443359375,234.47108459472656,811.173828125,240.86334228515625,767.1300048828125,237.061767578125,836.8624267578125,288.4564208984375,739.9077758789062,279.99041748046875,868.165771484375,310.1187438964844,713.8650512695312,293.70709228515625,824.1270751953125,314.3725280761719,768.9390258789062,306.15374755859375,817.9739990234375,431.5162353515625,754.7060546875,428.0267639160156,808.337646484375,534.5686645507812,753.8565063476562,532.3348388671875,805.102783203125,627.7449340820312,765.13232421875,620.0728759765625
82,2.7333279421433265,788.3070068359375,242.2462615966797,798.0130004882812,234.42958068847656,779.746826171875,233.57029724121094,811.4778442382812,239.53785705566406,767.1820068359375,237.2526092529297,838.0162963867188,290.9792785644531,739.8260498046875,283.54376220703125,867.1760864257812,303.36090087890625,713.7565307617188,286.7865295410156,816.2001953125,291.2065734863281,780.4434814453125,291.4727783203125,814.1401977539062,433.49688720703125,752.650634765625,430.0912170410156,807.166015625,530.2349243164062,752.2498168945312,529.1483764648438,797.647216796875,622.2418823242188,760.9050903320312,620.92822265625
83,2.76666120973044,788.5731811523438,242.750244140625,797.386962890625,234.98681640625,779.7078857421875,234.72750854492188,810.60791015625,241.7803955078125,765.7199096679688,239.5809783935547,836.6004638671875,291.2945251464844,742.0613403320312,281.015869140625,864.6083984375,300.0603332519531,710.8435668945312,275.1838073730469,811.9857177734375,283.90093994140625,751.6956176757812,273.5888366699219,817.7843627929688,434.8694152832031,755.97216796875,430.1876525878906,807.1702270507812,534.8121948242188,755.0247802734375,532.0142822265625,804.5877685546875,628.0341796875,763.6123657226562,621.5241088867188
84,2.7999944773175542,788.819580078125,242.70425415039062,797.621826171875,234.92947387695312,779.9052124023438,234.6658935546875,810.7164916992188,241.88497924804688,765.6831665039062,239.62501525878906,836.377197265625,291.7197570800781,741.9968872070312,281.2070007324219,863.949951171875,300.00323486328125,711.023681640625,274.5059509277344,810.9822387695312,283.30596923828125,752.1075439453125,272.5179138183594,817.73583984375,435.5215759277344,755.972900390625,430.8017578125,806.9630737304688,535.1383056640625,754.9303588867188,532.3656005859375,804.763427734375,628.2223510742188,763.7760009765625,621.7246704101562
85,2.833327744904668,788.5679321289062,242.73184204101562,797.4616088867188,234.95079040527344,779.6665649414062,234.74658203125,810.7506103515625,241.935546875,765.61962890625,239.80397033691406,836.711181640625,291.61920166015625,742.1080322265625,281.33856201171875,864.791748046875,299.3707580566406,710.9573974609375,273.9881591796875,811.1339111328125,283.0975646972656,751.9468994140625,272.35345458984375,817.9541015625,435.7557373046875,756.0449829101562,431.1300354003906,807.0093383789062,535.0277709960938,754.680908203125,532.729248046875,804.9732055664062,628.278076171875,763.768310546875,622.536376953125
86,2.8666610124917815,786.52197265625,242.09536743164062,795.643310546875,234.02505493164062,777.696044921875,234.27084350585938,809.9818725585938,238.8120880126953,765.3085327148438,237.67800903320312,833.4127197265625,284.8033447265625,744.3270263671875,277.1332092285156,864.926513671875,283.94677734375,713.6050415039062,262.398681640625,830.6641845703125,276.8966979980469,758.4228515625,256.1351318359375,816.8013916015625,431.086181640625,758.6940307617188,428.57647705078125,807.7504272460938,529.8421630859375,757.9135131835938,532.37451171875,802.9973754882812,623.0486450195312,765.0466918945312,624.8400268554688
87,2.899994280078895,788.4519653320312,244.7158203125,796.4755249023438,236.25698852539062,779.7400512695312,236.58192443847656,808.3524169921875,238.6383819580078,765.388671875,237.14715576171875,831.0047607421875,281.2613525390625,742.5490112304688,273.12152099609375,862.5822143554688,275.02813720703125,717.4371337890625,256.1762390136719,824.158203125,262.0231018066406,773.316162109375,250.11251831054688,816.2234497070312,431.1399841308594,757.962890625,428.6275634765625,806.5574951171875,528.5658569335938,757.5860595703125,530.9736938476562,802.1484375,624.0323486328125,765.8804321289062,625.2704467773438
88,2.9333275476660092,785.1019897460938,240.7289276123047,793.6161499023438,233.348388671875,777.8710327148438,232.50393676757812,806.2573852539062,234.9412384033203,768.017578125,232.8217010498047,832.8428344726562,275.9158020019531,744.476318359375,268.28851318359375,862.6237182617188,262.339599609375,715.7636108398438,241.33688354492188,813.4998168945312,235.8390655517578,761.2308349609375,226.3278350830078,812.284912109375,427.4046936035156,756.417724609375,423.1407165527344,806.1495361328125,527.7394409179688,756.3469848632812,523.8563842773438,796.7232055664062,624.9473876953125,760.4237060546875,619.9517211914062
89,2.966660815253123,789.4994506835938,239.27540588378906,795.9678955078125,231.25936889648438,780.075927734375,233.2354278564453,807.4014282226562,236.432861328125,767.9677734375,239.6282501220703,835.896728515625,277.89141845703125,748.6167602539062,273.2731018066406,862.6276245117188,261.01953125,726.694580078125,242.1783905029297,817.294189453125,227.6706085205078,777.4376831054688,213.434814453125,818.067626953125,429.98883056640625,759.6932983398438,427.46771240234375,805.8800659179688,531.1504516601562,757.9295043945312,529.6576538085938,802.5418090820312,628.6201782226562,760.69775390625,619.5949096679688
90,2.9999940828402365,783.2909545898438,242.43064880371094,789.7383422851562,235.5634307861328,775.2405395507812,236.99293518066406,801.7959594726562,242.84158325195312,766.146240234375,245.06716918945312,831.9521484375,281.1951599121094,747.3057861328125,277.3956298828125,861.6065063476562,255.98699951171875,724.5336303710938,240.83529663085938,818.9606323242188,218.5679473876953,767.4298095703125,207.6538848876953,815.6190795898438,430.0583190917969,758.7587280273438,427.5872497558594,805.4089965820312,531.459716796875,757.0528564453125,529.9351806640625,802.5684814453125,628.6610107421875,759.996826171875,620.4987182617188
91,3.03332735042735,785.170166015625,240.0461883544922,792.4635009765625,233.29180908203125,776.0158081054688,234.6395721435547,804.6845703125,242.2532196044922,764.5956420898438,244.237060546875,832.3678588867188,283.29559326171875,747.1396484375,280.867431640625,861.63427734375,250.69985961914062,728.2125244140625,239.98324584960938,819.0315551757812,208.6931915283203,774.4595947265625,200.24427795410156,816.8628540039062,432.315185546875,759.6409301757812,430.42889404296875,806.9150390625,532.0258178710938,757.5299682617188,530.607666015625,802.7566528320312,627.5739135742188,762.35546875,619.1741333007812
92,3.066660618014464,788.6923828125,240.70115661621094,795.9525146484375,234.15658569335938,779.4900512695312,235.07266235351562,807.2537841796875,242.964599609375,766.7047119140625,243.66127014160156,831.7489013671875,283.3351135253906,748.8197631835938,279.28131103515625,859.5228271484375,248.06112670898438,732.8120727539062,234.5626983642578,823.5859375,203.86180114746094,782.8821411132812,190.3321075439453,817.41357421875,432.4203186035156,761.3618774414062,430.3017883300781,807.6532592773438,532.4451904296875,758.3583984375,530.3439331054688,802.5559692382812,628.0465698242188,762.3120727539062,618.6958618164062
93,3.099993885601578,790.5785522460938,241.36534118652344,798.6371459960938,235.28790283203125,781.5131225585938,234.48789978027344,809.13427734375,241.7056884765625,766.564208984375,239.6317901611328,830.8724975585938,282.8854064941406,743.7152709960938,277.28948974609375,854.8240966796875,236.6232452392578,731.1270141601562,223.36659240722656,813.4224853515625,193.08822631835938,794.4496459960938,187.65882873535156,814.8863525390625,433.4283752441406,758.2225952148438,430.4053039550781,807.3826293945312,531.1204833984375,753.1128540039062,525.7408447265625,794.4700927734375,627.6299438476562,757.7312622070312,618.8565063476562
94,3.1333271531886915,790.4080200195312,242.44967651367188,798.174560546875,235.59385681152344,780.9036254882812,235.41514587402344,808.8204956054688,240.80621337890625,765.94384765625,240.2240753173828,830.4382934570312,282.307861328125,743.3681030273438,278.1955261230469,852.949462890625,231.86807250976562,728.8138427734375,220.85971069335938,815.1718139648438,186.0712127685547,790.6749877929688,180.09384155273438,814.518310546875,434.7297668457031,758.0762329101562,432.4404296875,807.7044677734375,531.5328979492188,753.9012451171875,526.1243896484375,795.97607421875,627.8848876953125,758.4628295898438,617.7509765625
95,3.166660420775805,792.0864868164062,242.59991455078125,799.3717651367188,235.62667846679688,782.1926879882812,235.7122802734375,809.0765380859375,240.49671936035156,765.5067749023438,240.49246215820312,829.3584594726562,281.2721252441406,743.56103515625,277.9251708984375,851.3587036132812,228.90316772460938,730.769287109375,219.29116821289062,815.0775146484375,180.03575134277344,788.2714233398438,175.01551818847656,814.3057250976562,434.1647033691406,758.4016723632812,432.1405334472656,807.2220458984375,531.5782470703125,753.9998168945312,526.045654296875,796.1925048828125,628.0537109375,758.6278076171875,617.470703125
96,3.1999936883629188,791.5755615234375,242.8721923828125,798.97509765625,235.72418212890625,781.5567016601562,235.9486846923828,809.1409301757812,240.35121154785156,765.246826171875,240.74327087402344,829.921630859375,281.3521728515625,743.60595703125,278.2274169921875,851.5655517578125,228.74212646484375,730.338134765625,219.2353515625,814.7391357421875,179.80003356933594,788.4129028320312,174.88157653808594,814.3837890625,434.6084899902344,758.1753540039062,432.5924377441406,807.5596313476562,531.8887329101562,753.9883422851562,526.078369140625,796.7294921875,628.152587890625,758.7064208984375,616.9549560546875
97,3.233326955950033,791.1563720703125,242.3623809814453,798.6266479492188,235.31533813476562,781.2483520507812,235.44009399414062,808.874267578125,240.22947692871094,765.2366333007812,240.42337036132812,829.6590576171875,281.6902160644531,743.752685546875,278.3955383300781,851.6036987304688,229.29966735839844,730.8983764648438,219.57546997070312,815.6026000976562,180.34495544433594,788.3417358398438,175.26380920410156,814.0921630859375,434.6893310546875,758.210205078125,432.5855407714844,807.4156494140625,531.9945678710938,754.0362548828125,526.0840454101562,796.9857788085938,628.13671875,758.8409423828125,617.03662109375
98,3.2666602235371465,790.9876708984375,242.0985565185547,798.4740600585938,234.63885498046875,780.7127685546875,235.01466369628906,808.8671264648438,238.60723876953125,763.8861694335938,239.38931274414062,828.1654052734375,279.93853759765625,744.6671142578125,277.35748291015625,851.3764038085938,226.42660522460938,734.2229614257812,217.68087768554688,821.6297607421875,175.3229522705078,786.2343139648438,170.193603515625,813.090576171875,433.6725769042969,758.5662841796875,431.812255859375,806.8043823242188,531.2969970703125,754.085205078125,525.5181884765625,797.83251953125,627.584716796875,758.3607177734375,616.8215942382812
99,3.29999349112426,789.798095703125,241.4509735107422,797.7129516601562,234.23992919921875,779.54541015625,234.61874389648438,808.4522705078125,239.3444061279297,762.3790283203125,240.2974090576172,825.6026611328125,280.22027587890625,744.8926391601562,279.75299072265625,854.8103637695312,224.77699279785156,733.2537841796875,221.76841735839844,826.8115844726562,170.76004028320312,781.2953491210938,165.53541564941406,810.771484375,432.3852233886719,757.3367919921875,431.98193359375,803.875732421875,530.532958984375,749.205078125,530.058349609375,798.1898803710938,621.5289306640625,754.481201171875,617.2612915039062
100,3.3333267587113737,792.2745361328125,239.68777465820312,800.2125854492188,231.676513671875,781.784423828125,232.28514099121094,811.2864990234375,234.53045654296875,765.1419677734375,235.958740234375,828.7891845703125,275.3467712402344,747.0704345703125,274.79180908203125,848.5146484375,216.68386840820312,736.8046875,211.66761779785156,822.4693603515625,162.5497283935547,779.5006103515625,155.75439453125,812.2279663085938,433.4027404785156,758.5392456054688,431.9881286621094,807.1043090820312,531.6039428710938,753.0755004882812,524.4503784179688,800.0599365234375,628.3067626953125,758.3192138671875,615.3789672851562
101,3.366660026298488,790.931884765625,238.83204650878906,799.7662353515625,231.485107421875,780.4207763671875,232.43621826171875,812.25537109375,235.62254333496094,765.1843872070312,237.9798126220703,828.8924560546875,272.96722412109375,751.2840576171875,274.43817138671875,850.2745971679688,218.6040496826172,740.6417846679688,214.38400268554688,830.826171875,155.8049774169922,767.5224609375,153.4103546142578,813.1133422851562,430.2634582519531,760.7859497070312,429.70159912109375,806.426025390625,532.9862670898438,755.8409423828125,529.1803588867188,801.9921875,628.3700561523438,761.479248046875,621.1561889648438
102,3.3999932938856015,791.3443603515625,238.9168243408203,800.2073364257812,231.4240264892578,780.693603515625,232.56356811523438,812.9288330078125,235.10365295410156,765.5009155273438,237.95623779296875,828.8496704101562,271.74188232421875,752.5385131835938,273.91229248046875,849.39111328125,215.34178161621094,741.963134765625,211.8888397216797,831.7810668945312,153.57394409179688,765.7957153320312,150.26490783691406,812.5643920898438,429.3294677734375,761.0028076171875,428.9986267089844,806.0234985351562,532.6464233398438,756.0786743164062,528.9916381835938,802.02490234375,628.14111328125,761.1528930664062,620.94140625
103,3.433326561472715,791.6243286132812,239.12086486816406,800.667724609375,231.46420288085938,780.8068237304688,232.70108032226562,813.86083984375,234.76522827148438,765.6821899414062,237.86550903320312,829.069580078125,271.0041198730469,753.243896484375,273.3542785644531,848.2219848632812,213.69517517089844,741.640625,210.984619140625,831.5615234375,151.045166015625,763.8124389648438,149.67919921875,812.3775024414062,428.8401794433594,761.1105346679688,428.57171630859375,805.4993286132812,532.12060546875,756.1642456054688,528.5339965820312,801.5818481445312,627.8789672851562,761.0336303710938,620.8206176757812
104,3.4666598290598287,792.5610961914062,238.93685913085938,801.769775390625,231.39588928222656,781.8736572265625,232.3441162109375,814.7724609375,234.69300842285156,766.3604125976562,237.148681640625,828.9068603515625,270.41607666015625,753.5145874023438,273.0926818847656,846.892822265625,212.4514923095703,742.0745849609375,211.9728546142578,829.88818359375,149.9538116455078,761.2596435546875,150.9192657470703,812.2606201171875,428.7321472167969,761.1937866210938,428.4742736816406,805.6157836914062,532.6276245117188,755.8809204101562,528.592529296875,801.7910766601562,628.114501953125,761.445068359375,620.686767578125
105,3.499993096646943,793.0355224609375,238.6456298828125,802.7026977539062,231.2613067626953,782.6923217773438,231.7156524658203,816.0572509765625,234.45138549804688,767.55322265625,235.66429138183594,829.28076171875,269.54937744140625,753.7488403320312,271.394775390625,846.1940307617188,209.80300903320312,741.5284423828125,209.56253051757812,829.79833984375,145.51173400878906,761.32080078125,147.98654174804688,812.5413208007812,428.61810302734375,761.3250122070312,428.0493469238281,806.1991577148438,533.0564575195312,755.503173828125,528.369873046875,801.9650268554688,628.7288208007812,761.718994140625,621.0492553710938
106,3.5333263642340564,793.43505859375,238.12863159179688,803.18896484375,230.8379669189453,783.1004028320312,231.26646423339844,816.6267700195312,234.281494140625,768.0982666015625,235.4678192138672,829.5095825195312,269.2126770019531,754.241943359375,271.362548828125,845.5337524414062,207.7796173095703,741.9326782226562,208.62313842773438,829.2068481445312,142.81764221191406,761.4104614257812,146.3297119140625,812.4210205078125,428.9600830078125,761.314208984375,428.4849853515625,806.4550170898438,533.7825927734375,755.771728515625,529.0742797851562,801.699462890625,628.97412109375,761.7724609375,621.33935546875
107,3.56665963182117,794.4864501953125,237.9168243408203,804.0776977539062,230.69435119628906,784.07666015625,231.17837524414062,817.1563110351562,234.3739471435547,768.7507934570312,235.7427520751953,829.6282348632812,268.9619140625,754.9177856445312,271.616455078125,845.0928955078125,204.93434143066406,742.6659545898438,207.81309509277344,828.6840209960938,137.253662109375,761.3764038085938,144.16514587402344,812.660400390625,428.7259216308594,761.8325805664062,428.3426513671875,806.1847534179688,533.1450805664062,755.8532104492188,528.1841430664062,801.5087890625,629.0394897460938,761.885498046875,620.8655395507812
108,3.5999928994082837,794.6378173828125,237.94314575195312,804.2597045898438,230.6952667236328,784.2162475585938,231.12818908691406,817.2403564453125,234.4965362548828,768.6599731445312,235.71678161621094,829.1566772460938,269.46832275390625,755.0731201171875,271.93939208984375,844.6717529296875,205.52835083007812,743.1029052734375,207.98953247070312,828.72705078125,137.46929931640625,761.1762084960938,144.3880157470703,812.629638671875,429.319580078125,762.2135009765625,428.9504699707031,805.643798828125,533.2984619140625,755.8565673828125,528.69189453125,801.7152099609375,629.2468872070312,762.141357421875,621.5679931640625
109,3.6333261669953973,794.4921875,237.91477966308594,804.1494750976562,230.6049346923828,783.93798828125,231.1806640625,817.39111328125,234.509765625,768.5262451171875,236.10189819335938,829.4450073242188,269.6804504394531,755.495849609375,272.39495849609375,844.8330078125,205.80233764648438,743.4430541992188,208.8042755126953,829.015380859375,137.1814727783203,760.9776000976562,145.64112854003906,812.7561645507812,429.5246887207031,762.4232177734375,429.1917724609375,805.4387817382812,533.1393432617188,756.0496826171875,528.5911254882812,801.5947265625,629.141845703125,762.220947265625,621.5455932617188
110,3.6666594345825114,794.553466796875,237.57557678222656,804.6402587890625,230.52793884277344,784.3203125,230.74032592773438,818.4189453125,234.8686981201172,769.647216796875,235.72821044921875,829.9738159179688,269.4140319824219,756.3251342773438,272.4003601074219,843.7908325195312,204.0126190185547,743.6017456054688,209.5900115966797,827.1217651367188,134.1036834716797,758.9461669921875,145.51988220214844,812.4806518554688,429.3447265625,762.2437133789062,428.831787109375,805.64013671875,534.227783203125,755.5780639648438,528.5737915039062,801.7296752929688,630.5030517578125,762.460693359375,621.534423828125
111,3.699992702169625,794.8165283203125,237.513427734375,804.9840087890625,230.41091918945312,784.5761108398438,230.50637817382812,818.73388671875,234.33767700195312,769.6306762695312,234.90444946289062,829.82958984375,268.3725280761719,756.1591186523438,271.31317138671875,843.5638427734375,202.2799530029297,743.5249633789062,208.09335327148438,828.208984375,133.15830993652344,758.900146484375,144.1536865234375,812.6329345703125,429.17877197265625,762.4329833984375,428.6951904296875,805.5263671875,534.6580200195312,755.829345703125,528.8497314453125,801.2985229492188,631.2896728515625,762.9764404296875,621.971435546875
112,3.7333259697567387,796.0640258789062,237.0531463623047,805.4727783203125,228.9831085205078,786.0927124023438,229.1687469482422,818.33349609375,230.57366943359375,771.1976318359375,231.34478759765625,830.277587890625,266.5929870605469,753.9301147460938,270.2969055175781,842.0531616210938,195.2902069091797,739.7945556640625,206.59934997558594,822.823486328125,131.43955993652344,767.7167358398438,142.2799835205078,810.0843505859375,432.86669921875,759.2987060546875,432.6245422363281,805.7481079101562,533.5616455078125,753.1276245117188,525.8439331054688,799.5615844726562,631.6271362304688,759.8235473632812,617.818359375
113,3.7666592373438523,796.7352905273438,236.61900329589844,806.0450439453125,228.76185607910156,786.9132690429688,228.75865173339844,818.4434204101562,230.8302459716797,771.81787109375,231.16148376464844,830.3464965820312,266.88958740234375,753.8681640625,270.55322265625,842.1703491210938,195.23561096191406,739.578125,207.61419677734375,822.2662353515625,130.19595336914062,766.8848876953125,142.99020385742188,810.4150390625,432.9197082519531,759.502685546875,432.6008605957031,806.39404296875,533.6211547851562,752.86328125,525.6705322265625,799.6820068359375,631.1402587890625,759.2890014648438,617.3049926757812
114,3.7999925049309664,796.8068237304688,236.75209045410156,805.9444580078125,228.46426391601562,786.8804931640625,228.58334350585938,818.3065795898438,230.91549682617188,771.166015625,231.7273406982422,828.8859252929688,268.28753662109375,753.5260620117188,272.5484619140625,845.728515625,196.41561889648438,737.1668090820312,211.63133239746094,822.9810180664062,125.63326263427734,769.193603515625,138.5981903076172,807.6495361328125,431.9511413574219,756.8296508789062,432.4072265625,805.7389526367188,533.487548828125,751.3040771484375,528.393798828125,800.0614013671875,624.241455078125,757.0097045898438,612.0855102539062
115,3.83332577251808,797.04150390625,235.81130981445312,806.1953735351562,227.7633514404297,787.09326171875,227.81002807617188,818.5632934570312,230.8288116455078,771.3892211914062,231.48663330078125,829.43310546875,268.1849060058594,753.5933837890625,271.9693298339844,846.0961303710938,195.9969482421875,737.2594604492188,209.90609741210938,822.2619018554688,123.61810302734375,769.9205322265625,135.50979614257812,808.2298583984375,431.4436340332031,756.925537109375,431.7156677246094,806.725341796875,533.3649291992188,751.2044067382812,528.1238403320312,800.7824096679688,623.6371459960938,756.676025390625,611.4639892578125
116,3.8666590401051937,796.538330078125,235.9005584716797,805.7986450195312,227.58950805664062,786.4464721679688,227.806396484375,818.6809692382812,230.08721923828125,771.0803833007812,231.0950927734375,829.4322509765625,267.5026550292969,754.43212890625,270.6823425292969,846.0267333984375,196.96697998046875,737.8184204101562,208.0425262451172,824.153564453125,124.63868713378906,770.4166259765625,133.04530334472656,808.2393188476562,431.1279602050781,757.3320922851562,431.26873779296875,807.0140380859375,533.6473999023438,751.8599853515625,528.5968627929688,801.3329467773438,623.8009643554688,756.3106079101562,611.9835815429688
117,3.8999923076923073,797.7007446289062,234.7160186767578,806.9344482421875,226.485107421875,787.5533447265625,226.6614990234375,819.5155639648438,229.0498046875,771.7225952148438,229.92971801757812,829.6304321289062,265.96026611328125,755.0843505859375,269.092529296875,845.9248046875,195.60096740722656,738.6283569335938,206.73350524902344,824.4462280273438,122.74254608154297,770.3568725585938,131.27894592285156,808.3309936523438,430.5101318359375,757.4656982421875,430.6230773925781,807.1763916015625,533.5362548828125,751.5880126953125,528.4690551757812,801.3075561523438,623.6749877929688,755.543701171875,611.8021850585938
118,3.9333255752794214,797.7341918945312,233.44129943847656,807.3834838867188,225.08055114746094,787.385009765625,225.2595672607422,820.8116455078125,227.63516235351562,771.7371215820312,228.60348510742188,830.1542358398438,264.81903076171875,756.16650390625,268.02728271484375,845.42822265625,194.82034301757812,739.3612670898438,206.64967346191406,824.7977905273438,122.03843688964844,768.5706787109375,132.61331176757812,808.0018920898438,430.4245300292969,757.3200073242188,430.4254455566406,807.3185424804688,534.4801025390625,751.6334838867188,529.0457763671875,801.761474609375,623.6583862304688,755.251708984375,611.381103515625
119,3.966658842866535,798.4055786132812,232.6744842529297,808.0989990234375,224.25250244140625,787.9434814453125,224.44639587402344,821.756591796875,226.63706970214844,772.3020629882812,227.7660675048828,830.7933959960938,263.35980224609375,757.1873779296875,267.00946044921875,844.6428833007812,192.14913940429688,739.8619995117188,206.421630859375,824.104248046875,117.9728012084961,766.5175170898438,133.52041625976562,808.3016357421875,429.92156982421875,757.7523193359375,429.79608154296875,807.4912719726562,534.553955078125,751.7884521484375,528.092529296875,801.6814575195312,624.1054077148438,754.7283935546875,610.26171875
120,3.9999921104536487,798.1018676757812,232.76499938964844,807.8521118164062,224.40719604492188,787.663330078125,224.63308715820312,821.6944580078125,226.95773315429688,772.2595825195312,228.17164611816406,830.7555541992188,263.5745849609375,757.43115234375,267.29046630859375,844.4848022460938,192.1243896484375,740.0327758789062,206.1700897216797,823.7647705078125,117.50997924804688,766.4804077148438,132.4573516845703,808.361572265625,429.9710693359375,757.9365234375,429.8916015625,807.1249389648438,535.1054077148438,751.6148681640625,528.9064331054688,801.7607421875,624.1787719726562,754.8125610351562,610.6390380859375
121,4.033325378040763,798.1959228515625,232.66908264160156,807.8580322265625,224.43882751464844,787.80517578125,224.70574951171875,821.5708618164062,227.1627197265625,772.4945068359375,228.47030639648438,830.8585815429688,263.4587707519531,757.4327392578125,267.3604736328125,844.5316772460938,192.10780334472656,740.0473022460938,206.2848358154297,823.941162109375,117.51859283447266,766.97802734375,132.0023193359375,808.5400390625,429.39544677734375,758.0406494140625,429.4530944824219,807.3755493164062,534.4136962890625,751.532470703125,528.6111450195312,801.8490600585938,624.5991821289062,754.4662475585938,611.6687622070312
122,4.066658645627876,797.9116821289062,231.26441955566406,807.6469116210938,223.20895385742188,787.8239135742188,223.14208984375,821.0866088867188,225.7816925048828,772.56982421875,226.16290283203125,829.7779541015625,261.5095520019531,757.9098510742188,263.6793212890625,843.6922607421875,187.65023803710938,742.5213012695312,197.32566833496094,822.754638671875,109.19180297851562,769.8463134765625,120.23854064941406,808.0845336914062,427.15057373046875,758.369384765625,426.57501220703125,807.5323486328125,531.7692260742188,751.4151000976562,525.4946899414062,802.7055053710938,622.673095703125,754.3504638671875,610.1525268554688
123,4.09999191321499,798.4517822265625,231.05482482910156,808.1491088867188,222.75955200195312,788.1383056640625,222.8760223388672,821.4999389648438,224.79733276367188,772.3016357421875,225.4969024658203,829.2780151367188,259.9430847167969,758.420654296875,262.5247802734375,841.93505859375,187.13478088378906,743.8618774414062,197.51473999023438,822.2529907226562,108.94143676757812,769.974365234375,120.58149719238281,808.7897338867188,426.3799133300781,759.3569946289062,426.0780944824219,807.8268432617188,531.5287475585938,751.5958251953125,525.6820068359375,803.4589233398438,621.9428100585938,754.3348388671875,610.0416259765625
124,4.133325180802103,798.2276611328125,229.89588928222656,807.155029296875,221.14981079101562,787.7942504882812,221.83689880371094,819.3717041015625,222.14614868164062,771.70263671875,224.2181396484375,827.3252563476562,258.10540771484375,759.4892578125,262.2618713378906,839.3792724609375,184.534423828125,746.3871459960938,197.5536346435547,821.2416381835938,105.57565307617188,771.0531616210938,120.80308532714844,809.16455078125,425.145263671875,761.9676513671875,425.30401611328125,805.464599609375,530.9873657226562,752.1928100585938,524.7462158203125,805.4267578125,621.773193359375,755.5354614257812,607.8349609375
125,4.166658448389217,798.4381713867188,229.7722625732422,807.2662963867188,220.92579650878906,787.9393920898438,221.73292541503906,819.2138671875,221.68133544921875,771.669189453125,223.97276306152344,826.669189453125,257.56036376953125,760.3377075195312,261.931884765625,837.5390625,182.47413635253906,749.1716918945312,194.8910369873047,820.343017578125,104.3569564819336,773.5970458984375,117.1600341796875,809.4244995117188,425.3531494140625,763.0299072265625,425.5653076171875,804.8994140625,531.3270874023438,751.8794555664062,524.6644287109375,806.1630249023438,623.050048828125,755.4583129882812,608.22802734375
126,4.199991715976331,798.986083984375,229.3533172607422,807.5755004882812,220.3465576171875,788.4041137695312,221.30377197265625,819.0673217773438,220.904541015625,771.7178344726562,223.36940002441406,825.8309936523438,257.08331298828125,760.2852172851562,261.1069641113281,835.3360595703125,182.97714233398438,749.4515380859375,193.7823944091797,819.8687744140625,105.9591064453125,774.3030395507812,115.97252655029297,809.684814453125,425.7128601074219,763.5733032226562,426.0296325683594,804.7916259765625,531.3816528320312,751.8474731445312,524.9104614257812,806.5016479492188,622.73779296875,755.2632446289062,608.1903686523438
127,4.2333249835634446,799.7094116210938,229.0325164794922,808.1183471679688,219.9132537841797,789.0686645507812,220.88917541503906,819.1165771484375,220.25709533691406,771.8309326171875,222.5526580810547,825.3421630859375,256.7696228027344,760.4271850585938,259.3695068359375,834.3428344726562,182.65982055664062,751.097900390625,188.46017456054688,819.2973022460938,106.95083618164062,776.572021484375,110.7166748046875,809.4140014648438,426.0755920410156,763.4306640625,425.95416259765625,805.3844604492188,530.8490600585938,751.707763671875,523.6646728515625,807.83935546875,622.0325927734375,754.9317016601562,606.7874145507812
128,4.266658251150559,800.1905517578125,228.44166564941406,808.5569458007812,219.33383178710938,789.5651245117188,220.18719482421875,819.3690185546875,219.75184631347656,772.0117797851562,221.55093383789062,825.0465087890625,256.8087463378906,760.3917846679688,257.8714904785156,833.8470458984375,184.1317901611328,750.5227661132812,185.67550659179688,819.9804077148438,109.30522155761719,776.761474609375,108.49239349365234,810.2197875976562,426.352294921875,764.27880859375,425.9279479980469,805.7439575195312,531.2106323242188,752.1263427734375,524.4191284179688,807.21484375,621.9385986328125,754.3325805664062,607.8733520507812
129,4.299991518737673,799.9512329101562,227.35757446289062,808.5040283203125,218.51806640625,789.5838012695312,219.23486328125,819.5819702148438,219.3002471923828,772.96044921875,220.75894165039062,825.3291625976562,256.0415344238281,760.9063110351562,257.0520324707031,832.2404174804688,184.9061279296875,750.2411499023438,186.5972442626953,819.184814453125,111.57848358154297,776.6160888671875,109.29302978515625,810.4628295898438,425.57232666015625,764.57470703125,425.167724609375,806.902587890625,530.4628295898438,752.438232421875,523.431884765625,807.4091186523438,622.115234375,754.1696166992188,608.1859130859375
130,4.333324786324786,800.8362426757812,226.8029022216797,809.455078125,217.90260314941406,790.4218139648438,218.52793884277344,820.4441528320312,218.66465759277344,773.29736328125,219.95509338378906,825.739990234375,255.7351837158203,761.0302734375,257.0456848144531,832.7376708984375,184.83143615722656,750.7421875,187.67593383789062,819.184326171875,109.90773010253906,776.5479125976562,109.26897430419922,810.9210815429688,425.3988952636719,764.8756103515625,425.13348388671875,807.2554321289062,530.3514404296875,752.4807739257812,523.7000732421875,808.1382446289062,622.540771484375,754.3677978515625,609.056396484375
131,4.3666580539119,800.9127807617188,224.9492950439453,809.9922485351562,216.10682678222656,790.7032470703125,216.4696044921875,821.4740600585938,216.9652557373047,774.2124633789062,217.7101593017578,826.109619140625,254.58306884765625,761.65478515625,255.91653442382812,832.6875610351562,184.38558959960938,750.0530395507812,188.1759796142578,818.8671264648438,107.54925537109375,776.2452392578125,108.1962661743164,810.2150268554688,423.85723876953125,764.5739135742188,423.7296447753906,807.9633178710938,528.7139282226562,753.796630859375,522.7763671875,808.3456420898438,621.0797119140625,755.663330078125,608.985595703125
132,4.399991321499013,800.9348754882812,224.70590209960938,810.091064453125,215.8373260498047,790.7428588867188,216.2157440185547,821.749267578125,216.63522338867188,774.5006713867188,217.41551208496094,826.3162841796875,254.2550048828125,762.0054321289062,255.59616088867188,832.602294921875,184.5399627685547,749.80126953125,188.41555786132812,819.0324096679688,107.76324462890625,775.879150390625,108.60726165771484,810.1591796875,424.0164794921875,764.575927734375,423.9064025878906,808.04052734375,529.3111572265625,753.853515625,523.5119018554688,808.2151489257812,621.703857421875,755.3372802734375,609.8828125
133,4.433324589086127,800.5654296875,224.80528259277344,809.807861328125,215.8647918701172,790.2418823242188,216.30580139160156,821.74951171875,216.6006317138672,774.044677734375,217.52685546875,826.2929077148438,254.36146545410156,762.0045776367188,255.4477081298828,832.185302734375,184.13168334960938,749.9789428710938,186.8453826904297,818.7916870117188,107.73645782470703,776.0928955078125,107.20553588867188,810.0377807617188,424.143798828125,764.4559326171875,423.9178466796875,807.8331298828125,529.4134521484375,753.7855224609375,523.3449096679688,808.1637573242188,621.7540283203125,755.3461303710938,609.5594482421875
134,4.466657856673241,801.405517578125,220.86846923828125,810.3694458007812,212.24026489257812,791.2344360351562,212.67538452148438,821.7833251953125,213.5833740234375,775.2468872070312,214.6871795654297,827.2882080078125,251.3773651123047,762.68505859375,253.29637145996094,833.5933227539062,180.25912475585938,750.4165649414062,186.0924530029297,818.69775390625,101.93981170654297,776.4796752929688,107.3194580078125,810.8348999023438,422.6114807128906,765.1361083984375,422.46246337890625,808.49365234375,528.5942993164062,754.0206298828125,522.0836181640625,809.9563598632812,623.5408935546875,755.4592895507812,610.10595703125
135,4.4999911242603545,801.9032592773438,219.81544494628906,810.84228515625,211.3973388671875,791.723388671875,211.61729431152344,822.2166748046875,213.12916564941406,775.6925048828125,213.9344482421875,828.1508178710938,250.95452880859375,763.0693969726562,253.04315185546875,834.5540161132812,180.181396484375,751.1328125,187.9899444580078,819.2352294921875,100.26941680908203,776.7386474609375,108.71044921875,811.559814453125,422.2779541015625,765.436279296875,421.85833740234375,809.4342041015625,528.6079711914062,753.9017944335938,520.8456420898438,809.4408569335938,622.6073608398438,754.0398559570312,607.1377563476562
136,4.533324391847469,802.0286865234375,219.05491638183594,811.2344360351562,210.5855255126953,791.9775390625,210.60855102539062,822.9664916992188,212.05935668945312,776.34326171875,212.4770050048828,829.4738159179688,249.52886962890625,762.95458984375,252.2354278564453,836.3193969726562,182.3435516357422,747.423828125,194.45693969726562,820.9105224609375,102.8272705078125,772.9389038085938,119.00212860107422,812.9739379882812,420.2602233886719,766.1674194335938,420.0650939941406,812.20263671875,526.959716796875,755.3884887695312,519.6492309570312,810.3236694335938,621.8482055664062,754.0631713867188,607.293212890625
137,4.566657659434583,803.125,217.77467346191406,812.1619873046875,209.2584686279297,792.689697265625,209.60122680664062,823.8538208007812,211.0290069580078,776.7630004882812,212.28878784179688,830.9392700195312,249.01797485351562,763.325439453125,252.7482452392578,836.7997436523438,184.01739501953125,745.7311401367188,199.3785858154297,821.0186767578125,105.57306671142578,769.81640625,127.29794311523438,814.2086181640625,419.4917297363281,766.8803100585938,419.5513916015625,813.0182495117188,526.6365356445312,756.2388305664062,519.3445434570312,809.8801879882812,622.154296875,753.7186889648438,607.5294189453125
138,4.599990927021696,805.1297607421875,216.60511779785156,813.705078125,208.9224395751953,794.2496337890625,209.18399047851562,824.1732177734375,212.0924835205078,776.94482421875,212.80126953125,832.998046875,249.5121307373047,762.65673828125,249.81201171875,834.8952026367188,186.6084747314453,747.590087890625,188.88076782226562,818.2565307617188,120.27587890625,765.2540893554688,128.09194946289062,817.310302734375,422.69146728515625,768.350341796875,420.85699462890625,815.22265625,527.8087158203125,757.3764038085938,516.9192504882812,806.2077026367188,629.8854370117188,753.3734130859375,614.2863159179688
139,4.63332419460881,806.2301635742188,214.98902893066406,815.0209350585938,207.50379943847656,795.4325561523438,207.6793975830078,825.5521850585938,211.29608154296875,778.41162109375,211.66358947753906,833.74072265625,248.88685607910156,764.3740234375,248.4292449951172,835.1087646484375,184.61431884765625,750.0723266601562,183.99575805664062,818.7560424804688,116.7917709350586,769.6461181640625,120.39129638671875,818.4278564453125,423.70733642578125,769.6783447265625,421.82952880859375,815.839599609375,529.0657348632812,757.3479614257812,519.062255859375,806.9776000976562,631.9168090820312,752.9539794921875,618.056396484375
140,4.666657462195923,807.8927001953125,213.18887329101562,816.3391723632812,205.53330993652344,797.325439453125,205.95652770996094,826.2681884765625,209.74903869628906,780.376953125,210.80825805664062,832.5778198242188,249.0716552734375,766.8916625976562,250.45591735839844,836.0345458984375,183.81561279296875,752.5299072265625,188.95924377441406,819.5523681640625,105.50001525878906,778.0421142578125,111.71315002441406,817.6222534179688,421.3148498535156,770.6162719726562,420.8924560546875,815.5086059570312,528.9730834960938,757.0110473632812,522.1897583007812,812.2078857421875,626.2327880859375,752.8432006835938,613.5057983398438
141,4.699990729783037,808.5728149414062,212.75523376464844,817.1344604492188,205.1412811279297,798.1380004882812,205.40509033203125,827.1678466796875,209.18133544921875,781.080810546875,209.9669189453125,833.4112548828125,247.92701721191406,767.7686157226562,250.04283142089844,838.58544921875,181.4894256591797,754.6687622070312,188.9142303466797,821.8884887695312,102.68663024902344,780.23681640625,110.7975845336914,818.4800415039062,420.63922119140625,771.410888671875,420.4266357421875,815.9097900390625,528.6637573242188,757.1698608398438,522.3834838867188,812.5973510742188,625.0858764648438,753.1621704101562,612.6519165039062
142,4.733323997370151,809.744140625,212.76480102539062,818.6898193359375,204.87380981445312,798.906494140625,205.36245727539062,830.0355834960938,208.83567810058594,782.5181884765625,210.42515563964844,837.0690307617188,248.3754425048828,769.847900390625,251.5445098876953,840.8220825195312,180.10092163085938,755.9662475585938,190.41616821289062,822.770751953125,100.63224029541016,778.4217529296875,111.95609283447266,819.6996459960938,421.74237060546875,771.718505859375,421.3959655761719,817.4551391601562,529.5166625976562,757.8483276367188,521.7091674804688,812.6270141601562,624.9887084960938,753.3410034179688,610.3946533203125
143,4.7666572649572645,811.5094604492188,211.9337615966797,820.4299926757812,203.76622009277344,800.6763916015625,204.46475219726562,831.8555908203125,207.02450561523438,784.56396484375,209.156494140625,839.6114501953125,245.91375732421875,771.22119140625,250.44244384765625,843.255126953125,179.00523376464844,755.8704833984375,194.53848266601562,824.7162475585938,100.59550476074219,776.9161987304688,120.58167266845703,820.5271606445312,421.3138732910156,771.9716796875,421.1343688964844,818.6890869140625,529.2560424804688,758.8436889648438,520.6261596679688,813.8858032226562,626.900390625,754.5160522460938,610.8572998046875
144,4.799990532544379,811.5059204101562,211.83993530273438,820.372802734375,203.8319091796875,800.7861938476562,204.48863220214844,831.5772094726562,207.34219360351562,784.7530517578125,209.2614288330078,839.4151000976562,245.90374755859375,771.0279541015625,249.99293518066406,842.5631103515625,178.31039428710938,755.2481689453125,191.72244262695312,823.6854858398438,100.38214874267578,777.576416015625,115.88209533691406,821.1513061523438,421.116455078125,772.4843139648438,420.94439697265625,819.0256958007812,529.0941162109375,758.663330078125,520.6818237304688,814.1284790039062,626.3504638671875,754.620849609375,610.5783081054688
145,4.833323800131492,811.8526000976562,211.81036376953125,820.6632080078125,203.7873077392578,801.09765625,204.4988250732422,831.691650390625,207.24867248535156,784.84423828125,209.2254180908203,839.1964111328125,245.82366943359375,771.072265625,249.83937072753906,841.8695678710938,179.36253356933594,754.8895874023438,192.74197387695312,823.2822265625,101.73673248291016,776.4657592773438,117.95316314697266,821.07470703125,421.19586181640625,772.6087036132812,421.0407409667969,818.5480346679688,529.3233032226562,758.8598022460938,521.0389404296875,813.8184814453125,626.8645629882812,755.045166015625,611.4217529296875
146,4.866657067718606,815.2346801757812,211.94725036621094,824.0314331054688,203.6258544921875,804.4588623046875,204.091064453125,834.2974243164062,206.95919799804688,786.70166015625,208.06820678710938,841.5492553710938,246.76449584960938,771.9603881835938,249.41348266601562,848.6322631835938,180.40081787109375,756.2073364257812,190.36575317382812,826.5507202148438,102.16593170166016,779.3074340820312,116.42194366455078,823.1806030273438,421.1405029296875,774.0445556640625,420.73089599609375,821.0781860351562,527.4935913085938,761.6353759765625,520.9149780273438,814.3600463867188,624.817138671875,757.2422485351562,612.9705810546875
147,4.89999033530572,816.368896484375,212.8349609375,825.0471801757812,204.1555938720703,805.5350952148438,204.73280334472656,834.7903442382812,206.70687866210938,786.9136962890625,207.83544921875,840.8292236328125,246.21234130859375,772.4052124023438,249.0708770751953,848.6286010742188,177.72640991210938,758.3967895507812,187.788818359375,828.9884033203125,99.82838439941406,782.98876953125,112.83202362060547,823.7606811523438,421.8292236328125,775.3541259765625,421.77716064453125,820.1211547851562,528.10498046875,762.6046142578125,522.1849365234375,814.5721435546875,625.279296875,759.8656005859375,613.9367065429688
148,4.933323602892833,816.2996826171875,212.96029663085938,825.168701171875,205.08604431152344,805.67578125,205.22274780273438,834.7509765625,209.1580352783203,786.822021484375,208.82666015625,840.8821411132812,248.83950805664062,771.9613647460938,248.45298767089844,851.29833984375,177.2364959716797,760.3204956054688,179.0006103515625,832.44580078125,99.59835815429688,788.4705200195312,105.85396575927734,826.3717041015625,422.2385559082031,777.96630859375,421.43243408203125,821.5580444335938,529.0367431640625,767.2440795898438,522.9939575195312,816.8466796875,623.6710205078125,769.6613159179688,613.7235717773438
149,4.966656870479947,815.941650390625,212.61044311523438,824.93212890625,205.06350708007812,805.5708618164062,204.96087646484375,834.4157104492188,209.65350341796875,786.9146728515625,208.618408203125,839.9264526367188,249.43087768554688,772.0098266601562,248.11831665039062,851.6397094726562,177.86981201171875,760.3395385742188,177.18312072753906,833.6243896484375,100.75031280517578,789.1431884765625,104.43807220458984,826.605712890625,421.8369445800781,779.0866088867188,421.160400390625,822.5068969726562,529.6868896484375,770.7230834960938,525.2730102539062,817.28271484375,623.8109741210938,773.9714965820312,617.0942993164062
150,4.999990138067061,816.220947265625,212.9474639892578,825.1093139648438,205.5005340576172,805.8758544921875,205.41380310058594,834.2911987304688,210.54815673828125,786.93310546875,209.42543029785156,839.8309936523438,251.04200744628906,771.8681030273438,249.21237182617188,853.7518920898438,180.8514862060547,760.5289916992188,178.2761993408203,835.6759033203125,101.84980773925781,790.9656982421875,104.35995483398438,827.2036743164062,422.143310546875,779.6732177734375,421.6590881347656,823.0742797851562,529.3242797851562,771.69384765625,526.8478393554688,818.0738525390625,622.03076171875,774.9810791015625,618.579833984375
151,5.0333234056541745,815.8045654296875,213.23829650878906,824.6361694335938,205.677490234375,805.4117431640625,205.69497680664062,833.8794555664062,210.74517822265625,786.855712890625,209.9374542236328,839.6248779296875,251.9523162841797,772.4077758789062,250.28024291992188,853.516845703125,182.37709045410156,761.048095703125,179.84991455078125,836.4647827148438,103.63326263427734,791.5240478515625,106.05462646484375,827.2024536132812,423.3175354003906,780.291748046875,422.9202880859375,823.1622924804688,530.3673095703125,772.9669189453125,527.962158203125,818.2117919921875,622.9996948242188,775.7362060546875,619.4846801757812
152,5.0666566732412885,815.794921875,213.342529296875,824.5621337890625,206.09165954589844,805.4696044921875,205.88034057617188,833.5757446289062,211.73098754882812,786.5830078125,210.43328857421875,839.7293701171875,252.6851348876953,771.6354370117188,250.65771484375,856.00390625,181.79244995117188,761.2987670898438,179.02320861816406,838.9531860351562,101.83483123779297,794.1403198242188,104.47083282470703,827.6631469726562,423.7301940917969,780.1934204101562,423.2982177734375,823.88232421875,530.3740844726562,773.4241943359375,528.427001953125,817.8636474609375,622.9982299804688,776.0738525390625,620.0925903320312
153,5.099989940828402,814.7957763671875,213.40879821777344,823.670654296875,206.10696411132812,804.5776977539062,205.88137817382812,832.9610595703125,211.62342834472656,786.2582397460938,210.2272186279297,839.1392211914062,252.8019256591797,771.7649536132812,250.12307739257812,855.0426635742188,182.97824096679688,761.0735473632812,178.132080078125,839.1054077148438,103.42694854736328,794.2666625976562,104.00789642333984,827.6011352539062,423.9622802734375,780.5478515625,423.38153076171875,823.617431640625,530.5770874023438,773.1998291015625,528.7074584960938,818.5167846679688,623.426513671875,775.78076171875,620.84765625
154,5.133323208415516,814.2686767578125,213.10494995117188,823.1212158203125,205.99398803710938,804.0195922851562,205.7861785888672,832.591796875,211.9146270751953,786.0623168945312,210.6072540283203,838.83154296875,253.14476013183594,772.1427612304688,249.93881225585938,854.6040649414062,182.54458618164062,761.7005004882812,176.3264923095703,838.85693359375,102.52009582519531,795.0811767578125,103.30465698242188,827.3189697265625,423.92156982421875,780.6144409179688,423.17437744140625,823.9299926757812,530.9270629882812,773.9022827148438,529.1744995117188,818.6627807617188,624.1730346679688,775.5181884765625,622.1603393554688
155,5.16665647600263,814.0979614257812,213.0394744873047,822.6604614257812,206.08238220214844,803.9588012695312,205.81179809570312,831.6837768554688,211.78680419921875,785.75244140625,210.39056396484375,838.2960815429688,251.7278289794922,771.2609252929688,248.6792755126953,853.9816284179688,181.623779296875,762.3829956054688,176.2172393798828,839.5689697265625,101.8838119506836,795.5698852539062,103.03369140625,826.8626708984375,423.3251037597656,779.8106079101562,422.46099853515625,823.84423828125,531.9320678710938,773.14111328125,528.9327392578125,818.9676513671875,627.3526000976562,774.8199462890625,623.0631103515625
156,5.199989743589743,814.0797119140625,212.9452667236328,822.5869750976562,206.17630004882812,803.9098510742188,205.79769897460938,831.5165405273438,212.18614196777344,785.5684814453125,210.65341186523438,838.2568969726562,251.95889282226562,770.9349365234375,248.93463134765625,853.8871459960938,181.96249389648438,762.7018432617188,177.2168426513672,840.041015625,102.4881591796875,795.3857421875,104.05538177490234,826.4555053710938,423.39959716796875,779.2330932617188,422.3754577636719,823.9368896484375,532.4464111328125,773.1082153320312,528.508544921875,818.4107055664062,627.8523559570312,774.6244506835938,622.0421752929688
157,5.233323011176857,814.0988159179688,212.766845703125,822.5709838867188,206.1313934326172,804.072509765625,205.68565368652344,831.3831176757812,212.31402587890625,786.01416015625,210.64218139648438,838.3110961914062,252.0574493408203,771.0755004882812,248.92893981933594,853.9743041992188,182.52816772460938,762.6722412109375,177.50146484375,840.3087158203125,103.39117431640625,795.2222290039062,104.20255279541016,826.2659912109375,422.86785888671875,779.1777954101562,421.8044738769531,824.3042602539062,532.6085815429688,773.3938598632812,528.6010131835938,818.7545776367188,628.4547119140625,774.6478271484375,622.7103881835938
158,5.26665627876397,813.4828491210938,212.74368286132812,821.7339477539062,205.8135223388672,803.3512573242188,205.5095672607422,830.283935546875,211.32797241210938,784.8666381835938,209.92530822753906,837.0635375976562,250.98837280273438,769.64306640625,247.70773315429688,851.4044189453125,183.48606872558594,761.0418701171875,177.71644592285156,837.9889526367188,105.80107116699219,792.8035278320312,105.4749526977539,825.2543334960938,423.3238220214844,777.9369506835938,422.16522216796875,823.816650390625,533.0191650390625,772.473388671875,528.0263061523438,819.1821899414062,629.274658203125,774.10498046875,621.6837768554688
159,5.299989546351084,812.9940185546875,212.76339721679688,821.1072998046875,205.73275756835938,802.62744140625,205.79129028320312,829.7844848632812,211.19735717773438,784.2908325195312,210.73947143554688,836.4668579101562,250.71395874023438,769.77685546875,248.5345458984375,849.36962890625,182.44923400878906,760.3270263671875,178.41285705566406,835.9102783203125,105.18278503417969,791.462890625,105.96754455566406,824.8654174804688,422.7618713378906,778.0634765625,422.13751220703125,823.3139038085938,531.9900512695312,773.2219848632812,527.9306640625,818.4819946289062,628.56591796875,774.35205078125,621.9308471679688
160,5.3333228139381985,812.5506591796875,212.15277099609375,820.3843383789062,205.413818359375,802.3341674804688,205.5048828125,828.4932861328125,211.20639038085938,783.7005615234375,210.8726806640625,835.2263793945312,249.80152893066406,768.9688720703125,248.93411254882812,848.2738647460938,181.191650390625,758.8893432617188,179.96556091308594,832.1295776367188,104.99519348144531,787.9041137695312,106.68353271484375,824.734130859375,420.5481872558594,778.16796875,420.5062561035156,822.8414916992188,528.8915405273438,772.8729248046875,526.2921142578125,816.9224853515625,623.8895874023438,773.868408203125,619.2279663085938
161,5.366656081525312,812.4570922851562,212.3365020751953,820.2688598632812,205.49839782714844,802.0419311523438,205.66299438476562,828.659423828125,211.0311279296875,783.2906494140625,211.06381225585938,835.4182739257812,249.1796417236328,769.2463989257812,249.20458984375,848.4054565429688,179.2490692138672,759.2474975585938,180.63055419921875,831.7388916015625,101.98348999023438,788.9100341796875,106.63381958007812,825.147216796875,420.040771484375,778.6467895507812,420.25018310546875,822.369384765625,527.895263671875,773.6260375976562,525.5538330078125,814.7576293945312,622.4412841796875,773.7254638671875,617.4652099609375
162,5.399989349112426,812.2001342773438,212.31019592285156,820.0453491210938,205.49879455566406,801.7343139648438,205.76547241210938,828.551513671875,211.1885986328125,783.1767578125,211.513671875,835.4136962890625,249.60118103027344,769.1796875,250.16085815429688,848.2987060546875,180.25157165527344,758.3763427734375,182.8002471923828,831.568115234375,102.44044494628906,786.9601440429688,108.16541290283203,824.8321533203125,419.6243591308594,778.5411987304688,420.0765380859375,821.9869995117188,528.087646484375,774.189697265625,526.28125,814.4457397460938,622.6805419921875,774.5944213867188,618.5125122070312
163,5.43332261669954,812.161865234375,212.63772583007812,820.126953125,205.739013671875,801.6671752929688,206.01986694335938,828.8753051757812,211.279296875,783.1636962890625,211.68052673339844,835.5259399414062,249.66836547851562,769.553466796875,250.66220092773438,848.2744140625,179.78439331054688,758.3424072265625,183.41952514648438,831.141845703125,101.89789581298828,785.5862426757812,108.474609375,825.015380859375,419.55010986328125,778.8663330078125,420.1274719238281,821.934814453125,527.5835571289062,774.0015869140625,526.0344848632812,814.4913330078125,621.60205078125,774.3898315429688,617.7503662109375
164,5.466655884286653,811.94384765625,212.5289306640625,819.8966674804688,205.71905517578125,801.5519409179688,206.03817749023438,828.6301879882812,211.33958435058594,783.4412231445312,211.83596801757812,835.5506591796875,249.50526428222656,769.74169921875,250.6146240234375,847.6697998046875,180.71641540527344,758.0365600585938,184.28228759765625,830.3409423828125,103.27501678466797,784.5284423828125,109.0883560180664,824.7780151367188,419.6261901855469,778.7108154296875,420.1799621582031,821.6570434570312,527.7435913085938,773.476318359375,525.8977661132812,814.9031372070312,622.2894897460938,774.2259521484375,617.9103393554688
165,5.499989151873767,811.9990234375,212.56253051757812,819.882080078125,205.63511657714844,801.605224609375,205.94773864746094,828.58984375,210.9599151611328,783.4815063476562,211.52279663085938,835.9337768554688,249.0773162841797,769.8391723632812,250.45181274414062,848.3624877929688,179.3198699951172,758.2515869140625,183.64498901367188,830.4248657226562,101.18872833251953,785.0631103515625,107.75262451171875,825.3035278320312,420.2056884765625,779.10888671875,420.71624755859375,821.4661254882812,528.3560180664062,773.4006958007812,526.033447265625,814.5960693359375,623.6167602539062,774.0552368164062,618.0609130859375
166,5.53332241946088,811.900146484375,212.76332092285156,819.8367919921875,205.72325134277344,801.5104370117188,206.03334045410156,828.6588745117188,210.83338928222656,783.5006103515625,211.35533142089844,836.0543212890625,249.16030883789062,769.8770751953125,250.2639923095703,848.425537109375,179.08253479003906,758.0665283203125,182.73690795898438,829.8517456054688,100.42828369140625,785.714111328125,107.04490661621094,825.4403076171875,420.4964294433594,779.3656616210938,420.9508361816406,821.302001953125,528.6202392578125,774.28173828125,526.4251098632812,814.0092163085938,624.6921997070312,775.084228515625,619.5238037109375
167,5.566655687047994,811.8215942382812,212.78033447265625,819.8723754882812,205.673095703125,801.4285278320312,206.01971435546875,828.9335327148438,210.54885864257812,783.583740234375,211.17637634277344,836.173583984375,248.58450317382812,770.3650512695312,250.09881591796875,848.6487426757812,179.5552978515625,758.6152954101562,184.19793701171875,830.8555908203125,100.70040893554688,785.7086181640625,107.9383773803711,825.4638061523438,419.786865234375,779.566162109375,420.4029541015625,821.43115234375,528.2321166992188,774.430419921875,526.3701782226562,814.2108154296875,623.8582763671875,775.085205078125,619.112548828125
168,5.5999889546351085,811.8550415039062,212.78289794921875,819.9486083984375,205.73895263671875,801.470703125,206.04544067382812,829.0366821289062,210.7632598876953,783.6151123046875,211.28488159179688,836.2571411132812,248.8586883544922,770.3753051757812,250.23048400878906,848.6980590820312,180.130859375,758.868896484375,184.50677490234375,830.8207397460938,101.2207260131836,785.7512817382812,108.39826965332031,825.5840454101562,419.87542724609375,779.6569213867188,420.4348449707031,821.4193725585938,528.7057495117188,774.4613647460938,526.8326416015625,814.3195190429688,624.71142578125,775.343505859375,620.1301879882812
169,5.633322222222222,811.5880126953125,212.65199279785156,819.5789184570312,205.5430145263672,801.1636352539062,205.91259765625,828.5422973632812,210.5172882080078,783.285888671875,211.18031311035156,835.9867553710938,249.04647827148438,770.2395629882812,250.24810791015625,848.8071899414062,180.16046142578125,758.8245849609375,183.4425811767578,830.8114624023438,102.03273010253906,785.684326171875,107.6351089477539,825.5071411132812,419.83538818359375,779.8294067382812,420.35845947265625,821.3901977539062,528.2571411132812,775.1654052734375,526.3786010742188,814.3839111328125,624.304931640625,776.1166381835938,619.7330932617188
170,5.666655489809336,811.9585571289062,212.8331298828125,820.1835327148438,205.56678771972656,801.4472045898438,206.00222778320312,829.6653442382812,210.48886108398438,784.061767578125,211.26527404785156,837.0621337890625,249.3390350341797,771.4043579101562,250.34326171875,849.0283203125,179.71397399902344,759.0570678710938,183.006591796875,831.5868530273438,101.33955383300781,786.6814575195312,108.18511199951172,826.1972045898438,420.3830871582031,780.489013671875,420.773681640625,822.0588989257812,528.6954345703125,775.4689331054688,526.3834228515625,814.8720092773438,623.231201171875,776.0913696289062,618.1770629882812
171,5.699988757396449,812.2481079101562,213.07830810546875,820.533447265625,205.5846405029297,801.5429077148438,206.10791015625,830.2142333984375,210.25408935546875,783.9815673828125,211.27410888671875,837.4974365234375,249.5092010498047,771.7913818359375,250.66073608398438,849.266357421875,177.6376495361328,759.1795654296875,181.08470153808594,831.3848266601562,99.24679565429688,787.56689453125,106.72297668457031,826.7639770507812,420.7812194824219,781.14306640625,421.22711181640625,822.169189453125,527.841796875,776.1318969726562,525.5511474609375,814.9367065429688,622.6192016601562,776.724365234375,617.2845458984375
172,5.733322024983563,813.4104614257812,213.47177124023438,821.6051025390625,205.96102905273438,802.7021484375,206.4441375732422,830.7860717773438,210.7357635498047,784.56103515625,211.43701171875,837.6883544921875,250.46380615234375,771.8665771484375,250.6439666748047,849.7064208984375,180.89710998535156,759.4263305664062,181.7787322998047,832.848876953125,103.18205261230469,787.8612670898438,108.33204650878906,827.3204956054688,420.8945007324219,781.63671875,421.13885498046875,823.0809326171875,527.636474609375,776.72509765625,525.402099609375,816.0565185546875,622.4329833984375,777.5311279296875,617.8508911132812
173,5.766655292570677,813.2881469726562,213.5514678955078,821.4918823242188,206.15054321289062,802.642822265625,206.52442932128906,830.6281127929688,211.0581512451172,784.4659423828125,211.4820556640625,837.564697265625,250.79515075683594,771.6649169921875,250.41400146484375,849.7418212890625,180.9515838623047,759.659912109375,180.49996948242188,832.3851928710938,103.08941650390625,788.41845703125,107.18390655517578,827.1646118164062,420.95306396484375,781.3687744140625,420.93780517578125,823.0548095703125,527.681640625,776.3048706054688,524.9962158203125,816.244384765625,621.975830078125,777.310302734375,616.88525390625
174,5.79998856015779,813.78662109375,214.58969116210938,821.9005737304688,207.45481872558594,803.3402099609375,207.54940795898438,830.75146484375,212.68113708496094,785.05224609375,212.46592712402344,837.6973876953125,252.0321502685547,771.7393798828125,250.75975036621094,851.285888671875,180.4578094482422,761.0856323242188,178.41612243652344,834.1361083984375,101.24647521972656,791.7760620117188,104.58143615722656,827.3214111328125,421.6534729003906,781.4814453125,421.3456115722656,823.5307006835938,528.6394653320312,777.2227783203125,525.7354736328125,816.295166015625,622.9495849609375,778.2357177734375,617.64453125
175,5.833321827744904,813.71044921875,214.9289093017578,821.9786987304688,207.84820556640625,803.2183837890625,207.9413604736328,831.1090087890625,213.18280029296875,785.0468139648438,212.99339294433594,837.731201171875,252.28565979003906,772.1231689453125,251.21231079101562,850.936767578125,180.5151824951172,761.924072265625,178.8862762451172,835.1354370117188,101.59711456298828,792.6306762695312,104.67427062988281,827.4244995117188,421.9364318847656,781.6826782226562,421.7321472167969,823.5338745117188,529.528076171875,777.0006103515625,526.672607421875,816.9368286132812,623.7001342773438,778.2813720703125,618.2438354492188
176,5.8666550953320185,814.1271362304688,214.7303009033203,822.2338256835938,207.8075714111328,803.8491821289062,207.78103637695312,830.8956298828125,213.26722717285156,785.6206665039062,212.79342651367188,837.8426513671875,252.0564422607422,772.060302734375,251.07461547851562,852.4528198242188,180.41354370117188,762.233642578125,179.4185791015625,836.862548828125,101.64790344238281,792.9979858398438,104.9838638305664,827.5097045898438,422.0764465332031,781.6717529296875,421.8628234863281,823.7527465820312,530.1016235351562,776.867919921875,527.0999755859375,817.400390625,624.4244995117188,778.31201171875,618.5390625
177,5.899988362919132,814.8369140625,214.7353973388672,822.9183959960938,207.77777099609375,804.6262817382812,207.5812225341797,831.2545776367188,213.2907257080078,785.9793090820312,212.34591674804688,838.0109252929688,252.52574157714844,771.7772827148438,251.1163330078125,853.3336181640625,180.376220703125,762.1845092773438,178.88278198242188,837.6384887695312,101.1974105834961,794.0110473632812,104.00186920166016,827.935302734375,422.2538757324219,781.8048095703125,421.9327087402344,824.3651123046875,529.748779296875,776.730224609375,526.7027587890625,817.5567626953125,623.3920288085938,777.9819946289062,617.609619140625
178,5.933321630506246,815.768310546875,214.42556762695312,823.8267822265625,207.38088989257812,805.6177368164062,207.11361694335938,831.7598266601562,212.89686584472656,786.6437377929688,211.7034454345703,838.3475341796875,252.7505645751953,771.8074951171875,251.5859375,853.6671142578125,180.81324768066406,762.1161499023438,180.51174926757812,838.0964965820312,101.53186798095703,794.6213989257812,105.05752563476562,828.6998291015625,422.7097473144531,782.4718627929688,422.5125427246094,824.5859985351562,529.4636840820312,776.4935913085938,526.4761962890625,817.5162963867188,623.2161254882812,778.0053100585938,617.5993041992188
179,5.966654898093359,815.984375,214.03521728515625,824.0562133789062,206.98780822753906,805.8013916015625,206.68409729003906,831.8961791992188,212.61392211914062,786.7702026367188,211.32582092285156,838.6204223632812,253.05029296875,771.822998046875,251.634033203125,853.5321655273438,182.00233459472656,762.019287109375,181.0554656982422,837.748046875,102.8974609375,794.7039184570312,105.61945343017578,828.9336547851562,423.16680908203125,782.7186279296875,422.8245544433594,824.3724365234375,530.6513671875,776.7026977539062,527.3047485351562,816.9087524414062,625.5281982421875,778.1716918945312,619.5623779296875
180,5.999988165680473,815.9810180664062,214.09915161132812,824.111328125,206.99676513671875,805.6409912109375,206.75204467773438,832.1651611328125,212.5768280029297,786.6218872070312,211.49790954589844,839.0123291015625,252.8623046875,771.9354248046875,251.7172088623047,852.7665405273438,181.59832763671875,762.26171875,181.45916748046875,836.8944091796875,102.47088623046875,794.4971923828125,105.9986801147461,829.1460571289062,423.7213134765625,782.6704711914062,423.3265380859375,824.6728515625,531.97216796875,776.517333984375,527.8805541992188,816.8739624023438,627.7250366210938,777.748046875,620.5826416015625
181,6.033321433267587,815.849609375,214.05911254882812,824.1085205078125,207.0447540283203,805.5774536132812,206.7388153076172,832.3634033203125,212.6864776611328,786.7074584960938,211.41932678222656,838.9026489257812,252.58140563964844,772.0372314453125,251.2382354736328,852.6261596679688,181.20468139648438,762.0663452148438,180.71719360351562,836.919921875,101.4848861694336,794.7743530273438,104.93727111816406,829.2964477539062,422.95159912109375,782.7876586914062,422.6154479980469,825.1295166015625,531.2193603515625,776.5703735351562,527.6506958007812,817.4320068359375,625.811279296875,777.87939453125,619.6006469726562
182,6.0666547008547,815.9994506835938,213.55636596679688,824.3945922851562,206.67784118652344,805.9130249023438,206.25941467285156,832.6478881835938,212.4964141845703,787.3074340820312,210.79359436035156,838.662841796875,252.50523376464844,772.3566284179688,250.17837524414062,850.71533203125,183.14364624023438,761.7930297851562,179.96115112304688,834.3101196289062,104.47312927246094,794.1990966796875,105.35379791259766,829.0990600585938,422.2699890136719,782.9556274414062,421.66461181640625,824.5935668945312,530.2777709960938,776.4791259765625,526.7606811523438,817.0115356445312,625.207763671875,778.3463745117188,619.906005859375
183,6.099987968441814,816.3692626953125,213.55247497558594,824.8278198242188,206.652099609375,806.2733154296875,206.3035125732422,833.1061401367188,212.5354766845703,787.6278076171875,210.9314727783203,838.9541015625,252.68966674804688,772.5875854492188,250.4320831298828,851.2110595703125,184.61549377441406,761.3895263671875,180.87562561035156,834.7763671875,106.76985931396484,793.0499877929688,106.09101104736328,829.0678100585938,421.9188232421875,782.8685913085938,421.4648742675781,824.9249877929688,529.83837890625,776.432373046875,527.032958984375,817.8558349609375,624.165771484375,778.4874877929688,619.9813232421875
184,6.133321236028928,816.2924194335938,213.5473175048828,824.765380859375,206.52159118652344,806.1932373046875,206.1619873046875,833.1817626953125,212.17440795898438,787.8468627929688,210.60195922851562,839.3759765625,252.4886474609375,772.8402099609375,250.1311492919922,851.3757934570312,183.56614685058594,761.6600952148438,180.22203063964844,835.365478515625,105.19218444824219,794.1316528320312,106.17115783691406,829.2847900390625,423.1777038574219,783.0267944335938,422.53656005859375,825.02001953125,531.4326171875,776.50390625,527.73779296875,818.1038208007812,627.6672973632812,778.2275390625,622.0117797851562
185,6.166654503616042,816.2103271484375,213.8065643310547,824.7349243164062,206.7642059326172,806.091796875,206.39610290527344,833.2876586914062,212.38450622558594,787.896728515625,210.8225555419922,839.7572021484375,252.7081298828125,772.7730712890625,250.308837890625,851.0774536132812,184.46063232421875,761.534423828125,181.20457458496094,835.413330078125,106.51998138427734,793.4078369140625,107.3230209350586,829.2446899414062,423.77154541015625,782.6475219726562,422.95550537109375,825.4317016601562,532.72314453125,775.867431640625,528.0880737304688,818.6766357421875,629.557373046875,777.541259765625,622.5729370117188
186,6.199987771203156,816.5625610351562,213.69586181640625,824.9368896484375,206.73892211914062,806.4234008789062,206.40235900878906,833.0996704101562,212.63864135742188,787.825927734375,211.05374145507812,839.1994018554688,252.90611267089844,772.5643310546875,250.2083740234375,850.7630004882812,183.1900177001953,761.7391357421875,179.13758850097656,835.244140625,104.57077026367188,794.9158325195312,105.61457061767578,829.4494018554688,424.3271789550781,782.8931884765625,423.578369140625,825.207275390625,532.3244018554688,775.3997802734375,528.276611328125,819.274658203125,629.403076171875,777.2634887695312,623.2232055664062
187,6.233321038790269,816.4093627929688,213.74880981445312,824.73291015625,206.83554077148438,806.379638671875,206.44717407226562,832.7213134765625,212.82464599609375,787.8790283203125,211.15040588378906,839.1021728515625,253.14401245117188,772.4549560546875,250.761474609375,851.68115234375,182.64454650878906,761.5640258789062,179.56951904296875,836.5361328125,104.35098266601562,794.4983520507812,105.90359497070312,829.3921508789062,424.7516784667969,782.9547119140625,424.10101318359375,825.036376953125,532.0162353515625,775.05859375,528.2167358398438,818.9719848632812,630.3453369140625,776.6084594726562,624.4700317382812
188,6.266654306377383,816.4276123046875,213.50502014160156,824.5900268554688,206.75953674316406,806.4088745117188,206.32041931152344,832.2632446289062,213.0240478515625,787.7406005859375,211.29840087890625,839.3295288085938,253.3884735107422,771.7544555664062,251.0238037109375,852.297119140625,184.9633026123047,761.171630859375,182.0142364501953,837.3155517578125,107.60990142822266,793.0529174804688,108.2972640991211,829.118408203125,425.114013671875,782.179443359375,424.26953125,825.0946044921875,534.310546875,774.4644165039062,529.518798828125,818.8405151367188,633.4279174804688,775.9194946289062,625.9828491210938
189,6.299987573964497,815.85009765625,213.3026123046875,824.1974487304688,206.5915985107422,805.8937377929688,206.09912109375,832.1328125,212.90367126464844,787.5747680664062,211.025146484375,839.0166015625,253.16775512695312,771.7988891601562,250.8055419921875,850.6804809570312,185.6882781982422,760.5949096679688,182.81744384765625,835.7537841796875,109.30286407470703,791.2847900390625,109.34642028808594,829.193603515625,424.4115295410156,782.4631958007812,423.55267333984375,825.1512451171875,533.7845458984375,774.30029296875,528.817138671875,818.8438720703125,632.6083984375,776.052001953125,625.249755859375
190,6.33332084155161,815.690673828125,213.31199645996094,824.106201171875,206.64817810058594,805.76904296875,206.115234375,832.2085571289062,213.03567504882812,787.586181640625,211.0939178466797,839.1100463867188,253.2499237060547,771.951171875,250.95896911621094,851.8231201171875,184.86404418945312,761.2962036132812,182.46212768554688,837.4356079101562,107.20333862304688,792.7875366210938,108.2862548828125,829.1854858398438,424.33367919921875,782.4655151367188,423.5388488769531,825.0595092773438,533.3733520507812,774.2647094726562,528.8053588867188,818.9031372070312,631.7130737304688,776.0453491210938,624.8778686523438
191,6.366654109138724,815.5281982421875,213.23666381835938,823.9398803710938,206.53829956054688,805.5291137695312,206.05580139160156,832.159423828125,212.9537811279297,787.2625122070312,211.11680603027344,838.9939575195312,253.19081115722656,771.7490234375,250.7045135498047,852.0050659179688,183.5502471923828,761.7689208984375,180.48287963867188,837.7819213867188,104.95475769042969,794.5083618164062,105.99198913574219,829.2046508789062,424.26763916015625,782.2028198242188,423.4832763671875,825.6239624023438,532.66845703125,773.9348754882812,528.2570190429688,820.1175537109375,630.0993041992188,775.752197265625,623.4335327148438
192,6.3999873767258375,815.4744262695312,213.41131591796875,823.8656616210938,206.60528564453125,805.4595947265625,206.15585327148438,832.083984375,212.77574157714844,787.2076416015625,210.98675537109375,838.8504028320312,253.25631713867188,771.7686157226562,250.47096252441406,851.6509399414062,184.63619995117188,761.4656982421875,180.6232452392578,837.7625732421875,106.72801971435547,793.761962890625,106.89545440673828,828.7496948242188,424.5564880371094,781.9874877929688,423.6361389160156,824.9630126953125,533.1115112304688,774.0853271484375,528.4843139648438,819.3377685546875,631.3480224609375,775.7318725585938,624.465576171875
193,6.433320644312952,815.6668701171875,213.3643341064453,823.9130859375,206.4964599609375,805.5237426757812,206.19578552246094,831.9901733398438,212.62197875976562,787.0691528320312,211.19216918945312,838.7323608398438,253.08351135253906,771.715576171875,250.4596405029297,851.1842041015625,184.6374969482422,761.13232421875,180.603271484375,837.407958984375,106.96790313720703,793.2015991210938,107.13337707519531,828.572998046875,424.44512939453125,781.882080078125,423.615966796875,824.6068725585938,533.429931640625,774.2781372070312,528.9744873046875,818.9010009765625,632.1331176757812,775.6016845703125,625.3255615234375
194,6.466653911900066,814.5888671875,213.37167358398438,823.0177001953125,206.7815399169922,804.5005493164062,206.37486267089844,831.541748046875,213.3958740234375,786.4931030273438,211.8309783935547,838.3441772460938,253.59518432617188,771.4482421875,250.8787841796875,850.8992309570312,183.37110900878906,761.9522705078125,179.50421142578125,836.9482421875,104.96829223632812,792.9660034179688,105.8807373046875,827.413818359375,424.8985595703125,780.631103515625,423.87408447265625,824.3810424804688,534.8195190429688,773.2765502929688,529.7266235351562,819.5813598632812,632.7490844726562,775.2396850585938,625.1900024414062
195,6.499987179487179,814.0344848632812,213.4857635498047,822.3842163085938,206.70751953125,803.889404296875,206.46348571777344,831.1166381835938,212.72781372070312,785.9722290039062,211.56935119628906,838.1920166015625,252.15762329101562,771.35888671875,249.8115997314453,850.7147827148438,181.38775634765625,762.0074462890625,178.28651428222656,836.1984252929688,103.21157836914062,793.1102905273438,105.82657623291016,827.3345947265625,424.829345703125,780.3047485351562,423.85394287109375,824.38623046875,535.5400390625,772.4119262695312,530.3382568359375,820.125,633.827880859375,773.7278442382812,625.7238159179688
196,6.533320447074293,813.5010375976562,213.24473571777344,821.7700805664062,206.25624084472656,803.1380004882812,206.18161010742188,830.639404296875,212.14166259765625,784.83203125,211.4387969970703,837.6752319335938,252.16639709472656,770.9646606445312,249.92710876464844,850.3142700195312,179.23873901367188,761.716552734375,175.8472137451172,832.8486328125,99.79936218261719,791.0603637695312,104.28285217285156,827.2052612304688,425.6033630371094,780.2017822265625,424.61419677734375,823.4173583984375,534.6478881835938,771.8209838867188,529.8448486328125,820.4478149414062,632.6931762695312,773.6570434570312,625.0581665039062
197,6.566653714661407,813.2781982421875,213.1862030029297,821.5859985351562,206.3599853515625,803.0113525390625,206.1845703125,830.441650390625,212.445068359375,784.8984375,211.49790954589844,837.2473754882812,252.16114807128906,770.9085083007812,249.6622772216797,849.2980346679688,179.27059936523438,761.790771484375,175.6353302001953,832.5882568359375,100.63338470458984,790.9570922851562,104.83605194091797,826.609375,425.29425048828125,779.8638916015625,424.20452880859375,823.5177612304688,533.9371337890625,772.1484375,528.762939453125,820.1407470703125,632.3303833007812,774.0484619140625,624.4307861328125
198,6.59998698224852,812.4424438476562,213.48233032226562,820.72119140625,206.4071502685547,801.9467163085938,206.46958923339844,829.9013061523438,212.1449737548828,783.87060546875,211.91099548339844,837.4539184570312,252.16639709472656,770.2261962890625,250.4871826171875,849.3443603515625,179.8423614501953,760.635009765625,177.34706115722656,831.28466796875,101.24805450439453,789.0260620117188,105.76819610595703,826.1740112304688,425.9051818847656,778.9174194335938,424.9619445800781,823.094970703125,534.9251098632812,771.2059326171875,529.52685546875,820.1183471679688,633.1119995117188,773.0439453125,624.2342529296875
199,6.633320249835634,811.735595703125,213.43914794921875,819.8120727539062,206.3597412109375,801.3416137695312,206.57901000976562,828.7463989257812,211.98727416992188,783.5709838867188,212.0811004638672,836.7796020507812,251.73440551757812,769.7429809570312,250.41348266601562,847.95947265625,180.68980407714844,759.4852294921875,178.2616424560547,829.995361328125,103.4598388671875,787.5919799804688,106.59615325927734,826.0426635742188,424.9784240722656,778.8571166992188,424.2017822265625,822.9397583007812,533.7361450195312,770.3495483398438,528.3434448242188,820.866455078125,631.821533203125,772.3159790039062,622.7391967773438
200,6.6666535174227475,810.557861328125,212.79222106933594,818.5385131835938,205.74349975585938,800.2984008789062,206.0305938720703,827.5430297851562,211.19236755371094,783.1182250976562,211.5897979736328,836.059326171875,250.5294952392578,769.352294921875,249.9854736328125,847.3118286132812,180.57852172851562,758.9920043945312,179.58480834960938,828.9869384765625,104.14498901367188,786.7047729492188,107.30035400390625,824.8297729492188,424.04754638671875,778.0182495117188,423.54168701171875,822.2722778320312,533.5572509765625,770.884765625,528.5083618164062,819.653076171875,632.3380126953125,772.5297241210938,623.4207153320312
201,6.699986785009862,810.1265869140625,212.73056030273438,818.0655517578125,205.7114715576172,799.9959106445312,205.96932983398438,827.0520629882812,210.9643096923828,782.9391479492188,211.36045837402344,835.7506713867188,249.555908203125,769.177978515625,249.88360595703125,847.2673950195312,179.85260009765625,758.70947265625,181.4638671875,828.6776733398438,103.21505737304688,785.456298828125,108.43909454345703,825.1758422851562,423.1725769042969,778.3872680664062,422.9588623046875,822.2931518554688,532.4698486328125,770.7127685546875,527.802734375,819.287109375,631.1264038085938,772.3101196289062,622.5279541015625
202,6.733320052596976,809.8408813476562,212.6377716064453,817.8873291015625,205.60531616210938,799.748291015625,205.85231018066406,827.0671997070312,210.6850128173828,782.7078857421875,211.15792846679688,835.4678955078125,248.72454833984375,769.2569580078125,250.35411071777344,847.2686767578125,177.2877655029297,758.3760375976562,182.16563415527344,827.716552734375,100.55694580078125,784.7418823242188,107.7237548828125,825.4030151367188,422.0615539550781,778.99658203125,422.43670654296875,821.5881958007812,530.8513793945312,771.387939453125,527.5850219726562,817.189697265625,628.7347412109375,773.0225219726562,621.8101196289062
203,6.766653320184089,810.197509765625,212.99058532714844,818.2000732421875,205.86741638183594,800.0431518554688,206.1705322265625,827.134521484375,210.9888916015625,782.5789184570312,211.5225067138672,834.779541015625,249.7191619873047,769.257080078125,251.40371704101562,847.1334228515625,179.10031127929688,757.5326538085938,183.621337890625,827.6659545898438,102.5093765258789,783.5780639648438,109.03199768066406,825.1150512695312,421.746337890625,779.2659301757812,422.4378356933594,821.1827392578125,529.5994262695312,771.9539184570312,527.9695434570312,816.5661010742188,625.9940795898438,773.0411987304688,621.5851440429688
204,6.799986587771203,809.6949462890625,212.70022583007812,817.7208251953125,205.71096801757812,799.6007080078125,206.00306701660156,826.684814453125,211.15774536132812,782.475341796875,211.60775756835938,834.3321533203125,250.21360778808594,769.1121215820312,251.3700408935547,846.4072265625,180.36582946777344,757.3261108398438,183.22210693359375,827.5482788085938,104.22685241699219,783.8162231445312,108.59564971923828,824.6176147460938,421.30462646484375,779.0011596679688,421.90435791015625,821.3033447265625,529.343994140625,772.365478515625,527.7763061523438,816.6682739257812,625.0390625,773.554443359375,621.1734008789062
205,6.833319855358316,809.5896606445312,212.58489990234375,817.7684326171875,205.60101318359375,799.5303344726562,205.86781311035156,826.9813232421875,211.0647430419922,782.6658325195312,211.4722137451172,834.725341796875,250.2853546142578,769.1113891601562,251.4777374267578,847.0350341796875,181.4918975830078,756.6564331054688,184.472412109375,828.1571655273438,105.28882598876953,782.9632568359375,109.52075958251953,824.293212890625,420.9184875488281,778.505126953125,421.54656982421875,821.666259765625,529.07470703125,772.4463500976562,527.6868896484375,816.9510498046875,624.4490966796875,773.7259521484375,621.0079956054688
206,6.86665312294543,809.3961791992188,212.9438934326172,817.5437622070312,205.91259765625,799.311279296875,206.21923828125,826.8067016601562,211.11431884765625,782.3843994140625,211.681884765625,834.466796875,249.59759521484375,769.0592041015625,251.49478149414062,846.4220581054688,181.49583435058594,756.7181396484375,186.25509643554688,827.6176147460938,104.67630767822266,782.3145141601562,109.76708984375,824.4924926757812,420.677001953125,778.6744384765625,421.54156494140625,821.5674438476562,529.4907836914062,772.3712158203125,528.2138671875,816.5613403320312,624.411376953125,773.5399780273438,620.6510009765625
207,6.899986390532544,809.6166381835938,212.7001190185547,817.6685791015625,205.65113830566406,799.5078735351562,205.9813232421875,826.7264404296875,210.83140563964844,782.39697265625,211.49391174316406,834.1097412109375,249.44970703125,769.0877075195312,251.6454315185547,846.1383666992188,181.4005889892578,756.7964477539062,186.8953399658203,827.7012329101562,104.68144989013672,782.0418090820312,110.16996765136719,824.06689453125,420.6086730957031,778.533203125,421.6167297363281,821.2816162109375,529.2113037109375,772.574951171875,528.2072143554688,816.0086059570312,624.0665893554688,773.2797241210938,620.5225219726562
208,6.9333196581196574,809.8491821289062,212.86224365234375,817.852294921875,205.76132202148438,799.7581787109375,206.18089294433594,826.8259887695312,210.7838897705078,782.6883544921875,211.57481384277344,834.2387084960938,249.18638610839844,769.296142578125,251.2707061767578,845.8457641601562,181.5578155517578,756.3353881835938,186.2186737060547,827.2293701171875,105.12246704101562,781.5625610351562,109.49333953857422,824.3616943359375,420.27642822265625,778.8750610351562,421.30816650390625,821.3447265625,528.787841796875,772.7611694335938,527.8964233398438,816.564208984375,623.6854858398438,773.8043823242188,620.2584838867188
209,6.9666529257067715,809.7416381835938,212.75390625,817.6500244140625,205.64817810058594,799.692626953125,206.1304473876953,826.4515380859375,210.7035675048828,782.7182006835938,211.56777954101562,833.92724609375,249.3406982421875,769.1634521484375,251.1000213623047,845.3712768554688,182.31092834472656,755.8613891601562,185.74374389648438,827.1589965820312,106.16069030761719,781.247802734375,109.21669006347656,824.1748046875,420.1271667480469,778.8208618164062,421.1185302734375,821.4158935546875,528.4354248046875,772.8342895507812,527.5421142578125,817.2911376953125,622.9835205078125,774.1058349609375,619.6748657226562
210,6.999986193293886,809.86328125,213.32518005371094,817.614013671875,206.2240753173828,799.7476196289062,206.75509643554688,826.1983642578125,211.27566528320312,782.6581420898438,212.2716064453125,833.8988647460938,250.12379455566406,769.34814453125,251.63084411621094,845.55810546875,184.05630493164062,756.0868530273438,186.46917724609375,827.6551513671875,108.60791015625,780.3693237304688,110.41748809814453,824.0114135742188,420.7779846191406,778.9738159179688,421.5955505371094,821.0328979492188,529.628173828125,773.5358276367188,528.4080810546875,816.376953125,625.1868286132812,774.2459716796875,621.51220703125
211,7.033319460880999,809.9721069335938,213.6568603515625,817.7897338867188,206.5484619140625,799.7825317382812,207.02981567382812,826.4807739257812,211.61439514160156,782.5685424804688,212.47279357910156,833.8180541992188,250.54896545410156,769.6129760742188,251.56980895996094,845.2333374023438,183.5323944091797,756.6513671875,184.95977783203125,827.631591796875,107.99390411376953,781.0162353515625,109.52855682373047,823.9793090820312,421.18377685546875,779.1693725585938,421.7935791015625,820.7705688476562,529.621337890625,773.9264526367188,528.0401000976562,815.8011474609375,625.0101928710938,774.6670532226562,620.961669921875
212,7.066652728468113,809.875732421875,214.00469970703125,817.7959594726562,206.83522033691406,799.6944580078125,207.3029327392578,826.6705322265625,211.76634216308594,782.4180297851562,212.54454040527344,834.154052734375,250.39443969726562,769.4522705078125,251.34066772460938,846.3621215820312,182.28271484375,756.7223510742188,183.61436462402344,827.8702392578125,106.10291290283203,781.7642822265625,108.310546875,824.4522705078125,421.1317138671875,779.1510009765625,421.7185363769531,821.3436279296875,528.8162231445312,773.2769775390625,527.34716796875,817.249755859375,623.5635375976562,774.7019653320312,619.642822265625
213,7.099985996055226,810.076904296875,214.2129364013672,818.0084838867188,207.04296875,799.8662719726562,207.51536560058594,826.9208374023438,211.95692443847656,782.5401000976562,212.80201721191406,834.3892211914062,250.40277099609375,769.6751708984375,251.6439971923828,846.3714599609375,181.3629913330078,757.4383544921875,183.6256103515625,827.9324340820312,104.6133041381836,782.3758544921875,107.95783996582031,824.697998046875,421.6286315917969,779.2565307617188,422.23663330078125,821.567626953125,529.7948608398438,772.743408203125,527.9482421875,818.2943725585938,624.8731079101562,774.3145141601562,620.0712280273438
214,7.13331926364234,810.0250244140625,214.54324340820312,817.9545288085938,207.24069213867188,799.7288208007812,207.70838928222656,826.896728515625,211.8853302001953,782.0888671875,212.72207641601562,834.126708984375,250.1019744873047,769.3695678710938,251.37606811523438,846.3738403320312,180.98011779785156,757.6511840820312,183.48681640625,828.1357421875,104.04922485351562,783.55810546875,107.78434753417969,824.719970703125,421.80755615234375,779.0951538085938,422.4836120605469,821.9675903320312,529.0796508789062,772.8676147460938,527.3601684570312,818.2588500976562,623.6248779296875,774.2228393554688,618.8121948242188
215,7.166652531229454,809.95751953125,215.38404846191406,818.0343627929688,207.9834747314453,799.5853271484375,208.43212890625,827.233642578125,212.4416961669922,781.6842651367188,213.15281677246094,834.471435546875,250.49842834472656,769.105712890625,251.35812377929688,847.6776123046875,180.48956298828125,757.8994750976562,181.97093200683594,828.6600341796875,103.0573959350586,784.4314575195312,106.74764251708984,824.9718017578125,421.9235534667969,778.8705444335938,422.439697265625,822.046875,528.4060668945312,772.3081665039062,526.757568359375,818.638671875,622.4025268554688,774.318115234375,617.93359375
216,7.199985798816567,809.7901000976562,215.38995361328125,817.858642578125,207.9540557861328,799.3822631835938,208.48199462890625,827.1279907226562,212.37493896484375,781.5532836914062,213.27664184570312,834.4459228515625,250.47119140625,769.1427612304688,251.4891357421875,847.8300170898438,180.49942016601562,757.6846923828125,182.01748657226562,828.6624755859375,103.24498748779297,784.5086669921875,106.85279083251953,824.9765014648438,421.806640625,778.935546875,422.43585205078125,821.9345092773438,528.4000244140625,772.4546508789062,527.1432495117188,818.6284790039062,622.0878295898438,774.4134521484375,618.0679931640625
217,7.2333190664036815,809.7085571289062,215.64541625976562,817.7728881835938,208.28370666503906,799.3602294921875,208.80245971679688,827.0391845703125,212.71270751953125,781.6439819335938,213.5660400390625,834.4503173828125,250.39010620117188,769.210693359375,251.33189392089844,847.6984252929688,181.05105590820312,757.8817138671875,182.4239501953125,828.6982421875,103.76156616210938,784.4868774414062,107.29742431640625,825.0390625,421.2349548339844,778.9783325195312,421.8141174316406,822.14111328125,527.8810424804688,772.403076171875,526.4465942382812,819.0386962890625,621.377685546875,774.5877685546875,617.2105102539062
218,7.266652333990795,810.2594604492188,215.70538330078125,818.3366088867188,208.4066925048828,799.9263305664062,208.86651611328125,827.4658203125,212.930419921875,781.9996948242188,213.57383728027344,834.93359375,250.5723876953125,769.4052734375,251.30845642089844,848.8695678710938,181.52406311035156,758.10498046875,182.4952850341797,830.3287963867188,104.2584228515625,785.0945434570312,107.35668182373047,825.8120727539062,421.0020751953125,779.6511840820312,421.5429992675781,822.3682250976562,527.7862548828125,772.7310791015625,526.5199584960938,818.815673828125,621.5316162109375,774.9772338867188,617.7923583984375
219,7.299985601577909,810.1893310546875,215.6772003173828,818.3045043945312,208.45140075683594,799.8065185546875,208.91049194335938,827.5449829101562,213.1229248046875,781.9143676757812,213.86373901367188,835.1648559570312,250.68470764160156,769.404541015625,251.77488708496094,849.1513061523438,181.4638214111328,758.3646850585938,183.60855102539062,830.4808959960938,104.21607208251953,784.5369262695312,108.4649887084961,825.3071899414062,421.0256652832031,779.0216064453125,421.5262756347656,822.1397705078125,527.7501220703125,772.3019409179688,525.9454345703125,818.52978515625,621.0726928710938,774.7398681640625,616.3865356445312
220,7.333318869165023,809.9567260742188,215.330322265625,818.153564453125,208.1502227783203,799.67529296875,208.58673095703125,827.4810180664062,212.87030029296875,782.089599609375,213.51144409179688,835.2227172851562,250.4685516357422,769.3750610351562,251.3397216796875,849.1580810546875,182.78692626953125,758.1396484375,184.32272338867188,830.8069458007812,105.96296691894531,784.023681640625,109.51145935058594,824.9850463867188,420.96673583984375,778.6576538085938,421.39306640625,822.0897216796875,528.2305908203125,771.996826171875,526.3976440429688,818.9461059570312,622.1743774414062,774.7207641601562,617.7265625
221,7.366652136752136,809.9828491210938,215.19937133789062,818.1343994140625,207.9943389892578,799.6636962890625,208.50628662109375,827.4020385742188,212.78131103515625,782.1304931640625,213.50833129882812,835.193359375,250.85585021972656,769.423828125,251.18495178222656,848.5064086914062,184.16748046875,757.5875854492188,183.71917724609375,830.5159301757812,108.31095886230469,783.4146728515625,109.55827331542969,825.0039672851562,420.9853210449219,778.8184204101562,421.253173828125,821.6483154296875,528.1930541992188,771.930908203125,526.2470092773438,818.5335083007812,622.1378784179688,774.5739135742188,617.7890625
222,7.39998540433925,809.6006469726562,215.5893096923828,817.8992309570312,208.3509979248047,799.3460693359375,208.82135009765625,827.44970703125,212.9747772216797,782.0993041992188,213.60047912597656,835.2288818359375,250.85067749023438,769.3558959960938,251.20785522460938,848.358154296875,184.2689666748047,757.2719116210938,183.95924377441406,830.391845703125,108.5217056274414,783.4437255859375,109.47669219970703,824.92529296875,420.9033508300781,778.6469116210938,421.1993713378906,821.9124145507812,527.8370971679688,771.9043579101562,525.8568725585938,818.8524780273438,621.3496704101562,774.8674926757812,616.9360961914062
223,7.433318671926364,809.7047729492188,215.6220703125,817.9429321289062,208.37591552734375,799.404052734375,208.8560333251953,827.4154052734375,212.98870849609375,781.9882202148438,213.64492797851562,835.115966796875,250.78338623046875,769.2684936523438,251.0734405517578,848.4332275390625,183.74432373046875,757.3969116210938,183.1702423095703,830.6248168945312,107.9111328125,783.6564331054688,108.58995056152344,824.8409423828125,420.73797607421875,778.5466918945312,421.0401611328125,822.1602172851562,527.8396606445312,772.1427001953125,525.9473266601562,818.8515625,621.4083862304688,774.7185668945312,617.1170654296875
224,7.466651939513477,809.7824096679688,215.61050415039062,817.9224243164062,208.30380249023438,799.3502197265625,208.88430786132812,827.3392944335938,212.96722412109375,781.838134765625,213.9004669189453,835.1428833007812,251.2498016357422,769.353759765625,251.48028564453125,848.3331298828125,184.23545837402344,757.4852294921875,183.04522705078125,830.6694946289062,108.42955017089844,783.5704956054688,108.41542053222656,824.6817016601562,421.22161865234375,778.49462890625,421.47283935546875,821.8673706054688,528.2001953125,772.2742919921875,526.1596069335938,818.5640258789062,622.01025390625,774.4700317382812,617.3849487304688
225,7.4999852071005915,809.6350708007812,215.81256103515625,817.8401489257812,208.52032470703125,799.2906494140625,209.0359344482422,827.2515258789062,213.15798950195312,781.7022094726562,213.87966918945312,834.6414794921875,251.12307739257812,769.1691284179688,251.3705596923828,848.1686401367188,183.22337341308594,757.6975708007812,182.49607849121094,830.3599853515625,107.2015151977539,784.0101318359375,108.3089828491211,824.466552734375,421.2465515136719,778.3660888671875,421.60052490234375,821.740234375,527.6990356445312,771.9921264648438,526.1801147460938,818.8027954101562,621.1922607421875,774.6241455078125,617.4861450195312
226,7.533318474687705,809.4530639648438,215.50823974609375,817.7084350585938,208.3283233642578,799.2186279296875,208.730712890625,827.1842041015625,213.01756286621094,781.8734741210938,213.52259826660156,834.73486328125,250.68975830078125,769.0882568359375,251.02468872070312,847.7254028320312,182.32406616210938,757.5711059570312,182.23928833007812,829.5424194335938,105.6857681274414,784.425048828125,107.15318298339844,824.6547241210938,421.0631103515625,778.4705200195312,421.38079833984375,821.6138305664062,528.11474609375,771.9699096679688,526.19287109375,818.1845092773438,621.9117431640625,774.7657470703125,617.5057983398438
227,7.566651742274819,809.0425415039062,215.75314331054688,817.2930297851562,208.58389282226562,798.8700561523438,208.98809814453125,826.8889770507812,213.10780334472656,781.8287353515625,213.70626831054688,834.719482421875,250.2760772705078,769.1439208984375,251.1592559814453,847.465576171875,181.76144409179688,757.2565307617188,183.23138427734375,829.0087280273438,104.65544128417969,783.9411010742188,107.2301025390625,824.756103515625,420.85101318359375,778.61962890625,421.2921447753906,821.3921508789062,528.3782958984375,771.8792114257812,526.3944702148438,817.474853515625,622.497314453125,774.3201293945312,617.682373046875
228,7.599985009861933,809.12646484375,215.86123657226562,817.4510498046875,208.67742919921875,798.9415893554688,209.10182189941406,827.137939453125,213.1750030517578,781.8983154296875,213.8213653564453,834.9288330078125,250.30816650390625,769.0918579101562,251.37147521972656,848.0028686523438,182.84107971191406,757.1629028320312,184.73097229003906,830.0188598632812,105.73872375488281,783.2509155273438,108.58412170410156,824.4227905273438,420.9064636230469,778.1854248046875,421.4416809082031,821.5146484375,528.1774291992188,771.9974365234375,526.4398803710938,817.7384033203125,623.0399169921875,774.7357788085938,618.671875
229,7.633318277449046,808.959716796875,216.06236267089844,817.4256591796875,208.81207275390625,798.7465209960938,209.20436096191406,827.4301147460938,213.15235900878906,781.8117065429688,213.74774169921875,835.1314086914062,250.27403259277344,769.26220703125,251.27565002441406,848.4440307617188,182.71661376953125,757.1006469726562,184.54151916503906,830.1923217773438,105.83683013916016,783.260009765625,108.80403137207031,824.3831787109375,420.64996337890625,778.134765625,421.1568908691406,821.6740112304688,527.6620483398438,772.2761840820312,526.0662231445312,817.4348754882812,622.0656127929688,774.7456665039062,617.9595947265625
230,7.66665154503616,808.81103515625,216.02049255371094,817.0516357421875,208.86273193359375,798.6163940429688,209.32220458984375,826.6600341796875,213.43179321289062,781.590576171875,214.15089416503906,834.3602294921875,250.7857666015625,768.7766723632812,251.55564880371094,847.0372924804688,183.2257080078125,756.8291015625,183.83596801757812,828.7762451171875,106.40979766845703,782.7803344726562,107.54081726074219,823.94970703125,421.30303955078125,777.8579711914062,421.79022216796875,821.4628295898438,528.6992797851562,772.2340087890625,526.8884887695312,818.0407104492188,623.2984008789062,775.0799560546875,618.8289184570312
231,7.699984812623274,808.5894165039062,216.3275146484375,816.918212890625,209.1862335205078,798.42041015625,209.58717346191406,826.6976318359375,213.7000274658203,781.5386962890625,214.37136840820312,834.4645385742188,250.84207153320312,768.6609497070312,251.977783203125,847.339111328125,182.8922882080078,756.5208129882812,184.86863708496094,829.2794799804688,105.53884887695312,782.5145263671875,107.9434585571289,823.6858520507812,421.3267822265625,777.4720458984375,421.89752197265625,821.6787719726562,529.3590698242188,772.0626831054688,527.494384765625,817.9819946289062,624.0440063476562,774.5452880859375,619.304931640625
232,7.733318080210387,808.416748046875,216.61557006835938,816.7919921875,209.40321350097656,798.1446533203125,209.85231018066406,826.7265625,213.91058349609375,781.2083129882812,214.71142578125,834.5640869140625,251.22396850585938,768.3792724609375,252.44483947753906,847.096923828125,183.5201873779297,755.9844970703125,185.7195587158203,829.0396118164062,106.03085327148438,781.8994140625,108.66376495361328,823.6998291015625,421.7275695800781,777.2803955078125,422.29193115234375,821.2659912109375,529.7877197265625,771.6870727539062,527.729248046875,817.5084838867188,624.2426147460938,774.44921875,619.1107788085938
233,7.766651347797501,808.2069091796875,216.5964813232422,816.6334838867188,209.42977905273438,797.9888916015625,209.83131408691406,826.66455078125,214.0290985107422,781.225341796875,214.70933532714844,834.46630859375,251.47532653808594,768.4292602539062,252.38597106933594,847.303466796875,184.0384063720703,755.92431640625,185.2598419189453,829.4380493164062,106.61800384521484,781.9035034179688,108.0304946899414,823.4345703125,421.2973937988281,777.1177368164062,421.8125915527344,821.4942016601562,529.2988891601562,771.858642578125,527.5570678710938,817.4549560546875,623.3814697265625,774.1900634765625,619.0055541992188
234,7.799984615384615,807.858642578125,216.98532104492188,816.34326171875,209.75233459472656,797.72412109375,210.13937377929688,826.47314453125,214.14273071289062,781.1339111328125,214.7599639892578,833.7823486328125,251.4691162109375,768.5452880859375,252.4331817626953,845.9415893554688,183.26153564453125,755.5836181640625,184.6932830810547,827.9252319335938,105.89027404785156,781.7847900390625,107.72696685791016,823.424560546875,421.5259704589844,777.510009765625,422.17608642578125,821.2053833007812,528.6190795898438,771.72900390625,527.322509765625,817.7906494140625,622.4830322265625,774.18115234375,618.64013671875
235,7.833317882971729,808.0291137695312,216.46578979492188,816.3662719726562,209.328369140625,797.8924560546875,209.686767578125,826.2039794921875,214.02716064453125,781.132568359375,214.5520477294922,833.617919921875,251.80462646484375,768.3160400390625,252.2819061279297,845.9757690429688,183.12338256835938,755.5856323242188,183.47840881347656,827.5950317382812,105.74964904785156,781.8568115234375,107.30250549316406,823.234130859375,421.8924865722656,777.3215942382812,422.3347473144531,820.9725341796875,528.7584228515625,771.6694946289062,527.2406616210938,817.080078125,622.7910766601562,773.71435546875,618.9610595703125
236,7.866651150558843,807.8274536132812,216.3670654296875,816.2730102539062,209.27723693847656,797.64599609375,209.51283264160156,826.2536010742188,214.200927734375,780.7244873046875,214.4879150390625,833.8532104492188,252.3478240966797,767.7745361328125,252.5257110595703,847.1046752929688,183.5793914794922,755.50537109375,183.47500610351562,827.9887084960938,105.66040802001953,781.8224487304688,107.17105865478516,823.0486450195312,422.1415100097656,776.691162109375,422.4174499511719,821.4420166015625,529.0310668945312,771.7059326171875,527.3084716796875,817.211669921875,622.540771484375,773.97412109375,618.6217651367188
237,7.899984418145956,807.7952270507812,215.97691345214844,816.2006225585938,208.96151733398438,797.7244262695312,209.17453002929688,825.9794311523438,214.0613555908203,780.887451171875,214.23414611816406,833.1535034179688,252.3837432861328,767.7889404296875,252.52734375,845.7056884765625,184.03173828125,755.281005859375,183.9773712158203,827.4562377929688,106.84146881103516,781.3970947265625,108.17192077636719,822.9418334960938,421.8674011230469,776.9838256835938,422.2476806640625,821.3408813476562,528.6778564453125,771.4968872070312,527.1820068359375,817.8999633789062,621.6525268554688,773.9655151367188,618.1336059570312
238,7.93331768573307,807.8804931640625,215.97544860839844,816.2947998046875,208.9620361328125,797.878662109375,209.14015197753906,825.9814453125,214.03854370117188,781.0740356445312,214.09814453125,832.9387817382812,252.3444061279297,767.6782836914062,252.48353576660156,844.68798828125,183.60568237304688,754.9920654296875,183.738525390625,826.2919921875,106.86822509765625,781.16259765625,108.2139663696289,822.7289428710938,421.8789367675781,776.9102783203125,422.25848388671875,820.8939208984375,528.7512817382812,771.3641967773438,527.0514526367188,817.5548706054688,622.1766357421875,774.2760620117188,618.4066772460938
239,7.966650953320183,807.8240356445312,215.87843322753906,816.2026977539062,208.8066864013672,797.7605590820312,209.01168823242188,825.8844604492188,213.8230438232422,780.8624877929688,213.97036743164062,832.6327514648438,252.2929229736328,767.6643676757812,252.47750854492188,844.2091674804688,183.5435791015625,755.037353515625,183.80213928222656,826.1072387695312,106.43965148925781,781.3079223632812,108.23554229736328,822.6466064453125,421.8642883300781,777.0369262695312,422.32208251953125,820.7901611328125,528.694580078125,771.822265625,527.2870483398438,817.1202392578125,622.44482421875,774.2552490234375,619.086181640625
240,7.999984220907297,807.7135620117188,215.73245239257812,816.027587890625,208.66786193847656,797.58544921875,208.89901733398438,825.6180419921875,213.87255859375,780.52099609375,213.9951629638672,832.5598754882812,252.66220092773438,767.3300170898438,252.2730255126953,843.9036254882812,184.03968811035156,754.9293212890625,182.5890655517578,825.5709838867188,107.02225494384766,781.4063720703125,107.43982696533203,823.1199951171875,421.883544921875,777.2601318359375,422.1373291015625,820.8746948242188,528.4572143554688,771.319580078125,526.8167114257812,817.352783203125,621.979736328125,773.8113403320312,618.62158203125
241,8.033317488494411,807.392333984375,215.76206970214844,815.7468872070312,208.75906372070312,797.288818359375,209.00949096679688,825.3912353515625,213.99513244628906,780.3865356445312,214.14776611328125,832.31396484375,252.6198272705078,767.1846313476562,252.2489471435547,843.173583984375,185.0120391845703,754.8281860351562,183.39064025878906,825.1571044921875,108.71983337402344,780.841552734375,108.26734924316406,822.5139770507812,421.782470703125,776.7173461914062,422.01678466796875,820.5667724609375,528.9257202148438,771.021240234375,527.0579833984375,817.2117919921875,622.5140380859375,773.7776489257812,618.8994750976562
242,8.066650756081525,807.2333374023438,215.64222717285156,815.6033935546875,208.79283142089844,797.2286376953125,208.89877319335938,825.1091918945312,214.27322387695312,780.4518432617188,213.9483184814453,832.0401000976562,253.2764434814453,766.9678344726562,251.5058135986328,841.1920776367188,186.84259033203125,754.4076538085938,181.52162170410156,823.140625,111.70973205566406,779.911865234375,107.22636413574219,822.5299072265625,421.8642272949219,776.8828735351562,421.5074462890625,820.1492919921875,530.1948852539062,770.8927612304688,527.1243896484375,816.5518188476562,624.8629760742188,773.9341430664062,620.3450927734375
243,8.099984023668638,807.5574951171875,215.84722900390625,815.8258666992188,208.84475708007812,797.3836059570312,209.1331787109375,825.27783203125,214.15623474121094,780.4547729492188,214.3082275390625,832.00537109375,253.27816772460938,767.2975463867188,252.11495971679688,840.1500244140625,186.51492309570312,754.6343994140625,182.43704223632812,822.3379516601562,111.01375579833984,780.2346801757812,107.53416442871094,822.632568359375,422.1386413574219,777.1932983398438,422.0035400390625,819.7092895507812,529.8189697265625,770.8902587890625,526.800048828125,816.1867065429688,624.395263671875,773.6827392578125,619.4669799804688
244,8.133317291255752,807.6890869140625,215.67904663085938,815.8700561523438,208.6173095703125,797.4111938476562,209.03475952148438,825.1972045898438,214.02951049804688,780.3616943359375,214.46707153320312,831.73583984375,253.62220764160156,767.2728271484375,252.55587768554688,839.088623046875,187.3851776123047,754.5550537109375,182.93272399902344,821.3033447265625,112.04974365234375,780.1500854492188,107.72220611572266,822.6094360351562,422.2851867675781,777.3109741210938,422.2966613769531,819.7880859375,529.822998046875,771.1683959960938,527.1287231445312,816.6884765625,624.1044311523438,773.9735717773438,619.605712890625
245,8.166650558842866,807.9664916992188,215.400146484375,816.1209716796875,208.31324768066406,797.6669311523438,208.77578735351562,825.2459716796875,213.80264282226562,780.359375,214.2813262939453,831.3316650390625,253.63052368164062,767.296875,252.5457763671875,838.2982177734375,187.55612182617188,754.737548828125,182.7904510498047,820.3527221679688,112.2242431640625,780.1726684570312,107.83992767333984,822.6082153320312,422.2406005859375,777.4947509765625,422.35906982421875,819.7362670898438,529.6842651367188,770.8551635742188,527.4202270507812,817.8902587890625,624.078369140625,774.1123046875,620.2348022460938
246,8.19998382642998,808.2479248046875,215.15164184570312,816.4468994140625,207.98870849609375,797.9814453125,208.5160675048828,825.5736694335938,213.26890563964844,780.6612548828125,213.7496337890625,831.7354736328125,252.88131713867188,767.441650390625,251.69216918945312,838.260498046875,188.8842010498047,754.3345336914062,183.34193420410156,819.25146484375,114.1080093383789,779.5181884765625,108.51728820800781,823.371826171875,421.20416259765625,777.9804077148438,421.36688232421875,820.335205078125,528.8385620117188,770.779052734375,527.0514526367188,818.4882202148438,623.1271362304688,774.202880859375,620.4002685546875
247,8.233317094017094,808.4312744140625,214.92796325683594,816.5814208984375,207.701171875,797.96826171875,208.28976440429688,825.7081909179688,213.019775390625,780.474853515625,213.66517639160156,831.7376708984375,253.03407287597656,767.6578369140625,251.5814971923828,836.5818481445312,189.7626953125,754.8628540039062,183.3090362548828,817.66552734375,115.2636489868164,780.1920776367188,108.33336639404297,823.5601806640625,421.66064453125,778.1661376953125,421.6204528808594,820.3076171875,529.6807250976562,770.5797729492188,527.05078125,817.8245239257812,623.4127807617188,773.2235717773438,619.4134521484375
248,8.266650361604206,808.5549926757812,214.89898681640625,816.5884399414062,207.66685485839844,798.1292114257812,208.2901153564453,825.4893798828125,212.92181396484375,780.552001953125,213.7135772705078,831.6024169921875,252.75860595703125,767.7261962890625,252.01931762695312,837.1494750976562,188.4678497314453,754.9845581054688,183.78921508789062,818.2039794921875,113.66472625732422,780.2947387695312,108.03106689453125,823.6810913085938,421.76824951171875,778.4515991210938,421.99835205078125,820.1290283203125,529.6658325195312,770.5779418945312,527.3736572265625,818.03564453125,623.404052734375,773.3070068359375,619.3328857421875
249,8.29998362919132,808.6159057617188,214.7154998779297,816.6542358398438,207.5460968017578,798.14404296875,208.19378662109375,825.6405639648438,212.95321655273438,780.606689453125,213.88357543945312,832.0555419921875,252.764404296875,767.8875732421875,252.31982421875,838.2470703125,188.6559295654297,755.645263671875,184.48898315429688,819.106689453125,113.93533325195312,780.67919921875,108.33790588378906,823.5062255859375,421.6303405761719,778.1277465820312,421.9042663574219,820.3369140625,529.6004638671875,770.7975463867188,527.3560180664062,817.8894653320312,623.2888793945312,773.4179077148438,619.2207641601562
250,8.333316896778435,808.6787719726562,214.82150268554688,816.6942138671875,207.69480895996094,798.2803955078125,208.26864624023438,825.6074829101562,213.1237335205078,780.7911376953125,213.86280822753906,832.1070556640625,252.83641052246094,768.1171264648438,252.00299072265625,838.6766357421875,188.50816345214844,756.1015625,183.51304626464844,819.5974731445312,113.67726135253906,781.3626708984375,107.75674438476562,823.645263671875,421.4618225097656,778.3792724609375,421.56304931640625,820.434814453125,529.0316162109375,770.8844604492188,526.6298828125,817.8746948242188,622.9468383789062,773.2634887695312,618.8172607421875
251,8.366650164365549,808.8845825195312,215.98910522460938,816.9683837890625,208.932861328125,798.7659912109375,209.36351013183594,825.8832397460938,214.03909301757812,781.8035888671875,214.33343505859375,832.5860595703125,253.03565979003906,768.407470703125,251.6042022705078,837.4962158203125,190.73912048339844,754.9247436523438,184.77325439453125,818.4766235351562,117.73023223876953,779.5585327148438,110.2192611694336,823.777587890625,420.66534423828125,778.6524658203125,420.39190673828125,819.9791870117188,528.5313720703125,771.2003784179688,524.93115234375,816.4182739257812,623.3916625976562,774.0693969726562,618.003173828125
252,8.399983431952663,808.8922729492188,215.98085021972656,816.9754028320312,208.9248504638672,798.7703857421875,209.35757446289062,825.8831176757812,214.0413055419922,781.8060302734375,214.33480834960938,832.5827026367188,253.07398986816406,768.4205932617188,251.60064697265625,837.42822265625,190.90426635742188,754.914306640625,184.74728393554688,818.4196166992188,118.06846618652344,779.51611328125,110.21825408935547,823.776123046875,420.69171142578125,778.6695556640625,420.4056396484375,819.9407958984375,528.5228881835938,771.2015380859375,524.9187622070312,816.3336791992188,623.4569091796875,774.0494384765625,618.0850830078125
253,8.433316699539777,808.8893432617188,215.9728546142578,816.997802734375,208.9140625,798.7796020507812,209.3506317138672,825.9190673828125,214.0307159423828,781.8533935546875,214.3234100341797,832.59716796875,253.15548706054688,768.43994140625,251.6647186279297,837.37841796875,191.951416015625,754.7813720703125,185.52793884277344,818.5245361328125,119.78186798095703,778.9136962890625,111.11125183105469,823.5863647460938,420.54400634765625,778.5264892578125,420.2615966796875,819.9338989257812,528.5108032226562,771.2266845703125,524.967529296875,816.343017578125,623.4929809570312,774.0836791992188,618.2935791015625
254,8.466649967126889,808.822998046875,216.46615600585938,816.9806518554688,209.34442138671875,798.8165893554688,209.7850341796875,826.1432495117188,214.05987548828125,782.189453125,214.55038452148438,833.2777709960938,252.35350036621094,768.8357543945312,252.30886840820312,840.8538208007812,189.24122619628906,754.9993896484375,187.1623992919922,821.9114379882812,115.16435241699219,779.6092529296875,111.35734558105469,823.6066284179688,420.34326171875,778.4567260742188,420.57208251953125,820.4375,527.8637084960938,771.8931274414062,525.3042602539062,816.5711669921875,622.6416625976562,774.4552612304688,618.0611572265625
255,8.499983234714003,809.1236572265625,216.0963592529297,817.2521362304688,209.0392303466797,799.107177734375,209.4150848388672,826.192138671875,213.95901489257812,782.09912109375,214.2371368408203,833.1646118164062,252.59808349609375,768.5723876953125,252.07493591308594,841.7456665039062,189.5122833251953,755.0050659179688,185.97695922851562,822.7574462890625,115.91621398925781,779.8917846679688,110.59960174560547,823.4672241210938,420.2458190917969,778.3160400390625,420.39923095703125,820.3722534179688,527.7658081054688,772.1640625,525.614990234375,816.3455810546875,622.406005859375,774.8352661132812,618.65869140625
256,8.533316502301117,809.196533203125,216.0986785888672,817.368896484375,208.99916076660156,799.1046752929688,209.3912353515625,826.5103759765625,213.9009246826172,782.1300659179688,214.29417419433594,833.7308349609375,252.6385955810547,768.7050170898438,252.2726593017578,843.311279296875,188.103759765625,755.4850463867188,185.2388153076172,824.5643920898438,114.08027648925781,780.6095581054688,110.09649658203125,823.3031616210938,421.1822204589844,777.907958984375,421.2848815917969,820.3693237304688,528.3199462890625,772.0826416015625,525.8734741210938,816.2367553710938,623.1295776367188,774.7284545898438,618.724365234375
257,8.566649769888231,809.263671875,215.8353729248047,817.3485107421875,208.75926208496094,799.153076171875,209.1797637939453,826.4042358398438,213.66177368164062,782.064453125,214.1881561279297,833.7885131835938,251.91555786132812,768.4869995117188,252.12767028808594,843.7706909179688,186.1414794921875,755.5619506835938,185.28834533691406,824.7225341796875,111.5431137084961,781.3671264648438,110.22421264648438,823.32470703125,420.92010498046875,777.6477661132812,421.1748352050781,820.357177734375,527.4744262695312,771.6187133789062,524.9727783203125,816.2150268554688,622.1673583984375,774.2657470703125,617.2075805664062
258,8.599983037475345,809.3867797851562,215.63525390625,817.6068725585938,208.6644287109375,799.4195556640625,208.97137451171875,826.7698974609375,213.80795288085938,782.62646484375,214.04144287109375,833.9976806640625,252.5164337158203,768.9671020507812,252.15333557128906,844.7830810546875,186.8119659423828,756.282470703125,184.55313110351562,826.24462890625,111.48810577392578,782.5429077148438,109.56010437011719,823.0020141601562,421.34783935546875,777.55419921875,421.4762878417969,820.5527954101562,528.1549682617188,771.8678588867188,525.9972534179688,817.298095703125,623.1082763671875,774.7459106445312,619.0030517578125
259,8.633316305062458,809.5452880859375,215.62098693847656,817.7589111328125,208.68304443359375,799.5238037109375,209.05686950683594,827.0414428710938,213.86376953125,782.8946533203125,214.30601501464844,834.8375244140625,252.47653198242188,769.3854370117188,252.28842163085938,845.6521606445312,187.65548706054688,756.2144775390625,185.4076690673828,826.572265625,112.40557861328125,782.04150390625,109.95301818847656,823.5615844726562,421.0146179199219,777.8660278320312,421.094970703125,820.8956298828125,527.8539428710938,771.9141845703125,525.4647216796875,817.2709350585938,622.682861328125,774.4674682617188,618.1034545898438
260,8.666649572649572,809.6614379882812,215.9052734375,818.0509033203125,209.01669311523438,799.62353515625,209.30224609375,827.6290893554688,214.28030395507812,783.1268310546875,214.55136108398438,835.3424072265625,252.77743530273438,769.6776123046875,252.37185668945312,846.1043090820312,187.45440673828125,756.7604370117188,185.05838012695312,827.0145874023438,111.59180450439453,782.7935180664062,109.41144561767578,823.3275756835938,421.4127197265625,777.5142822265625,421.3354797363281,820.99267578125,528.4190673828125,772.12255859375,525.69921875,816.711669921875,623.7490234375,774.6629028320312,618.9059448242188
261,8.699982840236686,809.6842041015625,216.19381713867188,818.218994140625,209.3509063720703,799.7382202148438,209.51358032226562,827.908935546875,214.62631225585938,783.332275390625,214.5648651123047,835.6519165039062,253.20372009277344,769.7603149414062,252.39671325683594,847.02978515625,188.81219482421875,756.9785766601562,185.5694580078125,828.0758666992188,113.17879486083984,782.751708984375,110.0558853149414,823.2261962890625,421.4259033203125,777.3384399414062,421.1671142578125,821.0930786132812,528.7648315429688,772.0147705078125,525.9330444335938,816.7369995117188,624.1431884765625,774.7828979492188,619.5344848632812
262,8.7333161078238,809.8988037109375,216.25985717773438,818.3406982421875,209.37353515625,799.9840087890625,209.53347778320312,827.8221435546875,214.60545349121094,783.420166015625,214.41354370117188,835.4810180664062,253.42465209960938,769.8245849609375,251.99729919433594,846.8924560546875,188.43202209472656,757.091552734375,183.3469696044922,827.9193115234375,112.51101684570312,783.6439208984375,107.93849182128906,824.0021362304688,421.5983581542969,778.2328491210938,421.2188720703125,820.9539184570312,528.7793579101562,772.1380004882812,526.1044921875,816.9740600585938,623.9967041015625,775.0565795898438,619.7887573242188
263,8.766649375410914,810.0628051757812,216.70664978027344,818.5448608398438,209.74159240722656,800.2144165039062,209.86572265625,828.0913696289062,214.69598388671875,783.7949829101562,214.43075561523438,835.4967041015625,253.2493133544922,770.3439331054688,251.93301391601562,846.8992309570312,187.27195739746094,757.3479614257812,182.9112091064453,828.3265991210938,111.12430572509766,784.001953125,107.82421112060547,824.0420532226562,421.82861328125,778.625732421875,421.48553466796875,820.8564453125,528.9777221679688,772.6124877929688,526.3233642578125,816.7804565429688,624.47607421875,775.3107299804688,620.1636962890625
264,8.799982642998026,810.297119140625,216.64698791503906,818.788818359375,209.6294403076172,800.4013671875,209.8308868408203,828.4115600585938,214.5234375,783.9739990234375,214.4842987060547,836.16455078125,252.92343139648438,770.4825439453125,252.10792541503906,848.4718017578125,187.62258911132812,757.397705078125,184.33485412597656,829.5202026367188,111.09024047851562,783.9842529296875,108.55814361572266,824.0784912109375,421.4376525878906,778.2659912109375,421.24200439453125,821.2651977539062,528.6590576171875,772.2265625,526.359619140625,817.0845947265625,623.652587890625,774.5784301757812,619.6650390625
265,8.83331591058514,810.4090576171875,216.38829040527344,818.786865234375,209.4664764404297,800.51953125,209.7296142578125,828.2024536132812,214.58395385742188,784.0345458984375,214.6804962158203,836.0285034179688,253.04762268066406,770.49072265625,252.30418395996094,848.85986328125,188.6055908203125,757.4760131835938,185.1744842529297,829.9605712890625,112.08521270751953,783.7227783203125,109.44120788574219,823.8162841796875,421.16424560546875,778.1778564453125,421.06683349609375,820.9230346679688,528.4391479492188,772.5364990234375,526.7034912109375,816.75927734375,623.7322998046875,774.8588256835938,620.666015625
266,8.866649178172255,810.71435546875,216.4721221923828,818.99169921875,209.64918518066406,800.884033203125,209.86624145507812,828.175048828125,214.94203186035156,784.2857666015625,214.92738342285156,836.106201171875,253.38084411621094,770.5206909179688,252.5110321044922,849.1879272460938,187.96337890625,757.7230834960938,184.33004760742188,829.4454345703125,110.6192626953125,784.5308837890625,108.28073120117188,824.1439208984375,421.08306884765625,778.451416015625,420.94049072265625,820.9745483398438,528.4837646484375,772.440673828125,526.845703125,816.7698974609375,623.536376953125,774.6488647460938,620.6714477539062
267,8.899982445759369,811.15087890625,216.62928771972656,819.324462890625,209.85043334960938,801.3024291992188,209.99119567871094,828.158203125,215.2291259765625,784.1915893554688,214.92813110351562,835.7111206054688,253.71017456054688,770.3006591796875,252.0215301513672,848.55224609375,188.2494659423828,758.3873291015625,182.7399139404297,829.1171264648438,111.09678649902344,784.8104248046875,107.59566497802734,824.1444702148438,421.42413330078125,778.4274291992188,420.953125,821.1258544921875,528.9659423828125,772.1764526367188,526.626708984375,817.399658203125,623.7904052734375,774.6959228515625,620.250244140625
268,8.933315713346483,811.328369140625,216.77297973632812,819.5179443359375,209.92835998535156,801.4683227539062,210.14952087402344,828.4166870117188,215.14541625976562,784.47998046875,215.0650177001953,836.1314086914062,253.43338012695312,770.6553955078125,252.30111694335938,848.7877807617188,189.09715270996094,758.24462890625,184.61224365234375,829.416748046875,112.33621215820312,784.5868530273438,108.94029998779297,824.5691528320312,420.8497619628906,778.8568115234375,420.6175537109375,821.4647216796875,527.9219970703125,772.5332641601562,525.9844970703125,817.6334838867188,623.2271728515625,774.9380493164062,620.031494140625
269,8.966648980933595,811.3534545898438,216.8868408203125,819.68603515625,210.06564331054688,801.4938354492188,210.24119567871094,828.8388061523438,215.3679962158203,784.7372436523438,215.1917266845703,836.2774658203125,253.7172088623047,771.2411499023438,252.41175842285156,848.0779418945312,188.80624389648438,758.5570678710938,183.89039611816406,829.0814819335938,112.59783172607422,784.2438354492188,108.44954681396484,824.7403564453125,420.99267578125,779.25244140625,420.6621398925781,821.8106079101562,527.9026489257812,772.685791015625,525.6094360351562,818.1446533203125,622.7211303710938,775.089599609375,619.079833984375
270,8.999982248520709,811.97412109375,216.81130981445312,820.3202514648438,209.99212646484375,801.9927368164062,210.17483520507812,829.3666381835938,215.54147338867188,784.8427124023438,215.3377685546875,836.8863525390625,254.39645385742188,771.1857299804688,252.8780059814453,848.860107421875,190.5770263671875,758.4459838867188,184.86505126953125,829.2796020507812,114.91334533691406,783.850830078125,109.65267181396484,825.1842041015625,421.3434753417969,779.34912109375,420.92205810546875,821.94775390625,527.9191284179688,772.6421508789062,525.6228637695312,817.8821411132812,622.4165649414062,775.2811279296875,618.9650268554688
271,9.033315516107823,812.5458374023438,216.7043914794922,820.8233642578125,209.9985809326172,802.5084838867188,210.13409423828125,829.70703125,215.74708557128906,785.0607299804688,215.49977111816406,837.1683349609375,254.37185668945312,771.3211669921875,253.0559539794922,849.5912475585938,190.04698181152344,759.2841796875,185.58877563476562,830.5458984375,113.26211547851562,784.9222412109375,109.9934310913086,825.2788696289062,421.522216796875,779.271240234375,421.08197021484375,821.989990234375,528.4226684570312,772.5069580078125,525.7971801757812,817.5697021484375,622.6015014648438,774.930908203125,618.447021484375
272,9.066648783694937,812.8255004882812,216.63099670410156,821.2307739257812,209.84686279296875,802.6971435546875,209.96563720703125,830.3096313476562,215.5159149169922,785.08251953125,215.26319885253906,837.7734375,254.09242248535156,771.48046875,253.1587677001953,850.7758178710938,188.73336791992188,759.73486328125,185.6755828857422,831.5216674804688,111.27464294433594,785.7073974609375,109.87063598632812,825.8736572265625,421.9948425292969,779.53955078125,421.6488952636719,822.4144287109375,528.6145629882812,772.5146484375,526.0100708007812,817.909912109375,622.7871704101562,775.1918334960938,618.4352416992188
273,9.099982051282051,813.083740234375,217.1707305908203,821.5325927734375,210.29087829589844,802.9122314453125,210.3908233642578,830.6361083984375,215.8612060546875,785.1788940429688,215.4131622314453,837.7628784179688,254.63426208496094,771.459228515625,252.82351684570312,849.7230834960938,189.8092498779297,759.6549072265625,184.5331573486328,831.2400512695312,112.48721313476562,786.2893676757812,109.21227264404297,826.3850708007812,422.2876281738281,779.982421875,421.73260498046875,822.9609375,528.4259643554688,772.8756103515625,525.6319580078125,818.1121215820312,623.0984497070312,775.5005493164062,619.0897216796875
274,9.133315318869165,813.7181396484375,217.0821075439453,822.0604248046875,210.23243713378906,803.5442504882812,210.36659240722656,830.8453369140625,216.05557250976562,785.5852661132812,215.5505828857422,837.7299194335938,255.275390625,771.5467529296875,252.89630126953125,849.384521484375,191.79457092285156,759.5559692382812,184.51748657226562,831.2803344726562,115.21456909179688,786.7205810546875,109.26917266845703,826.7391357421875,421.97393798828125,780.3526000976562,421.3847961425781,823.2374267578125,528.322021484375,773.0123291015625,525.9408569335938,818.4420166015625,621.8651123046875,775.5006103515625,618.7872924804688
275,9.166648586456278,813.8881225585938,217.30767822265625,822.2781372070312,210.43707275390625,803.6663818359375,210.49984741210938,831.1220703125,216.20947265625,785.6099853515625,215.55369567871094,837.977294921875,255.4478759765625,771.473388671875,252.8736114501953,849.3554077148438,191.99185180664062,759.6837768554688,184.5708770751953,832.1124877929688,116.07211303710938,786.8068237304688,109.5525131225586,826.7640380859375,422.2565612792969,780.2147216796875,421.5047302246094,823.522216796875,528.7093505859375,773.1251220703125,525.58837890625,818.0121459960938,622.6073608398438,775.4374389648438,618.511474609375
276,9.199981854043392,813.8231201171875,217.48387145996094,822.2279052734375,210.5694122314453,803.5855712890625,210.5848388671875,831.2105712890625,216.1911163330078,785.6537475585938,215.45791625976562,838.1583251953125,255.25408935546875,771.666259765625,252.53811645507812,848.6669311523438,190.10264587402344,760.0065307617188,183.19772338867188,830.6417846679688,112.42054748535156,787.7075805664062,108.05503845214844,827.307373046875,422.6390686035156,780.6693115234375,421.68011474609375,823.5518798828125,529.3106689453125,773.1542358398438,525.3360595703125,817.6317749023438,623.0413818359375,775.312744140625,617.703369140625
277,9.233315121630506,812.4810180664062,217.7088165283203,821.2227783203125,210.69415283203125,802.157958984375,210.74229431152344,831.0853271484375,216.28599548339844,784.8462524414062,215.62112426757812,838.3128051757812,255.98699951171875,771.739501953125,252.56137084960938,848.8746948242188,191.04273986816406,759.9402465820312,181.81532287597656,830.0888061523438,112.83665466308594,788.4932861328125,107.34386444091797,827.284423828125,423.1871643066406,780.623779296875,421.9917297363281,823.20556640625,529.7335815429688,773.2281494140625,525.9968872070312,817.6263427734375,622.8494873046875,775.7124633789062,618.3182373046875
278,9.26664838921762,813.5821533203125,217.3117218017578,822.0961303710938,210.41355895996094,803.42236328125,210.37261962890625,831.38525390625,216.17135620117188,785.9632568359375,215.35560607910156,838.8812866210938,255.914306640625,771.9443969726562,252.885986328125,851.1376953125,191.28880310058594,759.6994018554688,183.72938537597656,833.751220703125,113.15113067626953,788.50439453125,108.78289794921875,827.4418334960938,423.0555725097656,780.7012329101562,421.9945068359375,823.6222534179688,529.47900390625,773.4708251953125,525.7486572265625,817.8750610351562,622.1935424804688,775.513427734375,617.0935668945312
279,9.299981656804734,813.6716918945312,217.26805114746094,822.2232666015625,210.44476318359375,803.6275634765625,210.3604736328125,831.517578125,216.2305450439453,786.3516845703125,215.3628387451172,838.998291015625,255.73526000976562,772.2733764648438,253.0739288330078,852.0663452148438,191.94618225097656,759.783935546875,185.11337280273438,834.8458251953125,114.6280517578125,788.1387329101562,109.88276672363281,827.0484008789062,422.41705322265625,780.5012817382812,421.53875732421875,823.8732299804688,529.0455932617188,773.861572265625,525.9114990234375,817.9400024414062,621.4954223632812,775.5760498046875,617.1168823242188
280,9.333314924391846,814.1307983398438,216.99066162109375,822.6607666015625,210.30117797851562,804.1439819335938,210.13217163085938,831.7109985351562,216.33863830566406,786.7457885742188,215.25442504882812,838.824462890625,255.8188934326172,772.3060302734375,253.09249877929688,851.0169677734375,192.1502227783203,759.5863647460938,185.2586669921875,833.9215698242188,115.48800659179688,787.6018676757812,109.95247650146484,827.0792236328125,422.5487976074219,780.6959228515625,421.70477294921875,824.10498046875,529.3812255859375,774.3013305664062,526.1759033203125,817.9658813476562,622.3965454101562,776.1668090820312,617.9537963867188
281,9.36664819197896,814.1802978515625,216.88113403320312,822.7120971679688,210.16900634765625,804.2864990234375,209.9622039794922,831.7354736328125,216.04592895507812,787.0127563476562,214.89015197753906,838.9610595703125,255.28414916992188,772.4490966796875,252.74766540527344,851.0696411132812,192.03146362304688,759.8099365234375,185.84225463867188,833.9813842773438,115.60820007324219,787.5908203125,110.5813217163086,827.1630249023438,422.34368896484375,780.7098999023438,421.4972839355469,824.408447265625,529.2882080078125,773.9013671875,525.8196411132812,818.5606689453125,622.7439575195312,775.6351318359375,617.8201293945312
282,9.399981459566074,814.3960571289062,216.42019653320312,822.9503173828125,209.7965850830078,804.494873046875,209.55467224121094,832.0224609375,215.86895751953125,787.3202514648438,214.77760314941406,839.46923828125,255.13677978515625,772.7769165039062,253.26956176757812,852.3312377929688,191.14028930664062,760.2406005859375,187.1318817138672,835.7271728515625,113.67255401611328,788.7188110351562,110.88545227050781,827.3539428710938,421.9844665527344,780.9188232421875,421.3357849121094,824.4365844726562,529.3629760742188,774.2843017578125,526.05224609375,818.2508544921875,622.788330078125,775.7628173828125,617.6076049804688
283,9.433314727153189,814.8672485351562,216.5278778076172,823.5685424804688,209.8765106201172,804.9454345703125,209.58010864257812,832.678955078125,216.04461669921875,787.5480346679688,214.7028350830078,839.5714721679688,255.68186950683594,772.8319702148438,253.3338165283203,851.9146118164062,192.73292541503906,760.1448364257812,187.49305725097656,835.04833984375,115.50743865966797,788.878173828125,111.48108673095703,827.5201416015625,421.9544677734375,780.9761962890625,421.25274658203125,824.650390625,529.0787963867188,774.1182861328125,526.1397094726562,818.436767578125,621.672607421875,775.8512573242188,617.5188598632812
284,9.466647994740303,815.2432861328125,216.588623046875,823.8942260742188,209.92660522460938,805.2913818359375,209.63172912597656,832.8943481445312,216.08465576171875,787.736572265625,214.73175048828125,839.8380737304688,255.6061248779297,772.789794921875,253.22833251953125,851.7085571289062,192.76446533203125,760.3170166015625,187.61424255371094,834.35498046875,115.1575927734375,789.466064453125,111.23627471923828,827.7467651367188,422.0424499511719,780.91796875,421.26483154296875,824.61865234375,529.0338134765625,773.6912841796875,525.7261962890625,818.0089721679688,621.466064453125,775.3888549804688,616.776123046875
285,9.499981262327415,815.4019165039062,216.34376525878906,823.9895629882812,209.65199279785156,805.4002075195312,209.40255737304688,832.8656616210938,215.8459930419922,787.7384033203125,214.59027099609375,839.6909790039062,255.6482696533203,772.9600219726562,253.30816650390625,851.41162109375,192.75991821289062,760.5415649414062,187.70706176757812,834.2880249023438,115.15132141113281,789.3303833007812,111.69125366210938,827.8775024414062,422.1922912597656,781.2682495117188,421.4432067871094,824.6441040039062,529.4853515625,773.9837646484375,526.23583984375,818.1143798828125,622.0188598632812,775.44775390625,617.4821166992188
286,9.533314529914529,815.2520751953125,216.30653381347656,823.88232421875,209.583984375,805.2720947265625,209.3842010498047,832.8070068359375,215.76519775390625,787.832763671875,214.57859802246094,839.284423828125,255.80523681640625,773.3087768554688,253.25921630859375,849.4973754882812,194.3852081298828,760.7090454101562,187.9654998779297,832.6849975585938,118.27339935302734,788.6307983398438,112.17842102050781,827.6976318359375,422.0431213378906,781.5891723632812,421.3018493652344,824.6227416992188,529.2659301757812,774.472412109375,526.0211181640625,818.7703857421875,622.1864624023438,776.29345703125,617.8178100585938
287,9.566647797501643,815.2818603515625,216.3617706298828,823.9428100585938,209.69430541992188,805.3453979492188,209.48191833496094,832.9220581054688,215.90133666992188,788.0178833007812,214.6762237548828,839.3638916015625,255.72265625,773.6015014648438,253.17694091796875,849.9143676757812,194.01779174804688,761.1719970703125,187.695556640625,833.1489868164062,117.27835083007812,789.1815795898438,111.53660583496094,827.6871948242188,422.1281433105469,781.6317749023438,421.3923034667969,824.71484375,529.6392822265625,774.5400390625,526.5355224609375,818.833251953125,622.149658203125,776.310302734375,618.0582885742188
288,9.599981065088757,815.3239135742188,216.24710083007812,823.96875,209.6773681640625,805.4408569335938,209.43089294433594,832.8735961914062,216.08187866210938,788.1532592773438,214.74441528320312,839.6793212890625,256.0806579589844,773.4058837890625,253.1879119873047,850.5797729492188,195.72613525390625,761.3263549804688,187.98194885253906,832.9752807617188,118.71056365966797,790.1942138671875,110.65560913085938,827.8070678710938,422.1329345703125,781.4249877929688,421.28570556640625,824.601318359375,530.6355590820312,774.3328857421875,527.5907592773438,818.5496215820312,622.6314697265625,776.326171875,618.7578735351562
289,9.633314332675871,814.9301147460938,216.53683471679688,823.6715698242188,209.8701934814453,805.0593872070312,209.63218688964844,832.841796875,216.10107421875,788.0304565429688,214.77474975585938,839.4729614257812,256.0587158203125,773.781494140625,253.20358276367188,850.5619506835938,193.62454223632812,761.6915893554688,186.60838317871094,833.5328979492188,115.50662231445312,790.9229125976562,109.88516235351562,828.0828857421875,422.6301574707031,781.9813232421875,421.80517578125,824.501220703125,530.3460083007812,774.2304077148438,527.4246215820312,819.0117797851562,622.143798828125,776.20458984375,618.47900390625
290,9.666647600262984,815.1798095703125,216.56793212890625,823.87060546875,209.88629150390625,805.2274780273438,209.701171875,832.9830322265625,216.1805419921875,787.9588012695312,214.9549560546875,839.5550537109375,256.15093994140625,773.6166381835938,253.23403930664062,851.1492309570312,192.9124755859375,761.5791625976562,185.79791259765625,833.8726196289062,114.16392517089844,791.4983520507812,109.24697875976562,828.0114135742188,422.8643493652344,781.7056274414062,422.0636901855469,824.4744262695312,530.2318115234375,774.2509765625,527.5226440429688,818.9265747070312,621.27783203125,776.3046264648438,617.8197021484375
291,9.699980867850098,815.4185180664062,216.3845672607422,824.0776977539062,209.78184509277344,805.4459838867188,209.5624542236328,833.04248046875,216.24896240234375,787.9590454101562,214.948486328125,839.6416625976562,256.1431884765625,773.31396484375,253.24777221679688,851.3676147460938,192.75962829589844,761.6063232421875,185.7790985107422,833.9617919921875,114.22502136230469,791.7446899414062,109.17098236083984,827.9622192382812,422.8671569824219,781.4520874023438,422.0751953125,824.683349609375,530.216796875,774.4428100585938,527.3869018554688,818.8961181640625,621.5360717773438,776.85009765625,617.8866577148438
292,9.733314135437212,815.4031372070312,216.45025634765625,824.0127563476562,209.81207275390625,805.4788818359375,209.62564086914062,832.9138793945312,216.17201232910156,788.083740234375,214.90542602539062,839.619140625,256.1993408203125,773.47265625,253.03237915039062,851.3446044921875,192.6526336669922,761.698486328125,184.5934295654297,834.0136108398438,114.16535949707031,791.7272338867188,108.14165496826172,828.0794067382812,422.710693359375,781.7406616210938,421.8287048339844,824.4695434570312,529.8688354492188,774.3391723632812,526.9886474609375,819.3843994140625,621.8165893554688,776.9639892578125,618.2076416015625
293,9.766647403024326,815.3344116210938,216.53939819335938,823.9063110351562,209.7457275390625,805.2481079101562,209.66397094726562,832.9605712890625,215.92510986328125,787.7822265625,214.9181365966797,840.0155639648438,256.1149597167969,773.2960815429688,252.93109130859375,852.0457763671875,190.36419677734375,762.1220092773438,182.85186767578125,834.7974853515625,109.58686828613281,794.3828125,106.34993743896484,828.6229858398438,423.6020812988281,781.8102416992188,422.642578125,824.5908203125,530.2964477539062,774.0352172851562,526.8680419921875,819.937255859375,621.9149780273438,776.8816528320312,617.2036743164062
294,9.79998067061144,814.9585571289062,216.40228271484375,823.5606689453125,209.64479064941406,804.9208984375,209.58258056640625,832.7071533203125,215.86863708496094,787.7343139648438,214.89797973632812,839.5322875976562,256.21026611328125,773.7258911132812,252.83201599121094,851.037353515625,191.6426544189453,761.9017944335938,182.92996215820312,833.8619995117188,112.16619110107422,792.7708740234375,107.00804138183594,828.3079833984375,422.96429443359375,782.1613159179688,422.0114440917969,824.3016967773438,529.5783081054688,774.6660766601562,526.6229248046875,819.605712890625,621.1159057617188,777.1316528320312,617.350830078125
295,9.833313938198552,814.892822265625,216.56724548339844,823.4989013671875,209.7437744140625,804.7974243164062,209.6766815185547,832.6886596679688,216.00949096679688,787.515380859375,215.01544189453125,839.533935546875,256.90045166015625,773.6401977539062,253.3123321533203,851.5916137695312,190.63671875,762.1075439453125,181.66378784179688,834.3005981445312,110.40675354003906,793.9142456054688,106.1165771484375,828.60791015625,423.3537292480469,782.4631958007812,422.34881591796875,824.3060302734375,529.5839233398438,774.80078125,526.7318115234375,819.594970703125,620.5625610351562,777.1814575195312,617.0863647460938
296,9.866647205785666,814.501708984375,216.5885009765625,823.087158203125,209.800537109375,804.440673828125,209.76280212402344,832.3031616210938,216.03070068359375,787.3142700195312,215.13320922851562,839.1984252929688,256.75128173828125,773.7398681640625,253.3427734375,851.8093872070312,190.02645874023438,762.598388671875,181.41421508789062,835.1973266601562,109.9180679321289,794.4664916992188,106.17431640625,828.3004760742188,423.190185546875,782.4690551757812,422.2611083984375,823.9660034179688,529.4166870117188,774.8308715820312,526.748779296875,819.8129272460938,621.0445556640625,777.2505493164062,617.69580078125
297,9.89998047337278,814.468017578125,216.8496551513672,823.0155029296875,210.03762817382812,804.3334350585938,209.95339965820312,832.1920166015625,216.21719360351562,786.9954833984375,215.24070739746094,839.2702026367188,256.7669677734375,773.2781372070312,253.38841247558594,852.3544311523438,188.47361755371094,763.0206909179688,180.60899353027344,836.66552734375,107.7349624633789,796.145263671875,105.05536651611328,828.46728515625,423.6455078125,782.246337890625,422.6559753417969,824.4100341796875,529.5281982421875,774.6417846679688,526.2861938476562,819.5203857421875,621.7628173828125,776.7184448242188,617.5033569335938
298,9.933313740959894,814.3019409179688,217.46707153320312,822.87255859375,210.538330078125,804.1337280273438,210.47335815429688,832.1671142578125,216.49276733398438,786.820068359375,215.536865234375,839.411865234375,256.98065185546875,773.0028076171875,253.43344116210938,852.6126098632812,189.23789978027344,763.0971069335938,181.0635528564453,837.5856323242188,108.342041015625,796.70458984375,105.52592468261719,828.4094848632812,423.7685241699219,781.9137573242188,422.702392578125,824.7387084960938,529.6963500976562,774.56005859375,526.2239379882812,819.615478515625,622.6488647460938,776.4769897460938,618.2911376953125
299,9.966647008547008,814.1600952148438,218.0583038330078,822.8174438476562,211.001220703125,803.968994140625,210.86248779296875,832.3023071289062,216.62628173828125,786.6494140625,215.51779174804688,839.6065673828125,256.91241455078125,772.6942138671875,253.3609161376953,852.3748779296875,189.2007598876953,763.1229858398438,181.8173065185547,837.7877197265625,108.19158172607422,797.0917358398438,106.1624755859375,828.45458984375,424.28619384765625,781.5241088867188,423.0465393066406,824.9254760742188,530.1956176757812,773.8488159179688,525.642822265625,819.3509521484375,622.6694946289062,775.7771606445312,616.6311645507812
300,9.999980276134123,813.5771484375,218.38607788085938,822.3933715820312,211.28640747070312,803.4156494140625,211.15342712402344,832.2393798828125,216.76422119140625,786.4525756835938,215.65423583984375,839.5496215820312,256.8165588378906,772.7733764648438,253.21282958984375,851.7958374023438,189.67283630371094,763.049560546875,182.02352905273438,837.14892578125,108.8211669921875,796.8800659179688,106.33458709716797,828.309326171875,424.3727111816406,781.3865966796875,423.10626220703125,824.8905639648438,530.7066040039062,773.6232299804688,526.1557006835938,819.3364868164062,623.22021484375,775.619384765625,617.3729858398438
301,10.033313543721235,813.463623046875,218.56021118164062,822.3865966796875,211.4608154296875,803.1982421875,211.3448028564453,832.49365234375,216.95236206054688,786.3089599609375,215.85845947265625,839.427001953125,256.8989562988281,772.7666015625,252.90731811523438,849.3517456054688,190.5167999267578,762.993408203125,181.83909606933594,834.7973022460938,109.841796875,796.7275390625,106.34554290771484,828.1181640625,424.3468933105469,781.1655883789062,422.92010498046875,824.8589477539062,531.1098022460938,773.6268310546875,526.0021362304688,818.7010498046875,624.106201171875,775.4705810546875,617.8269653320312
302,10.066646811308349,813.2057495117188,219.0397491455078,822.0404052734375,211.87420654296875,802.9614868164062,211.80551147460938,832.076904296875,217.1419219970703,786.0928955078125,216.16885375976562,839.1028442382812,256.81182861328125,772.7808227539062,253.1261749267578,849.4427490234375,190.16741943359375,763.5869750976562,182.4191436767578,835.5570678710938,108.94756317138672,797.6810302734375,106.61810302734375,828.4188232421875,424.4234313964844,781.5869750976562,423.0963134765625,824.6373901367188,531.2696533203125,773.4796752929688,526.10205078125,819.232177734375,623.6217041015625,775.5850219726562,616.8834228515625
303,10.099980078895463,813.5153198242188,218.72442626953125,822.3223266601562,211.637939453125,803.1913452148438,211.5897216796875,832.235595703125,217.31680297851562,786.1338500976562,216.382080078125,838.916015625,257.500244140625,772.7490234375,253.66897583007812,848.8443603515625,191.66329956054688,763.4845581054688,183.21728515625,835.2597045898438,110.85556030273438,797.60546875,107.31525421142578,828.2371215820312,424.5875244140625,781.5335693359375,423.34796142578125,824.7054443359375,531.2214965820312,773.9957275390625,526.5547485351562,818.8901977539062,622.9490966796875,775.9737548828125,617.1241455078125
304,10.133313346482577,814.0220336914062,218.48165893554688,822.5913696289062,211.41726684570312,803.6886596679688,211.4033660888672,832.0536499023438,217.20254516601562,786.3436889648438,216.35903930664062,839.1569213867188,257.5440368652344,772.5990600585938,253.8901824951172,850.2708129882812,191.7746124267578,763.8446655273438,183.7396697998047,837.17431640625,110.82920837402344,799.438232421875,107.31822204589844,828.6428833007812,424.6010437011719,781.6867065429688,423.431396484375,824.88720703125,531.1018676757812,773.8328247070312,526.4439697265625,818.8929443359375,622.1256713867188,775.443359375,615.9088745117188
305,10.166646614069691,814.452392578125,218.5233917236328,822.7745361328125,211.5087127685547,804.1687622070312,211.53858947753906,831.7555541992188,217.25384521484375,786.533203125,216.5303192138672,839.3197021484375,257.3149108886719,772.412109375,254.1002197265625,852.3064575195312,191.28395080566406,763.9263305664062,184.03176879882812,839.4019775390625,110.64520263671875,800.0084228515625,107.17770385742188,828.6939697265625,424.3560791015625,781.6867065429688,423.3860778808594,824.77783203125,530.93896484375,774.1688232421875,526.8012084960938,818.4730224609375,622.82421875,775.5877685546875,616.9960327148438
306,10.199979881656803,815.0310668945312,218.17767333984375,823.2809448242188,211.33758544921875,804.6259765625,211.31390380859375,832.0438232421875,217.4650115966797,786.2603149414062,216.59756469726562,839.3731689453125,257.4555969238281,772.063232421875,253.99368286132812,854.417724609375,190.78591918945312,765.6707153320312,183.53150939941406,843.1083984375,109.78721618652344,803.3381958007812,107.944580078125,828.5341186523438,424.35162353515625,781.1259155273438,423.3636474609375,824.879150390625,531.020751953125,773.7531127929688,527.2863159179688,818.7039794921875,623.0670776367188,774.9974975585938,617.89404296875
307,10.233313149243918,815.1178588867188,218.43479919433594,823.4341430664062,211.58567810058594,804.7284545898438,211.58180236816406,832.25830078125,217.7564697265625,786.4743041992188,216.8938446044922,839.2235107421875,258.02313232421875,772.4751586914062,254.28500366210938,854.0446166992188,191.22705078125,766.173095703125,183.11790466308594,843.2684936523438,110.74003601074219,803.9882202148438,108.62859344482422,828.0975952148438,425.2943115234375,781.0601196289062,424.26568603515625,824.3544311523438,531.4609985351562,773.6116333007812,527.950439453125,818.9867553710938,624.3875732421875,775.03466796875,619.6767578125
308,10.266646416831032,815.2620239257812,218.48080444335938,823.5858154296875,211.6980743408203,804.9182739257812,211.62954711914062,832.3292236328125,217.99020385742188,786.70068359375,217.01800537109375,839.1678466796875,258.4710998535156,772.4572143554688,254.7282257080078,853.1522827148438,193.12879943847656,766.0029907226562,184.75901794433594,842.3959350585938,113.83474731445312,802.8416748046875,109.76960754394531,827.5360107421875,425.7424621582031,780.5745849609375,424.6459045410156,824.1121215820312,532.4617309570312,773.336181640625,528.5145263671875,818.4855346679688,625.372314453125,774.6527099609375,619.9520263671875
309,10.299979684418146,815.7021484375,218.56805419921875,824.0584716796875,211.74024963378906,805.4867553710938,211.61581420898438,832.7133178710938,217.82476806640625,787.3404541015625,216.65419006347656,839.3294067382812,258.0935363769531,772.6912231445312,254.27093505859375,853.5592651367188,192.00392150878906,766.5806884765625,183.9592742919922,843.5247192382812,111.6540756225586,804.4212036132812,108.39434814453125,827.4083251953125,425.7809753417969,780.4403076171875,424.6784362792969,824.0640258789062,532.3993530273438,773.0157470703125,528.3895874023438,818.8153686523438,625.810302734375,774.5956420898438,620.3856201171875
310,10.33331295200526,815.8579711914062,218.48321533203125,824.2783203125,211.78952026367188,805.654052734375,211.64205932617188,832.9815063476562,218.147216796875,787.5965576171875,216.95118713378906,839.3150634765625,258.15789794921875,772.8571166992188,254.57681274414062,852.6995849609375,191.60389709472656,766.4991455078125,184.3846435546875,842.8818969726562,111.45257568359375,804.1062622070312,108.66555786132812,827.2343139648438,426.01953125,780.330322265625,425.0068664550781,823.8109741210938,532.5501098632812,772.744140625,528.5186767578125,818.4755859375,625.94775390625,774.5418701171875,620.384765625
311,10.366646219592372,815.9072265625,218.6016387939453,824.39013671875,211.82882690429688,805.7172241210938,211.69219970703125,833.2361450195312,218.0751190185547,787.8425903320312,216.9070587158203,839.57373046875,257.9434509277344,773.1209106445312,254.5313720703125,852.7426147460938,190.55413818359375,766.6094970703125,184.03909301757812,842.9346313476562,109.61053466796875,804.5533447265625,107.81072998046875,827.4443969726562,426.390869140625,780.481201171875,425.4264221191406,824.0086059570312,532.6972045898438,772.753173828125,528.62060546875,818.5347290039062,625.8851318359375,774.5501098632812,620.2167358398438
312,10.399979487179486,815.767822265625,218.51834106445312,824.38134765625,211.7354278564453,805.5775756835938,211.55960083007812,833.474853515625,217.9618682861328,787.8858642578125,216.70828247070312,839.6692504882812,257.72528076171875,773.3246459960938,254.30819702148438,852.642822265625,189.80409240722656,766.729736328125,183.5913543701172,843.4510498046875,108.61066436767578,805.1837158203125,107.23614501953125,827.5889282226562,426.3333435058594,780.6193237304688,425.3787841796875,824.2237548828125,532.3734130859375,772.7271118164062,528.2696533203125,818.5221557617188,625.2674560546875,774.3622436523438,619.5593872070312
313,10.4333127547666,815.804931640625,218.66293334960938,824.53857421875,211.78292846679688,805.6102294921875,211.6207275390625,833.8358154296875,217.8251190185547,788.0380859375,216.62973022460938,839.9519653320312,257.451416015625,773.7008056640625,254.3691864013672,853.484619140625,188.98609924316406,766.7361450195312,183.78517150878906,843.9501342773438,107.60419464111328,804.9130249023438,107.52914428710938,827.3624877929688,426.29193115234375,780.5293579101562,425.4408874511719,824.0214233398438,532.0006103515625,772.9488525390625,528.2523803710938,818.08203125,625.0175170898438,774.5547485351562,619.7777709960938
314,10.466646022353714,816.8663330078125,218.46302795410156,825.5675048828125,211.95663452148438,806.8151245117188,211.61082458496094,834.4641723632812,218.75636291503906,789.0598754882812,217.09527587890625,840.2545776367188,258.20550537109375,773.5147094726562,254.90216064453125,853.1018676757812,189.9022216796875,766.1633911132812,184.66867065429688,843.0232543945312,107.77680969238281,804.8907470703125,106.8952407836914,827.4544677734375,426.12945556640625,780.2967529296875,425.2938232421875,824.3175048828125,532.23876953125,773.0491943359375,528.5753173828125,817.5181274414062,624.27490234375,775.1458740234375,619.3596801757812
315,10.499979289940828,817.373291015625,218.41229248046875,826.0502319335938,211.8084716796875,807.312255859375,211.43075561523438,834.8024291992188,218.4624481201172,789.3594970703125,216.67176818847656,840.2525024414062,258.22381591796875,773.6929931640625,254.64422607421875,852.3860473632812,189.8861846923828,766.43017578125,184.10592651367188,842.53076171875,107.5663070678711,805.2777099609375,106.13313293457031,827.7018432617188,426.35943603515625,780.6204223632812,425.42138671875,824.3181762695312,532.39599609375,773.0009155273438,528.4143676757812,817.3173217773438,623.9209594726562,774.9393920898438,618.6795654296875
316,10.53331255752794,818.6854248046875,218.2946319580078,827.0704956054688,211.57510375976562,808.7125854492188,211.26771545410156,835.05322265625,218.10980224609375,790.2706298828125,216.3222198486328,840.1448364257812,258.45074462890625,773.9025268554688,254.5120086669922,851.899658203125,191.0447998046875,765.849609375,183.79127502441406,840.9756469726562,109.49675750732422,804.3920288085938,106.5634536743164,827.9152221679688,425.9130554199219,781.0616455078125,424.9645690917969,824.11328125,531.3489990234375,772.6795654296875,527.7850341796875,817.8938598632812,622.2864379882812,774.4697875976562,617.7998657226562
317,10.566645825115055,818.8128662109375,218.11940002441406,827.004150390625,211.35354614257812,808.9560546875,211.12966918945312,834.631103515625,217.6333770751953,790.5526123046875,215.95274353027344,839.620849609375,257.93560791015625,774.2625122070312,253.83465576171875,851.304443359375,190.6207733154297,765.7501220703125,182.51199340820312,840.1586303710938,109.52676391601562,804.38134765625,106.25956726074219,828.0716552734375,425.3461608886719,781.8120727539062,424.42724609375,823.5927124023438,530.932373046875,772.985595703125,527.719482421875,818.3738403320312,622.0413208007812,774.778564453125,617.9653930664062
318,10.599979092702169,819.65185546875,218.26370239257812,827.6104125976562,211.34352111816406,809.8834228515625,211.18887329101562,834.6348266601562,217.25221252441406,791.09375,215.63381958007812,839.386962890625,257.6277770996094,774.4432983398438,253.65794372558594,850.603759765625,191.15611267089844,764.9417724609375,182.96351623535156,838.0799560546875,110.73352813720703,802.2984619140625,107.21732330322266,828.4149780273438,425.00823974609375,782.5025634765625,424.19036865234375,823.3084106445312,530.6275634765625,773.0801391601562,527.7960815429688,818.5684204101562,622.4556884765625,774.7923583984375,618.9243774414062
319,10.633312360289283,819.9947509765625,218.53729248046875,827.845458984375,211.4741973876953,810.1870727539062,211.31838989257812,834.710205078125,217.15504455566406,791.2412719726562,215.5110626220703,839.2529907226562,257.674560546875,774.7796020507812,253.3419952392578,849.97705078125,189.03489685058594,765.5943603515625,180.29739379882812,837.3624267578125,106.60202026367188,803.3084716796875,104.05500793457031,828.906494140625,425.3992919921875,783.2464599609375,424.41400146484375,823.4033813476562,530.8086547851562,773.5385131835938,527.5223999023438,818.5340576171875,622.814697265625,774.8287963867188,618.7640380859375
320,10.666645627876397,819.9456787109375,218.5285186767578,827.7484130859375,211.53285217285156,810.1261596679688,211.34347534179688,834.4305419921875,217.39871215820312,790.9737548828125,215.66802978515625,839.2625732421875,258.00787353515625,774.0835571289062,253.56463623046875,849.42724609375,189.4688720703125,764.9020385742188,180.11480712890625,835.836181640625,107.74647521972656,801.4866333007812,103.43814849853516,828.8853149414062,425.963134765625,782.883056640625,424.8446960449219,823.3794555664062,531.595947265625,773.1603393554688,527.6846313476562,818.4581909179688,624.900634765625,775.1619873046875,620.0865478515625
321,10.699978895463511,819.1497192382812,218.59878540039062,827.1867065429688,211.74839782714844,809.4057006835938,211.42584228515625,834.260498046875,217.80682373046875,790.617431640625,215.77871704101562,838.9528198242188,258.5838317871094,774.2230224609375,253.71551513671875,848.9090576171875,190.7496337890625,764.7305908203125,179.92752075195312,834.8994750976562,110.22168731689453,799.6615600585938,103.3974609375,828.5006713867188,425.49383544921875,782.8250732421875,424.1898498535156,823.4251708984375,530.9600830078125,773.2634887695312,526.9907836914062,818.4315795898438,623.3424682617188,775.3923950195312,618.8571166992188
322,10.733312163050623,819.0699462890625,218.58656311035156,827.1585693359375,211.60498046875,809.2445678710938,211.32992553710938,834.3930053710938,217.44564819335938,790.3701782226562,215.52975463867188,839.1687622070312,258.2068176269531,773.938232421875,253.5777587890625,848.9068603515625,191.66964721679688,763.9700927734375,181.39947509765625,834.7291870117188,112.10209655761719,798.3561401367188,105.23176574707031,828.71435546875,425.51336669921875,782.7230224609375,424.27532958984375,823.504150390625,530.9528198242188,773.255859375,526.9029541015625,818.2269287109375,622.7654418945312,775.6710205078125,617.9994506835938
323,10.766645430637737,818.9749145507812,218.51744079589844,827.1871337890625,211.39199829101562,808.9569702148438,211.24853515625,834.8429565429688,217.15086364746094,790.2136840820312,215.6387176513672,839.825439453125,258.062744140625,773.9974365234375,254.06146240234375,849.646728515625,192.60369873046875,763.5173950195312,183.98643493652344,836.302734375,112.47978973388672,798.2212524414062,107.04480743408203,828.7536010742188,425.2467346191406,782.3593139648438,424.22430419921875,823.8674926757812,530.633544921875,773.1239624023438,526.7457275390625,818.4241943359375,621.5878295898438,775.23095703125,616.6588745117188
324,10.799978698224852,818.7861328125,218.37095642089844,827.0829467773438,211.31600952148438,808.7514038085938,211.17181396484375,834.945556640625,217.1485595703125,790.1630249023438,215.70126342773438,840.1799926757812,257.7207946777344,773.98828125,254.08050537109375,850.5677490234375,192.6916961669922,763.2672729492188,184.62330627441406,836.9978637695312,112.91593933105469,798.0918579101562,106.78496551513672,828.6358032226562,424.6276550292969,782.0477905273438,423.7649230957031,824.2739868164062,530.2198486328125,773.4685668945312,526.78857421875,818.0516357421875,621.4874877929688,775.221923828125,617.07568359375
325,10.833311965811966,818.8390502929688,218.5574493408203,827.0955200195312,211.52601623535156,808.86181640625,211.32012939453125,834.8619995117188,217.20144653320312,790.1268920898438,215.63023376464844,840.0225830078125,257.3187561035156,773.9129638671875,253.8343963623047,851.1481323242188,192.68980407714844,762.9968872070312,185.16311645507812,837.1267700195312,113.22303771972656,797.7446899414062,107.19425201416016,828.5023193359375,423.7645568847656,781.8379516601562,422.9580078125,824.7264404296875,529.1453247070312,773.3543701171875,525.9058837890625,818.1047973632812,618.64697265625,774.5856323242188,614.2728881835938
326,10.86664523339908,818.97509765625,217.8281707763672,827.0223999023438,210.8916015625,809.1224975585938,210.611083984375,834.2791137695312,216.61669921875,790.126708984375,214.8115234375,840.22705078125,256.61480712890625,773.0870361328125,252.8655242919922,852.2960205078125,193.15139770507812,762.7617797851562,184.6876983642578,837.9525146484375,114.55016326904297,797.8903198242188,106.62774658203125,829.0681762695312,423.6588134765625,781.8427124023438,422.7235107421875,825.2261962890625,529.5911865234375,773.1908569335938,525.9869995117188,818.517578125,621.24658203125,774.7870483398438,616.4617309570312
327,10.899978500986192,819.0178833007812,217.81387329101562,827.014404296875,210.76614379882812,809.084716796875,210.59288024902344,834.2960815429688,216.36167907714844,790.0408935546875,214.80828857421875,840.129638671875,256.2494812011719,773.2097778320312,252.87982177734375,852.964111328125,191.05538940429688,763.241455078125,184.23190307617188,839.8806762695312,110.55785369873047,800.6583251953125,106.31146240234375,829.4735717773438,423.59490966796875,782.2440795898438,422.9281921386719,825.4424438476562,529.2369384765625,773.2105712890625,526.2659912109375,819.2703247070312,620.452880859375,774.4286499023438,616.2548217773438
328,10.933311768573306,819.3826293945312,217.8206024169922,827.22412109375,210.81729125976562,809.4822387695312,210.59597778320312,834.1746826171875,216.4382781982422,790.2259521484375,214.82774353027344,840.1914672851562,256.0811767578125,772.8800048828125,253.09014892578125,854.4573974609375,189.89280700683594,763.6416015625,184.831298828125,842.5234985351562,109.33097076416016,803.1490478515625,106.9786148071289,829.2230224609375,423.92742919921875,781.7681274414062,423.4086608886719,825.6865234375,529.533935546875,773.368896484375,526.5800170898438,818.7359619140625,620.9318237304688,774.0506591796875,616.3358764648438
329,10.96664503616042,819.2772216796875,218.11569213867188,827.2693481445312,210.98583984375,809.519287109375,210.7092742919922,834.5670776367188,216.13536071777344,790.797119140625,214.38577270507812,840.677734375,255.54827880859375,773.521728515625,252.66415405273438,855.2910766601562,188.855712890625,764.0032348632812,185.14283752441406,843.9942626953125,108.01689910888672,804.89208984375,108.44192504882812,829.63671875,423.75091552734375,782.2658081054688,423.2066650390625,825.719482421875,529.8045654296875,773.4094848632812,526.6510009765625,818.8250122070312,620.3377075195312,773.9535522460938,615.385009765625
330,10.999978303747534,819.4942016601562,217.9602508544922,827.7884521484375,211.0113983154297,809.6796264648438,210.67803955078125,835.4791259765625,216.97218322753906,791.31982421875,215.0321807861328,841.0808715820312,257.6019592285156,774.2229614257812,253.72857666015625,853.2005615234375,194.04383850097656,765.41748046875,186.85711669921875,842.0406494140625,113.95574951171875,806.8936157226562,109.53191375732422,829.4654541015625,423.9772644042969,782.2608032226562,423.1766662597656,825.6118774414062,530.8505859375,773.5843505859375,527.75927734375,818.113525390625,620.1236572265625,774.2755737304688,616.3594970703125
331,11.033311571334648,820.2281494140625,218.15025329589844,828.3868408203125,211.13612365722656,810.3037719726562,210.8794708251953,835.94287109375,217.21112060546875,791.8788452148438,215.60801696777344,841.7472534179688,257.70654296875,774.7359619140625,255.11962890625,856.0834350585938,189.4682159423828,766.80419921875,187.0707244873047,848.5633544921875,106.48210144042969,810.5556640625,108.10363006591797,830.0540771484375,424.8451232910156,782.7820434570312,424.550537109375,826.422607421875,530.90869140625,774.1329345703125,528.2302856445312,818.3982543945312,620.8827514648438,773.7684326171875,616.9707641601562
332,11.06664483892176,821.0445556640625,218.55445861816406,829.1016235351562,211.568603515625,811.3253784179688,211.1105499267578,836.2342529296875,217.4925994873047,792.5933837890625,215.37832641601562,841.8529052734375,257.5066223144531,774.6736450195312,254.89894104003906,857.884765625,187.79164123535156,767.3864135742188,186.90667724609375,852.1466674804688,105.02001190185547,811.6306762695312,109.2403793334961,830.1891479492188,424.7790832519531,782.8519287109375,424.46209716796875,826.90576171875,530.5369873046875,774.1902465820312,527.6432495117188,818.7606811523438,620.8090209960938,773.7948608398438,616.5910034179688
333,11.099978106508875,822.1498413085938,219.1420440673828,830.009521484375,212.05624389648438,812.5364379882812,211.6061248779297,836.5197143554688,217.66305541992188,793.3301391601562,215.5318145751953,841.435302734375,257.05535888671875,775.0977172851562,255.13186645507812,857.7534790039062,185.89308166503906,768.0475463867188,187.34332275390625,852.61962890625,103.36265563964844,811.2969970703125,110.14035034179688,830.070068359375,425.0042419433594,783.2015380859375,424.9666748046875,826.7221069335938,530.5230712890625,774.1240844726562,527.8983764648438,819.2835693359375,621.2095947265625,773.8636474609375,617.0396118164062
334,11.133311374095989,823.8248291015625,219.53526306152344,831.4386596679688,212.4661865234375,814.2081909179688,211.81971740722656,837.1305541992188,218.134033203125,793.8942260742188,215.5246124267578,841.2275390625,257.7679748535156,775.0635375976562,255.3739776611328,857.7765502929688,186.46348571777344,770.1405639648438,187.39552307128906,853.3048095703125,102.31950378417969,812.3910522460938,108.74803161621094,829.8137817382812,425.7288513183594,782.9306030273438,425.4542236328125,827.0243530273438,531.0528564453125,774.0763549804688,527.7965087890625,818.958251953125,621.5728759765625,773.3768310546875,616.8582153320312
335,11.166644641683103,824.3070068359375,219.28155517578125,831.9937744140625,212.32681274414062,814.5845947265625,211.51222229003906,837.7244873046875,218.37704467773438,793.800537109375,215.447265625,841.762451171875,258.63629150390625,775.0916748046875,255.6837921142578,859.0947875976562,187.8216094970703,771.89892578125,187.00306701660156,853.9993896484375,103.18321228027344,813.2200927734375,106.98250579833984,829.55322265625,426.2611389160156,782.3811645507812,425.6418151855469,826.806884765625,532.1126098632812,773.9910888671875,528.3861083984375,817.9912109375,622.2001342773438,773.2456665039062,617.0765991210938
336,11.199977909270217,824.3966064453125,219.4663848876953,831.9993896484375,212.40435791015625,814.6124267578125,211.65274047851562,837.6466674804688,218.2242431640625,793.5928344726562,215.42042541503906,841.7399291992188,258.4891357421875,775.1240234375,255.43246459960938,859.649169921875,188.0605926513672,772.3154907226562,186.51394653320312,854.7015991210938,103.46717071533203,813.7066040039062,106.52193450927734,829.7240600585938,426.3656921386719,782.5574340820312,425.7254943847656,826.582275390625,532.0355224609375,773.9352416992188,528.4600830078125,818.0420532226562,622.196533203125,773.1152954101562,617.1641235351562
337,11.23331117685733,824.3109741210938,219.40341186523438,831.8773193359375,212.3137969970703,814.5234985351562,211.59962463378906,837.5045166015625,218.07962036132812,793.6306762695312,215.3853759765625,841.7958374023438,258.4041748046875,775.1094970703125,255.3991241455078,859.3676147460938,187.4758758544922,772.3731079101562,186.10667419433594,854.3157348632812,102.95521545410156,813.74560546875,106.47994995117188,829.4644165039062,426.8280944824219,782.3140869140625,426.116943359375,826.3772583007812,532.436767578125,773.751220703125,528.3950805664062,818.010498046875,623.9276123046875,772.9486694335938,618.1964111328125
338,11.266644444444443,825.3941040039062,220.23397827148438,832.8563842773438,213.17105102539062,815.7431030273438,212.3421630859375,838.0584716796875,219.12074279785156,794.6082763671875,216.1193084716797,842.376708984375,260.18072509765625,775.3360595703125,256.57977294921875,861.3189086914062,189.769287109375,773.1136474609375,187.11367797851562,856.5458374023438,104.9361801147461,814.7279663085938,107.53619384765625,829.0231323242188,428.7891540527344,781.8352661132812,427.7850036621094,825.3135375976562,533.7288818359375,773.0780029296875,529.301025390625,817.7933959960938,625.4406127929688,772.9745483398438,619.0770874023438
339,11.299977712031557,825.5670166015625,220.2799530029297,833.166259765625,213.30670166015625,816.0430297851562,212.408203125,838.39306640625,219.49154663085938,794.9967041015625,216.22564697265625,842.2550048828125,260.6133117675781,775.457275390625,256.68853759765625,862.1047973632812,189.5908966064453,773.31689453125,186.17709350585938,857.4559326171875,103.59336853027344,815.6048583984375,105.84014129638672,828.4718017578125,428.3719177246094,781.4287109375,427.441650390625,825.1495971679688,532.436279296875,773.0253295898438,528.9629516601562,818.1026000976562,623.1747436523438,773.611083984375,618.6597290039062
340,11.333310979618672,825.8002319335938,220.41213989257812,833.43212890625,213.5734405517578,816.297607421875,212.53749084472656,838.6281127929688,220.01824951171875,795.1778564453125,216.5009307861328,842.3272094726562,261.0096435546875,775.3402099609375,257.10369873046875,862.1351318359375,189.38685607910156,773.4454956054688,186.6898193359375,858.4692993164062,103.8382339477539,815.5328369140625,106.35195922851562,828.2135620117188,428.5879821777344,781.0407104492188,427.6072692871094,825.6719360351562,532.8739624023438,773.114501953125,528.8961181640625,818.0264282226562,623.5107421875,773.4208374023438,618.1995239257812
341,11.366644247205786,825.8767700195312,220.68434143066406,833.4901123046875,213.83714294433594,816.37109375,212.83628845214844,838.760498046875,220.1862030029297,795.4882202148438,216.81170654296875,842.7646484375,260.76092529296875,775.4059448242188,257.1867370605469,862.2750854492188,188.4272003173828,773.0308837890625,187.07655334472656,858.9493408203125,102.2891845703125,815.6514892578125,106.4154052734375,828.1367797851562,428.6241760253906,780.7777099609375,427.6762390136719,825.8101806640625,532.8456420898438,773.2200317382812,528.4385986328125,817.5298461914062,624.31494140625,773.2676391601562,618.183837890625
342,11.399977514792898,825.8642578125,220.69900512695312,833.5172729492188,213.90487670898438,816.3866577148438,212.8503875732422,838.8441162109375,220.22825622558594,795.4423828125,216.7176055908203,842.7090454101562,260.4917297363281,775.403564453125,256.8686218261719,862.7067260742188,188.31826782226562,773.09814453125,187.17916870117188,859.865478515625,102.04615020751953,815.4014892578125,106.67877960205078,828.1221313476562,428.8574523925781,780.7105712890625,427.8917236328125,825.7095947265625,533.2108764648438,773.0442504882812,528.8533935546875,817.5592041015625,624.46533203125,773.18359375,618.302490234375
343,11.433310782380012,825.6773071289062,220.6287078857422,833.3743896484375,213.85569763183594,816.2435302734375,212.7881622314453,838.8377075195312,220.1351318359375,795.5384521484375,216.6004180908203,842.7554321289062,260.2152099609375,775.4197387695312,256.4900207519531,862.2720947265625,188.88970947265625,772.6746215820312,187.6110076904297,859.3251953125,102.52908325195312,814.581787109375,107.22052764892578,827.9242553710938,428.4595947265625,780.476318359375,427.43792724609375,825.8910522460938,532.7833251953125,773.0602416992188,528.334228515625,817.5452880859375,624.5812377929688,772.9773559570312,618.470458984375
344,11.466644049967126,825.3197021484375,220.40216064453125,833.1381225585938,213.55897521972656,815.8606567382812,212.4851837158203,838.8804321289062,219.63531494140625,795.27001953125,216.07711791992188,842.7299194335938,259.7113952636719,775.5946044921875,255.9028778076172,862.1790771484375,189.05575561523438,772.5285034179688,187.54734802246094,859.330078125,103.40154266357422,813.536865234375,107.88519287109375,828.0948486328125,428.0343933105469,780.7722778320312,426.93304443359375,825.6152954101562,532.8308715820312,773.0008544921875,528.2586669921875,817.486328125,624.2572021484375,773.009521484375,617.9662475585938
345,11.49997731755424,825.1341552734375,220.38804626464844,832.9830322265625,213.4225311279297,815.6804809570312,212.3837127685547,838.7947998046875,219.25387573242188,795.2072143554688,215.7086181640625,842.7573852539062,259.593017578125,775.577880859375,255.54893493652344,862.1517333984375,188.96937561035156,772.3334350585938,186.78968811035156,858.8894653320312,103.12147521972656,814.029541015625,107.43054962158203,828.2662353515625,428.47845458984375,780.9719848632812,427.30126953125,825.3555908203125,532.89453125,773.1159057617188,528.2798461914062,817.2124633789062,624.5194091796875,773.3792114257812,618.336669921875
346,11.533310585141354,824.8861083984375,220.4506378173828,832.7164306640625,213.411865234375,815.4022827148438,212.4637451171875,838.4904174804688,219.0663299560547,794.8727416992188,215.64569091796875,842.3446655273438,259.38690185546875,775.3350830078125,255.2576141357422,861.1846923828125,188.66326904296875,771.705322265625,186.1959991455078,857.2978515625,103.09905242919922,813.6278076171875,108.00775146484375,828.244384765625,428.6856689453125,781.0266723632812,427.5126953125,825.060546875,532.7745361328125,772.8594970703125,528.2102661132812,817.4495239257812,624.6693725585938,773.5508422851562,618.6800537109375
347,11.566643852728468,824.74951171875,220.32122802734375,832.4929809570312,213.24359130859375,815.2776489257812,212.36045837402344,838.003173828125,218.9458770751953,794.5699462890625,215.56748962402344,842.2001953125,259.63153076171875,774.46337890625,255.38595581054688,860.7100830078125,190.1731414794922,769.9920654296875,186.99478149414062,855.5846557617188,104.73565673828125,813.1719970703125,108.86726379394531,828.79638671875,429.02557373046875,781.168701171875,427.9285888671875,824.8267211914062,533.2552490234375,772.1276245117188,529.0638427734375,817.7973022460938,625.6251831054688,773.428466796875,620.1351928710938
348,11.59997712031558,824.7764892578125,220.4607696533203,832.4454345703125,213.37548828125,815.2742919921875,212.4783172607422,837.894287109375,219.04180908203125,794.4677124023438,215.68008422851562,842.1080932617188,259.83966064453125,774.6533203125,255.53274536132812,860.7843017578125,190.3320770263672,770.6195678710938,186.97694396972656,855.8184204101562,104.80856323242188,813.0675048828125,108.78496551513672,828.850341796875,429.1061096191406,781.4092407226562,427.90570068359375,824.715087890625,533.67138671875,772.3780517578125,529.1522216796875,817.6328735351562,625.5252075195312,773.3668212890625,619.4710693359375
349,11.633310387902695,824.7505493164062,220.58395385742188,832.515380859375,213.41651916503906,815.2581176757812,212.56161499023438,838.1502075195312,218.9038848876953,794.6624145507812,215.6157989501953,842.3331909179688,259.7055969238281,774.956787109375,255.51718139648438,860.664794921875,190.37149047851562,770.342529296875,187.11973571777344,855.7454223632812,104.98451232910156,813.1109619140625,108.78193664550781,829.0404663085938,428.95855712890625,781.6766357421875,427.83392333984375,824.5441284179688,533.3876342773438,772.2739868164062,529.080078125,817.5745239257812,625.2034301757812,773.3165283203125,619.3955078125
350,11.666643655489809,824.8609619140625,221.10728454589844,832.118408203125,213.6100311279297,815.0763549804688,213.1873779296875,837.1939086914062,218.44577026367188,793.8236083984375,216.23391723632812,841.8228149414062,258.44580078125,774.3803100585938,255.91705322265625,859.6053466796875,186.76304626464844,769.13427734375,187.4037322998047,854.4122924804688,101.21063232421875,811.2901000976562,108.86681365966797,829.8274536132812,429.14447021484375,782.3924560546875,428.5376892089844,824.189208984375,532.3885498046875,772.1412353515625,527.7531127929688,817.9067993164062,624.9064331054688,773.3836669921875,617.1685791015625
351,11.699976923076923,824.2643432617188,220.81825256347656,831.2305297851562,213.5060577392578,814.5369873046875,213.0820770263672,835.683349609375,218.79534912109375,793.000244140625,216.44393920898438,840.3607788085938,259.3091735839844,773.5740356445312,255.53822326660156,856.7823486328125,188.35784912109375,768.2158813476562,184.37132263183594,848.7115478515625,103.57780456542969,810.767822265625,106.45159912109375,830.0441284179688,428.88812255859375,782.9994506835938,427.9674072265625,823.7247924804688,532.43310546875,772.3480224609375,527.8732299804688,817.8490600585938,624.350830078125,773.8820190429688,617.2344360351562
352,11.733310190664037,823.1149291992188,220.9442138671875,830.2930908203125,213.5430908203125,813.24951171875,213.23153686523438,835.4198608398438,218.53306579589844,792.0848388671875,216.45562744140625,840.2225341796875,258.7253112792969,773.2042236328125,254.7366485595703,856.1688232421875,187.2234344482422,766.1646728515625,182.11021423339844,846.8910522460938,103.44424438476562,808.7650756835938,105.6864013671875,829.4097900390625,428.605224609375,782.26904296875,427.62152099609375,823.4156494140625,532.3235473632812,772.431396484375,527.8548583984375,817.7228393554688,624.6029052734375,774.0382080078125,617.4122924804688
353,11.76664345825115,822.6924438476562,220.8327178955078,829.5318603515625,213.20877075195312,812.8628540039062,213.07276916503906,834.1163330078125,217.56503295898438,791.2277221679688,215.8812713623047,839.2784423828125,257.4400634765625,772.1727905273438,254.3312225341797,855.862548828125,186.84341430664062,764.5567016601562,182.68711853027344,844.6806030273438,104.33727264404297,806.123291015625,105.4537353515625,829.2698364257812,427.92120361328125,782.1590576171875,427.3004150390625,822.5291137695312,531.1376953125,771.7826538085938,527.2491455078125,817.7500610351562,623.866943359375,773.8651123046875,616.6104736328125
354,11.799976725838263,820.0641479492188,219.35826110839844,827.3839721679688,211.8856964111328,810.296630859375,212.0825653076172,833.168701171875,216.5299072265625,790.5435791015625,215.91796875,838.2843627929688,257.095703125,772.6043090820312,255.76193237304688,848.658935546875,197.00917053222656,757.38720703125,193.67898559570312,833.247314453125,122.78665924072266,785.9506225585938,118.17546844482422,826.421875,424.26190185546875,780.8861694335938,424.2266845703125,821.5792236328125,529.305419921875,772.2584838867188,526.7178955078125,817.4278564453125,623.5347290039062,773.694580078125,618.5001220703125
355,11.833309993425377,817.815185546875,219.6255645751953,825.3219604492188,211.98951721191406,807.99755859375,212.25982666015625,832.1642456054688,215.92041015625,789.1865234375,215.73086547851562,838.22265625,255.13623046875,772.7052612304688,254.64907836914062,848.7378540039062,192.30987548828125,757.7926025390625,191.19009399414062,832.0526123046875,116.08613586425781,784.3612670898438,114.37923431396484,826.4649658203125,424.15289306640625,780.7889404296875,424.0875244140625,821.7684326171875,529.21630859375,772.0211791992188,525.7849731445312,817.58251953125,623.3375854492188,773.1873168945312,616.5344848632812
356,11.866643261012491,815.8797607421875,219.65553283691406,823.5724487304688,212.09022521972656,805.9183959960938,212.50241088867188,831.3009033203125,216.05746459960938,787.9246215820312,216.49615478515625,837.7261352539062,254.44586181640625,772.974853515625,255.26063537597656,848.2089233398438,187.5622100830078,757.2586059570312,189.71337890625,830.8442993164062,109.99760437011719,781.8607788085938,112.29502868652344,826.1494140625,423.44793701171875,780.9943237304688,423.771484375,821.9359130859375,528.9723510742188,773.1421508789062,526.0244750976562,817.519287109375,623.0336303710938,773.8615112304688,616.4786987304688
357,11.899976528599606,815.0508422851562,219.83055114746094,822.9791259765625,212.14451599121094,804.5610961914062,212.60626220703125,831.2459106445312,216.4082794189453,785.9994506835938,216.80209350585938,836.163818359375,255.8200225830078,772.3030395507812,254.42950439453125,840.0707397460938,189.35623168945312,756.8943481445312,184.67909240722656,821.7562866210938,113.03656768798828,780.5127563476562,108.83663940429688,826.52392578125,424.5269470214844,781.4766845703125,424.13568115234375,822.1455078125,530.32177734375,773.05419921875,525.8236694335938,818.1610717773438,624.1064453125,774.1661987304688,616.3475952148438
358,11.933309796186718,814.6265258789062,219.68492126464844,822.9246826171875,211.9926300048828,803.7293701171875,212.52549743652344,831.64013671875,216.6410369873047,784.4954223632812,217.0491180419922,835.7158203125,256.9359130859375,771.17578125,254.55413818359375,836.7633666992188,198.71377563476562,755.6466674804688,187.78695678710938,819.222900390625,129.12672424316406,776.8012084960938,111.06205749511719,825.9061889648438,423.92132568359375,780.3856201171875,423.4995422363281,822.4244995117188,530.1756591796875,772.8148193359375,526.3632202148438,817.6198120117188,624.44873046875,774.3292846679688,618.3660278320312
359,11.966643063773832,813.0630493164062,219.9016571044922,821.4386596679688,211.73703002929688,801.9419555664062,212.68771362304688,831.1119995117188,215.33302307128906,783.5801391601562,217.09109497070312,835.706298828125,254.41775512695312,771.9577026367188,255.27236938476562,837.110107421875,190.0489044189453,756.3806762695312,188.79441833496094,818.7389526367188,114.05387878417969,778.1838989257812,109.30738830566406,826.3062744140625,423.5477600097656,781.1097412109375,424.1236267089844,822.2319946289062,528.8201293945312,773.2185668945312,525.7581787109375,817.6968383789062,622.5294189453125,774.21142578125,616.0885620117188
360,11.999976331360946,812.5386352539062,220.28807067871094,821.0549926757812,212.03952026367188,801.3721313476562,212.99404907226562,831.1094970703125,215.3433074951172,783.1491088867188,217.12918090820312,835.7725219726562,253.87289428710938,771.8306274414062,254.77566528320312,836.8668823242188,189.25177001953125,756.20263671875,188.2839813232422,817.7820434570312,113.22038269042969,778.381103515625,109.33968353271484,826.31298828125,422.9611511230469,780.868408203125,423.50213623046875,822.6503295898438,527.6881103515625,773.0661010742188,524.4277954101562,818.0575561523438,621.0559692382812,774.1239013671875,614.2725219726562
361,12.03330959894806,812.51123046875,220.06211853027344,820.99755859375,211.70130920410156,801.377197265625,212.7707977294922,830.9963989257812,214.8847198486328,783.4242553710938,216.8838653564453,835.5243530273438,254.16554260253906,772.1085815429688,254.8251495361328,835.0706787109375,192.3643798828125,755.4659423828125,189.70469665527344,816.10400390625,117.42901611328125,777.3413696289062,110.69664001464844,826.1080322265625,422.7995910644531,781.066650390625,423.3492126464844,822.3199462890625,527.808349609375,772.9532470703125,524.6589965820312,818.9169921875,621.1455688476562,774.044921875,614.4661254882812
362,12.066642866535174,811.03857421875,219.56968688964844,819.0450439453125,211.65699768066406,800.5664672851562,212.80567932128906,828.3580932617188,214.93740844726562,783.9962158203125,217.44371032714844,834.3784790039062,253.06324768066406,772.0652465820312,256.30181884765625,834.4076538085938,192.7469482421875,751.884033203125,196.43885803222656,812.6332397460938,119.31221008300781,770.8677368164062,117.6895751953125,825.7330322265625,420.2449645996094,781.9447631835938,421.69378662109375,821.6831665039062,526.784912109375,774.2649536132812,524.8192749023438,819.7904663085938,620.34375,775.5556640625,613.9352416992188
363,12.099976134122286,810.5382080078125,219.4602813720703,818.4013061523438,211.70785522460938,800.49169921875,212.8725128173828,827.5621948242188,214.69381713867188,784.9134521484375,217.4521484375,833.8208618164062,251.14414978027344,772.3712158203125,256.6387634277344,834.6893920898438,189.68519592285156,749.7510986328125,202.55020141601562,813.8054809570312,114.74260711669922,768.04736328125,127.29725646972656,824.935546875,418.770263671875,781.8665161132812,420.93896484375,821.19775390625,526.2608032226562,774.80859375,524.8729248046875,819.9200439453125,620.1421508789062,775.6875,613.7506713867188
364,12.1333094017094,809.9270629882812,220.0069122314453,817.896240234375,212.3186492919922,800.0399780273438,213.2544708251953,827.5418701171875,214.8223876953125,784.8475341796875,217.41517639160156,834.3038940429688,249.5980224609375,772.2786865234375,256.9374694824219,836.9907836914062,183.0089874267578,749.5044555664062,204.7713165283203,816.2310180664062,105.3896255493164,768.0280151367188,132.05076599121094,824.8789672851562,419.03753662109375,781.579833984375,421.4228210449219,820.4935302734375,527.427001953125,774.65869140625,525.1452026367188,817.8956909179688,621.7928466796875,775.2369384765625,613.1096801757812
365,12.166642669296515,810.2945556640625,219.9383544921875,817.8493041992188,212.28518676757812,800.4201049804688,213.40176391601562,826.6671752929688,214.9651641845703,784.672607421875,217.64173889160156,833.6646728515625,251.15870666503906,772.1327514648438,256.55389404296875,837.35693359375,194.8544158935547,748.8572998046875,210.49375915527344,815.9935913085938,124.09686279296875,761.0314331054688,147.7235870361328,823.916748046875,417.73046875,781.2974853515625,419.4245910644531,820.2911376953125,526.3087158203125,775.8926391601562,524.4671020507812,817.9365234375,621.49853515625,775.6570434570312,615.9576416015625
366,12.199975936883629,809.5341796875,220.2616729736328,817.1729736328125,212.49229431152344,799.7705688476562,213.54476928710938,825.7946166992188,215.07974243164062,783.8917846679688,217.22837829589844,832.669921875,252.8133544921875,771.5344848632812,255.87063598632812,835.9203491210938,204.77536010742188,748.3418579101562,211.11473083496094,814.984619140625,142.1371307373047,759.1732788085938,151.51138305664062,823.791015625,417.37371826171875,781.668212890625,418.51580810546875,820.0673828125,526.360107421875,776.1929321289062,524.9887084960938,818.0245971679688,622.1025390625,776.3661499023438,618.7678833007812
367,12.233309204470743,808.8614501953125,220.56861877441406,816.6602783203125,212.7821044921875,799.135986328125,213.7458953857422,825.6821899414062,215.13436889648438,783.4552001953125,217.17681884765625,832.65576171875,252.1902313232422,771.1716918945312,255.7364959716797,836.560546875,201.40281677246094,747.844970703125,209.85140991210938,815.3758544921875,136.92654418945312,759.3128051757812,149.1619873046875,823.6988525390625,417.1534423828125,781.3037109375,418.4185485839844,820.2047119140625,525.9608764648438,775.8851928710938,524.5595092773438,818.0736083984375,621.1426391601562,776.2954711914062,617.3689575195312
368,12.266642472057857,808.0950927734375,220.80303955078125,816.0564575195312,212.94308471679688,798.2532348632812,213.91905212402344,825.4963989257812,215.13809204101562,782.6832885742188,217.22889709472656,832.2664794921875,251.6279754638672,770.776123046875,255.1385498046875,834.7899780273438,197.44265747070312,748.2142944335938,203.96539306640625,812.8887329101562,130.20191955566406,761.9412841796875,135.76907348632812,823.8291625976562,417.0611877441406,781.0722045898438,418.466064453125,820.7234497070312,525.9507446289062,775.3268432617188,524.64697265625,818.2863159179688,620.3465576171875,775.9027709960938,616.13232421875
369,12.29997573964497,808.0286865234375,220.64059448242188,815.9946899414062,212.81622314453125,798.146240234375,213.77740478515625,825.436279296875,215.1195831298828,782.5040283203125,217.32106018066406,832.16162109375,251.15017700195312,770.5371704101562,255.8128662109375,835.1591186523438,192.85867309570312,748.2183837890625,204.30508422851562,813.2149047851562,121.84817504882812,763.7930908203125,135.44387817382812,824.0677490234375,417.6136169433594,781.1954345703125,419.3857116699219,820.5122680664062,526.4156494140625,775.1570434570312,525.180419921875,818.5933837890625,621.0549926757812,776.2151489257812,616.1646728515625
370,12.333309007232083,807.9506225585938,220.69223022460938,815.8067016601562,212.69009399414062,798.0091552734375,213.74368286132812,825.1365966796875,214.621826171875,782.3057250976562,217.1021728515625,831.9608154296875,250.22508239746094,770.1383056640625,255.59117126464844,834.6972045898438,189.89349365234375,748.1530151367188,203.60580444335938,813.3767700195312,116.71163940429688,765.9786987304688,132.85372924804688,824.1060180664062,418.0160827636719,780.96142578125,420.0459899902344,820.6790771484375,526.9834594726562,774.5719604492188,525.4827880859375,819.3101196289062,622.3462524414062,775.528564453125,616.23974609375
371,12.366642274819197,807.7785034179688,220.6826171875,815.6490478515625,212.8264923095703,797.9991455078125,213.74530029296875,824.7831420898438,215.05772399902344,782.35546875,217.1236114501953,831.8736572265625,251.21925354003906,769.9412841796875,255.8019561767578,835.6038208007812,195.8536834716797,747.909423828125,208.39529418945312,815.2825927734375,126.36175537109375,763.7055053710938,143.3654022216797,823.7163696289062,418.00799560546875,780.7022094726562,419.6556701660156,820.7247314453125,527.3728637695312,774.4624633789062,525.5084228515625,819.740966796875,623.5333862304688,775.4042358398438,617.8840942382812
372,12.399975542406311,807.2364501953125,220.96792602539062,815.2647094726562,213.14813232421875,797.5811157226562,213.94204711914062,824.8515014648438,215.1439208984375,782.5047607421875,217.0938720703125,831.9843139648438,250.31761169433594,770.0071411132812,255.76365661621094,835.7972412109375,190.49945068359375,747.2760620117188,207.6293182373047,816.58349609375,117.7290267944336,764.3841552734375,142.14993286132812,823.9176635742188,418.35552978515625,780.8455810546875,420.1876525878906,820.7205810546875,527.672607421875,774.3306884765625,525.2737426757812,819.8428344726562,624.1421508789062,775.4825439453125,617.005859375
373,12.433308809993425,807.2596435546875,221.22518920898438,815.3178100585938,213.3102569580078,797.658447265625,214.13775634765625,825.0308837890625,215.074951171875,782.8890991210938,217.10403442382812,832.17578125,250.31825256347656,770.4258422851562,255.8157958984375,835.625,190.95143127441406,746.9597778320312,208.45103454589844,816.3239135742188,118.75615692138672,763.1312866210938,144.2870330810547,823.739990234375,418.7779541015625,780.8836059570312,420.5657958984375,820.5325927734375,528.206298828125,774.5411987304688,525.6415405273438,819.6580810546875,624.8865966796875,775.4893798828125,617.631591796875
374,12.466642077580538,807.2542724609375,221.43922424316406,815.3226928710938,213.43299865722656,797.5360717773438,214.337158203125,825.2589111328125,215.23342895507812,782.8331909179688,217.4606170654297,832.758544921875,251.40576171875,770.6483764648438,256.5195617675781,836.5994873046875,195.52761840820312,746.22900390625,212.74072265625,817.6658325195312,125.84239959716797,760.6920166015625,154.4608154296875,823.523193359375,418.7021789550781,780.7882690429688,420.20721435546875,819.96923828125,527.60107421875,775.095947265625,524.7999877929688,818.5650024414062,624.2283325195312,775.49658203125,617.226318359375
375,12.499975345167652,807.1303100585938,221.81610107421875,815.2107543945312,213.61785888671875,797.2610473632812,214.5305633544922,825.1583862304688,215.02499389648438,782.1581420898438,217.26792907714844,832.241943359375,250.3568878173828,770.106689453125,255.5251007080078,835.0012817382812,186.41880798339844,747.4601440429688,199.6822509765625,815.3275146484375,111.40131378173828,768.91064453125,125.35493469238281,824.8090209960938,419.2245788574219,781.552001953125,421.195068359375,820.1030883789062,527.4671630859375,774.4637451171875,525.2642822265625,818.4744262695312,621.9972534179688,775.9002075195312,613.6885375976562
376,12.533308612754766,807.3338012695312,221.75242614746094,815.4070434570312,213.63270568847656,797.3128662109375,214.63174438476562,825.3814697265625,215.32537841796875,782.0101318359375,217.67335510253906,832.3680419921875,250.8778076171875,770.2265625,255.39039611816406,834.3291015625,187.37184143066406,748.5302734375,197.54953002929688,814.4181518554688,112.63874816894531,769.8252563476562,121.57234191894531,824.7072143554688,420.06610107421875,781.3380737304688,421.8077392578125,819.326416015625,528.667236328125,774.0234985351562,526.3050537109375,817.0586547851562,623.3807373046875,775.6076049804688,615.2227783203125
377,12.56664188034188,807.87353515625,221.48585510253906,815.8352661132812,213.49957275390625,797.8786010742188,214.51895141601562,825.4800415039062,215.56895446777344,782.3701782226562,217.85696411132812,832.4699096679688,251.57916259765625,770.3053588867188,255.42726135253906,834.7107543945312,189.71481323242188,748.866943359375,197.3684539794922,814.1487426757812,115.91004180908203,769.2026977539062,121.87125396728516,824.3560791015625,419.9396057128906,781.0487060546875,421.48065185546875,819.0509033203125,528.3118896484375,774.0331420898438,526.1762084960938,816.8485107421875,623.2593994140625,775.7496337890625,616.036865234375
378,12.599975147928994,807.8894653320312,220.87680053710938,815.8267822265625,212.9792938232422,797.926025390625,213.9639892578125,825.4869995117188,215.2630157470703,782.7415771484375,217.5366973876953,833.0934448242188,251.49656677246094,770.2184448242188,255.301513671875,834.9996948242188,189.83470153808594,748.7040405273438,197.81520080566406,814.5291748046875,115.3963623046875,769.8427734375,121.86405181884766,824.4493408203125,420.2426452636719,780.8173828125,421.6427307128906,819.3450317382812,529.466796875,774.200439453125,526.5776977539062,816.5633544921875,625.8780517578125,775.67724609375,617.6096801757812
379,12.633308415516106,808.3033447265625,220.67901611328125,816.31787109375,212.873046875,798.4600830078125,213.724365234375,825.9627075195312,215.2433319091797,783.2622680664062,217.26246643066406,833.261962890625,251.24078369140625,770.65869140625,255.6104278564453,836.314208984375,189.55416870117188,748.4546508789062,200.94302368164062,816.1558837890625,115.071533203125,768.2374267578125,127.90303802490234,824.4302978515625,419.6915283203125,781.0973510742188,421.2322998046875,819.2210693359375,528.9420776367188,774.6456298828125,526.5205688476562,815.858642578125,624.8849487304688,775.7322998046875,617.4917602539062
380,12.66664168310322,808.2666625976562,220.56454467773438,816.2788696289062,212.71412658691406,798.3367309570312,213.61131286621094,826.0368041992188,215.0364532470703,783.0970458984375,217.22410583496094,833.6185302734375,250.88441467285156,770.49072265625,255.54425048828125,837.1177368164062,187.1855926513672,748.7425537109375,199.03704833984375,816.94970703125,111.31592559814453,770.1452026367188,123.911865234375,824.7030639648438,419.8502502441406,780.963623046875,421.48492431640625,819.3697509765625,528.9625244140625,774.2764282226562,526.3951416015625,816.2664794921875,624.6322631835938,775.6415405273438,616.4169311523438
381,12.699974950690335,808.3728637695312,220.62120056152344,816.3206787109375,212.7865447998047,798.3526611328125,213.79666137695312,825.9324340820312,215.35438537597656,783.0263061523438,217.62246704101562,833.4341430664062,251.8272247314453,770.5736083984375,255.30490112304688,835.4092407226562,190.3729248046875,749.1040649414062,196.76461791992188,814.7252807617188,116.2685317993164,770.1710205078125,120.1973876953125,824.7703857421875,419.8591003417969,781.0963134765625,421.216552734375,819.57568359375,528.9244384765625,774.2819213867188,526.3805541992188,816.56298828125,624.454833984375,775.62255859375,616.919677734375
382,12.733308218277449,808.5765380859375,220.7662353515625,816.4501342773438,212.7610626220703,798.2122192382812,213.92276000976562,826.1824951171875,215.12820434570312,782.2551879882812,217.87185668945312,833.4094848632812,251.17636108398438,770.4520263671875,255.56173706054688,835.61328125,185.28944396972656,750.8517456054688,193.8816680908203,815.7604370117188,109.00601959228516,773.140380859375,114.62981414794922,825.1531982421875,420.92608642578125,781.1207885742188,422.5823974609375,819.5442504882812,529.0177612304688,773.7454833984375,526.3576049804688,816.2733764648438,624.3947143554688,774.9913330078125,615.7534790039062
383,12.766641485864563,808.9046630859375,221.13510131835938,816.7426147460938,213.1038055419922,798.4293823242188,214.18020629882812,826.1388549804688,215.58694458007812,781.6949462890625,217.8714599609375,832.7041625976562,252.49571228027344,770.0877075195312,254.96792602539062,834.13037109375,188.26600646972656,751.7127075195312,190.69337463378906,813.8661499023438,113.53365325927734,773.1443481445312,111.8990478515625,825.2249145507812,422.14666748046875,781.2993774414062,423.2096862792969,819.388671875,530.841796875,773.7521362304688,527.7910766601562,816.1115112304688,626.340087890625,775.2924194335938,618.210205078125
384,12.799974753451675,808.7911376953125,221.27235412597656,816.6829833984375,213.1903076171875,798.2723388671875,214.26974487304688,826.290283203125,215.50253295898438,781.6051635742188,217.88504028320312,832.8120727539062,252.0078125,770.1817016601562,255.05484008789062,834.4414672851562,185.88134765625,752.2794189453125,190.37075805664062,815.33642578125,110.56936645507812,774.16064453125,111.19978332519531,825.2457885742188,422.712158203125,781.3072509765625,423.9184265136719,819.0484008789062,531.6270751953125,773.7228393554688,528.3400268554688,815.5050659179688,627.5946044921875,775.3450317382812,618.6744995117188
385,12.833308021038789,809.0927734375,221.47010803222656,817.0798950195312,213.30380249023438,798.3489990234375,214.42498779296875,826.8582763671875,215.70730590820312,781.3096313476562,218.18402099609375,832.8130493164062,252.32395935058594,770.2657470703125,255.23031616210938,833.3969116210938,185.55531311035156,753.019287109375,189.7764892578125,814.7003173828125,109.43714141845703,775.05712890625,110.40046691894531,825.32373046875,423.37249755859375,781.1946411132812,424.5436706542969,819.2189331054688,531.43310546875,773.1227416992188,528.0487060546875,815.7493896484375,627.6280517578125,774.5827026367188,618.6749877929688
386,12.866641288625903,809.259765625,222.10076904296875,817.4058837890625,213.98187255859375,798.434814453125,214.94638061523438,827.1949462890625,216.46629333496094,780.7258911132812,218.3983917236328,832.60693359375,253.1064910888672,769.9295043945312,254.65696716308594,834.31494140625,189.42196655273438,754.286376953125,189.85862731933594,816.6183471679688,116.49127960205078,774.6912231445312,113.12474822998047,824.6398315429688,423.1885986328125,780.348876953125,423.8565368652344,819.1982421875,531.3076171875,772.8180541992188,527.6834106445312,815.3880615234375,627.1423950195312,774.588623046875,618.8949584960938
387,12.899974556213017,809.1876220703125,222.05511474609375,817.2742309570312,214.0142822265625,798.4194946289062,214.9318389892578,826.963134765625,216.60955810546875,780.765625,218.40354919433594,832.6326904296875,253.2295684814453,769.7346801757812,254.48471069335938,835.108642578125,188.78250122070312,754.6700439453125,188.37600708007812,817.8598022460938,115.55097961425781,775.9779663085938,110.70846557617188,824.6524658203125,423.4079895019531,780.1990966796875,423.97796630859375,819.318359375,532.3375244140625,772.8284912109375,528.5506591796875,815.1663818359375,628.0958862304688,774.4429931640625,619.681640625
388,12.933307823800131,808.8921508789062,222.13307189941406,817.0030517578125,214.1805419921875,798.4349975585938,214.9658966064453,826.7634887695312,216.4815673828125,781.3153686523438,218.0853729248047,832.8864135742188,251.62808227539062,770.000244140625,254.25009155273438,837.2341918945312,183.3426055908203,754.793701171875,188.40380859375,820.8228759765625,107.8879165649414,777.43408203125,109.94960021972656,825.4270629882812,422.73077392578125,780.9484252929688,423.71240234375,819.5302734375,531.5598754882812,772.596923828125,527.9656982421875,815.4403686523438,627.0755004882812,774.5380859375,618.1724243164062
389,12.966641091387244,809.3638916015625,222.18792724609375,817.37255859375,214.24343872070312,799.0792846679688,214.96456909179688,826.7275390625,216.53570556640625,781.9246826171875,217.84521484375,832.7006225585938,252.15219116210938,770.3285522460938,253.92495727539062,837.6875,184.00997924804688,754.6807250976562,186.50961303710938,821.3106079101562,109.39797973632812,777.1712036132812,108.95171356201172,825.3630981445312,422.8258361816406,781.294189453125,423.5835876464844,819.6398315429688,530.990966796875,772.73046875,527.5023193359375,816.2864990234375,626.2227783203125,774.6097412109375,617.837890625
390,12.999974358974358,810.0048217773438,222.23245239257812,818.0020141601562,214.33877563476562,799.569580078125,215.107421875,827.4717407226562,216.8308563232422,782.2666625976562,218.287841796875,833.7921142578125,252.25302124023438,771.0311889648438,254.0132598876953,840.0743408203125,182.3782958984375,756.6784057617188,185.19541931152344,823.5740356445312,105.98075103759766,780.6725463867188,107.45272827148438,826.033935546875,423.630615234375,781.5899047851562,424.2729797363281,819.7328491210938,531.2982177734375,772.8132934570312,527.6603393554688,815.9578247070312,626.7758178710938,774.54638671875,618.0385131835938
391,13.033307626561472,810.606689453125,222.11724853515625,818.4225463867188,214.25289916992188,800.217041015625,215.12026977539062,827.55029296875,216.88731384277344,782.888427734375,218.49891662597656,834.5345458984375,252.65396118164062,771.3545532226562,254.1954345703125,842.3026123046875,183.118896484375,756.5225219726562,184.42007446289062,825.6084594726562,107.26524353027344,781.3787231445312,106.79903411865234,826.7201538085938,423.47344970703125,782.1649780273438,424.12384033203125,820.1195068359375,530.451904296875,773.0999755859375,527.3696899414062,816.6707153320312,626.307861328125,774.6863403320312,618.3716430664062
392,13.066640894148586,810.7353515625,222.3777313232422,818.7177734375,214.54656982421875,800.32470703125,215.2742462158203,828.1744995117188,217.09922790527344,782.9544067382812,218.51046752929688,835.5691528320312,252.24481201171875,771.4080810546875,254.27757263183594,845.2898559570312,181.47425842285156,757.6862182617188,185.28976440429688,829.25927734375,104.60911560058594,782.4324951171875,107.34373474121094,826.7828979492188,423.6028747558594,781.6386108398438,424.1994323730469,820.72802734375,530.3604736328125,773.159423828125,526.7005004882812,816.1905517578125,626.3924560546875,774.8462524414062,617.5172119140625
393,13.0999741617357,810.65625,222.15167236328125,818.7534790039062,214.4268798828125,800.3228759765625,215.09019470214844,828.3946533203125,217.283935546875,783.2783813476562,218.55860900878906,836.1182250976562,252.99136352539062,771.7673950195312,254.56036376953125,846.93408203125,183.4197540283203,757.9382934570312,185.7605438232422,830.3311767578125,106.72616577148438,782.405517578125,108.26475524902344,826.4481811523438,423.6255187988281,781.35205078125,424.0353698730469,820.857177734375,530.4636840820312,773.64599609375,527.0211181640625,816.3760375976562,626.119873046875,775.4031372070312,617.9365234375
394,13.133307429322814,811.072265625,222.3844451904297,819.326171875,214.61856079101562,800.697509765625,215.21710205078125,829.2163696289062,217.2178955078125,783.5337524414062,218.45339965820312,837.1013793945312,252.26527404785156,772.14208984375,254.73646545410156,848.5740356445312,183.35728454589844,758.6559448242188,188.9795379638672,832.0702514648438,106.47962951660156,782.0264282226562,111.46215057373047,826.9137573242188,423.5264587402344,781.376953125,424.03125,821.088623046875,530.20703125,773.097412109375,526.414794921875,815.8822631835938,626.25390625,774.755126953125,617.2785034179688
395,13.166640696909926,811.6194458007812,222.2633819580078,819.7250366210938,214.39698791503906,801.0957641601562,215.06944274902344,829.1868896484375,217.11090087890625,783.3502197265625,218.2875213623047,836.4324340820312,252.94854736328125,771.7694091796875,254.227294921875,845.6369018554688,183.80044555664062,758.4852905273438,185.48123168945312,828.1580200195312,107.03604888916016,783.631103515625,107.84489440917969,827.4822387695312,424.6732482910156,781.95703125,424.9413146972656,820.8191528320312,531.2106323242188,773.005126953125,527.1780395507812,816.0296630859375,627.004150390625,775.1248779296875,617.977294921875
396,13.19997396449704,811.3460693359375,222.10116577148438,819.5618896484375,214.23330688476562,800.8677978515625,214.8525390625,829.2445678710938,216.990478515625,783.3419189453125,218.08778381347656,836.8111572265625,253.05503845214844,771.7769165039062,254.354248046875,846.8054809570312,184.0869903564453,758.4557495117188,185.87997436523438,828.78759765625,106.79283142089844,783.5161743164062,107.75365447998047,827.4676513671875,424.5252990722656,781.7123413085938,424.7407531738281,821.1551513671875,530.9814453125,772.7322998046875,526.939697265625,816.5349731445312,626.0591430664062,774.9031372070312,617.0492553710938
397,13.233307232084154,811.1715087890625,222.19705200195312,819.4392700195312,214.19834899902344,800.7234497070312,214.8481903076172,829.26171875,216.67967224121094,783.5535278320312,217.84756469726562,836.802001953125,252.91481018066406,772.1135864257812,254.26829528808594,846.081787109375,184.6591339111328,758.1560668945312,186.52383422851562,828.362548828125,107.88226318359375,783.2293701171875,108.47277069091797,827.3539428710938,424.4967041015625,781.956298828125,424.73712158203125,820.99951171875,531.3287963867188,773.3878784179688,527.2393188476562,815.7952880859375,626.8992309570312,775.1488037109375,617.925048828125
398,13.266640499671269,812.2649536132812,222.48524475097656,820.40869140625,214.6568145751953,801.957763671875,215.1929931640625,829.7512817382812,217.38597106933594,784.5186767578125,218.2987518310547,837.4540405273438,253.25729370117188,772.260986328125,254.95065307617188,848.163330078125,185.22750854492188,759.0128784179688,188.55624389648438,831.6480712890625,108.11624908447266,785.0100708007812,109.72408294677734,827.6753540039062,424.7052917480469,782.015380859375,425.0802307128906,821.5786743164062,531.8167724609375,773.4342041015625,527.8056640625,816.3551025390625,628.1572875976562,775.2760009765625,618.9739990234375
399,13.299973767258383,812.5584716796875,222.7493438720703,820.575439453125,214.95753479003906,802.259521484375,215.41444396972656,829.6791381835938,217.78125,784.4884033203125,218.51806640625,837.2328491210938,253.60328674316406,772.3348388671875,255.1911163330078,848.9881591796875,182.6473388671875,759.8081665039062,186.25469970703125,832.6402587890625,104.50884246826172,786.7734375,107.44795227050781,828.364990234375,425.1346435546875,782.8560791015625,425.5172119140625,821.7093505859375,531.3746337890625,774.016845703125,527.509765625,816.33740234375,626.700439453125,775.8802490234375,617.5181274414062
400,13.333307034845495,812.75244140625,222.72816467285156,820.7720947265625,215.0003204345703,802.3247680664062,215.4046630859375,829.8322143554688,218.06869506835938,784.16064453125,218.6627655029297,837.37939453125,254.29379272460938,771.9537963867188,255.36740112304688,850.11669921875,184.83876037597656,760.0089721679688,186.9371337890625,834.6876220703125,107.35733032226562,787.4889526367188,108.08604431152344,828.2852172851562,425.4134521484375,782.5435791015625,425.6595764160156,821.7218017578125,532.4473266601562,774.6640014648438,528.6193237304688,815.2139282226562,627.0894165039062,776.3287353515625,618.1337890625
401,13.366640302432609,813.1660766601562,223.09042358398438,821.179931640625,215.3165740966797,802.687744140625,215.698486328125,830.1016235351562,218.35464477539062,784.15380859375,218.73812866210938,837.08203125,254.90936279296875,771.834228515625,254.9412841796875,849.1800537109375,185.70498657226562,760.0477905273438,184.50352478027344,833.9862670898438,108.85472869873047,788.4420166015625,105.85124206542969,828.3084716796875,425.7730407714844,782.6150512695312,425.7969970703125,821.608642578125,532.6349487304688,774.810791015625,528.8098754882812,815.2335205078125,626.7891845703125,776.7315673828125,618.1528930664062
402,13.399973570019723,813.7105102539062,223.3487091064453,821.7438354492188,215.4416961669922,803.1449584960938,215.7356414794922,830.5609741210938,218.45899963378906,784.33837890625,218.57505798339844,837.2027587890625,256.025146484375,771.742431640625,255.15072631835938,847.8392944335938,187.0394744873047,760.1029663085938,184.298828125,831.9098510742188,109.13495635986328,788.6962280273438,106.1202392578125,828.251708984375,426.77197265625,782.5379638671875,426.3475036621094,821.4447021484375,533.3514404296875,774.98046875,528.4112548828125,814.47265625,627.6541748046875,776.9293823242188,618.0275268554688
403,13.433306837606837,813.6141967773438,223.36666870117188,821.724853515625,215.49630737304688,803.1015014648438,215.7548065185547,830.67724609375,218.5269012451172,784.3362426757812,218.48318481445312,837.5869140625,255.7787628173828,771.559326171875,254.56954956054688,848.8986206054688,186.7565460205078,760.073974609375,183.16978454589844,832.6845092773438,108.91300964355469,789.1546630859375,105.62813568115234,828.7316284179688,426.2691650390625,782.47119140625,425.7529602050781,822.35009765625,532.4745483398438,774.2194213867188,527.725341796875,815.8201904296875,627.06640625,776.1677856445312,618.0640869140625
404,13.466640105193951,813.8840942382812,223.1367645263672,822.0779418945312,215.3082275390625,803.3080444335938,215.42446899414062,831.018310546875,218.52444458007812,784.227294921875,218.13670349121094,837.3508911132812,256.3177795410156,771.4684448242188,254.5324249267578,848.4520874023438,186.6002197265625,760.2274169921875,182.1903533935547,832.54638671875,108.41035461425781,789.6201782226562,105.16246032714844,828.492919921875,426.73284912109375,782.516845703125,426.01995849609375,821.7025756835938,532.6708374023438,775.0352783203125,527.6671752929688,814.3585205078125,627.1495361328125,777.243408203125,618.0156860351562
405,13.499973372781064,813.7159423828125,223.006591796875,822.035400390625,215.12318420410156,803.1614379882812,215.31442260742188,831.3228149414062,218.17079162597656,784.4644165039062,217.998779296875,838.080322265625,255.58016967773438,771.8302001953125,254.32347106933594,850.1424560546875,186.19297790527344,760.4013671875,182.7599334716797,834.758544921875,108.04634094238281,789.5415649414062,105.03567504882812,828.5882568359375,426.1409912109375,782.2832641601562,425.608154296875,822.3369750976562,532.4390869140625,774.5416870117188,527.84716796875,815.398193359375,627.0142211914062,776.4982299804688,618.34326171875
406,13.533306640368178,813.6868286132812,222.9644317626953,822.1991577148438,214.99298095703125,803.1776123046875,215.1578369140625,831.8016357421875,217.82443237304688,784.6873779296875,217.6344757080078,838.7473754882812,254.70663452148438,771.9295654296875,254.25485229492188,851.4572143554688,185.376708984375,760.1777954101562,184.4347686767578,836.5574951171875,106.95782470703125,789.0112915039062,105.7304458618164,829.1135864257812,425.7757873535156,782.3112182617188,425.5140380859375,823.23583984375,531.8548583984375,773.8905639648438,527.5125122070312,816.5725708007812,626.0654296875,776.0626220703125,617.4507446289062
407,13.566639907955292,813.718994140625,222.59783935546875,822.1720581054688,214.6618194580078,803.2490844726562,214.83958435058594,831.8082885742188,217.3745880126953,784.9666137695312,217.4674835205078,839.0075073242188,253.50704956054688,772.3317260742188,254.58798217773438,852.0443115234375,182.62547302246094,760.582275390625,186.3949432373047,837.1465454101562,103.74673461914062,787.8797607421875,107.12171936035156,828.6891479492188,425.5885925292969,781.9965209960938,425.6631164550781,823.418212890625,531.6998291015625,773.9542236328125,527.1034545898438,816.299072265625,626.7158203125,775.4946899414062,616.9595947265625
408,13.599973175542406,813.732666015625,222.10450744628906,822.0726318359375,214.28045654296875,803.3193359375,214.44393920898438,831.4930419921875,217.1939239501953,785.0533447265625,217.2637176513672,838.8660888671875,253.50454711914062,772.2615356445312,254.5485076904297,852.0852661132812,183.1864776611328,760.3032836914062,186.83114624023438,836.9654541015625,105.099365234375,787.17529296875,108.20118713378906,828.5003051757812,425.4035949707031,781.9844970703125,425.4344787597656,823.0043334960938,532.3153686523438,774.1834106445312,527.6621704101562,815.58447265625,627.1707153320312,775.57861328125,617.34423828125
409,13.63330644312952,813.7999267578125,221.42654418945312,822.144775390625,213.74127197265625,803.45751953125,213.86984252929688,831.445556640625,217.0863800048828,785.1939086914062,217.04847717285156,838.7554321289062,253.71115112304688,772.0180053710938,254.7420654296875,852.03076171875,183.23590087890625,760.1073608398438,186.9462127685547,836.6887817382812,105.17813110351562,787.2782592773438,108.4662094116211,828.40869140625,425.5148620605469,781.7247314453125,425.61187744140625,823.187255859375,532.072509765625,773.5499267578125,527.68603515625,816.5589599609375,626.4886474609375,775.4033813476562,617.1133422851562
410,13.666639710716632,813.2705078125,222.0922088623047,821.5309448242188,214.22381591796875,802.93017578125,214.58078002929688,830.9814453125,217.0200653076172,785.0717163085938,217.65838623046875,838.4296264648438,252.9754180908203,772.5425415039062,255.25608825683594,851.0150146484375,181.68788146972656,759.48779296875,188.3027801513672,833.746337890625,102.640869140625,784.2077026367188,109.50061798095703,827.839111328125,425.5065002441406,781.65966796875,425.9268493652344,822.5507202148438,532.6008911132812,773.4354858398438,528.4969482421875,816.7727661132812,627.1143798828125,775.0176391601562,617.5953979492188
411,13.699972978303746,812.587890625,222.6671600341797,820.9833374023438,214.73301696777344,802.3671264648438,215.0860137939453,830.8594360351562,217.09384155273438,785.0906372070312,217.86126708984375,838.5177001953125,252.22425842285156,773.0089111328125,255.4237823486328,851.2770385742188,180.07614135742188,759.322265625,189.7450714111328,833.1224365234375,99.53810119628906,783.0057983398438,110.5665512084961,827.8634033203125,424.640869140625,781.8811645507812,425.2918701171875,822.9576416015625,531.7603759765625,773.6090698242188,527.9498901367188,817.3206176757812,626.2891235351562,774.8832397460938,617.0333251953125
412,13.73330624589086,812.0753784179688,222.50506591796875,820.53271484375,214.63931274414062,801.7697143554688,215.0181121826172,830.5442504882812,217.45687866210938,784.5338134765625,218.20030212402344,838.3338623046875,253.3525848388672,772.4798583984375,255.67750549316406,850.8594970703125,181.03346252441406,758.912841796875,187.5987091064453,831.9055786132812,100.7064437866211,783.0306396484375,108.41168975830078,827.74658203125,424.8419189453125,781.5582275390625,425.2694396972656,823.06640625,531.7060546875,773.4818115234375,527.961669921875,817.811767578125,625.6875610351562,775.2866821289062,617.1151123046875
413,13.766639513477974,811.3997192382812,222.435791015625,819.8837280273438,214.55532836914062,801.0654907226562,215.01199340820312,830.1611328125,217.2333526611328,784.1235961914062,218.22303771972656,837.8822631835938,252.8699493408203,772.6597900390625,255.38319396972656,849.6124267578125,180.91976928710938,758.3366088867188,187.39633178710938,830.3870849609375,101.25396728515625,781.9833984375,108.53050994873047,827.6785888671875,424.41412353515625,781.8690795898438,424.959228515625,822.7437133789062,531.6970825195312,774.00390625,528.2538452148438,817.6403198242188,625.3685302734375,775.6079711914062,616.9025268554688
414,13.799972781065089,810.1915893554688,222.55123901367188,818.805419921875,214.5841522216797,799.7274780273438,215.27532958984375,829.5885009765625,216.9686737060547,783.3389892578125,218.47474670410156,836.5359497070312,252.2757568359375,772.5004272460938,254.75033569335938,842.9940185546875,183.95953369140625,756.5447387695312,188.69215393066406,823.2174072265625,107.15901184082031,779.5897216796875,110.49688720703125,826.7656860351562,422.7201843261719,781.5446166992188,423.44158935546875,822.3121337890625,530.9332275390625,774.2230834960938,527.6624755859375,817.1860961914062,624.983642578125,775.3594360351562,616.9328002929688
415,13.833306048652203,810.2635498046875,222.69601440429688,818.85595703125,214.51119995117188,799.609375,215.3407440185547,829.7003784179688,216.57180786132812,782.9419555664062,218.39894104003906,836.4719848632812,251.9851531982422,772.20849609375,254.85739135742188,842.002197265625,183.641845703125,756.1395874023438,189.08114624023438,822.4132080078125,107.1356430053711,778.7058715820312,110.4611587524414,826.9667358398438,422.8712463378906,781.5479736328125,423.7476806640625,822.4259033203125,531.1053466796875,774.0962524414062,527.6966552734375,817.3070678710938,625.1676025390625,775.216064453125,616.682861328125
416,13.866639316239315,810.558837890625,222.55772399902344,818.9757690429688,214.37229919433594,799.8278198242188,215.30337524414062,829.3097534179688,216.66665649414062,782.7889404296875,218.5565948486328,835.6444091796875,253.2969512939453,771.865478515625,255.09152221679688,838.872802734375,189.07168579101562,754.8862915039062,190.08981323242188,818.4507446289062,115.4910888671875,776.698974609375,112.94044494628906,826.5609130859375,423.1888122558594,781.6566162109375,423.86279296875,821.6373901367188,531.97265625,774.5729370117188,528.7323608398438,816.9044799804688,626.7922973632812,775.7727661132812,619.0625
417,13.899972583826429,810.5083618164062,222.99673461914062,818.8648681640625,214.732177734375,799.8217163085938,215.6326446533203,829.0086059570312,216.7935028076172,782.7003784179688,218.48536682128906,834.7077026367188,253.4271240234375,772.0429077148438,254.6027374267578,836.0238647460938,189.59922790527344,754.9725952148438,188.72296142578125,816.1195678710938,116.80134582519531,775.9114379882812,111.45233154296875,826.9471435546875,423.5123291015625,782.57275390625,424.023193359375,821.4202880859375,532.2374877929688,774.5198364257812,528.6449584960938,816.6476440429688,626.5432739257812,775.51220703125,618.6497192382812
418,13.933305851413543,810.493408203125,222.63905334472656,818.6844482421875,214.40707397460938,799.8613891601562,215.38465881347656,828.5994873046875,216.49110412597656,782.9070434570312,218.3794403076172,834.892578125,253.3724822998047,771.974609375,254.7220001220703,836.1096801757812,191.99269104003906,754.2780151367188,191.14608764648438,815.8163452148438,119.51160430908203,774.9505004882812,113.57765197753906,827.1026000976562,423.16632080078125,782.7152099609375,423.70233154296875,821.1614990234375,532.4796752929688,774.5523681640625,528.8770751953125,816.2134399414062,627.1434326171875,775.265625,619.15966796875
419,13.966639119000657,810.6393432617188,222.65846252441406,818.7727661132812,214.35147094726562,799.773193359375,215.406982421875,828.6436767578125,216.58792114257812,782.3914184570312,218.5941162109375,834.7713012695312,254.0870819091797,771.6090087890625,254.79159545898438,834.9725952148438,192.9858856201172,754.698486328125,189.64134216308594,815.035400390625,120.82075500488281,775.6114501953125,111.43453216552734,827.235107421875,423.678466796875,782.6019287109375,424.0167236328125,821.2344970703125,532.7526245117188,774.3224487304688,528.7508544921875,815.9993286132812,627.6040649414062,774.808349609375,619.2894897460938
420,13.999972386587771,810.4296264648438,222.5364227294922,818.5885009765625,214.31207275390625,799.6046752929688,215.3533477783203,828.5775756835938,216.56434631347656,782.4139404296875,218.66732788085938,834.8870849609375,253.32281494140625,771.5753173828125,255.04673767089844,835.669921875,190.1767578125,754.6963500976562,190.28421020507812,815.7575073242188,116.82645416259766,776.0901489257812,111.2457504272461,827.2022705078125,422.9148864746094,782.4320068359375,423.5644836425781,821.5911865234375,531.5596313476562,774.3045654296875,527.6848754882812,815.9652099609375,626.139404296875,774.7236938476562,617.5429077148438
421,14.033305654174884,810.3524780273438,222.5157928466797,818.4547119140625,214.32064819335938,799.5969848632812,215.363525390625,828.3309936523438,216.5144805908203,782.5411376953125,218.61264038085938,834.2533569335938,252.99374389648438,771.962890625,254.86236572265625,834.5230712890625,188.94168090820312,754.9151611328125,189.7853546142578,815.5989990234375,115.00714111328125,776.8939208984375,110.75272369384766,827.4271850585938,422.66790771484375,783.2640991210938,423.4674377441406,821.2666625976562,531.211669921875,774.7312622070312,527.6585693359375,815.7901000976562,625.863037109375,774.9083251953125,617.5792236328125
422,14.066638921761998,809.8843994140625,222.55686950683594,817.9779663085938,214.39682006835938,799.123291015625,215.43141174316406,827.827392578125,216.59646606445312,781.931884765625,218.6665802001953,833.5433959960938,252.7908477783203,771.3154907226562,254.7951202392578,833.9974975585938,188.19007873535156,754.506591796875,189.40733337402344,815.6874389648438,114.10935974121094,776.9951171875,109.93253326416016,827.2576904296875,422.4383850097656,783.1083984375,423.4089050292969,821.1363525390625,531.0850830078125,774.8934326171875,527.853271484375,815.814697265625,625.323486328125,775.61181640625,617.3359985351562
423,14.099972189349112,809.8502807617188,222.49298095703125,817.8753662109375,214.3299102783203,799.082763671875,215.3540802001953,827.635986328125,216.56503295898438,781.8167114257812,218.64553833007812,833.1793823242188,252.6273193359375,771.3320922851562,254.77511596679688,833.8966064453125,185.6826171875,754.8110961914062,187.92440795898438,815.9574584960938,110.49971771240234,777.7406616210938,108.6728515625,827.2054443359375,423.054931640625,783.2347412109375,424.06072998046875,820.7661743164062,531.349853515625,774.7836303710938,528.0557250976562,815.4907836914062,625.5712280273438,775.3411865234375,617.2742309570312
424,14.133305456936226,809.9052734375,222.58140563964844,817.9132690429688,214.33787536621094,799.1068725585938,215.4067840576172,827.679931640625,216.43081665039062,781.7320556640625,218.6051025390625,833.1764526367188,252.44598388671875,771.3522338867188,254.65151977539062,834.1729125976562,184.64039611816406,755.21240234375,187.00393676757812,816.155029296875,109.42748260498047,777.9265747070312,108.17213439941406,827.1005859375,423.3349609375,783.09228515625,424.3244323730469,820.4752197265625,531.5211181640625,774.3404541015625,528.1389770507812,815.8126220703125,625.7723999023438,775.1951293945312,617.2708129882812
425,14.16663872452334,809.950927734375,222.54425048828125,817.97216796875,214.36158752441406,799.232666015625,215.37527465820312,827.6414184570312,216.49807739257812,781.8878784179688,218.50990295410156,833.152587890625,252.4429931640625,771.1385498046875,254.58714294433594,833.7379150390625,185.82723999023438,754.9098510742188,187.98345947265625,815.5771484375,111.29296112060547,777.77587890625,109.03282165527344,827.1151123046875,423.1900329589844,782.9644775390625,424.1862487792969,820.7220458984375,531.9238891601562,774.0618896484375,528.5528564453125,816.0796508789062,626.7408447265625,774.9102172851562,618.3643188476562
426,14.199971992110452,809.7982788085938,222.8809356689453,817.9668579101562,214.74758911132812,799.2229614257812,215.62261962890625,827.7385864257812,216.88067626953125,782.0647583007812,218.51768493652344,832.8511352539062,252.8029022216797,771.1571655273438,254.509521484375,833.3167724609375,186.54185485839844,754.9047241210938,187.91868591308594,815.306640625,112.27639770507812,778.1021118164062,109.19963836669922,826.4896850585938,423.333984375,782.5147094726562,424.2027587890625,820.3873291015625,531.7969970703125,773.7535400390625,528.3832397460938,815.9437866210938,626.0046997070312,774.953857421875,617.7780151367188
427,14.233305259697566,810.146728515625,223.02023315429688,818.2951049804688,214.8182830810547,799.4420776367188,215.70999145507812,828.0300903320312,216.96200561523438,782.0159912109375,218.64759826660156,832.966796875,253.3150634765625,771.2308349609375,254.68936157226562,833.1149291992188,186.37339782714844,755.2754516601562,186.7814178466797,814.9405517578125,112.12168884277344,778.3806762695312,108.42992401123047,826.1903686523438,424.1039733886719,782.2978515625,424.78363037109375,819.8681030273438,532.4010620117188,773.9884033203125,528.5075073242188,815.1909790039062,626.8856201171875,775.2388305664062,617.9677734375
428,14.26663852728468,810.3421630859375,223.0398712158203,818.4927978515625,214.8329620361328,799.6382446289062,215.72772216796875,828.151611328125,217.00949096679688,782.0543823242188,218.60198974609375,832.9310913085938,253.45660400390625,771.1741333007812,254.34962463378906,833.1121826171875,187.46466064453125,755.161376953125,186.24766540527344,814.7844848632812,113.96161651611328,778.22607421875,108.62611389160156,826.3095703125,423.9890441894531,782.3270263671875,424.6028747558594,820.1840209960938,532.3274536132812,773.9310913085938,528.8301391601562,815.7278442382812,626.9401245117188,775.1304321289062,618.9814453125
429,14.299971794871794,810.1171875,223.02320861816406,818.4462890625,214.7969970703125,799.338623046875,215.68528747558594,828.4353637695312,217.04107666015625,781.9647827148438,218.54916381835938,833.04248046875,253.93336486816406,771.3162231445312,254.05784606933594,831.4970703125,189.95175170898438,755.0068359375,186.17709350585938,812.9926147460938,117.73502349853516,777.661865234375,108.90235900878906,826.1744995117188,424.1083068847656,782.2042846679688,424.4305114746094,820.10791015625,533.0520629882812,774.0073852539062,529.10205078125,815.1800537109375,627.6864624023438,775.1282348632812,619.6265869140625
430,14.333305062458908,810.3465576171875,222.9971160888672,818.6596069335938,214.7897186279297,799.5822143554688,215.65191650390625,828.546630859375,217.0371551513672,782.1143188476562,218.49525451660156,833.0669555664062,253.7800750732422,771.2388916015625,254.11788940429688,831.6011352539062,189.05557250976562,754.944091796875,186.3887481689453,813.5256958007812,116.0272216796875,777.8744506835938,108.72908020019531,826.181396484375,424.381103515625,782.1439819335938,424.7532958984375,819.9445190429688,533.4360961914062,773.7510986328125,529.3206787109375,815.0067138671875,628.2605590820312,775.0306396484375,619.8080444335938
431,14.36663833004602,810.2694702148438,222.78314208984375,818.62451171875,214.6368865966797,799.5248413085938,215.49618530273438,828.5906372070312,217.0747833251953,782.1461181640625,218.4647216796875,833.4561767578125,254.1228790283203,771.1249389648438,253.96681213378906,831.9613647460938,191.5196075439453,754.5559692382812,186.51742553710938,812.7876586914062,120.30767822265625,777.2315063476562,109.00784301757812,826.333740234375,423.8456726074219,781.9619140625,424.0777893066406,820.4227294921875,533.053466796875,773.6209106445312,529.129150390625,815.2565307617188,627.385009765625,774.8182373046875,619.5548095703125
432,14.399971597633135,810.018310546875,222.8692169189453,818.483642578125,214.75537109375,799.244140625,215.64834594726562,828.6683959960938,217.33692932128906,782.1619262695312,218.83523559570312,833.22265625,254.24266052246094,771.5288696289062,254.43846130371094,830.7555541992188,190.57249450683594,754.798095703125,186.96087646484375,811.9819946289062,117.91407775878906,777.89208984375,108.82089233398438,826.4788818359375,424.2212219238281,782.403564453125,424.6215515136719,820.4541015625,533.16552734375,773.8045043945312,529.4131469726562,815.4951171875,627.5951538085938,775.0240478515625,619.9541015625
433,14.433304865220249,809.9334716796875,222.9327850341797,818.43505859375,214.8298797607422,799.1556396484375,215.6884307861328,828.691650390625,217.4145965576172,782.0836181640625,218.8090362548828,833.0470581054688,254.2463836669922,771.5770263671875,254.14205932617188,830.328857421875,190.1556854248047,755.1073608398438,186.10012817382812,811.803466796875,117.12456512451172,778.278564453125,108.49693298339844,826.516845703125,424.10870361328125,782.4802856445312,424.41217041015625,820.88525390625,532.7481079101562,773.93310546875,528.8421630859375,816.1024169921875,627.1756591796875,775.0780029296875,619.5457153320312
434,14.466638132807363,809.8917236328125,222.6056365966797,818.4351196289062,214.4740447998047,799.1591796875,215.30792236328125,828.711181640625,217.1265106201172,782.262939453125,218.43373107910156,833.1448974609375,254.34092712402344,771.8161010742188,254.01951599121094,829.8943481445312,190.44488525390625,755.1338500976562,185.88128662109375,811.061767578125,117.21261596679688,778.2794189453125,108.27198791503906,826.9959106445312,424.01129150390625,782.9976196289062,424.21612548828125,821.3203125,532.1787109375,773.7049560546875,528.0447387695312,817.181640625,626.3950805664062,774.98876953125,618.5894775390625
435,14.499971400394477,810.1597290039062,222.7931671142578,818.5947875976562,214.736328125,799.3887939453125,215.4510955810547,828.5947265625,217.450439453125,781.9820556640625,218.51187133789062,833.054931640625,254.43406677246094,771.3560180664062,254.02413940429688,830.5900268554688,189.7469482421875,755.414794921875,185.465087890625,811.924560546875,116.68649291992188,778.4055786132812,108.0086441040039,827.05859375,424.27752685546875,782.9068603515625,424.35968017578125,821.0250854492188,532.1879272460938,773.8043823242188,527.6643676757812,815.5582885742188,626.7359008789062,774.8530883789062,618.3633422851562
436,14.53330466798159,810.0188598632812,222.91397094726562,818.473388671875,214.830322265625,799.2501220703125,215.5443115234375,828.5264282226562,217.56800842285156,781.9034423828125,218.62828063964844,833.0161743164062,254.6737060546875,771.2669067382812,254.20811462402344,831.0763549804688,189.31651306152344,755.338623046875,184.95005798339844,812.3790283203125,116.05033111572266,778.9948120117188,107.54977416992188,826.7457275390625,424.84765625,782.5597534179688,424.9382629394531,821.1602783203125,532.0902709960938,773.903076171875,527.669677734375,815.597900390625,626.1177978515625,774.9173583984375,617.835693359375
437,14.566637935568703,810.3772583007812,223.58306884765625,818.7364501953125,215.44094848632812,799.7445678710938,216.15545654296875,828.5655517578125,217.7826690673828,782.3759155273438,218.85018920898438,832.9780883789062,254.09011840820312,771.4866333007812,254.337890625,831.4256591796875,187.32205200195312,755.249755859375,185.3120574951172,813.2621459960938,113.61810302734375,778.8524780273438,107.53214263916016,827.1741943359375,424.5673522949219,783.1240844726562,424.9148254394531,821.080322265625,531.79736328125,773.6533203125,527.517333984375,816.0099487304688,625.7034301757812,774.9055786132812,617.1390991210938
438,14.599971203155818,810.7833251953125,224.3169708251953,819.0008544921875,216.1382598876953,800.3431396484375,216.88758850097656,828.5108032226562,218.041259765625,782.9727172851562,219.1722869873047,833.215087890625,253.98915100097656,771.7626953125,254.53834533691406,833.1475219726562,190.0448455810547,755.0537109375,187.91827392578125,814.5242919921875,118.25150299072266,777.114013671875,110.59294891357422,826.7653198242188,423.63885498046875,782.953125,424.1128234863281,820.9691162109375,531.463623046875,774.0184936523438,527.7938232421875,816.4445190429688,625.529296875,775.3270263671875,617.7088623046875
439,14.633304470742932,810.8516845703125,224.32298278808594,819.1150512695312,216.04075622558594,800.3726196289062,216.77088928222656,828.7052001953125,217.78018188476562,782.96630859375,218.8765411376953,833.3196411132812,253.636474609375,771.7301025390625,254.359130859375,833.2129516601562,187.6956787109375,755.2193603515625,186.8749542236328,815.3746948242188,114.46513366699219,778.3685913085938,109.134521484375,827.1663818359375,424.07073974609375,783.2149047851562,424.5672912597656,821.0272216796875,531.1564331054688,773.7593383789062,527.0647583007812,816.629150390625,625.2434692382812,775.3983764648438,616.5853881835938
440,14.666637738330046,811.0863647460938,224.40829467773438,819.243896484375,216.1290740966797,800.6499633789062,216.84439086914062,828.6317749023438,217.7941131591797,783.0313110351562,218.8197784423828,833.5452880859375,253.61915588378906,771.6810302734375,254.09158325195312,834.9968872070312,188.16075134277344,755.5116577148438,186.3505859375,816.6131591796875,115.28063201904297,778.6001586914062,108.94476318359375,827.2406005859375,423.8963623046875,783.1525268554688,424.3026123046875,821.1171264648438,530.8659057617188,773.8578491210938,527.0181884765625,816.7011108398438,624.7761840820312,775.4176635742188,616.5167236328125
441,14.69997100591716,811.2099609375,223.8326416015625,819.3345947265625,215.64779663085938,800.7136840820312,216.35055541992188,828.7139892578125,217.68190002441406,782.9852294921875,218.757080078125,834.0645751953125,253.857421875,771.40966796875,254.40602111816406,837.0365600585938,187.1458282470703,755.4485473632812,185.7117156982422,818.4042358398438,113.4502182006836,779.0211181640625,108.19509887695312,826.97607421875,424.0350341796875,782.5545654296875,424.4328918457031,821.19775390625,530.7877807617188,774.0337524414062,527.1199951171875,816.18310546875,625.2487182617188,775.3494262695312,617.261962890625
442,14.733304273504272,811.6550903320312,223.95138549804688,819.6767578125,215.78179931640625,801.2420654296875,216.42909240722656,828.8212890625,217.62051391601562,783.2919311523438,218.6487274169922,834.6507568359375,253.1090087890625,771.228515625,254.45448303222656,839.5565795898438,185.30577087402344,755.5888671875,186.57582092285156,820.4570922851562,110.64197540283203,779.5654296875,108.27030944824219,827.2415771484375,423.8343505859375,782.37060546875,424.4175720214844,821.4337158203125,530.9862670898438,773.7439575195312,527.3983764648438,816.1439208984375,625.9183959960938,775.0248413085938,617.5039672851562
443,14.766637541091386,811.4529418945312,224.17974853515625,819.6150512695312,216.01483154296875,801.0668334960938,216.52845764160156,829.0816040039062,217.72702026367188,783.2260131835938,218.51002502441406,834.9889526367188,252.70086669921875,771.3905029296875,254.1247100830078,841.063232421875,183.27114868164062,756.2353515625,185.81382751464844,822.48046875,107.53145599365234,779.6637573242188,107.44518280029297,827.41943359375,423.55908203125,782.3137817382812,424.0316162109375,822.1793212890625,530.4283447265625,773.7160034179688,526.4329833984375,816.33203125,624.3897705078125,774.7505493164062,615.49951171875
444,14.7999708086785,811.075439453125,223.92132568359375,819.3602905273438,215.87220764160156,800.7971801757812,216.3214874267578,829.0282592773438,217.8662567138672,783.3895263671875,218.47181701660156,835.2180786132812,253.16372680664062,771.586181640625,254.1739501953125,841.6280517578125,184.40719604492188,756.0087890625,185.62684631347656,822.7216186523438,109.16877746582031,779.4312133789062,107.49325561523438,827.474609375,423.2169189453125,782.4264526367188,423.5650634765625,822.4564208984375,530.0672607421875,773.9049072265625,526.2767333984375,816.58349609375,623.7581787109375,774.9530639648438,615.580322265625
445,14.833304076265614,811.0439453125,224.281494140625,819.3367309570312,216.15936279296875,800.7454833984375,216.60870361328125,829.0929565429688,217.9494171142578,783.3063354492188,218.64813232421875,835.307861328125,252.98489379882812,771.7626953125,254.6672821044922,842.950927734375,182.47352600097656,756.4219360351562,186.01283264160156,824.7552490234375,106.60163879394531,779.9482421875,107.77706909179688,827.5465698242188,423.414794921875,782.6435546875,423.9612121582031,822.2257080078125,530.0997924804688,774.252197265625,526.4713134765625,816.1629638671875,623.499755859375,775.2470703125,615.0804443359375
446,14.866637343852728,811.0819702148438,224.29217529296875,819.4454956054688,216.19346618652344,800.779052734375,216.62879943847656,829.3583984375,218.10791015625,783.4550170898438,218.83792114257812,835.8125610351562,253.22189331054688,772.182861328125,255.1470489501953,844.9073486328125,182.35989379882812,757.25927734375,186.63671875,826.8377685546875,106.00752258300781,780.4442749023438,108.5037612915039,827.6087036132812,423.679443359375,782.7418823242188,424.29046630859375,822.5177001953125,530.1284790039062,774.7919311523438,526.9241943359375,816.2937622070312,623.926513671875,775.59130859375,616.1956787109375
447,14.89997061143984,811.294921875,224.0297088623047,819.776611328125,215.96449279785156,800.8638305664062,216.36959838867188,829.9517822265625,218.05055236816406,783.4539794921875,218.86077880859375,836.8463134765625,253.00918579101562,772.1454467773438,255.5963592529297,846.7494506835938,181.7638397216797,757.7518310546875,188.45626831054688,828.833984375,104.51922607421875,780.6644897460938,109.67325592041016,827.7642211914062,423.7804870605469,782.2172241210938,424.4283447265625,823.1904907226562,530.1885375976562,774.4589233398438,526.4563598632812,816.432861328125,624.3959350585938,775.2348022460938,615.6175537109375
448,14.933303879026955,811.5203247070312,223.75733947753906,819.988037109375,215.67771911621094,801.0410766601562,216.07855224609375,830.0537719726562,217.9064483642578,783.38818359375,218.64279174804688,836.7409057617188,253.3837127685547,772.06982421875,255.54052734375,846.8610229492188,182.0471649169922,757.7447509765625,187.45372009277344,828.3910522460938,104.77845764160156,780.98193359375,109.08203887939453,827.7139282226562,424.0280456542969,782.202880859375,424.5957946777344,823.0635375976562,529.68896484375,774.5803833007812,526.2750854492188,816.1370239257812,623.5744018554688,775.3163452148438,615.5425415039062
449,14.966637146614069,811.7581787109375,223.5730438232422,820.106201171875,215.59274291992188,801.3007202148438,216.00051879882812,829.9664306640625,217.9764404296875,783.6159057617188,218.74642944335938,836.9102783203125,253.4154052734375,772.1251220703125,255.578369140625,847.4931640625,182.1061553955078,757.8580932617188,187.59262084960938,829.2423095703125,104.61072540283203,781.2991943359375,109.08405303955078,827.7215576171875,424.19024658203125,782.2644653320312,424.7147521972656,822.4584350585938,530.5974731445312,774.788330078125,527.040771484375,815.25634765625,624.800048828125,775.5772094726562,616.39892578125
450,14.999970414201183,811.81689453125,222.64393615722656,820.1030883789062,214.73106384277344,801.3346557617188,215.22225952148438,829.8772583007812,217.45472717285156,783.66015625,218.3634033203125,837.3477172851562,253.34762573242188,771.9840698242188,255.1549530029297,848.5364990234375,182.28509521484375,757.489013671875,186.0660400390625,829.4577026367188,104.52462005615234,781.914306640625,107.55723571777344,828.1111450195312,424.08477783203125,782.264892578125,424.5566711425781,822.7252197265625,530.292236328125,774.3274536132812,527.1430053710938,816.2284545898438,624.7789916992188,775.2344970703125,617.052978515625
451,15.033303681788297,812.0906982421875,222.76483154296875,820.2155151367188,214.8169403076172,801.66650390625,215.3806915283203,829.6898803710938,217.39093017578125,783.97119140625,218.4272918701172,837.2285766601562,253.33082580566406,772.3402709960938,255.2108154296875,848.642333984375,182.6600799560547,757.5037841796875,186.19912719726562,829.552490234375,105.05381774902344,781.7998046875,107.71831512451172,828.3876342773438,423.9034729003906,782.951416015625,424.4584045410156,822.3712158203125,530.5372314453125,774.7710571289062,527.77197265625,816.0911254882812,625.4373168945312,775.4105224609375,618.1818237304688
452,15.06663694937541,811.9423828125,222.7475128173828,820.1591796875,214.8001708984375,801.4840698242188,215.32554626464844,829.905517578125,217.44622802734375,783.9697875976562,218.4434356689453,837.5139770507812,253.53176879882812,772.5199584960938,255.12925720214844,848.8648681640625,181.90206909179688,757.71533203125,185.1109161376953,829.5396118164062,103.42616271972656,782.0706176757812,106.90644836425781,828.292236328125,424.2881164550781,782.783935546875,424.64300537109375,822.3834228515625,530.237548828125,774.869873046875,526.970703125,816.0928955078125,624.6607055664062,775.6808471679688,616.7197875976562
453,15.099970216962523,812.315673828125,222.68101501464844,820.4046020507812,214.73448181152344,801.8931274414062,215.2463836669922,829.7613525390625,217.40562438964844,784.03271484375,218.31748962402344,837.477294921875,253.61117553710938,771.8884887695312,255.1739501953125,849.17919921875,182.18838500976562,757.2706909179688,185.26658630371094,829.4400634765625,103.81890106201172,781.762939453125,106.78858184814453,828.1842651367188,424.6351318359375,782.3591918945312,425.0039978027344,822.5287475585938,530.7125854492188,774.620849609375,527.3851928710938,816.4672241210938,625.8338012695312,775.9182739257812,617.8477783203125
454,15.133303484549637,812.3678588867188,223.16648864746094,820.2835083007812,215.28744506835938,802.0537719726562,215.78466796875,829.3643798828125,217.84786987304688,784.2770385742188,218.75245666503906,837.1907348632812,253.5144805908203,772.0704345703125,255.1544952392578,848.745849609375,182.2379913330078,757.217041015625,185.49118041992188,828.9862670898438,104.07984161376953,781.6007080078125,106.85332489013672,828.1336059570312,424.4489440917969,782.58447265625,424.81622314453125,822.4826049804688,530.6720581054688,774.893310546875,527.1849365234375,816.0838012695312,625.75146484375,775.6289672851562,617.2881469726562
455,15.166636752136752,812.9283447265625,223.62355041503906,820.7222290039062,215.6831512451172,802.6390991210938,216.21511840820312,829.4652709960938,217.99620056152344,784.4904174804688,218.90142822265625,837.1641845703125,253.53294372558594,771.9944458007812,255.14320373535156,849.2444458007812,183.00282287597656,756.8655395507812,185.79867553710938,829.7469482421875,105.63590240478516,781.327880859375,107.40478515625,828.243408203125,424.5782775878906,782.7330932617188,425.0084228515625,822.075439453125,530.7766723632812,774.818115234375,527.5614624023438,816.0765991210938,626.1377563476562,775.8101196289062,617.810546875
456,15.199970019723866,813.0160522460938,223.87750244140625,820.8236694335938,215.87303161621094,802.63232421875,216.4161376953125,829.6804809570312,218.17672729492188,784.392578125,219.09019470214844,837.5878295898438,254.04598999023438,772.15771484375,255.2004852294922,850.1643676757812,183.6736602783203,757.3995361328125,185.13055419921875,830.6672973632812,106.14569091796875,781.7991333007812,106.99491882324219,828.5753173828125,425.15191650390625,782.9119262695312,425.3607482910156,822.1173706054688,531.4667358398438,774.9121704101562,528.0466918945312,815.7764282226562,626.6813354492188,775.6597900390625,618.30859375
457,15.233303287310978,813.015380859375,223.82925415039062,820.8381958007812,215.7655792236328,802.5703125,216.3276824951172,829.69580078125,217.9956512451172,784.1603393554688,218.94854736328125,837.537109375,253.9259796142578,771.9150390625,255.30047607421875,850.0260620117188,183.64991760253906,757.4447021484375,185.97438049316406,830.8380126953125,105.74300384521484,782.2738037109375,107.71577453613281,828.7435913085938,425.13787841796875,782.9668579101562,425.4219665527344,822.0662841796875,531.3028564453125,774.84375,527.7477416992188,815.8707275390625,626.272216796875,776.0531616210938,617.561767578125
458,15.266636554898092,812.8174438476562,223.1250762939453,820.7989501953125,215.119384765625,802.3692016601562,215.6912384033203,829.8599853515625,217.71676635742188,784.2864379882812,218.6097869873047,837.8240356445312,254.45458984375,771.7198486328125,255.30963134765625,849.2060546875,185.95912170410156,756.8587036132812,186.30712890625,829.8126831054688,109.03617858886719,781.678466796875,107.85669708251953,828.57080078125,425.2556457519531,782.5538940429688,425.4005432128906,822.3478393554688,531.5789184570312,774.6087036132812,527.8602905273438,816.2926025390625,627.09423828125,776.256591796875,618.7360229492188
459,15.299969822485206,813.0086669921875,222.89334106445312,820.8614501953125,214.759033203125,802.4066162109375,215.4469451904297,829.8126831054688,217.26791381835938,784.0477294921875,218.3692626953125,837.6663208007812,254.26025390625,771.727783203125,254.78785705566406,848.4857177734375,184.3275146484375,756.82568359375,183.71707153320312,828.6435546875,106.54777526855469,782.85302734375,105.72683715820312,829.2178955078125,425.898193359375,783.1964721679688,425.99383544921875,822.16845703125,532.2457275390625,774.7947998046875,528.6139526367188,815.9970703125,627.8131713867188,776.0825805664062,619.5596923828125
460,15.33330309007232,813.2254638671875,222.89466857910156,821.0628662109375,214.63946533203125,802.4925537109375,215.3766632080078,830.0599365234375,217.01312255859375,783.85595703125,218.2761688232422,837.9478759765625,254.04803466796875,771.6444091796875,254.91177368164062,849.2279052734375,183.41546630859375,757.23291015625,184.0341796875,829.5133056640625,105.10881042480469,783.2896728515625,106.24916076660156,829.3840942382812,426.083984375,783.1405029296875,426.22900390625,822.00244140625,532.24169921875,774.6564331054688,528.4609985351562,815.8109741210938,627.7801513671875,776.0862426757812,619.07763671875
461,15.366636357659434,812.9335327148438,223.11279296875,820.827880859375,214.8289337158203,802.2837524414062,215.53233337402344,830.0391235351562,216.88009643554688,783.9415283203125,218.12464904785156,838.0834350585938,253.2614288330078,771.8723754882812,254.49624633789062,849.6319580078125,182.55555725097656,757.5178833007812,184.26792907714844,830.224365234375,104.19794464111328,783.6288452148438,105.85795593261719,829.4151000976562,425.4811096191406,783.1539916992188,425.707763671875,822.2261352539062,531.86181640625,774.6507568359375,528.0375366210938,815.65625,627.0227661132812,775.6945190429688,617.9910278320312
462,15.399969625246548,813.2955932617188,222.8240966796875,821.2216186523438,214.6577911376953,802.6421508789062,215.27281188964844,830.2861938476562,217.10122680664062,784.0648193359375,218.15438842773438,838.1612548828125,253.82521057128906,771.7291870117188,255.07464599609375,850.06201171875,182.6902313232422,757.7056274414062,184.96885681152344,830.7101440429688,104.08798217773438,783.6151123046875,106.64308166503906,829.1956787109375,425.9896240234375,782.85693359375,426.1866455078125,822.1305541992188,532.0538940429688,774.3925170898438,528.1006469726562,815.5835571289062,627.2369384765625,775.8471069335938,618.122314453125
463,15.43330289283366,813.565673828125,223.1252899169922,821.2096557617188,215.0062255859375,803.0286865234375,215.6490478515625,829.7506713867188,217.3572540283203,784.3387451171875,218.45193481445312,837.83154296875,253.7142791748047,771.6221923828125,255.05946350097656,849.646484375,182.4264678955078,757.5001220703125,184.8758544921875,830.2649536132812,104.16210174560547,783.0972900390625,106.69442749023438,829.3716430664062,425.9571533203125,783.1810302734375,426.17266845703125,822.1376953125,532.2609252929688,774.3804931640625,528.0736694335938,815.99951171875,628.1976928710938,775.7564697265625,618.5555419921875
464,15.466636160420775,813.4087524414062,223.18966674804688,821.0877685546875,215.11431884765625,802.89208984375,215.73936462402344,829.7002563476562,217.5979461669922,784.3198852539062,218.6438446044922,837.662841796875,254.05035400390625,771.820556640625,255.15589904785156,849.69970703125,182.71466064453125,757.5170288085938,184.39297485351562,830.14111328125,104.5843505859375,783.0419921875,106.57630157470703,829.197509765625,425.9610900878906,783.2199096679688,426.1539306640625,822.2376708984375,531.83447265625,774.72412109375,528.0265502929688,815.9689331054688,627.2716674804688,775.8125,618.3583984375
465,15.499969428007889,813.2305297851562,223.5004425048828,820.9088134765625,215.44029235839844,802.758056640625,216.01991271972656,829.5570678710938,217.8426055908203,784.2802124023438,218.82933044433594,837.7078857421875,254.07496643066406,771.7295532226562,255.3127899169922,849.9925537109375,183.10195922851562,757.41943359375,185.40623474121094,830.131103515625,105.12196350097656,782.7349853515625,107.643310546875,828.9807739257812,425.72137451171875,782.9215698242188,425.87615966796875,822.4102783203125,531.3035278320312,774.712890625,527.2381591796875,815.6067504882812,626.1934814453125,775.55322265625,616.8658447265625
466,15.533302695595003,813.1319580078125,223.23312377929688,820.8865966796875,215.27865600585938,802.76953125,215.7662353515625,829.52294921875,217.8381805419922,784.408203125,218.5977020263672,837.6408081054688,254.25657653808594,771.7072143554688,255.32046508789062,850.6254272460938,184.1414794921875,757.6856079101562,185.93955993652344,831.1835327148438,106.50164031982422,782.8421630859375,107.93958282470703,828.3831176757812,425.40289306640625,782.486328125,425.5072326660156,822.1024169921875,531.2714233398438,774.6887817382812,527.3467407226562,815.3818969726562,626.3424682617188,775.8063354492188,617.4478759765625
467,15.566635963182117,813.169677734375,223.0873260498047,820.9649658203125,215.1688690185547,802.8108520507812,215.63990783691406,829.6761474609375,217.79965209960938,784.5220336914062,218.54513549804688,837.8615112304688,254.09011840820312,771.7828369140625,255.27197265625,850.7372436523438,184.4789581298828,757.783203125,186.6624755859375,831.9515380859375,106.98286437988281,782.5101928710938,108.41150665283203,828.526611328125,425.22314453125,782.492431640625,425.3397521972656,822.33740234375,531.7119750976562,774.4157104492188,527.6392211914062,815.7869873046875,626.82177734375,775.51123046875,617.6611938476562
468,15.59996923076923,812.8638305664062,223.27159118652344,820.6937255859375,215.38111877441406,802.5631103515625,215.9095916748047,829.5555419921875,218.0009002685547,784.6533203125,218.8592529296875,837.6542358398438,254.1160125732422,772.276611328125,255.26858520507812,849.9240112304688,184.2970733642578,757.8428344726562,186.0916748046875,831.3374633789062,106.97936248779297,782.353515625,108.26689147949219,828.6653442382812,425.21636962890625,783.0474853515625,425.3906555175781,822.0670776367188,531.91748046875,774.6133422851562,528.2103881835938,815.97998046875,627.35595703125,775.7030029296875,618.8497924804688
469,15.633302498356343,813.1443481445312,223.13455200195312,821.0526733398438,215.18502807617188,802.8157348632812,215.7174072265625,830.0146484375,217.65980529785156,784.8427124023438,218.580810546875,838.1117553710938,253.47012329101562,772.4296264648438,255.29298400878906,850.8143920898438,184.43585205078125,758.2474365234375,188.2908477783203,832.380859375,106.27214813232422,782.6570434570312,109.4302978515625,828.8743286132812,425.1047058105469,783.0083618164062,425.5040588378906,822.312744140625,532.4830322265625,774.5502319335938,529.0701293945312,816.0463256835938,627.8843383789062,775.6776123046875,619.56884765625
470,15.666635765943457,812.98974609375,223.54638671875,820.9739379882812,215.47491455078125,802.583740234375,216.03602600097656,830.047119140625,217.79248046875,784.4361572265625,218.68264770507812,837.8491821289062,253.82374572753906,772.2175903320312,255.227783203125,850.3390502929688,184.72409057617188,758.2745971679688,187.2649383544922,831.6962280273438,106.7194595336914,782.8994140625,108.83924102783203,828.8070678710938,425.3908996582031,782.8861694335938,425.6968078613281,822.148681640625,531.8892822265625,774.1327514648438,528.6087036132812,816.0672607421875,627.3718872070312,775.3779907226562,619.5834350585938
471,15.699969033530571,812.7731323242188,223.3573760986328,820.8001708984375,215.24066162109375,802.2987670898438,215.8721160888672,830.1378784179688,217.4827880859375,784.4393310546875,218.67979431152344,838.0360717773438,253.4069061279297,772.716552734375,255.5251922607422,850.5191650390625,184.00489807128906,758.744384765625,188.49684143066406,832.3811645507812,105.51102447509766,783.0589599609375,109.56788635253906,828.6928100585938,425.0980224609375,783.0721435546875,425.6101379394531,822.0603637695312,531.9439697265625,775.0437622070312,528.730224609375,815.6336059570312,627.264892578125,776.0487670898438,619.1575927734375
472,15.733302301117686,812.6550903320312,223.3002166748047,820.6965942382812,215.13507080078125,802.1146850585938,215.7815704345703,830.14990234375,217.27316284179688,784.2386474609375,218.53233337402344,838.0337524414062,253.0836639404297,772.6185913085938,255.15811157226562,849.9462280273438,182.8665008544922,758.9306030273438,187.29002380371094,831.6222534179688,104.09351348876953,783.4939575195312,108.28602600097656,828.6392822265625,425.50555419921875,782.853271484375,425.93267822265625,821.9907836914062,532.70068359375,774.6771240234375,529.030517578125,815.57568359375,628.347412109375,775.5676879882812,619.4586181640625
473,15.766635568704798,812.8441772460938,223.29185485839844,820.95361328125,215.18121337890625,802.2977905273438,215.7542266845703,830.3248291015625,217.5950927734375,784.1621704101562,218.6072540283203,838.04931640625,253.8295440673828,772.1482543945312,255.45797729492188,850.314453125,183.66590881347656,758.482177734375,187.06582641601562,831.6607055664062,105.26446533203125,783.030517578125,108.59480285644531,828.3052978515625,425.7090148925781,782.2314453125,426.008544921875,822.2421264648438,532.4042358398438,774.20947265625,528.7393188476562,815.9171142578125,627.6639404296875,775.4716186523438,619.210205078125
474,15.799968836291912,812.732421875,223.3526611328125,820.8484497070312,215.2793731689453,802.2167358398438,215.82254028320312,830.2794189453125,217.66004943847656,784.2101440429688,218.67271423339844,837.796142578125,253.68923950195312,772.4933471679688,255.57667541503906,850.1875,183.54002380371094,758.6952514648438,187.74073791503906,832.3046264648438,105.28321075439453,782.9427490234375,109.1874771118164,828.1620483398438,425.2409362792969,782.5328979492188,425.6816101074219,822.201904296875,532.0335693359375,775.0507202148438,528.7518920898438,815.2979736328125,627.2481079101562,775.7687377929688,619.2390747070312
475,15.833302103879026,812.7387084960938,223.58645629882812,820.8171997070312,215.4891815185547,802.217529296875,216.02960205078125,830.158935546875,217.85626220703125,784.1414184570312,218.82359313964844,837.471923828125,254.0371856689453,772.5126342773438,255.6750946044922,849.4118041992188,183.6458740234375,758.8314208984375,187.23281860351562,831.8512573242188,105.46849060058594,782.9636840820312,108.98164367675781,828.2390747070312,425.7016296386719,782.8589477539062,426.0715637207031,821.7657470703125,532.1394653320312,775.1715087890625,528.7258911132812,815.0023193359375,627.6852416992188,776.0892944335938,619.5787963867188
476,15.86663537146614,812.576416015625,223.4310760498047,820.679443359375,215.3450164794922,802.008056640625,215.9287567138672,830.1237182617188,217.84835815429688,783.9454345703125,218.9177703857422,837.5928955078125,254.27711486816406,772.4141235351562,255.83609008789062,849.72265625,183.82855224609375,758.8915405273438,186.86788940429688,831.6105346679688,105.50093841552734,783.2833862304688,108.59771728515625,828.2406005859375,425.7063293457031,782.670654296875,426.0543212890625,821.8291625976562,531.856689453125,774.8038940429688,528.5706787109375,815.4928588867188,626.8720092773438,775.90380859375,618.9883422851562
477,15.899968639053254,812.0902099609375,223.3705596923828,820.1546630859375,215.3506622314453,801.5781860351562,215.9507598876953,829.6647338867188,217.91171264648438,783.9168701171875,219.07257080078125,837.340576171875,254.1744384765625,772.4833984375,255.79791259765625,848.85205078125,183.96829223632812,758.6031494140625,187.17352294921875,830.738525390625,105.82504272460938,783.034912109375,108.9696273803711,827.990966796875,425.58233642578125,782.6499633789062,425.92327880859375,821.6676025390625,532.152587890625,775.1233520507812,528.6735229492188,815.056884765625,627.2764282226562,775.9287109375,619.0317993164062
478,15.933301906640366,812.0281982421875,223.6233367919922,820.1336059570312,215.576171875,801.4881591796875,216.1478271484375,829.7230224609375,218.12559509277344,783.86767578125,219.22088623046875,837.3812255859375,254.69363403320312,772.45849609375,255.99993896484375,848.5147705078125,184.37867736816406,758.5108642578125,186.73175048828125,830.6029663085938,106.5461654663086,782.7877807617188,108.74304962158203,827.8541259765625,425.6676025390625,782.61279296875,425.8623352050781,821.638916015625,532.1697998046875,775.4793701171875,528.3388061523438,814.6868896484375,627.813232421875,776.2171020507812,619.2939453125
479,15.96663517422748,811.8457641601562,223.68214416503906,820.007080078125,215.55783081054688,801.2506103515625,216.15476989746094,829.777587890625,217.91622924804688,783.6093139648438,219.0735321044922,837.31689453125,254.19358825683594,772.522216796875,255.61289978027344,848.14892578125,183.84710693359375,758.7078857421875,186.47036743164062,830.6007080078125,106.13079071044922,782.8580932617188,108.536865234375,828.2213134765625,425.33636474609375,782.8939819335938,425.57318115234375,821.9908447265625,530.9805908203125,775.2710571289062,527.0597534179688,815.4124145507812,625.9780883789062,776.1639404296875,617.1409301757812
480,15.999968441814595,811.6979370117188,223.32374572753906,819.78564453125,215.31602478027344,801.2276000976562,215.89459228515625,829.3723754882812,217.85821533203125,783.733154296875,218.93226623535156,836.974365234375,254.3298797607422,772.401611328125,255.36398315429688,848.037353515625,184.16506958007812,758.3627319335938,185.59226989746094,830.2545166015625,106.54109954833984,782.78955078125,108.1351089477539,827.7952880859375,425.05450439453125,782.720947265625,425.206787109375,821.5010986328125,530.6007080078125,775.3517456054688,526.7920532226562,815.6854248046875,625.7346801757812,776.7487182617188,617.1436767578125
481,16.03330170940171,811.77099609375,223.25013732910156,819.8421020507812,215.24827575683594,801.328369140625,215.76797485351562,829.3396606445312,217.785400390625,783.8152465820312,218.7190399169922,836.8348999023438,254.3454132080078,772.4071655273438,255.1709747314453,847.519287109375,184.00721740722656,758.5247192382812,185.16165161132812,829.98095703125,106.39849853515625,782.7566528320312,107.77503204345703,827.6470947265625,425.10369873046875,782.7227172851562,425.1322937011719,821.3245849609375,530.8927612304688,775.4435424804688,526.6889038085938,815.2349853515625,626.3641967773438,776.7625732421875,617.3594970703125
482,16.066634976988823,811.4725341796875,222.99327087402344,819.5339965820312,214.9757537841797,801.0079956054688,215.5830078125,829.1480102539062,217.42013549804688,783.6604614257812,218.65013122558594,836.7247924804688,253.7247314453125,772.4547729492188,255.33245849609375,847.764404296875,183.47206115722656,758.4068603515625,186.5282745361328,830.1170043945312,105.88959503173828,782.3206787109375,108.65904235839844,827.0712280273438,424.46051025390625,782.31103515625,424.7646789550781,820.8251342773438,530.7711181640625,775.6218872070312,527.0570068359375,814.2020263671875,626.0422973632812,776.552490234375,617.4382934570312
483,16.099968244575937,811.5013427734375,222.93898010253906,819.548095703125,214.93470764160156,801.0689086914062,215.54640197753906,829.1392211914062,217.30743408203125,783.7833251953125,218.55294799804688,836.717529296875,253.4916534423828,772.4536743164062,255.12408447265625,847.7485961914062,183.25424194335938,758.152587890625,186.35208129882812,830.0731201171875,105.93440246582031,782.265869140625,108.85669708251953,826.837646484375,424.34027099609375,782.156982421875,424.6759338378906,820.6632690429688,531.259765625,775.849853515625,527.6915283203125,813.872802734375,627.2940673828125,776.5792236328125,618.9064331054688
484,16.13330151216305,811.3616943359375,223.19851684570312,819.440185546875,215.20957946777344,800.9630737304688,215.80081176757812,829.0305786132812,217.58175659179688,783.6741333007812,218.7515106201172,836.4224243164062,253.54232788085938,772.4124145507812,255.21951293945312,847.2852172851562,183.15370178222656,758.0672607421875,186.47019958496094,829.693115234375,105.93253326416016,782.1069946289062,109.12761688232422,826.9773559570312,424.6507568359375,782.3900146484375,425.0562438964844,820.628662109375,531.681396484375,775.8114013671875,528.3052368164062,814.114990234375,627.5243530273438,776.8271484375,619.3980102539062
485,16.166634779750165,811.3872680664062,223.8069610595703,819.3412475585938,215.75155639648438,801.0656127929688,216.3572540283203,828.6527709960938,217.89990234375,783.7537841796875,219.0280303955078,835.842529296875,253.78993225097656,772.411865234375,255.26275634765625,846.1200561523438,183.75332641601562,757.814697265625,186.2682647705078,829.0640258789062,107.28285217285156,781.8955688476562,109.0084457397461,826.9954223632812,425.0044250488281,782.8021240234375,425.40692138671875,820.152099609375,531.5604248046875,775.871826171875,528.1930541992188,813.6840209960938,627.8677978515625,776.803466796875,619.7498779296875
486,16.199968047337276,811.4651489257812,224.21734619140625,819.4602661132812,216.158447265625,801.16650390625,216.69784545898438,828.7454833984375,218.21864318847656,783.6721801757812,219.21177673339844,835.6551513671875,253.73988342285156,772.228515625,255.561767578125,845.9844360351562,183.19093322753906,757.9608764648438,187.1420440673828,828.84814453125,106.301513671875,781.8717651367188,109.50469970703125,826.8419799804688,425.1309509277344,782.5965576171875,425.64337158203125,820.0648193359375,531.4973754882812,775.6336059570312,528.16162109375,813.3902587890625,627.5409545898438,776.765625,619.339599609375
487,16.23330131492439,811.0446166992188,224.3406524658203,819.1912231445312,216.3306427001953,800.7910766601562,216.802978515625,828.7105712890625,218.44650268554688,783.4898681640625,219.22010803222656,835.3621826171875,253.84783935546875,772.096923828125,255.24142456054688,844.6353759765625,183.54159545898438,757.6983032226562,186.41952514648438,827.6908569335938,107.20118713378906,781.5635375976562,109.10453796386719,826.8939208984375,424.9632263183594,782.5997924804688,425.3538513183594,820.2266845703125,531.3054809570312,775.1021728515625,527.7733154296875,813.8163452148438,627.0213012695312,776.4829711914062,618.8699340820312
488,16.266634582511504,811.1884155273438,224.409423828125,819.2589721679688,216.36329650878906,800.8809204101562,216.89126586914062,828.6102905273438,218.476318359375,783.4630737304688,219.3780975341797,834.93701171875,253.9973602294922,772.0367431640625,255.55502319335938,843.239501953125,183.30491638183594,757.5689697265625,186.57643127441406,826.8372802734375,107.25707244873047,781.5247192382812,109.1356430053711,826.6207885742188,425.2804870605469,782.630126953125,425.7575988769531,819.5812377929688,531.7903442382812,775.2344360351562,528.1227416992188,813.0364379882812,627.9628295898438,776.654296875,619.4642333984375
489,16.299967850098618,811.1930541992188,224.1202392578125,819.2323608398438,216.15679931640625,800.9462890625,216.6414031982422,828.38232421875,218.49366760253906,783.453857421875,219.2307586669922,834.5752563476562,254.4300994873047,771.610107421875,255.56661987304688,842.4119262695312,184.96926879882812,757.0307006835938,187.03176879882812,826.1271362304688,109.4029769897461,781.0118408203125,109.87574768066406,826.363037109375,425.2475280761719,782.360107421875,425.6460876464844,819.499267578125,532.1505737304688,774.8646850585938,528.4893798828125,813.5709228515625,628.6577758789062,776.5681762695312,620.4210205078125
490,16.333301117685732,811.0436401367188,223.84156799316406,819.0997314453125,215.8148651123047,800.77099609375,216.41897583007812,828.3095092773438,218.03807067871094,783.3197021484375,219.0000457763672,834.5510864257812,253.892333984375,771.2368774414062,255.24664306640625,841.4927978515625,186.28695678710938,756.1954956054688,188.10899353027344,824.8761596679688,112.04783630371094,779.7967529296875,110.8608627319336,826.1380615234375,424.7412109375,781.8080444335938,425.2833251953125,819.6646728515625,532.0662841796875,774.1703491210938,528.6094970703125,814.144287109375,628.3099365234375,776.1092529296875,620.3681640625
491,16.366634385272846,811.0388793945312,224.1938018798828,818.9862670898438,216.14340209960938,800.7679443359375,216.7420654296875,827.9677124023438,218.2164306640625,783.1026000976562,219.15660095214844,833.7776489257812,253.7790985107422,771.0541381835938,255.13531494140625,840.1181030273438,185.62669372558594,756.2286987304688,187.7076416015625,823.8939819335938,111.42149353027344,779.953125,110.69496154785156,825.838623046875,425.12518310546875,781.777099609375,425.68817138671875,819.2916259765625,532.4957885742188,774.0692749023438,528.826904296875,813.9727172851562,628.5344848632812,775.9563598632812,620.02490234375
492,16.39996765285996,811.09619140625,224.04916381835938,819.0466918945312,216.0003662109375,800.7782592773438,216.59469604492188,827.9954833984375,218.24754333496094,782.916259765625,219.13914489746094,833.6128540039062,254.02471923828125,770.8787231445312,255.15821838378906,839.6735229492188,185.20498657226562,756.3619384765625,186.68283081054688,822.9535522460938,110.54866790771484,779.85595703125,109.6048355102539,825.9927368164062,425.147705078125,781.748779296875,425.6647033691406,819.7592163085938,531.6882934570312,773.5631713867188,528.085693359375,814.85986328125,627.3034057617188,775.4940185546875,619.1443481445312
493,16.433300920447074,810.9115600585938,223.82388305664062,818.98095703125,215.78857421875,800.6284790039062,216.37864685058594,828.1340942382812,218.01881408691406,783.0186767578125,218.91983032226562,833.71630859375,254.1205291748047,771.0792846679688,255.19602966308594,840.1712646484375,187.560791015625,756.0602416992188,188.25656127929688,823.7398071289062,114.0467300415039,779.3706665039062,111.17374420166016,825.2847290039062,424.6275939941406,781.3903198242188,425.1949157714844,818.9112548828125,532.0128173828125,774.2954711914062,528.99560546875,813.4806518554688,627.7257080078125,776.206787109375,620.4767456054688
494,16.466634188034188,810.6513671875,223.8498992919922,818.9132690429688,215.7378387451172,800.3983764648438,216.25836181640625,828.3223266601562,217.93032836914062,782.9707641601562,218.63226318359375,833.547119140625,254.35740661621094,770.81640625,255.1602020263672,838.076416015625,187.46775817871094,755.2606811523438,187.80809020996094,821.436767578125,114.03803253173828,778.8600463867188,110.85311126708984,825.1846923828125,424.75628662109375,781.0169677734375,425.1830749511719,819.14794921875,531.056640625,772.4705810546875,527.3758544921875,814.806884765625,626.3796997070312,774.5973510742188,618.251220703125
495,16.499967455621302,810.8906860351562,223.89224243164062,819.1602172851562,215.58245849609375,800.4295654296875,216.26504516601562,828.6338500976562,217.6392822265625,782.7789306640625,218.63912963867188,833.7322998046875,254.7665252685547,770.7337036132812,255.09901428222656,836.90380859375,189.1837921142578,754.8950805664062,187.21932983398438,819.8130493164062,117.08949279785156,778.4345092773438,110.89974975585938,825.103759765625,425.3175354003906,780.72705078125,425.6085205078125,819.3573608398438,530.703125,772.2051391601562,526.7538452148438,815.519775390625,626.4795532226562,774.4386596679688,618.1190795898438
496,16.533300723208413,810.7156372070312,223.9737548828125,819.0404663085938,215.7117156982422,800.2200317382812,216.31634521484375,828.5983276367188,217.820068359375,782.66015625,218.7008056640625,833.251708984375,255.10028076171875,770.96240234375,255.19915771484375,835.3912963867188,189.22622680664062,754.917724609375,186.9430694580078,818.6998901367188,117.51834869384766,778.0875244140625,111.01849365234375,824.541259765625,425.73638916015625,780.8472900390625,425.9106140136719,818.481689453125,531.884033203125,773.4727783203125,527.5931396484375,813.4503784179688,628.3381958007812,775.385498046875,619.56298828125
497,16.566633990795527,810.7088623046875,223.89944458007812,818.9258422851562,215.4924774169922,800.0420532226562,216.2613983154297,828.4091796875,217.4845428466797,782.3526000976562,218.79029846191406,832.7544555664062,255.0070343017578,771.06640625,255.49447631835938,833.7906494140625,188.1844940185547,755.0714111328125,187.0462646484375,817.33837890625,115.10057830810547,778.4918212890625,110.841552734375,824.4640502929688,426.27740478515625,781.097412109375,426.5954284667969,818.0445556640625,532.246826171875,773.626708984375,527.8397827148438,813.4361572265625,628.8229370117188,775.3947143554688,619.5585327148438
498,16.59996725838264,810.0867309570312,223.74453735351562,818.5369873046875,215.390869140625,799.3084716796875,216.1645050048828,828.4827880859375,217.71328735351562,781.6464233398438,218.96444702148438,832.8994750976562,255.43338012695312,770.4265747070312,255.31903076171875,833.0095825195312,190.26583862304688,754.871826171875,186.7930145263672,814.97314453125,117.77330780029297,777.871337890625,110.59965515136719,824.1576538085938,426.0783386230469,779.9866943359375,426.2062072753906,818.9888916015625,531.9594116210938,772.49462890625,527.6031494140625,814.6983642578125,628.092529296875,774.46533203125,619.6010131835938
499,16.633300525969755,810.0100708007812,223.73158264160156,818.4612426757812,215.45809936523438,799.2479858398438,216.17454528808594,828.4151611328125,217.8058319091797,781.52099609375,219.00473022460938,832.758544921875,254.9962158203125,770.2083740234375,255.44989013671875,833.2987670898438,188.6180877685547,754.98291015625,187.3827667236328,815.9378662109375,115.51167297363281,777.9739990234375,110.72968292236328,824.0679321289062,425.9426574707031,779.8273315429688,426.22796630859375,818.81640625,532.4349365234375,772.45556640625,527.976318359375,814.1114501953125,628.1845092773438,774.5399169921875,619.2151489257812
500,16.66663379355687,810.219970703125,224.02993774414062,818.6043701171875,215.6938018798828,799.4922485351562,216.43069458007812,828.4286499023438,217.87094116210938,781.6644897460938,219.02691650390625,832.6195068359375,254.93014526367188,770.3184204101562,255.03451538085938,833.1610107421875,187.4956817626953,755.1991577148438,185.55442810058594,815.9639282226562,113.66319274902344,778.6317138671875,109.4627685546875,824.4413452148438,426.0169677734375,780.2825317382812,426.21331787109375,818.5691528320312,532.075927734375,772.1793212890625,527.6112670898438,814.60302734375,627.9273681640625,774.5769653320312,619.067626953125
501,16.699967061143983,810.4801635742188,223.8188018798828,818.8888549804688,215.51181030273438,799.859619140625,216.24618530273438,828.5830688476562,217.6363525390625,782.0827026367188,218.76498413085938,832.646728515625,254.4315643310547,769.8883666992188,255.28463745117188,832.568359375,191.00978088378906,754.069091796875,191.81683349609375,817.1627807617188,118.0147933959961,776.7999877929688,115.70362854003906,824.337158203125,425.3499450683594,779.7695922851562,425.8616027832031,819.3887939453125,531.9681396484375,771.5370483398438,527.4374389648438,815.9801025390625,626.7422485351562,774.4157104492188,617.617431640625
502,16.733300328731097,810.513427734375,223.85333251953125,818.9532470703125,215.51344299316406,799.847900390625,216.2768096923828,828.6945190429688,217.69021606445312,782.0352172851562,218.85720825195312,832.5618896484375,254.75579833984375,770.06982421875,255.46975708007812,832.2324829101562,191.6905975341797,754.1358032226562,191.8418426513672,816.6389770507812,118.79096984863281,776.6521606445312,115.84973907470703,824.489501953125,425.5798034667969,780.0447998046875,426.1148376464844,819.5299682617188,531.9173583984375,771.68701171875,527.764892578125,816.2059936523438,626.6201171875,774.3546752929688,618.2184448242188
503,16.76663359631821,810.474365234375,223.948974609375,818.8781127929688,215.5828399658203,799.8001098632812,216.3299560546875,828.5870361328125,217.60723876953125,781.998779296875,218.77223205566406,832.447265625,254.47230529785156,770.0570068359375,255.2801513671875,831.57568359375,190.28387451171875,754.16845703125,191.03118896484375,816.2607421875,117.38734436035156,776.7540893554688,115.25967407226562,824.5709228515625,426.08062744140625,780.2305297851562,426.569580078125,819.2589721679688,533.2116088867188,771.832275390625,528.5253295898438,815.6622924804688,628.8797607421875,774.3716430664062,619.5343627929688
504,16.799966863905325,810.5020141601562,223.9040985107422,818.8776245117188,215.61827087402344,799.8120727539062,216.3747100830078,828.5664672851562,217.89816284179688,781.9677734375,219.084228515625,832.80859375,254.94212341308594,769.8370971679688,255.56687927246094,832.4923095703125,190.74195861816406,754.1423950195312,190.84219360351562,816.8888549804688,117.95121002197266,776.7501831054688,115.43236541748047,824.573974609375,426.1848449707031,779.9146728515625,426.5679626464844,819.3087158203125,533.1630249023438,771.419189453125,528.3767700195312,816.033203125,629.2968139648438,774.1681518554688,619.91357421875
505,16.83330013149244,810.8453369140625,224.4145965576172,819.0889282226562,215.8386688232422,799.9693603515625,216.8619842529297,828.6574096679688,217.6985626220703,781.766845703125,219.39239501953125,832.810302734375,254.95388793945312,769.9868774414062,255.6302490234375,832.2363891601562,190.68397521972656,754.2808837890625,189.87649536132812,816.26220703125,117.51790618896484,777.2024536132812,114.16358184814453,825.0431518554688,426.5070495605469,780.3779907226562,427.00653076171875,818.8370971679688,533.1500244140625,770.976318359375,528.857421875,816.4306640625,629.1321411132812,773.8253173828125,620.34375
506,16.866633399079554,810.8544921875,224.609375,819.1123046875,215.99581909179688,799.9312133789062,216.99343872070312,828.7666625976562,217.73040771484375,781.65966796875,219.45814514160156,832.6608276367188,254.48109436035156,769.986572265625,255.60968017578125,832.6513671875,188.2223663330078,754.3475952148438,189.27369689941406,817.6293334960938,114.91908264160156,778.179443359375,113.8923568725586,824.7496337890625,426.6542053222656,780.1399536132812,427.3307800292969,819.0145874023438,533.096923828125,771.4559936523438,528.8600463867188,815.9055786132812,628.4549560546875,773.8706665039062,619.2499389648438
507,16.899966666666664,810.9654541015625,225.02761840820312,819.10205078125,216.28500366210938,800.0421752929688,217.32078552246094,828.5447998046875,217.5970458984375,781.5686645507812,219.38681030273438,832.3748168945312,254.1631622314453,769.910400390625,255.2705078125,832.3416137695312,188.04747009277344,754.5432739257812,188.8694305419922,817.3897094726562,115.11134338378906,778.2037963867188,113.69332122802734,824.6658325195312,426.97161865234375,780.2279052734375,427.6129455566406,818.5115356445312,533.5106201171875,771.5755615234375,529.025634765625,815.56494140625,629.3919677734375,774.1761474609375,619.6572265625
508,16.933299934253778,811.0189208984375,225.18649291992188,819.1702270507812,216.400634765625,800.2047729492188,217.45703125,828.5892333984375,217.4562225341797,781.7398071289062,219.2147979736328,832.6751098632812,253.62901306152344,769.7385864257812,254.95831298828125,833.4883422851562,188.16293334960938,754.0722045898438,189.3595733642578,818.0638427734375,115.36063385009766,777.984619140625,114.02093505859375,824.9453125,426.2824401855469,780.2343139648438,427.0514221191406,818.1643676757812,532.2005615234375,770.8178100585938,528.2669677734375,815.6029663085938,628.1927490234375,774.0330810546875,619.231689453125
509,16.966633201840892,810.9500732421875,225.26483154296875,819.0929565429688,216.5176544189453,800.1748657226562,217.47708129882812,828.4912109375,217.58224487304688,781.6959228515625,219.1927490234375,832.5137939453125,253.63839721679688,769.782470703125,255.06777954101562,834.147705078125,186.56886291503906,754.5463256835938,188.59092712402344,819.3494873046875,113.88433074951172,778.23779296875,113.75335693359375,824.6210327148438,426.5805358886719,780.156494140625,427.3214111328125,818.1085205078125,532.239013671875,771.452392578125,528.0498657226562,815.058837890625,628.4016723632812,774.5503540039062,618.9496459960938
510,16.999966469428006,810.98583984375,225.260498046875,819.1033325195312,216.4711151123047,800.2435302734375,217.4435272216797,828.4669189453125,217.41851806640625,781.7478637695312,219.04173278808594,832.489013671875,253.41836547851562,769.7391357421875,254.94287109375,834.3873901367188,186.60768127441406,754.4234008789062,188.96495056152344,819.8321533203125,113.5571517944336,778.3984985351562,113.91867065429688,824.7662353515625,426.3829040527344,780.219482421875,427.19317626953125,818.0786743164062,532.1814575195312,771.025146484375,528.2135009765625,815.36279296875,627.8990478515625,774.0739135742188,618.6646728515625
511,17.03329973701512,810.8733520507812,225.58607482910156,818.98046875,216.7435302734375,800.1246337890625,217.7355194091797,828.38623046875,217.46485900878906,781.6975708007812,219.19998168945312,832.2539672851562,253.16639709472656,769.860107421875,255.11001586914062,833.9560546875,185.88983154296875,754.5447998046875,189.5476531982422,819.7908325195312,112.76262664794922,778.3716430664062,114.29525756835938,824.483154296875,426.426513671875,780.19384765625,427.3542175292969,817.7674560546875,532.467041015625,771.3745727539062,528.3563842773438,814.9815673828125,627.8727416992188,774.4703979492188,618.0652465820312
512,17.066633004602235,811.2313232421875,225.6029510498047,819.21826171875,216.7880859375,800.5023803710938,217.7596435546875,828.322509765625,217.60958862304688,781.912109375,219.29017639160156,832.2152709960938,253.7191619873047,769.7986450195312,255.3599395751953,833.8948364257812,187.5220489501953,754.40087890625,190.30824279785156,819.69677734375,114.88944244384766,777.9365844726562,115.40898132324219,824.0438232421875,426.54693603515625,779.8966064453125,427.3176574707031,817.2841796875,532.08544921875,771.3394165039062,527.6900634765625,814.276123046875,627.8888549804688,774.2630004882812,617.754150390625
513,17.09996627218935,811.2003784179688,225.56488037109375,819.2454223632812,216.75643920898438,800.48583984375,217.73020935058594,828.4034423828125,217.66456604003906,781.8931274414062,219.28599548339844,832.364501953125,253.88174438476562,769.7014770507812,255.3583526611328,834.2128295898438,187.91143798828125,754.1893310546875,190.0247039794922,819.4732055664062,115.13969421386719,778.0554809570312,114.93987274169922,824.3068237304688,426.51123046875,779.9205322265625,427.28076171875,817.4830322265625,531.9746704101562,770.7717895507812,527.9295654296875,814.8076782226562,627.6137084960938,773.7816162109375,618.1696166992188
514,17.133299539776463,811.1716918945312,225.647705078125,819.20166015625,216.90745544433594,800.4971313476562,217.8346710205078,828.3217163085938,217.86000061035156,781.8878173828125,219.38336181640625,832.32568359375,253.79248046875,769.7342529296875,255.30966186523438,834.5321655273438,186.8629608154297,754.3739013671875,189.23316955566406,819.9183349609375,113.90016174316406,778.4002075195312,113.95500183105469,824.57177734375,426.2204895019531,780.197998046875,426.9924011230469,817.6058959960938,531.6743774414062,770.7311401367188,527.6007080078125,814.8607788085938,627.127685546875,773.7103271484375,617.5721435546875
515,17.166632807363577,811.0062866210938,225.6707305908203,819.0713500976562,216.8948211669922,800.3817138671875,217.834716796875,828.3120727539062,217.72865295410156,781.954833984375,219.27430725097656,832.495361328125,253.4969482421875,769.6676635742188,255.1007080078125,834.7797241210938,186.4128875732422,754.2866821289062,189.07196044921875,820.1715087890625,113.39241027832031,778.4773559570312,113.82406616210938,824.5555419921875,426.11346435546875,779.9640502929688,426.8962097167969,817.7075805664062,531.54296875,770.1415405273438,527.4354858398438,815.2998046875,627.0870971679688,773.2139282226562,617.5012817382812
516,17.19996607495069,810.9625854492188,225.52151489257812,819.0438842773438,216.81446838378906,800.3665161132812,217.77304077148438,828.3302001953125,217.82492065429688,782.043701171875,219.43785095214844,832.7434692382812,253.72740173339844,769.5585327148438,255.45692443847656,835.7493896484375,187.82272338867188,753.7393188476562,190.6659698486328,820.8048706054688,114.91899871826172,777.3621826171875,115.51124572753906,824.212890625,425.5478515625,779.4910278320312,426.3952331542969,817.9401245117188,530.825927734375,770.309814453125,527.0592041015625,815.7205810546875,625.890869140625,773.5953979492188,616.8615112304688
517,17.2332993425378,811.0712280273438,225.3209991455078,819.153076171875,216.65647888183594,800.4376220703125,217.63232421875,828.3901977539062,217.94007873535156,782.0589599609375,219.512939453125,832.5508422851562,254.24664306640625,769.646240234375,255.44778442382812,834.681640625,188.93797302246094,753.5892333984375,190.0113525390625,819.120849609375,116.18244171142578,777.1937255859375,115.10884094238281,824.4432983398438,426.0281982421875,779.8154907226562,426.7977600097656,818.0284423828125,532.1810302734375,770.5642700195312,528.7611694335938,815.73388671875,627.1154174804688,773.6016845703125,619.0020141601562
518,17.266632610124915,810.7127685546875,225.1119384765625,818.91748046875,216.56402587890625,800.0900268554688,217.4242706298828,828.37060546875,218.06809997558594,781.9107666015625,219.4576416015625,832.6089477539062,254.2982635498047,769.601318359375,255.6196746826172,834.8963623046875,188.4361572265625,753.4866943359375,190.4181365966797,819.7528686523438,115.17117309570312,777.380859375,114.90111541748047,824.4157104492188,426.0926513671875,779.696533203125,426.84344482421875,818.4370727539062,532.5228271484375,770.6031494140625,528.8352661132812,815.387451171875,627.0427856445312,773.2079467773438,618.46240234375
519,17.29996587771203,810.5984497070312,224.9950408935547,818.8488159179688,216.51002502441406,800.0455322265625,217.31442260742188,828.3406982421875,218.1139373779297,781.9857788085938,219.37454223632812,832.6049194335938,254.40420532226562,769.5040893554688,255.61508178710938,834.7986450195312,188.6171417236328,753.2862548828125,190.40599060058594,819.3348388671875,115.65967559814453,777.0248413085938,115.18970489501953,824.1634521484375,426.1803283691406,779.4750366210938,426.8695068359375,817.9826049804688,532.8375854492188,770.4536743164062,529.088623046875,815.0042724609375,627.6970825195312,773.4049682617188,619.109375
520,17.333299145299144,810.5744018554688,224.92344665527344,818.86669921875,216.43136596679688,799.95458984375,217.2906494140625,828.5482788085938,218.05555725097656,782.0038452148438,219.482177734375,832.9068603515625,254.3809814453125,769.7529296875,255.7261962890625,835.08642578125,189.0746612548828,753.3176879882812,191.04922485351562,819.6951904296875,115.7472152709961,776.7822265625,115.5348129272461,824.2095947265625,425.9090881347656,779.4984130859375,426.63616943359375,818.0430297851562,532.8798217773438,770.640625,529.2924194335938,814.7965087890625,627.6734619140625,773.2196655273438,619.3213500976562
521,17.366632412886258,810.8659057617188,224.948974609375,819.0333251953125,216.5020751953125,800.268310546875,217.33656311035156,828.4033203125,218.21432495117188,782.0655517578125,219.54701232910156,832.8380126953125,254.55316162109375,769.40869140625,255.7146453857422,834.9246826171875,189.6343536376953,753.0110473632812,191.1448211669922,819.19091796875,116.77452850341797,776.47412109375,115.96714782714844,824.32861328125,425.9445495605469,779.4651489257812,426.5997009277344,818.2091674804688,532.415771484375,770.6345825195312,528.5650634765625,814.9310913085938,627.43896484375,773.427978515625,618.7106323242188
522,17.39996568047337,810.5936279296875,225.1377716064453,818.8512573242188,216.60166931152344,799.9282836914062,217.46717834472656,828.5123901367188,218.0897979736328,781.8685913085938,219.58291625976562,832.8399658203125,254.13821411132812,769.590576171875,255.7979736328125,834.7435913085938,188.32603454589844,753.2881469726562,191.47293090820312,819.6471557617188,115.1888427734375,776.5577392578125,116.22140502929688,824.1697387695312,425.9839782714844,779.343994140625,426.7566223144531,818.382568359375,532.2949829101562,770.5687255859375,528.2730712890625,815.0484008789062,627.1954956054688,773.0922241210938,617.955078125
523,17.433298948060486,810.52392578125,225.14620971679688,818.7622680664062,216.6419677734375,799.8878173828125,217.52845764160156,828.4329223632812,218.13003540039062,781.945068359375,219.6423797607422,832.8750610351562,254.16583251953125,769.6063232421875,255.60342407226562,834.4214477539062,189.49546813964844,752.8885498046875,191.6874542236328,818.8919677734375,116.6216049194336,775.9990844726562,116.33259582519531,824.1358032226562,425.53265380859375,779.31591796875,426.24737548828125,818.3154907226562,532.6211547851562,770.6668090820312,528.7050170898438,814.7682495117188,627.3004150390625,772.9873046875,618.3861083984375
524,17.4666322156476,810.3318481445312,225.2593536376953,818.6404418945312,216.78440856933594,799.7470703125,217.59925842285156,828.3844604492188,218.29974365234375,781.8688354492188,219.64151000976562,832.7914428710938,254.20455932617188,769.4824829101562,255.62693786621094,834.7080078125,188.33123779296875,753.1257934570312,190.84259033203125,819.6550903320312,115.310302734375,776.760009765625,115.41463470458984,824.1184692382812,425.8102111816406,779.2562866210938,426.5122985839844,818.1764526367188,532.7560424804688,770.283447265625,528.7692260742188,814.7007446289062,627.6472778320312,772.8510131835938,618.6588134765625
525,17.499965483234714,810.7056884765625,225.3197784423828,818.9202880859375,216.86358642578125,800.1678466796875,217.63124084472656,828.423583984375,218.31407165527344,782.0393676757812,219.578857421875,832.8510131835938,253.85653686523438,769.3080444335938,255.6023712158203,835.67724609375,187.0120849609375,753.57470703125,190.90342712402344,820.879638671875,113.64775848388672,777.3787841796875,115.4709243774414,823.9876708984375,425.80657958984375,779.006591796875,426.5722961425781,818.1285400390625,532.2129516601562,770.23974609375,528.0421752929688,814.6878051757812,627.3910522460938,773.1892700195312,617.8535766601562
526,17.533298750821828,810.8831176757812,225.67425537109375,818.949951171875,217.24281311035156,800.3399658203125,217.98443603515625,828.1912841796875,218.6666259765625,781.9765625,219.91314697265625,832.6036987304688,253.91177368164062,769.2672119140625,255.76400756835938,835.3958740234375,185.5535430908203,754.0121459960938,190.03475952148438,820.8995971679688,112.31927490234375,777.5340576171875,114.86312866210938,824.03564453125,426.3163146972656,779.1583251953125,427.0092468261719,817.803955078125,532.8675537109375,769.9967041015625,528.0995483398438,814.3045654296875,628.290283203125,772.795654296875,617.5906372070312
527,17.566632018408942,810.6737670898438,225.82728576660156,818.810546875,217.43821716308594,800.156982421875,218.21981811523438,828.2656860351562,218.91098022460938,782.0075073242188,220.30787658691406,832.7405395507812,253.84188842773438,769.4542236328125,256.3003845214844,836.6100463867188,184.96112060546875,753.9464721679688,191.09457397460938,822.4510498046875,111.15522766113281,777.6258544921875,115.6083984375,824.009033203125,426.0298767089844,779.1775512695312,427.037841796875,817.9795532226562,532.7569580078125,770.34912109375,528.91162109375,814.5374145507812,627.8687133789062,773.1043701171875,618.3270874023438
528,17.599965285996053,809.8779907226562,226.1883087158203,818.278564453125,217.8104248046875,799.3294067382812,218.5536651611328,828.4564208984375,219.23947143554688,781.79150390625,220.70657348632812,833.1710205078125,253.79762268066406,769.8739013671875,256.62469482421875,837.0765380859375,183.78445434570312,754.2285766601562,191.0989532470703,822.9378662109375,109.9124526977539,777.3850708007812,115.44331359863281,823.7902221679688,425.9462585449219,778.958251953125,426.9591369628906,818.4462890625,533.0714111328125,770.824951171875,528.9848022460938,814.3439331054688,628.1185302734375,773.1284790039062,618.1467895507812
529,17.633298553583167,809.67431640625,226.02301025390625,818.1356201171875,217.6302490234375,799.103759765625,218.40321350097656,828.47021484375,219.17868041992188,781.8963012695312,220.73959350585938,833.455322265625,254.47569274902344,770.0339965820312,257.0577697753906,836.1613159179688,187.31398010253906,753.8379516601562,193.6267852783203,821.1807861328125,114.1524658203125,775.5551147460938,118.27227783203125,823.413818359375,425.75701904296875,778.6611328125,426.5644226074219,818.4608154296875,533.0587768554688,771.0225830078125,528.4755859375,814.1516723632812,628.3086547851562,773.1232299804688,618.071044921875
530,17.66663182117028,809.3836669921875,225.8491973876953,818.0338134765625,217.56285095214844,798.8296508789062,218.2903594970703,828.6661376953125,219.47824096679688,781.8159790039062,220.99327087402344,833.5939331054688,254.990234375,770.0232543945312,257.9310302734375,836.6951293945312,187.65951538085938,753.66064453125,195.2327117919922,821.1900024414062,114.42277526855469,774.7669067382812,120.26563262939453,823.0189819335938,425.8241882324219,778.2234497070312,426.76629638671875,818.4367065429688,533.90380859375,770.9193725585938,529.8252563476562,814.1669921875,628.5516357421875,773.1775512695312,619.20947265625
531,17.699965088757395,809.1869506835938,226.18397521972656,817.8389282226562,217.76220703125,798.6226806640625,218.5284881591797,828.5946044921875,219.4903106689453,781.8090209960938,221.14151000976562,833.6275634765625,255.46983337402344,770.2803344726562,258.46319580078125,836.4692993164062,187.25205993652344,753.4072875976562,194.8129119873047,820.8157958984375,114.34314727783203,774.2304077148438,120.20008850097656,823.0549926757812,426.80035400390625,778.5867919921875,427.68670654296875,817.5247802734375,535.2857666015625,771.0390014648438,530.9261474609375,813.3923950195312,629.7297973632812,773.3914794921875,619.7339477539062
532,17.73329835634451,809.4615478515625,226.50807189941406,818.1080322265625,218.0015411376953,798.7992553710938,218.7765655517578,828.7526245117188,219.62515258789062,781.5304565429688,221.19593811035156,833.6655883789062,255.6128692626953,769.85693359375,258.15191650390625,836.515380859375,188.10922241210938,753.5430297851562,194.2926025390625,820.2869873046875,115.14604949951172,774.378662109375,119.66058349609375,823.0582275390625,427.0306396484375,778.1054077148438,427.75445556640625,817.9520874023438,534.9292602539062,770.2673950195312,530.3898315429688,814.0066528320312,629.2649536132812,772.7261962890625,619.302978515625
533,17.766631623931623,809.5081176757812,226.65077209472656,818.220458984375,218.20437622070312,798.8568725585938,218.91954040527344,828.902099609375,219.94215393066406,781.601806640625,221.2950439453125,833.6643676757812,255.91099548339844,769.8760375976562,257.7428283691406,835.5020141601562,189.5509490966797,753.8387451171875,193.79542541503906,819.063720703125,117.30809020996094,774.7034912109375,119.71251678466797,823.0374145507812,427.16180419921875,777.9453735351562,427.6112060546875,818.2765502929688,535.2566528320312,769.9290771484375,530.2266845703125,814.5079345703125,629.6135864257812,772.509033203125,619.3419799804688
534,17.799964891518737,809.2395629882812,226.7936553955078,818.0960693359375,218.4524383544922,798.7349243164062,219.01885986328125,828.8777465820312,220.4545440673828,781.8301391601562,221.40284729003906,834.005615234375,257.37762451171875,769.6373901367188,258.1298828125,836.1751098632812,193.4982452392578,753.4122924804688,194.23548889160156,819.7343139648438,122.68043518066406,774.1748657226562,119.78180694580078,822.2786865234375,427.2030944824219,777.033203125,427.21649169921875,818.5298461914062,535.3434448242188,769.5933837890625,529.6924438476562,815.1497802734375,629.60302734375,772.552490234375,618.9777221679688
535,17.83329815910585,809.3618774414062,227.00204467773438,818.2428588867188,218.703857421875,798.9645385742188,219.2157745361328,829.032470703125,220.6112060546875,782.1248779296875,221.46035766601562,834.2332763671875,256.80889892578125,769.6124267578125,258.10040283203125,837.2420654296875,191.6107940673828,753.5778198242188,194.52566528320312,821.1668090820312,119.51515197753906,775.2341918945312,119.1690902709961,822.3678588867188,426.81683349609375,776.8805541992188,426.9945068359375,818.3634643554688,534.590576171875,768.8905029296875,529.0299682617188,815.1095581054688,628.3506469726562,772.2297973632812,617.4771728515625
536,17.866631426692965,809.134521484375,227.5201873779297,818.1640014648438,219.1885223388672,798.7520141601562,219.64175415039062,829.1627197265625,220.93930053710938,781.9965209960938,221.5959930419922,834.2872314453125,257.0628967285156,769.4711303710938,257.9203796386719,836.9127807617188,193.3335418701172,753.47412109375,194.8605194091797,820.9168701171875,121.92930603027344,775.1188354492188,119.35840606689453,822.2957763671875,426.7403869628906,776.6671142578125,426.788330078125,818.7362060546875,534.8651733398438,768.9829711914062,529.1555786132812,815.45703125,628.7305297851562,772.58154296875,617.9431762695312
537,17.89996469428008,808.97509765625,227.7200164794922,818.063232421875,219.4901123046875,798.5685424804688,219.90634155273438,829.1864624023438,221.49334716796875,781.9050903320312,222.0696258544922,834.5084838867188,257.7075500488281,769.6360473632812,258.151611328125,837.4415283203125,194.3064422607422,753.9940795898438,194.3822021484375,821.4418334960938,123.52091979980469,775.5732421875,118.8785629272461,822.1641845703125,426.9332580566406,776.51171875,426.76605224609375,818.5975952148438,535.918701171875,768.9100952148438,529.9447021484375,815.0364990234375,629.6273803710938,772.31005859375,618.61279296875
538,17.93329796186719,808.35107421875,228.52774047851562,817.4256591796875,220.18959045410156,798.1718139648438,220.60655212402344,828.859619140625,221.4851837158203,782.25927734375,222.21994018554688,834.8185424804688,256.45068359375,770.3258666992188,257.9453125,839.2379760742188,189.51539611816406,754.40478515625,193.23451232910156,823.68896484375,117.13772583007812,776.7404174804688,117.34906005859375,822.5516357421875,426.747802734375,777.1068115234375,426.7905578613281,818.442626953125,535.5862426757812,768.7396850585938,529.4178466796875,815.3613891601562,628.8790283203125,771.9708251953125,616.6531372070312
539,17.966631229454304,808.42724609375,228.7694854736328,817.450439453125,220.46205139160156,798.1962890625,220.92153930664062,828.814208984375,221.92218017578125,782.1107788085938,222.73770141601562,834.9336547851562,256.8382263183594,770.1400146484375,258.3072814941406,840.2478637695312,189.21450805664062,754.6947021484375,192.82467651367188,824.4821166992188,116.91766357421875,777.2078247070312,117.4282455444336,822.4140014648438,426.89508056640625,776.7340087890625,426.9226989746094,818.5806884765625,535.1486206054688,768.51025390625,529.0877075195312,815.6160888671875,628.1245727539062,771.9014892578125,616.126953125
540,17.999964497041418,808.4990234375,228.286865234375,817.5620727539062,220.1392364501953,798.2254638671875,220.50765991210938,829.0726928710938,221.9802703857422,782.1133422851562,222.72320556640625,835.5084228515625,256.6327819824219,770.251953125,258.5111389160156,842.1639404296875,186.8617401123047,754.957763671875,192.50045776367188,826.6357421875,113.1056137084961,777.6630859375,116.83655548095703,822.9617919921875,426.9293518066406,776.9652099609375,427.0063171386719,819.1463623046875,535.3070678710938,768.7122192382812,529.2135009765625,815.450439453125,628.1602783203125,771.6832885742188,615.8616333007812
541,18.033297764628532,808.2670288085938,228.32350158691406,817.5548095703125,220.23086547851562,798.0145874023438,220.4979705810547,829.3782348632812,222.31837463378906,782.1095581054688,222.804931640625,835.6138916015625,257.2454528808594,770.3733520507812,258.832763671875,841.9262084960938,187.60986328125,755.2085571289062,192.86814880371094,827.1060180664062,113.70127868652344,777.78173828125,117.11131286621094,822.9910278320312,426.9991149902344,776.9652709960938,426.9546813964844,819.35400390625,534.9169921875,768.3079223632812,528.58203125,815.9708862304688,627.361572265625,771.6152954101562,615.0166625976562
542,18.066631032215646,808.629638671875,229.7566375732422,818.13623046875,221.6988525390625,798.3112182617188,221.93467712402344,830.4935913085938,223.6555633544922,782.5642700195312,224.07826232910156,836.8685913085938,257.91497802734375,771.0093994140625,259.4167785644531,844.0939331054688,188.70877075195312,755.1026000976562,194.5452880859375,829.0184936523438,113.94684600830078,778.2743530273438,119.05046081542969,823.3677978515625,427.1873779296875,776.8853149414062,427.010498046875,819.6524658203125,535.67138671875,768.74169921875,529.274169921875,814.7084350585938,625.7412719726562,771.7595825195312,613.3660888671875
543,18.09996429980276,809.2584228515625,229.84292602539062,818.6611328125,221.8089599609375,798.8701782226562,222.07406616210938,830.6807250976562,223.990234375,782.599609375,224.4097137451172,836.5611572265625,258.7330627441406,771.135498046875,259.841552734375,844.8409423828125,189.13401794433594,755.3905029296875,193.75393676757812,829.4271240234375,114.07928466796875,778.8812255859375,119.2408218383789,823.2130737304688,427.2143249511719,777.0220947265625,427.05908203125,819.361083984375,534.3389892578125,769.054931640625,528.8258056640625,814.9403076171875,623.6605834960938,772.1290893554688,612.704345703125
544,18.133297567389874,809.7492065429688,230.21461486816406,819.16845703125,222.17539978027344,799.3308715820312,222.423095703125,831.0786743164062,224.42208862304688,782.8651123046875,224.71047973632812,837.1063842773438,259.70953369140625,771.0595092773438,260.413330078125,845.643798828125,191.20120239257812,755.0224609375,194.86834716796875,829.7357177734375,116.484375,778.9479370117188,120.95757293701172,823.6832275390625,428.0292663574219,777.3274536132812,427.72381591796875,818.9444580078125,535.61181640625,769.48583984375,530.0029296875,813.986572265625,625.0728759765625,773.1631469726562,614.2974853515625
545,18.16663083497699,809.8602294921875,230.79681396484375,819.3706665039062,222.7252655029297,799.4091796875,222.94090270996094,831.3014526367188,224.99818420410156,782.7808837890625,225.02915954589844,837.0984497070312,260.8050537109375,770.6621704101562,260.38934326171875,845.1334838867188,194.73634338378906,754.71240234375,195.29019165039062,829.643798828125,121.42557525634766,779.3782348632812,122.65436553955078,823.5977172851562,428.4148254394531,777.0516357421875,427.7913513183594,818.7348022460938,536.704833984375,769.5664672851562,530.8126831054688,813.910888671875,625.591552734375,774.0259399414062,615.0164794921875
546,18.199964102564103,810.8457641601562,231.94744873046875,820.2753295898438,223.6205596923828,800.3724975585938,223.8077850341797,831.745361328125,225.46939086914062,783.0617065429688,225.27281188964844,837.8186645507812,262.54638671875,770.06591796875,261.5721435546875,847.6887817382812,198.9998779296875,753.7743530273438,197.81365966796875,834.7991943359375,126.58866119384766,780.0162353515625,124.66181945800781,824.5902099609375,429.9261169433594,777.5430297851562,429.182861328125,818.5848388671875,537.392822265625,768.8967895507812,531.0950927734375,815.0045776367188,625.6337890625,774.5042114257812,613.9894409179688
547,18.233297370151217,809.5696411132812,232.0922088623047,819.2395629882812,224.06488037109375,799.41064453125,224.001708984375,831.057861328125,226.4007110595703,782.850341796875,225.7174530029297,837.7510375976562,263.3823547363281,769.859130859375,262.5868835449219,849.5181884765625,199.3224334716797,753.6990966796875,199.26443481445312,836.2693481445312,127.63412475585938,779.2682495117188,126.62615966796875,824.1673583984375,430.0040283203125,777.2037963867188,429.198486328125,818.5471801757812,537.7867431640625,768.7177124023438,531.393310546875,815.4198608398438,624.9307250976562,775.3295288085938,613.2047729492188
548,18.26663063773833,809.9124755859375,232.9895782470703,819.6630249023438,225.09140014648438,799.718994140625,224.74183654785156,831.33251953125,227.7214813232422,782.6638793945312,226.28448486328125,838.1426391601562,265.02716064453125,769.3865356445312,263.0035095214844,850.4298706054688,201.16885375976562,753.9490966796875,198.4226837158203,837.8054809570312,131.01690673828125,779.857421875,126.48509216308594,825.0859985351562,431.7466735839844,777.6630859375,430.38525390625,819.0372314453125,538.9869384765625,768.949951171875,531.3768920898438,814.4879150390625,626.7744140625,775.7903442382812,613.7481689453125
549,18.29996390532544,809.7060546875,233.99874877929688,819.6835327148438,226.1043243408203,799.5604248046875,225.6569061279297,831.9049072265625,228.59934997558594,782.9937133789062,227.02430725097656,838.7044067382812,265.3083190917969,770.082275390625,263.3886413574219,850.5682373046875,200.83033752441406,754.8515625,199.77076721191406,837.8129272460938,128.46865844726562,781.047119140625,128.02333068847656,825.3120727539062,431.9856262207031,777.85400390625,430.501220703125,819.3914184570312,539.021728515625,769.14111328125,530.9361572265625,814.5615234375,626.7763671875,775.8655395507812,613.2094116210938
550,18.333297172912555,810.08056640625,233.99749755859375,820.1776733398438,226.14971923828125,799.7837524414062,225.62782287597656,832.346923828125,229.2065887451172,782.7756958007812,227.32611083984375,838.9039916992188,267.131103515625,769.6549072265625,264.0755615234375,850.242431640625,203.07693481445312,754.9335327148438,198.895263671875,836.8026733398438,130.44883728027344,781.4241333007812,127.31464385986328,825.6787719726562,433.24603271484375,777.8704223632812,431.4226379394531,819.8200073242188,539.6892700195312,769.2398071289062,531.3883056640625,815.10693359375,627.811279296875,776.7208862304688,614.82275390625
551,18.36663044049967,809.8822631835938,233.84771728515625,820.082275390625,225.9773406982422,799.5899047851562,225.4384002685547,832.5202026367188,228.94180297851562,782.7503662109375,227.17648315429688,839.2283935546875,266.43408203125,769.9371337890625,264.4847412109375,851.98583984375,201.1953887939453,754.9370727539062,200.29745483398438,838.45654296875,127.72552490234375,781.8104248046875,127.72744750976562,825.781982421875,432.78265380859375,777.9437866210938,431.36474609375,820.2129516601562,538.9437255859375,769.5208129882812,531.5010375976562,814.5133666992188,626.4640502929688,776.1692504882812,614.1893920898438
552,18.399963708086783,809.7716674804688,233.90602111816406,819.9755249023438,225.89891052246094,799.4746704101562,225.4505157470703,832.4535522460938,228.6005859375,782.6293334960938,227.00048828125,839.0884399414062,266.1347351074219,769.8916625976562,264.39471435546875,852.1958618164062,200.5672607421875,754.4541015625,199.71920776367188,838.5694580078125,127.6165542602539,781.4093627929688,127.5459976196289,825.8544311523438,432.5177307128906,778.1212768554688,431.31707763671875,820.3571166992188,538.36181640625,769.7071533203125,531.7357788085938,814.9330444335938,626.3865966796875,776.2337646484375,615.328857421875
553,18.433296975673898,809.6813354492188,234.10397338867188,819.9692993164062,226.08474731445312,799.3839111328125,225.65684509277344,832.6409912109375,228.86184692382812,782.7570190429688,227.31759643554688,839.2784423828125,266.65826416015625,770.2659912109375,264.9479675292969,852.3374633789062,200.73146057128906,754.6050415039062,199.922607421875,838.0538330078125,126.96493530273438,781.456298828125,127.3221206665039,825.8826904296875,432.7855224609375,778.3282470703125,431.58990478515625,820.0902099609375,538.54638671875,769.9793701171875,532.1502685546875,814.5200805664062,626.0745239257812,776.589599609375,615.5167846679688
554,18.46663024326101,809.9448852539062,234.1717529296875,820.1297607421875,226.03367614746094,799.5220947265625,225.696533203125,832.773681640625,228.79412841796875,782.8427734375,227.51881408691406,840.081298828125,266.98297119140625,770.4534912109375,265.32708740234375,852.770263671875,201.18008422851562,754.9411010742188,199.9796905517578,837.420654296875,127.10126495361328,782.4628295898438,126.80793762207031,826.8657836914062,432.9606018066406,778.86962890625,431.6713562011719,820.8397216796875,538.4949340820312,769.66943359375,531.6638793945312,815.2213134765625,626.3735961914062,775.6015014648438,614.9826049804688
555,18.499963510848126,810.8611450195312,234.352294921875,820.9347534179688,226.33865356445312,800.4686279296875,225.8719024658203,833.1346435546875,229.16815185546875,783.248779296875,227.57994079589844,840.463134765625,266.7374267578125,770.2025146484375,265.1852722167969,853.838134765625,200.05116271972656,755.0621337890625,199.85409545898438,838.756591796875,126.07808685302734,783.3156127929688,126.70440673828125,827.4480590820312,433.19244384765625,779.0648803710938,431.8965759277344,821.1116333007812,539.1229858398438,769.733642578125,531.8875732421875,814.8909301757812,627.494140625,775.9400024414062,615.1596069335938
556,18.53329677843524,811.617919921875,234.4532928466797,821.5070190429688,226.6084747314453,801.155517578125,226.0784912109375,833.2908935546875,229.85040283203125,783.4494018554688,228.19264221191406,841.0822143554688,267.4786376953125,769.8765258789062,265.86016845703125,855.1018676757812,200.05545043945312,755.6428833007812,200.14418029785156,839.5775146484375,125.56853485107422,784.0924682617188,127.02117919921875,827.5057983398438,433.5790100097656,778.608154296875,432.0495300292969,821.1054077148438,538.90478515625,769.2667846679688,530.7067260742188,814.5626220703125,628.0702514648438,775.5921020507812,614.1441650390625
557,18.566630046022354,811.6765747070312,235.08616638183594,821.3732299804688,227.3770294189453,801.380615234375,226.81874084472656,833.1465454101562,230.5644073486328,784.2300415039062,229.15264892578125,841.7747802734375,267.3282470703125,770.7772216796875,266.93475341796875,856.7077026367188,198.32188415527344,756.0294189453125,201.97702026367188,840.85595703125,123.57060241699219,783.4390258789062,128.30360412597656,827.7456665039062,433.1484375,779.0919189453125,431.8273010253906,821.5279541015625,538.5979614257812,769.97314453125,530.220947265625,814.0465698242188,628.42626953125,774.747802734375,613.3489379882812
558,18.599963313609468,812.9727783203125,235.00079345703125,822.2689819335938,228.09669494628906,802.0825805664062,227.074462890625,833.8077392578125,232.84051513671875,783.4684448242188,230.0225067138672,842.2131958007812,268.9701843261719,768.8665161132812,266.94866943359375,856.4695434570312,197.57064819335938,757.4996948242188,202.47103881835938,840.7900390625,130.2391815185547,780.8137817382812,134.809326171875,829.5277099609375,432.0597229003906,779.9771728515625,429.7059020996094,821.9148559570312,536.3024291992188,775.7486572265625,527.5764770507812,806.0635375976562,626.4335327148438,779.85302734375,614.1974487304688
559,18.63329658119658,811.9556884765625,235.76747131347656,821.6583251953125,229.09666442871094,801.344482421875,227.69488525390625,833.86962890625,234.00144958496094,783.4883422851562,230.37112426757812,842.6028442382812,269.3941345214844,768.670654296875,266.9496154785156,857.840576171875,199.6699981689453,756.9118041992188,204.55926513671875,841.9995727539062,132.17523193359375,780.9429931640625,136.65760803222656,829.816650390625,431.96832275390625,779.8292846679688,429.47088623046875,823.217041015625,536.1954956054688,776.1654052734375,527.6181640625,806.1055908203125,627.029296875,780.025390625,615.429931640625
560,18.666629848783693,811.8453979492188,236.49285888671875,821.4013671875,230.07452392578125,801.509765625,228.37086486816406,833.4043579101562,235.1622314453125,783.9178466796875,230.86424255371094,843.6181640625,270.6280517578125,768.0169067382812,266.8583984375,860.8648681640625,202.29788208007812,756.1289672851562,203.77784729003906,843.96484375,135.9191436767578,782.805419921875,135.81202697753906,830.5795288085938,432.90234375,779.7123413085938,429.72711181640625,823.8949584960938,536.698486328125,776.1415405273438,526.5986938476562,806.0371704101562,628.0938720703125,780.3184814453125,613.9585571289062
561,18.699963116370807,811.84521484375,237.3302001953125,820.8372192382812,230.8079071044922,801.6744384765625,229.3232421875,832.3043212890625,235.24185180664062,784.39990234375,231.4609375,843.9788818359375,270.2864990234375,767.3864135742188,266.6153869628906,862.3521118164062,204.07046508789062,752.9098510742188,204.87246704101562,845.054931640625,139.888427734375,782.5496826171875,137.9715118408203,831.1937866210938,432.1891784667969,779.9671020507812,429.1611633300781,823.7174072265625,535.060546875,776.531005859375,525.24072265625,805.2759399414062,626.9076538085938,779.9624633789062,612.1093139648438
562,18.73329638395792,811.0014038085938,238.0137939453125,820.5006713867188,231.48779296875,800.9796752929688,229.78549194335938,832.8927001953125,235.7271270751953,784.2946166992188,231.44606018066406,844.3015747070312,270.0646667480469,767.2442626953125,266.42315673828125,863.9647827148438,203.38111877441406,750.6177978515625,205.89071655273438,845.75,138.63829040527344,781.4439697265625,141.0361328125,831.400390625,431.5735168457031,779.8947143554688,428.7686462402344,824.2846069335938,534.2666015625,777.1234741210938,526.1434326171875,804.4559936523438,625.1985473632812,780.1442260742188,613.2926025390625
563,18.766629651545035,811.7783813476562,237.8892364501953,821.0367431640625,231.5198516845703,801.9940185546875,229.71470642089844,832.6634521484375,235.82293701171875,784.8475341796875,231.1685791015625,844.1200561523438,269.77374267578125,766.3613891601562,266.1445007324219,865.8540649414062,204.0165252685547,748.7256469726562,206.84799194335938,846.7205200195312,140.48976135253906,781.3072509765625,142.99322509765625,831.5826416015625,430.5824279785156,779.7864990234375,428.07403564453125,824.3929443359375,532.9112548828125,777.392822265625,526.2772827148438,803.8656616210938,623.8349609375,780.5847778320312,614.1036987304688
564,18.79996291913215,811.410888671875,237.65740966796875,820.706787109375,231.31675720214844,801.6441650390625,229.4535675048828,832.4496459960938,235.70497131347656,784.6505126953125,230.96755981445312,844.21728515625,269.7127990722656,766.16064453125,266.1285095214844,865.9121704101562,203.71153259277344,748.69482421875,206.80462646484375,846.75927734375,140.28610229492188,781.5227661132812,142.54420471191406,831.7852172851562,430.6592712402344,779.7631225585938,428.0790100097656,824.8643188476562,533.3450317382812,777.2296752929688,526.1392211914062,804.3130493164062,623.725341796875,780.4728393554688,612.96533203125
565,18.833296186719263,811.1121215820312,237.84539794921875,820.5071411132812,231.4670867919922,801.3740844726562,229.61402893066406,832.429931640625,235.7045135498047,784.4959106445312,230.93946838378906,843.9887084960938,269.44500732421875,766.2151489257812,265.9140319824219,866.0383911132812,203.97386169433594,748.4229125976562,206.9932403564453,847.3080444335938,140.86062622070312,781.5948486328125,142.8572540283203,831.8759765625,430.18792724609375,779.9896240234375,427.8078918457031,825.0985717773438,532.4468383789062,777.4686279296875,526.2495727539062,804.1920166015625,622.8582763671875,780.3490600585938,613.7835693359375
566,18.866629454306377,810.3733520507812,238.08840942382812,819.5486450195312,231.6105194091797,800.5864868164062,229.9945068359375,831.4165649414062,235.9414520263672,783.7964477539062,231.73306274414062,844.6126098632812,270.3713073730469,765.2005004882812,266.947509765625,869.0218505859375,206.70175170898438,747.6788330078125,209.29043579101562,847.4268188476562,142.38246154785156,782.840576171875,145.4092559814453,832.3280029296875,430.36285400390625,779.5315551757812,428.02838134765625,825.57421875,532.3611450195312,777.794921875,526.6713256835938,805.7105102539062,622.8952026367188,781.7144775390625,614.4032592773438
567,18.89996272189349,810.462646484375,238.1251678466797,819.5848999023438,231.56585693359375,800.5747680664062,230.0976104736328,831.4232177734375,235.8269500732422,783.6390991210938,231.93829345703125,844.59326171875,269.998779296875,764.9856567382812,267.1311340332031,869.0183715820312,205.88388061523438,747.345947265625,209.7804412841797,846.9686889648438,140.8374481201172,783.6913452148438,145.3142547607422,832.4639892578125,429.90533447265625,779.535400390625,427.9195861816406,825.5370483398438,531.5526123046875,778.0361938476562,526.755859375,805.4151611328125,622.1812744140625,782.0810546875,614.795654296875
568,18.933295989480605,810.745361328125,237.97994995117188,819.79931640625,231.40765380859375,800.7969970703125,230.04251098632812,831.5310668945312,235.85635375976562,783.744873046875,232.1964569091797,844.5870971679688,270.3837890625,765.2579956054688,267.53338623046875,869.298828125,205.86180114746094,747.6023559570312,209.39486694335938,846.5585327148438,140.29421997070312,783.7487182617188,145.19923400878906,832.3610229492188,430.00531005859375,779.56103515625,428.1047058105469,825.57568359375,531.296630859375,778.111083984375,527.1681518554688,806.042724609375,621.4174194335938,781.9075317382812,615.103515625
569,18.96662925706772,811.0082397460938,237.82041931152344,819.9966430664062,231.27525329589844,801.0113525390625,229.8843231201172,831.6181640625,235.8536834716797,783.859375,232.15806579589844,844.8587036132812,270.8339538574219,765.21435546875,267.503173828125,869.498046875,206.36412048339844,747.90234375,208.6827392578125,847.180908203125,140.90208435058594,784.0861206054688,144.70347595214844,832.1337280273438,430.44549560546875,779.2540893554688,428.22613525390625,825.2782592773438,531.7759399414062,778.0828247070312,526.6102294921875,805.8148193359375,622.432373046875,782.0675048828125,614.5836181640625
570,18.99996252465483,810.6417846679688,237.63233947753906,819.5440063476562,231.04579162597656,800.5180053710938,229.62828063964844,831.1434936523438,235.68170166015625,783.204345703125,232.00558471679688,845.02490234375,271.2650451660156,764.5604248046875,267.5455017089844,870.3948364257812,206.468994140625,748.0152587890625,207.64915466308594,848.3969116210938,141.8129425048828,785.623046875,143.84613037109375,831.8633422851562,431.0584411621094,778.618408203125,428.52899169921875,825.2049560546875,532.7190551757812,778.0247192382812,526.4410400390625,804.9523315429688,623.2879638671875,781.6693115234375,613.5130615234375
571,19.033295792241944,810.2247314453125,237.5974578857422,819.2084350585938,230.9688720703125,800.0986938476562,229.62767028808594,831.010009765625,235.6998291015625,783.0185546875,232.16525268554688,844.8489990234375,271.49658203125,764.4868774414062,267.7265319824219,870.2124633789062,206.73973083496094,747.6528930664062,207.25021362304688,847.4490356445312,141.5719451904297,786.1961059570312,143.03797912597656,831.5903930664062,431.2591857910156,778.2991943359375,428.88250732421875,825.358154296875,532.7305297851562,777.8524169921875,527.3908081054688,805.68896484375,622.8385620117188,781.4302368164062,614.4743041992188
572,19.066629059829058,810.3812255859375,237.60110473632812,819.2086791992188,230.9220428466797,800.2667236328125,229.6361541748047,830.6724853515625,235.56407165527344,782.886474609375,232.11203002929688,844.442138671875,271.44708251953125,764.1751098632812,267.84820556640625,870.5128173828125,207.3515167236328,746.9498291015625,207.99063110351562,847.373291015625,141.81385803222656,785.4163818359375,143.47335815429688,831.7980346679688,431.3243103027344,778.5918579101562,429.1864013671875,825.2947387695312,532.7600708007812,778.1598510742188,528.410888671875,805.7218627929688,622.67333984375,781.6046752929688,615.6998901367188
573,19.099962327416172,809.8864135742188,237.79779052734375,818.7620849609375,231.09512329101562,799.76123046875,229.9375457763672,830.4368286132812,235.86904907226562,782.6864013671875,232.688720703125,844.312744140625,272.0618896484375,764.2158203125,268.3712463378906,870.794921875,209.0593719482422,746.8577270507812,208.39588928222656,847.702880859375,143.39759826660156,786.2734375,143.17356872558594,831.4108276367188,430.9888916015625,778.3463134765625,429.0292663574219,825.1942138671875,531.934814453125,778.5159912109375,528.7059936523438,806.1015625,621.6351928710938,782.0572509765625,616.391845703125
574,19.133295595003286,809.2870483398438,238.18826293945312,818.271484375,231.42100524902344,799.1634521484375,230.18707275390625,830.2496337890625,236.02333068847656,782.3994750976562,232.7037353515625,844.5591430664062,272.18048095703125,763.8081665039062,268.22430419921875,870.51708984375,208.67616271972656,746.8282470703125,207.65773010253906,847.7249145507812,143.29473876953125,788.0220947265625,141.88528442382812,831.3665161132812,431.8572082519531,777.8788452148438,429.6433410644531,825.2930297851562,533.169677734375,778.1192016601562,528.6406860351562,805.9154663085938,623.2940673828125,782.0265502929688,615.82958984375
575,19.1666288625904,809.629150390625,238.00706481933594,818.5758056640625,231.27499389648438,799.4761962890625,230.06454467773438,830.3281860351562,236.1318817138672,782.38134765625,232.8069305419922,844.21240234375,272.4894714355469,763.6795043945312,268.5876770019531,870.5198364257812,208.6873321533203,746.6362915039062,207.63360595703125,847.6043701171875,143.00274658203125,787.766357421875,141.9178924560547,831.3994750976562,431.8851318359375,777.9647216796875,429.8901062011719,825.6557006835938,532.8718872070312,778.05126953125,529.35546875,806.84130859375,622.3951416015625,781.8478393554688,616.50732421875
576,19.199962130177514,809.2869262695312,238.5665283203125,818.2402954101562,231.7420654296875,799.1111450195312,230.6336212158203,830.1532592773438,236.35757446289062,782.1588134765625,233.23123168945312,844.2338256835938,272.4891662597656,763.8218383789062,268.6848449707031,870.53466796875,208.8130340576172,746.98681640625,207.428466796875,846.8707275390625,142.67835998535156,788.9557495117188,140.87928771972656,831.8250732421875,431.7275390625,778.3643798828125,429.8228454589844,825.65966796875,531.9628295898438,777.960693359375,528.8885498046875,806.9280395507812,621.2727661132812,781.8619384765625,615.9966430664062
577,19.23329539776463,808.7468872070312,238.65377807617188,817.8563232421875,231.85374450683594,798.5692749023438,230.65721130371094,830.181640625,236.6490478515625,782.09375,233.4502716064453,844.6425170898438,273.2895202636719,763.919677734375,269.35614013671875,870.5192260742188,209.149169921875,746.9688110351562,207.89898681640625,846.6513671875,142.6814422607422,788.729736328125,141.20411682128906,831.5379638671875,433.0518798828125,777.980712890625,430.8858947753906,825.73681640625,533.9407348632812,778.1337890625,529.8224487304688,806.5665893554688,623.961669921875,781.8382568359375,617.15087890625
578,19.266628665351742,808.7203369140625,238.75100708007812,817.9694213867188,231.83055114746094,798.4954833984375,230.77708435058594,830.3054809570312,236.53536987304688,781.607177734375,233.4779052734375,843.7926025390625,273.10614013671875,763.473388671875,269.3973388671875,870.7439575195312,209.0438232421875,746.3289184570312,207.5565643310547,846.0180053710938,142.25039672851562,788.3327026367188,141.24339294433594,830.829345703125,432.0792541503906,777.4727783203125,430.49884033203125,825.3031005859375,532.3243408203125,778.265625,531.1317138671875,807.1593017578125,621.4833374023438,782.7537231445312,619.4681396484375
579,19.299961932938857,808.1756591796875,238.69082641601562,817.5567626953125,231.6959228515625,797.9368896484375,230.61410522460938,830.248046875,236.20468139648438,781.27783203125,233.13922119140625,843.8895874023438,272.72454833984375,763.5086059570312,269.16064453125,870.700439453125,208.46444702148438,746.1775512695312,207.53269958496094,845.6087646484375,142.03671264648438,787.4483642578125,141.64276123046875,830.7948608398438,432.1480407714844,777.3974609375,430.5003967285156,825.2470092773438,532.8599243164062,778.1907348632812,531.35546875,806.51806640625,621.6876220703125,782.3507080078125,619.254150390625
580,19.333295200525967,808.1354370117188,238.59811401367188,817.5594482421875,231.65481567382812,798.0176391601562,230.4667205810547,830.2552490234375,236.1029815673828,781.53369140625,232.79891967773438,843.8031005859375,272.36358642578125,763.4947509765625,268.789306640625,870.0798950195312,208.19464111328125,746.0669555664062,207.8351593017578,845.7122802734375,141.9744415283203,786.810791015625,142.04562377929688,830.6687622070312,431.8548583984375,777.3433227539062,430.12481689453125,825.1336669921875,533.2139892578125,777.9227294921875,531.1407470703125,806.4541015625,622.9906616210938,782.2051391601562,619.8131103515625
581,19.36662846811308,808.0443725585938,238.56329345703125,817.4535522460938,231.6441192626953,797.9470825195312,230.5343780517578,830.0700073242188,236.1790313720703,781.4046020507812,233.0041046142578,843.3004150390625,272.35638427734375,763.4602661132812,268.90325927734375,870.0253295898438,208.28619384765625,745.7505493164062,207.8151092529297,845.5106811523438,142.01492309570312,785.9990234375,142.27944946289062,830.2352294921875,431.56951904296875,777.189697265625,430.04541015625,824.4694213867188,532.7985229492188,777.9049682617188,531.7573852539062,806.4828491210938,621.9445190429688,782.5752563476562,620.3396606445312
582,19.399961735700195,807.3401489257812,238.6025390625,816.7557983398438,231.7474365234375,797.4872436523438,230.6078338623047,829.3671875,236.19619750976562,781.35498046875,232.94061279296875,842.877685546875,271.8283386230469,763.0218505859375,268.8136291503906,870.22412109375,208.31967163085938,744.8838500976562,208.99258422851562,845.4583740234375,142.29000854492188,785.0316772460938,143.13478088378906,829.9149169921875,430.73870849609375,776.873779296875,429.452880859375,824.2329711914062,531.8462524414062,777.51416015625,531.4476318359375,806.6693115234375,621.2203979492188,782.7064819335938,620.5315551757812
583,19.43329500328731,805.2821044921875,238.90003967285156,815.06103515625,232.08433532714844,795.5940551757812,230.8428497314453,828.75390625,236.52882385253906,780.847412109375,233.23928833007812,843.193115234375,272.12109375,763.2477416992188,269.1499328613281,869.8327026367188,208.72879028320312,744.8094482421875,209.7294921875,845.239013671875,142.9434051513672,783.6611938476562,143.6343994140625,829.3571166992188,430.9537353515625,776.2889404296875,429.3216857910156,824.3881225585938,532.7782592773438,777.2160034179688,530.8285522460938,806.847900390625,622.0020141601562,782.4724731445312,619.0897216796875
584,19.466628270874423,803.9373168945312,239.20553588867188,813.6742553710938,232.2349090576172,794.3121948242188,231.07354736328125,827.7498168945312,236.2241668701172,780.3248901367188,233.17665100097656,843.2987670898438,272.145751953125,763.0391845703125,268.78570556640625,869.882080078125,209.68710327148438,744.0736694335938,209.1294403076172,844.8181762695312,144.6525421142578,783.4449462890625,143.319091796875,829.1449584960938,431.466796875,776.0211791992188,429.47686767578125,823.8776245117188,533.7940063476562,777.3784790039062,530.6348266601562,806.1657104492188,622.5442504882812,782.6421508789062,617.6526489257812
585,19.499961538461537,803.7105712890625,239.5513458251953,813.3486328125,232.54701232910156,794.1038208007812,231.48594665527344,827.2735595703125,236.40538024902344,780.0631103515625,233.51792907714844,842.8085327148438,272.0434875488281,762.7854614257812,268.77880859375,869.6052856445312,209.5507354736328,743.99609375,208.80355834960938,844.6376342773438,144.56887817382812,784.004150390625,142.93397521972656,829.070068359375,431.1477966308594,776.0485229492188,429.3282775878906,823.5310668945312,533.1104736328125,777.1632690429688,530.584716796875,806.4111938476562,621.9618530273438,782.7057495117188,617.9319458007812
586,19.53329480604865,802.2234497070312,239.62643432617188,812.0261840820312,232.66099548339844,792.78662109375,231.58912658691406,826.4979248046875,236.47596740722656,779.5740356445312,233.6539306640625,842.5087280273438,271.7589416503906,762.7505493164062,268.790771484375,869.4033813476562,209.4741668701172,743.8386840820312,209.40879821777344,844.4788208007812,144.5090789794922,782.8600463867188,143.3496856689453,828.4060668945312,430.82550048828125,775.5888061523438,429.01123046875,823.1707153320312,533.3388061523438,777.1829833984375,530.6912231445312,806.315673828125,622.7757568359375,783.0354614257812,618.64501953125
587,19.566628073635766,802.1724853515625,239.3068389892578,811.8831176757812,232.36871337890625,792.8452758789062,231.37313842773438,826.1295776367188,236.1982421875,779.6570434570312,233.52894592285156,842.0115966796875,271.1314697265625,762.6612548828125,268.818603515625,869.3109741210938,208.71624755859375,743.1770629882812,209.98681640625,843.876220703125,143.82667541503906,781.1981811523438,143.8893280029297,828.3037109375,429.8844909667969,775.7266235351562,428.49761962890625,823.3088989257812,531.8643188476562,777.330078125,530.5469360351562,806.9644165039062,621.4149169921875,783.2310791015625,619.2918701171875
588,19.59996134122288,801.8709106445312,239.3413848876953,811.58349609375,232.4191436767578,792.5712890625,231.38479614257812,825.984619140625,236.1124267578125,779.6580810546875,233.42263793945312,842.2826538085938,270.91278076171875,762.6818237304688,268.447265625,869.1163940429688,208.78330993652344,743.0261840820312,210.05487060546875,843.7929077148438,144.5487823486328,780.2119140625,144.75839233398438,828.0203857421875,430.1994934082031,775.3427124023438,428.50042724609375,823.0977783203125,532.58203125,777.2741088867188,529.9414672851562,806.1907348632812,622.4838256835938,783.0648803710938,618.4143676757812
589,19.633294608809994,801.8519287109375,239.62228393554688,811.5238037109375,232.59104919433594,792.4285888671875,231.73782348632812,825.9855346679688,236.1268310546875,779.4359741210938,233.85601806640625,842.22705078125,270.87908935546875,762.8419189453125,268.7359313964844,868.8161010742188,208.96408081054688,743.1992797851562,210.3997802734375,843.3029174804688,144.91903686523438,779.6201171875,145.27442932128906,827.9035034179688,429.72222900390625,775.264892578125,428.17108154296875,823.1293334960938,531.3312377929688,777.0105590820312,529.09228515625,806.7818603515625,620.878662109375,782.6490478515625,617.3795166015625
590,19.666627876397104,800.9683227539062,239.21763610839844,810.6630859375,232.0958251953125,791.5889892578125,231.2855224609375,825.4489135742188,235.48988342285156,779.18701171875,233.45054626464844,842.3095092773438,270.45660400390625,762.6984252929688,268.6244201660156,867.8062744140625,208.67388916015625,743.03076171875,211.15008544921875,842.26318359375,144.6949920654297,778.5615234375,145.90621948242188,827.2984008789062,430.1567687988281,774.5260009765625,428.40203857421875,822.6569213867188,532.7022705078125,776.3108520507812,528.859375,807.0388793945312,622.8203125,782.2933959960938,616.576904296875
591,19.69996114398422,800.9556274414062,239.2306671142578,810.6646728515625,232.06451416015625,791.56396484375,231.292236328125,825.5028686523438,235.41867065429688,779.233642578125,233.45355224609375,842.3721313476562,270.68212890625,762.806640625,268.8226318359375,867.7276000976562,209.2950439453125,742.7692260742188,211.71617126464844,842.2122802734375,145.20840454101562,777.8673706054688,146.75299072265625,827.3084106445312,430.1159973144531,774.6358032226562,428.34185791015625,822.4279174804688,532.5697021484375,776.351806640625,528.737060546875,806.8980102539062,622.2883911132812,782.4180297851562,616.2222900390625
592,19.733294411571332,800.3287963867188,239.20401000976562,810.0331420898438,232.04782104492188,790.9189453125,231.42996215820312,825.013671875,235.46331787109375,778.81787109375,233.8285675048828,841.7434692382812,270.5254211425781,762.769775390625,269.0321960449219,867.2901000976562,209.5115509033203,742.3851318359375,212.25587463378906,842.1300048828125,145.45994567871094,777.3150634765625,147.0353240966797,826.6962890625,429.70989990234375,774.30908203125,428.2600402832031,822.1619262695312,532.6567993164062,776.4952392578125,530.1022338867188,806.3277587890625,621.6576538085938,781.8756103515625,617.6058349609375
593,19.766627679158447,800.010009765625,239.346435546875,809.5650634765625,232.1612548828125,790.6259155273438,231.5538787841797,824.1944580078125,235.4679718017578,778.2468872070312,233.8237762451172,841.1277465820312,270.46368408203125,761.9496459960938,269.0784606933594,867.3861083984375,209.12152099609375,742.0799560546875,212.14031982421875,841.6210327148438,144.7553253173828,777.1316528320312,146.736083984375,826.59912109375,429.799560546875,774.1201171875,428.42437744140625,822.0126342773438,532.8703002929688,776.556884765625,530.4010620117188,806.6533813476562,621.6539306640625,782.6535034179688,617.6544189453125
594,19.79996094674556,799.1521606445312,239.31002807617188,808.4559936523438,232.02520751953125,789.463623046875,232.69894409179688,823.2635498046875,235.6866455078125,777.3563232421875,236.54176330566406,841.4713745117188,269.3661804199219,763.8167114257812,270.86492919921875,867.0707397460938,210.32237243652344,742.1533203125,212.44273376464844,840.8045043945312,145.45726013183594,769.1411743164062,145.253662109375,828.2213134765625,428.62481689453125,776.6322021484375,428.8833312988281,820.032958984375,533.8949584960938,778.4508056640625,536.0908813476562,807.7066040039062,621.2460327148438,785.075927734375,622.2691650390625
595,19.833294214332675,799.439208984375,239.0577850341797,808.6935424804688,231.79893493652344,789.7911987304688,232.4058837890625,823.1881103515625,235.4276580810547,777.3279418945312,236.05206298828125,841.0913696289062,269.009521484375,763.3418579101562,270.46295166015625,867.140380859375,210.22503662109375,741.6990966796875,212.40243530273438,841.15478515625,145.85292053222656,769.1583862304688,145.46974182128906,828.28173828125,428.1721496582031,776.6891479492188,428.5653381347656,819.9246215820312,533.6217041015625,778.5758056640625,536.3504638671875,807.4728393554688,620.74560546875,785.4859008789062,622.5911865234375
596,19.86662748191979,799.8531494140625,238.9270782470703,809.1461181640625,231.91188049316406,790.539306640625,231.26641845703125,823.1505126953125,235.54611206054688,777.8801879882812,233.7413787841797,840.3409423828125,270.6141662597656,761.1101684570312,269.0082092285156,866.7831420898438,209.69119262695312,741.80224609375,211.822998046875,841.8057250976562,146.88868713378906,777.1940307617188,146.3797607421875,826.6168212890625,429.4469909667969,774.1964111328125,428.0274658203125,821.5319213867188,533.1301879882812,776.3095703125,530.3101196289062,805.9791870117188,621.9044799804688,782.6652221679688,617.3472900390625
597,19.899960749506903,799.7662963867188,239.00379943847656,809.0267333984375,231.92919921875,790.3015747070312,231.3402862548828,823.0586547851562,235.48587036132812,777.4844970703125,233.81619262695312,840.3795776367188,270.6325988769531,760.63671875,268.9620361328125,866.3326416015625,209.7024688720703,741.1032104492188,211.7151641845703,841.6287841796875,146.995361328125,777.0995483398438,146.19345092773438,826.613525390625,429.7312927246094,773.9453125,428.2546691894531,821.3684692382812,533.98388671875,776.5338134765625,530.62939453125,805.2216796875,622.7666015625,782.9973754882812,617.2255249023438
598,19.933294017094017,799.8906860351562,239.0040740966797,809.0818481445312,231.98414611816406,790.3882446289062,231.3570556640625,823.005126953125,235.7118377685547,777.4921264648438,234.00344848632812,840.6314086914062,270.986328125,760.43017578125,269.25830078125,866.24462890625,209.71011352539062,740.904541015625,212.0301971435547,841.0193481445312,146.43260192871094,776.9365844726562,146.14169311523438,826.7573852539062,430.2496643066406,773.8047485351562,428.5806884765625,821.3111572265625,534.9307250976562,776.2252807617188,530.6359252929688,804.8458251953125,623.400634765625,782.72021484375,616.2982177734375
599,19.96662728468113,799.9898681640625,239.06448364257812,809.0933837890625,232.0233154296875,790.3992309570312,231.41506958007812,822.9158325195312,235.73219299316406,777.3387451171875,234.0859832763672,840.7457275390625,271.11138916015625,760.1587524414062,269.22271728515625,866.097412109375,209.774658203125,740.619384765625,211.71731567382812,841.319091796875,146.78260803222656,776.9842529296875,145.9569091796875,826.942138671875,430.4375305175781,773.7564697265625,428.62347412109375,821.3964233398438,535.303955078125,776.0116577148438,530.2012939453125,805.015869140625,623.6077880859375,782.568603515625,615.0454711914062
600,19.999960552268245,800.1275024414062,239.14218139648438,809.251708984375,232.0635528564453,790.5374755859375,231.40460205078125,823.0831909179688,235.68865966796875,777.4181518554688,233.97125244140625,840.9151611328125,271.06304931640625,760.0653686523438,269.17779541015625,866.081787109375,209.50738525390625,740.7029418945312,211.83160400390625,841.2890014648438,146.30126953125,776.85986328125,146.17904663085938,826.8223876953125,430.62567138671875,773.4784545898438,428.7112731933594,821.5003051757812,535.4655151367188,775.7869262695312,529.753662109375,805.5783081054688,624.4098510742188,782.6503295898438,614.7997436523438
601,20.033293819855356,800.240478515625,239.00082397460938,809.3780517578125,231.95388793945312,790.6781616210938,231.27035522460938,823.2361450195312,235.5970458984375,777.6587524414062,233.84486389160156,841.0457763671875,270.8385925292969,760.3521728515625,269.1259765625,865.8499755859375,208.9326171875,740.7650146484375,211.5420379638672,841.2510375976562,146.78814697265625,776.9781494140625,145.93136596679688,827.0902709960938,430.4288635253906,773.8684692382812,428.5841979980469,821.7283935546875,535.0595703125,775.960693359375,529.3827514648438,805.2958984375,624.5013427734375,782.4115600585938,614.8247680664062
602,20.06662708744247,800.0498046875,239.2536163330078,809.2207641601562,232.2377166748047,790.5565185546875,231.55177307128906,823.1052856445312,235.8972930908203,777.6268920898438,234.0607452392578,840.656005859375,270.9719543457031,760.400390625,269.112060546875,865.9927978515625,209.3399200439453,740.7388305664062,211.2449188232422,841.4215087890625,147.1138916015625,777.3549194335938,145.4283905029297,826.9708251953125,430.2655334472656,773.9191284179688,428.5877380371094,822.1958618164062,534.8052368164062,776.2769165039062,530.3239135742188,805.3903198242188,623.9505615234375,782.0524291992188,616.4234008789062
603,20.099960355029584,800.2548828125,239.21969604492188,809.2506713867188,232.2111053466797,790.6979370117188,231.52734375,822.8251953125,235.92979431152344,777.52099609375,234.12924194335938,840.6426391601562,271.21942138671875,760.0850219726562,269.22869873046875,865.9603881835938,209.28265380859375,740.727783203125,210.7892608642578,841.3500366210938,147.35678100585938,777.6892700195312,144.7967529296875,827.0342407226562,430.52276611328125,773.843505859375,428.7076721191406,822.3189086914062,535.13818359375,776.3576049804688,529.8960571289062,805.3338623046875,624.4708251953125,781.9807739257812,615.5675659179688
604,20.133293622616698,800.1509399414062,239.34698486328125,809.335205078125,232.34259033203125,790.68994140625,231.60768127441406,823.1776733398438,235.96775817871094,777.724609375,234.03280639648438,840.6401977539062,271.0093994140625,760.49072265625,269.1290283203125,866.0120239257812,209.2674560546875,741.2581176757812,211.31723022460938,841.3494262695312,147.008056640625,777.812744140625,145.4669647216797,826.7742919921875,430.41064453125,773.7886352539062,428.6546630859375,821.8499755859375,535.1025390625,776.0794067382812,530.3223876953125,805.2097778320312,624.2369995117188,782.0803833007812,616.2286376953125
605,20.166626890203812,800.2483520507812,239.34844970703125,809.4437255859375,232.41896057128906,790.8571166992188,231.5875701904297,823.1954956054688,236.09718322753906,777.8568115234375,233.94091796875,840.6490478515625,271.1017150878906,760.4227294921875,269.04962158203125,866.1929931640625,209.67723083496094,741.3375854492188,211.46514892578125,841.6099243164062,147.9033966064453,777.5930786132812,145.8402557373047,826.6522216796875,430.260009765625,773.6600952148438,428.390869140625,821.8214111328125,534.6970825195312,775.9296264648438,529.6273193359375,805.0580444335938,624.4012451171875,782.017578125,616.095947265625
606,20.199960157790926,800.66064453125,239.28956604003906,809.8031616210938,232.3793487548828,791.143798828125,231.63479614257812,823.3200073242188,236.33448791503906,777.6925659179688,234.30142211914062,840.3529663085938,271.5911560058594,760.1490478515625,269.6521301269531,866.4219970703125,209.7884521484375,740.96240234375,211.5296173095703,841.7783203125,147.6823272705078,777.8939819335938,145.79112243652344,826.7124633789062,430.0171203613281,773.7544555664062,428.4646301269531,822.0402221679688,533.6049194335938,776.3614501953125,529.9067993164062,805.127685546875,622.79345703125,782.3873901367188,616.6544189453125
607,20.23329342537804,801.0175170898438,239.3919219970703,810.144287109375,232.50428771972656,791.4967651367188,231.6532440185547,823.5361938476562,236.5229949951172,777.8375854492188,234.2578582763672,840.4661865234375,271.99456787109375,760.1868286132812,269.6975402832031,866.6611328125,209.55642700195312,741.6756591796875,210.85150146484375,841.9442749023438,147.05758666992188,779.3681640625,145.1830291748047,826.740966796875,430.3659973144531,773.7451171875,428.6015930175781,821.980712890625,533.4931640625,776.2230224609375,529.2279663085938,805.079345703125,622.7321166992188,782.2858276367188,615.6978149414062
608,20.266626692965154,800.843017578125,239.60400390625,810.0332641601562,232.7053985595703,791.3672485351562,231.8746795654297,823.6044311523438,236.63327026367188,777.933837890625,234.39866638183594,840.60009765625,271.9847106933594,760.4509887695312,269.5340576171875,867.0010375976562,210.3892364501953,741.7314453125,210.98570251464844,842.4003295898438,148.10508728027344,779.3699340820312,145.59164428710938,826.7299194335938,430.1905212402344,773.7808227539062,428.4138488769531,822.1949462890625,533.3907470703125,776.3042602539062,529.4411010742188,805.5342407226562,623.2172241210938,782.2134399414062,616.822265625
609,20.29995996055227,801.2188720703125,239.6530303955078,810.3223266601562,232.79052734375,791.740966796875,231.88328552246094,823.7469482421875,236.67433166503906,778.230712890625,234.3267364501953,841.0767211914062,272.0661926269531,760.5379638671875,269.4164123535156,867.16259765625,210.37106323242188,742.1160888671875,210.95359802246094,842.4778442382812,147.7810516357422,779.4390869140625,145.34152221679688,826.957275390625,430.34820556640625,773.865966796875,428.22918701171875,821.9379272460938,533.7351684570312,776.2449340820312,528.2571411132812,805.04931640625,623.7545776367188,782.505859375,614.935302734375
610,20.333293228139382,801.2229614257812,239.67689514160156,810.414306640625,232.7607879638672,791.7896118164062,231.87567138671875,824.0994873046875,236.4582977294922,778.5902709960938,234.17007446289062,841.5021362304688,271.77423095703125,761.0916137695312,269.1910400390625,867.389892578125,210.27468872070312,742.2376708984375,210.9439239501953,842.27294921875,147.7855987548828,779.5240478515625,145.66433715820312,827.1693115234375,430.1964416503906,774.1763916015625,428.0785217285156,821.8598022460938,533.5391235351562,776.4051513671875,528.2086791992188,804.8890380859375,623.2886962890625,782.579345703125,614.7090454101562
611,20.366626495726493,801.0550537109375,239.79859924316406,810.345458984375,232.87014770507812,791.6870727539062,231.98959350585938,824.2626953125,236.46243286132812,778.7759399414062,234.16717529296875,841.7879028320312,271.6045837402344,761.4603881835938,268.97119140625,867.743408203125,210.66262817382812,742.494140625,210.8589324951172,842.5773315429688,149.0128631591797,780.1915893554688,145.96571350097656,827.3797607421875,430.01483154296875,774.4081420898438,427.8912048339844,821.891845703125,533.1904296875,776.2716064453125,528.027587890625,805.1726684570312,623.1810913085938,782.5386962890625,614.8163452148438
612,20.399959763313607,801.1055297851562,240.07174682617188,810.4319458007812,233.10458374023438,791.7466430664062,232.28466796875,824.330078125,236.58775329589844,778.7095947265625,234.3531494140625,841.508544921875,271.5235290527344,761.4772338867188,269.07611083984375,867.96875,210.68804931640625,742.4620971679688,210.8970947265625,842.443115234375,149.17103576660156,780.3200073242188,146.0019073486328,827.3763427734375,429.71527099609375,774.5034790039062,427.8619689941406,821.8837280273438,532.5721435546875,776.212890625,528.6251831054688,805.6336669921875,621.6300048828125,782.6831665039062,615.1116943359375
613,20.43329303090072,800.8912353515625,240.2621612548828,810.2505493164062,233.2200469970703,791.4519653320312,232.46038818359375,824.3338012695312,236.56390380859375,778.4521484375,234.5299530029297,841.558837890625,271.41033935546875,761.5946044921875,269.3014221191406,867.703857421875,210.8589324951172,742.7249145507812,211.87759399414062,842.4044189453125,149.61236572265625,779.6659545898438,147.05511474609375,827.2703247070312,429.82476806640625,774.3896484375,427.9934387207031,821.8089599609375,533.053955078125,776.0616455078125,528.8082885742188,805.4336547851562,621.8363647460938,782.3109130859375,614.765869140625
614,20.466626298487835,800.5169067382812,240.919677734375,809.90576171875,233.89370727539062,791.1651611328125,233.01144409179688,824.269287109375,236.97340393066406,778.5923461914062,234.7782440185547,842.4562377929688,271.635009765625,761.8983764648438,269.09808349609375,868.5433349609375,211.96578979492188,743.5579223632812,212.12557983398438,843.660888671875,152.0744171142578,780.2769165039062,147.90309143066406,827.5046997070312,430.3611145019531,774.3659057617188,427.89239501953125,821.2113037109375,533.951171875,775.479248046875,527.1986694335938,804.6027221679688,622.5265502929688,782.2390747070312,611.384765625
615,20.49995956607495,800.506103515625,241.48379516601562,809.9144287109375,234.35003662109375,791.0986938476562,233.60032653808594,824.3916015625,237.32203674316406,778.5095825195312,235.38861083984375,842.4017944335938,272.07342529296875,762.0186767578125,269.6405029296875,869.07958984375,212.62017822265625,743.3792114257812,212.33929443359375,844.341796875,152.38494873046875,780.6468505859375,147.82022094726562,827.5687866210938,430.30377197265625,774.5213012695312,428.0967712402344,821.2838745117188,533.4260864257812,775.6549682617188,527.9723510742188,805.1136474609375,622.0321655273438,782.2774658203125,612.8826293945312
616,20.533292833662063,801.5400390625,242.2719268798828,810.7828369140625,234.94747924804688,791.9965209960938,234.37887573242188,824.96484375,237.4493408203125,778.9462890625,235.81471252441406,842.8743896484375,271.761474609375,761.9619140625,269.216796875,869.3956909179688,212.18942260742188,743.1514892578125,211.13119506835938,843.7324829101562,151.5800018310547,782.755859375,146.35330200195312,827.8463134765625,430.4161376953125,774.319091796875,428.31634521484375,821.3302001953125,532.8472290039062,775.2864990234375,527.895751953125,805.3917236328125,621.1525268554688,782.0647583007812,612.4057006835938
617,20.566626101249177,799.7302856445312,243.42266845703125,809.127197265625,235.94442749023438,790.278564453125,235.3812713623047,824.1591796875,237.91265869140625,778.18798828125,236.39927673339844,843.1717529296875,271.718505859375,761.8539428710938,268.96978759765625,869.3732299804688,212.19940185546875,743.6153564453125,210.59971618652344,843.31298828125,150.96351623535156,784.6600341796875,145.24305725097656,827.8489990234375,430.7409973144531,773.9849243164062,428.31890869140625,821.6057739257812,533.5843505859375,775.1116333007812,527.4257202148438,805.6361694335938,622.5613403320312,781.95703125,611.8588256835938
618,20.59995936883629,799.89990234375,244.16574096679688,809.2853393554688,236.64263916015625,790.394775390625,236.15676879882812,824.3408203125,238.43153381347656,778.1825561523438,237.11602783203125,843.1939086914062,272.16925048828125,762.2830200195312,269.4561462402344,870.4422607421875,212.8366241455078,743.939208984375,210.99929809570312,844.5072631835938,151.38377380371094,784.2993774414062,146.47467041015625,827.6531372070312,430.61663818359375,774.1022338867188,428.2505798339844,821.2439575195312,533.1554565429688,775.4161376953125,527.6712646484375,805.6255493164062,621.2711791992188,782.097900390625,611.6377563476562
619,20.633292636423405,800.2188720703125,245.46884155273438,809.4869384765625,237.76283264160156,790.5814819335938,237.383056640625,824.5919799804688,238.80563354492188,778.157958984375,237.8605499267578,843.8591918945312,272.0537414550781,763.0925903320312,269.3936767578125,871.964111328125,213.531494140625,745.3214721679688,211.4945831298828,845.5235595703125,152.69480895996094,784.2775268554688,148.78858947753906,827.8515014648438,431.1772155761719,774.3920288085938,428.5154724121094,820.656494140625,533.5857543945312,775.3394775390625,527.259521484375,805.2097778320312,622.0050659179688,781.56005859375,610.81396484375
620,20.66662590401052,800.4324951171875,245.60748291015625,809.7722778320312,238.0471954345703,790.9844360351562,237.57992553710938,824.8206787109375,239.2160186767578,778.5886840820312,238.00631713867188,843.9133911132812,272.02642822265625,763.4981689453125,269.304443359375,873.010009765625,214.155517578125,746.3003540039062,211.79466247558594,845.3460693359375,152.809814453125,785.1397705078125,148.71414184570312,827.940185546875,430.2228698730469,774.6008911132812,427.6175842285156,820.3630981445312,532.0200805664062,775.058349609375,526.6395263671875,805.4774169921875,619.4846801757812,781.9451293945312,609.955078125
621,20.699959171597634,800.835205078125,245.44271850585938,810.3450317382812,237.7549285888672,791.293701171875,237.36178588867188,825.6532592773438,238.91033935546875,778.796142578125,237.7679443359375,844.5065307617188,272.1110534667969,763.9343872070312,269.1296081542969,874.0811157226562,214.3487091064453,747.2272338867188,210.6830291748047,844.330810546875,152.4583740234375,788.6668090820312,147.5246124267578,828.2424926757812,430.5516662597656,774.7308349609375,428.08319091796875,820.4918212890625,531.7734375,775.524658203125,527.9628295898438,805.2034912109375,619.2926635742188,782.3660888671875,612.3515014648438
622,20.733292439184744,800.2657470703125,245.77511596679688,809.8070068359375,237.95838928222656,790.6669921875,237.55477905273438,825.2476806640625,239.06588745117188,778.096435546875,237.81625366210938,844.9635009765625,273.3194885253906,763.4690551757812,269.1502380371094,875.693359375,216.8774871826172,748.5046997070312,209.15550231933594,842.9979248046875,154.67855834960938,793.6824340820312,145.59523010253906,828.614501953125,431.5104064941406,774.5975341796875,428.576171875,820.083740234375,532.6609497070312,775.6583862304688,528.6737060546875,804.7418823242188,619.501708984375,783.4171752929688,612.4730834960938
623,20.76662570677186,799.6319580078125,245.3336944580078,809.516357421875,237.46286010742188,790.0833740234375,236.99282836914062,825.6732788085938,239.1487274169922,778.0401611328125,237.53436279296875,846.090087890625,274.9388122558594,763.2822265625,269.48193359375,877.8685302734375,219.48977661132812,748.6547241210938,207.8306121826172,843.418701171875,157.66986083984375,801.291748046875,143.99440002441406,830.1444091796875,432.33831787109375,775.3544311523438,429.2541809082031,820.3994140625,532.9102783203125,775.7493286132812,530.1778564453125,804.1773681640625,618.7484130859375,784.16552734375,613.8308715820312
624,20.799958974358972,799.8970336914062,245.32431030273438,809.8858032226562,237.3445587158203,790.2623901367188,236.91842651367188,826.1792602539062,239.0020751953125,778.0518188476562,237.43299865722656,846.2601928710938,275.1287841796875,763.515380859375,269.678955078125,878.3565063476562,219.4324493408203,748.7086791992188,207.68446350097656,843.0379638671875,157.04954528808594,801.9747314453125,143.89828491210938,830.3361206054688,432.5250549316406,775.5350952148438,429.5613098144531,820.103515625,532.8916625976562,775.6329956054688,531.0995483398438,803.6417846679688,616.90869140625,783.8790283203125,613.4679565429688
625,20.833292241946086,799.9835815429688,245.36553955078125,810.0228881835938,237.39425659179688,790.2725219726562,237.0065460205078,826.3212890625,239.12001037597656,777.8238525390625,237.62332153320312,845.9140014648438,275.1720275878906,763.5567016601562,269.91094970703125,878.2313232421875,219.17320251464844,748.8290405273438,207.66184997558594,842.6040649414062,156.64132690429688,801.1942749023438,143.86570739746094,829.982421875,432.3272399902344,775.4150390625,429.5556640625,819.961181640625,532.6385498046875,776.1351318359375,531.7197265625,803.3235473632812,616.255615234375,784.3994750976562,614.3014526367188
626,20.8666255095332,798.2000122070312,246.26223754882812,808.3136596679688,238.5327606201172,789.1483154296875,238.46022033691406,825.2825927734375,241.07577514648438,778.5398559570312,241.38516235351562,848.491943359375,278.2306823730469,765.2610473632812,276.80755615234375,884.747314453125,224.1135711669922,745.1082763671875,216.53488159179688,845.53369140625,160.91778564453125,799.8854370117188,154.00035095214844,832.858154296875,431.50323486328125,778.4467163085938,430.30865478515625,822.2975463867188,533.3919677734375,775.44580078125,534.9153442382812,805.8345947265625,615.8096313476562,780.4912109375,614.9202270507812
627,20.899958777120315,798.5070190429688,246.0010223388672,808.2133178710938,238.31259155273438,789.4127807617188,238.39981079101562,824.4788818359375,241.5058135986328,778.6610107421875,242.13548278808594,849.2263793945312,280.8205871582031,764.3060913085938,278.8553771972656,888.9705810546875,230.0142364501953,742.831298828125,221.61224365234375,846.78125,166.52920532226562,798.4823608398438,163.04608154296875,832.5466918945312,432.60205078125,777.6885375976562,431.2126159667969,821.5761108398438,533.018310546875,776.339111328125,535.5303344726562,803.965087890625,614.5921630859375,780.9556274414062,616.043701171875
628,20.93329204470743,798.72412109375,246.16986083984375,808.6978149414062,239.04345703125,790.1409301757812,238.54161071777344,824.8162231445312,243.8266143798828,779.4693603515625,242.9748077392578,850.5180053710938,284.5318908691406,762.1219482421875,281.2428894042969,895.8687133789062,240.01345825195312,737.776123046875,229.9566192626953,851.6572265625,178.35231018066406,802.0260620117188,174.225830078125,832.1927490234375,433.995849609375,775.85302734375,432.69732666015625,819.7636108398438,531.531982421875,776.0294189453125,537.640869140625,798.4291381835938,611.9521484375,780.9144897460938,618.7391967773438
629,20.966625312294543,799.2964477539062,244.00611877441406,809.2128295898438,237.8447265625,792.0575561523438,236.4945068359375,824.3829345703125,244.1239776611328,782.5834350585938,241.1941680908203,850.8976440429688,284.819580078125,761.5064086914062,280.1775817871094,899.1806640625,248.79385375976562,731.9317626953125,238.453857421875,852.4188842773438,192.78460693359375,798.2144775390625,192.29322814941406,831.7415771484375,433.65234375,775.29638671875,432.1866760253906,819.0152587890625,529.595703125,775.6368408203125,537.98388671875,797.7662353515625,611.8663330078125,780.2750854492188,622.2305297851562
630,20.999958579881657,799.2846069335938,243.22238159179688,808.6679077148438,235.5772705078125,790.4140625,236.49588012695312,823.0516357421875,240.1419219970703,780.1481323242188,242.72994995117188,855.859130859375,282.156494140625,758.8605346679688,283.0878601074219,901.6378784179688,257.877197265625,729.4393920898438,249.65057373046875,854.4376831054688,206.3900146484375,775.82470703125,209.74754333496094,834.4161987304688,431.3393249511719,773.6515502929688,430.71307373046875,819.4902954101562,528.813720703125,773.3701171875,534.9196166992188,803.6998291015625,609.3359985351562,781.3517456054688,617.4703369140625
631,21.03329184746877,793.4010620117188,245.5769805908203,803.6710815429688,236.74942016601562,785.3901977539062,237.44668579101562,821.87939453125,238.82925415039062,778.8377685546875,239.7299041748047,854.3809204101562,284.6310729980469,758.4096069335938,282.46466064453125,906.4967651367188,289.83343505859375,721.6211547851562,282.731201171875,883.77490234375,264.787109375,769.4313354492188,263.376953125,832.0999755859375,432.4777526855469,773.0866088867188,431.4183654785156,817.3224487304688,529.950439453125,774.4059448242188,535.8607177734375,806.015625,613.8539428710938,784.7388305664062,620.5410766601562
632,21.06662511505588,792.5361328125,245.9379119873047,802.620849609375,236.37745666503906,784.31884765625,237.87203979492188,821.2432250976562,237.65545654296875,778.6691284179688,240.34915161132812,856.567138671875,285.6449890136719,757.4190063476562,284.669677734375,904.8714599609375,310.52508544921875,722.73779296875,299.8478698730469,877.3565063476562,295.2875671386719,777.2853393554688,276.9243469238281,831.8434448242188,432.744873046875,771.0091552734375,432.19488525390625,815.6279296875,530.3933715820312,772.9578247070312,536.6356811523438,803.5567626953125,616.6279296875,785.4297485351562,622.6931762695312
633,21.099958382642996,792.1961669921875,246.61192321777344,801.9813232421875,237.33444213867188,783.8758544921875,238.26315307617188,819.2636108398438,237.68344116210938,776.43359375,239.3367919921875,852.4708251953125,284.18255615234375,754.620361328125,285.3226318359375,897.4188232421875,321.4586181640625,719.2705078125,319.3554992675781,882.8572387695312,316.3648986816406,762.1728515625,301.6817932128906,831.53173828125,429.52984619140625,771.6363525390625,429.7148132324219,814.8553466796875,528.2896728515625,771.2737426757812,532.1015625,800.8606567382812,615.938232421875,782.7769775390625,617.7880249023438
634,21.13329165023011,789.0088500976562,245.8841552734375,799.6924438476562,237.30682373046875,781.3114624023438,237.279541015625,818.415771484375,238.25523376464844,773.7796020507812,237.7212371826172,849.9862060546875,285.95941162109375,752.609619140625,288.4505310058594,886.8661499023438,334.1297607421875,721.793212890625,336.6411437988281,880.4041748046875,354.7963562011719,753.7518920898438,334.8176574707031,833.1038208007812,430.53973388671875,773.1737670898438,430.8643798828125,815.4681396484375,531.1949462890625,767.6576538085938,530.7938232421875,802.6244506835938,619.4231567382812,781.3339233398438,614.37646484375
635,21.166624917817224,787.0859985351562,245.7599639892578,797.8031616210938,237.25643920898438,779.5318603515625,237.18019104003906,816.7947387695312,238.9953155517578,772.3986206054688,238.76612854003906,847.651123046875,287.5208740234375,752.394287109375,293.0470275878906,880.1309814453125,339.848876953125,725.0941162109375,349.3044738769531,874.6090087890625,371.53515625,754.4263305664062,350.8719787597656,831.4014282226562,431.44189453125,772.3180541992188,432.6714172363281,816.4963989257812,533.0661010742188,766.7609252929688,531.9201049804688,803.7706298828125,621.405029296875,778.8779296875,613.8095703125
636,21.199958185404338,786.8681030273438,245.8417205810547,797.5861206054688,237.3933563232422,779.4150390625,237.25193786621094,816.6005249023438,239.19064331054688,772.4681396484375,238.7911834716797,847.516845703125,287.81256103515625,752.3456420898438,293.0341491699219,880.4615478515625,340.66326904296875,724.769287109375,349.4464111328125,876.2234497070312,372.6771240234375,754.4794311523438,351.0047912597656,831.370361328125,431.288818359375,772.3928833007812,432.4452209472656,816.5269165039062,532.8041381835938,766.7093505859375,531.5980224609375,803.7965698242188,620.685546875,778.6764526367188,613.043212890625
637,21.233291452991452,786.819091796875,245.4927520751953,797.5518188476562,237.07363891601562,779.3314819335938,236.90292358398438,816.6409912109375,239.07110595703125,772.3790283203125,238.6085662841797,847.4563598632812,287.9685363769531,752.4160766601562,292.8531188964844,880.435302734375,340.6241149902344,724.880126953125,348.74090576171875,877.7062377929688,373.95361328125,754.6539916992188,351.46527099609375,831.2932739257812,431.313232421875,772.4127197265625,432.2769470214844,816.494384765625,533.158447265625,766.7154541015625,531.2112426757812,803.9585571289062,622.06982421875,778.6124877929688,613.2079467773438
638,21.266624720578566,785.0281372070312,244.85589599609375,795.1956176757812,236.37669372558594,776.8960571289062,236.49957275390625,813.9248657226562,238.0472869873047,768.8683471679688,238.1024932861328,840.707763671875,289.62841796875,754.8693237304688,291.8545227050781,865.8873901367188,351.6446228027344,734.30517578125,356.19573974609375,867.12353515625,403.2765197753906,751.0759887695312,398.47576904296875,827.9098510742188,431.7773742675781,773.6729125976562,431.3741149902344,814.67333984375,535.297119140625,767.085205078125,531.0093994140625,804.986328125,622.4949340820312,772.143798828125,614.1061401367188
639,21.29995798816568,782.4991455078125,245.60035705566406,792.4797973632812,236.8815155029297,773.9595336914062,237.4089813232422,811.609619140625,237.8740997314453,766.0396728515625,239.12303161621094,836.8231811523438,288.56573486328125,755.57373046875,292.0331115722656,855.7564086914062,350.1434020996094,737.387451171875,356.67340087890625,855.6470336914062,403.28216552734375,747.6997680664062,400.5799560546875,825.31640625,429.0885314941406,773.1505737304688,428.91802978515625,814.7865600585938,533.95849609375,767.4506225585938,528.8820190429688,805.633544921875,622.0885620117188,769.298828125,612.6188354492188
640,21.333291255752794,778.9308471679688,246.45169067382812,788.8991088867188,237.36277770996094,770.545654296875,238.1910858154297,809.210693359375,237.86126708984375,764.1094360351562,239.97276306152344,835.9675903320312,289.065185546875,754.4705810546875,293.5001220703125,852.9169921875,352.7120056152344,736.2684326171875,361.63330078125,847.2946166992188,404.8379821777344,748.0572509765625,407.0782470703125,823.877197265625,429.80560302734375,771.2998657226562,429.8236083984375,814.4622802734375,534.3319091796875,767.0952758789062,529.2346801757812,806.5411987304688,622.419189453125,768.802734375,612.184326171875
641,21.366624523339908,777.869873046875,247.41087341308594,787.51904296875,238.59768676757812,769.0528564453125,239.4848175048828,807.1473388671875,238.11337280273438,761.3710327148438,241.45208740234375,833.9210205078125,288.7051086425781,750.6390991210938,294.302978515625,854.7294921875,350.0914306640625,733.7329711914062,359.86724853515625,844.0200805664062,398.95709228515625,744.0609130859375,407.06744384765625,820.1546630859375,430.49212646484375,767.468505859375,430.6182556152344,813.8867797851562,534.5611572265625,766.0506591796875,530.9424438476562,807.7197265625,620.6446533203125,769.096435546875,614.240478515625
642,21.399957790927022,775.0874633789062,248.64878845214844,784.7431030273438,240.13778686523438,766.60986328125,240.7718048095703,804.3016357421875,239.94961547851562,759.11279296875,242.57150268554688,831.6427612304688,289.85638427734375,747.98486328125,294.2420654296875,854.0248413085938,350.58062744140625,730.2257690429688,357.2126159667969,840.6178588867188,400.5738525390625,742.4671020507812,406.3283386230469,819.404296875,429.4230651855469,766.5204467773438,429.30096435546875,814.1365356445312,533.0477905273438,766.1567993164062,529.8463745117188,808.3035888671875,620.361328125,769.9615478515625,614.9681396484375
643,21.433291058514133,770.8406982421875,251.0906982421875,780.1406860351562,242.4272003173828,761.8278198242188,243.48614501953125,799.1931762695312,241.96267700195312,753.38671875,245.48858642578125,827.0423583984375,290.9595031738281,741.6092529296875,295.7607421875,850.658447265625,351.3990783691406,720.9561157226562,358.5552673339844,838.6211547851562,399.6510314941406,738.370849609375,408.9888916015625,818.1461791992188,427.106201171875,764.0072021484375,428.14093017578125,817.1160278320312,528.1778564453125,767.3984985351562,527.9075927734375,811.2245483398438,615.2337036132812,770.086181640625,613.8709106445312
644,21.466624326101247,767.7238159179688,253.27133178710938,777.4335327148438,244.5364990234375,758.8756713867188,245.6126251220703,797.8795776367188,243.20587158203125,751.0336303710938,246.67930603027344,825.4242553710938,290.37384033203125,739.1243896484375,295.3781433105469,848.6669921875,349.1590270996094,716.582763671875,356.2596740722656,839.173583984375,399.474609375,735.95654296875,407.1366882324219,817.3502197265625,425.09307861328125,762.4869384765625,426.8254699707031,819.904296875,524.4424438476562,767.68896484375,526.3327026367188,814.2573852539062,611.0117797851562,770.0335083007812,612.9266357421875
645,21.49995759368836,766.8822631835938,254.56851196289062,776.1192626953125,245.88832092285156,757.6101684570312,247.1801300048828,795.0538940429688,244.2469024658203,748.6123657226562,248.3465576171875,822.9913940429688,289.410400390625,735.8255615234375,297.8205871582031,846.9158935546875,344.688232421875,714.3350830078125,360.8132019042969,840.3607788085938,396.6267395019531,737.12744140625,408.781005859375,817.0829467773438,424.5299377441406,761.936767578125,427.90325927734375,820.2163696289062,523.8306884765625,768.673095703125,527.2474975585938,810.2802734375,609.4135131835938,769.893310546875,612.285400390625
646,21.533290861275475,767.357666015625,254.7266845703125,776.187744140625,246.11167907714844,757.7239379882812,247.71376037597656,793.4114990234375,244.6288604736328,747.082763671875,249.2103271484375,819.765380859375,288.207275390625,733.632080078125,298.8424377441406,845.5031127929688,340.7903137207031,711.3123779296875,360.69403076171875,840.0172729492188,393.8192443847656,735.4912109375,406.98980712890625,816.7266845703125,420.95672607421875,762.1824951171875,426.58502197265625,823.41552734375,513.379638671875,771.2772216796875,524.4550170898438,808.2154541015625,595.81884765625,767.6985473632812,611.0806884765625
647,21.56662412886259,766.5459594726562,255.11561584472656,775.1326904296875,246.2760467529297,756.78759765625,248.38023376464844,791.8161010742188,244.53245544433594,745.9442749023438,249.96824645996094,817.868896484375,287.5321350097656,732.5308227539062,299.9008483886719,844.1881103515625,339.8077697753906,709.4439697265625,362.6850280761719,839.97119140625,392.6510925292969,736.3015747070312,408.85797119140625,817.7664794921875,419.57843017578125,763.62255859375,426.8738098144531,824.8743896484375,507.68939208984375,772.2861328125,524.1157836914062,808.9789428710938,586.7568969726562,767.113037109375,610.2860717773438
648,21.599957396449703,765.8364868164062,254.9058074951172,774.5384521484375,246.14857482910156,756.2529907226562,248.20266723632812,791.5244140625,244.54086303710938,745.8690795898438,249.81729125976562,817.5800170898438,287.4112854003906,732.6332397460938,299.64404296875,844.0494384765625,339.5081787109375,709.0687866210938,361.98529052734375,840.2591552734375,392.3143615722656,735.4054565429688,408.0870056152344,817.6985473632812,419.0879211425781,763.7494506835938,426.400390625,825.0556030273438,506.8272399902344,772.0580444335938,523.7106323242188,809.3102416992188,585.4259643554688,766.6422119140625,609.9420166015625
649,21.633290664036817,765.7929077148438,254.09793090820312,774.4688720703125,245.4263916015625,756.1690673828125,247.62754821777344,790.9147338867188,244.41104125976562,745.2061767578125,249.82286071777344,816.2539672851562,286.96392822265625,731.7920532226562,300.4803771972656,843.9246826171875,338.0525207519531,708.031494140625,362.8130187988281,839.7301025390625,391.1861877441406,735.5112915039062,407.8179016113281,817.7567749023438,416.9633483886719,764.2556762695312,425.4469299316406,824.4630737304688,501.6903381347656,772.6369018554688,522.9074096679688,806.2889404296875,577.593505859375,766.4928588867188,609.0147094726562
650,21.66662393162393,764.2219848632812,253.58944702148438,773.1013793945312,245.04110717773438,754.7379150390625,247.1838836669922,789.5923461914062,244.3875274658203,743.8002319335938,249.42872619628906,814.3566284179688,286.83294677734375,730.4326782226562,301.1409606933594,843.2870483398438,338.4201354980469,707.8348999023438,365.482421875,839.9757080078125,390.8293151855469,738.4224243164062,409.55621337890625,817.6055297851562,416.49993896484375,764.4808349609375,425.9880065917969,824.2651977539062,500.3660888671875,773.4055786132812,525.5675048828125,803.5120849609375,570.9954223632812,766.6328125,609.0479736328125
651,21.699957199211045,764.7477416992188,252.69607543945312,773.7266845703125,244.27142333984375,755.1873168945312,246.30819702148438,789.8180541992188,244.24281311035156,743.6150512695312,248.88360595703125,813.1415405273438,287.27923583984375,730.3836669921875,301.5569763183594,842.0242919921875,339.21392822265625,708.3480224609375,366.5194091796875,840.3795776367188,392.32952880859375,739.5797729492188,410.7996826171875,817.218994140625,417.13531494140625,764.844482421875,426.928466796875,822.5706787109375,501.8240051269531,773.3506469726562,528.5226440429688,800.5850830078125,569.6077880859375,766.0801391601562,609.9971313476562
652,21.73329046679816,763.8756103515625,251.3566131591797,773.15966796875,243.16209411621094,754.5155029296875,245.0086669921875,789.3092041015625,244.00640869140625,742.9734497070312,248.095947265625,811.396484375,287.44976806640625,730.22021484375,302.13446044921875,840.8230590820312,338.43499755859375,709.68310546875,367.2569580078125,840.9835205078125,392.08270263671875,739.740234375,411.40301513671875,815.986328125,418.1363220214844,764.5819702148438,428.2807312011719,820.97998046875,502.6992492675781,773.0908813476562,530.6909790039062,798.9772338867188,569.6650390625,766.5914916992188,612.37646484375
653,21.76662373438527,762.8126220703125,250.22247314453125,772.2368774414062,242.15713500976562,753.6131591796875,243.91607666015625,788.6992797851562,243.5135040283203,742.6436157226562,247.29603576660156,810.9243774414062,288.3832092285156,730.5928344726562,302.0717468261719,840.4491577148438,341.6000671386719,711.1699829101562,368.3817443847656,841.600341796875,394.2526550292969,739.275390625,413.3121032714844,815.1767578125,419.6867370605469,764.5846557617188,429.1769714355469,817.9051513671875,506.9159851074219,773.03759765625,533.4713745117188,796.287109375,569.7122802734375,768.2161865234375,610.9228515625
654,21.799957001972384,762.827880859375,249.0743865966797,772.1605224609375,241.0897216796875,753.6860961914062,242.71826171875,788.5875854492188,242.9287109375,743.0127563476562,246.5435028076172,810.6283569335938,288.94232177734375,731.659912109375,301.7001037597656,838.73046875,343.14080810546875,713.8092041015625,368.5928955078125,841.3568725585938,395.53277587890625,739.5917358398438,414.54766845703125,813.9521484375,420.1178894042969,764.3135375976562,428.6630859375,816.0196533203125,507.60919189453125,772.7314453125,530.7158203125,795.5350952148438,574.3176879882812,768.2908935546875,610.4163208007812
655,21.833290269559498,762.4653930664062,248.50656127929688,771.4762573242188,240.41270446777344,753.5843505859375,242.03347778320312,788.2127075195312,241.87359619140625,744.0552368164062,245.64846801757812,811.6382446289062,288.9487609863281,733.1755981445312,299.86181640625,838.389404296875,347.9107971191406,715.5274658203125,367.3587951660156,840.4784545898438,404.55462646484375,740.0099487304688,414.59783935546875,812.8333129882812,419.1600646972656,763.7344970703125,426.26007080078125,814.3240356445312,506.15374755859375,772.2264404296875,525.1404418945312,794.2233276367188,580.449462890625,766.9287719726562,610.3087158203125
656,21.866623537146612,765.1025390625,247.8870849609375,774.0690307617188,239.8247528076172,756.0487670898438,241.5177764892578,789.900390625,241.75975036621094,745.3637084960938,245.58956909179688,812.6013793945312,289.2862854003906,733.2027587890625,300.1614990234375,839.4823608398438,347.6882019042969,715.5103149414062,365.90679931640625,840.5863647460938,406.77703857421875,739.0717163085938,413.66436767578125,812.7340698242188,419.3230895996094,763.0245361328125,426.3875427246094,813.2312622070312,507.6498718261719,770.2229614257812,525.998046875,797.3177490234375,580.4664916992188,768.3053588867188,608.4566040039062
657,21.899956804733726,769.144775390625,247.68527221679688,777.8067016601562,239.61026000976562,759.6900024414062,241.29428100585938,792.6683349609375,242.1888427734375,747.5733032226562,246.043212890625,815.1090087890625,291.0828552246094,734.4290161132812,300.5646057128906,841.8489990234375,350.3836975097656,715.9788208007812,365.1046142578125,841.84716796875,409.1094665527344,738.5833740234375,412.7713623046875,813.3995361328125,420.9755554199219,763.1082763671875,427.0458068847656,811.0960693359375,510.515869140625,769.3411865234375,526.1474609375,795.6718139648438,586.777099609375,768.5787353515625,610.2266845703125
658,21.93329007232084,770.3180541992188,247.3701171875,779.1047973632812,239.4126434326172,761.2525024414062,240.83636474609375,794.404052734375,242.43898010253906,750.33740234375,245.74818420410156,817.138916015625,292.6383361816406,736.6176147460938,300.3413391113281,843.172607421875,352.6170349121094,715.8380126953125,363.808349609375,842.7736206054688,408.95697021484375,737.389892578125,411.2901306152344,813.31640625,423.1620788574219,763.260986328125,428.1959228515625,810.8139038085938,513.403564453125,769.2662963867188,527.0610961914062,795.9842529296875,588.5673828125,767.91748046875,609.470458984375
659,21.966623339907954,770.1182250976562,248.99554443359375,779.1646728515625,241.2261199951172,761.708984375,242.2909698486328,795.5330200195312,243.9525604248047,752.511962890625,246.6025390625,819.4224853515625,293.3365173339844,738.53271484375,300.5108642578125,845.5623168945312,351.4687805175781,715.4217529296875,362.5752258300781,843.4513549804688,407.8226623535156,736.7617797851562,411.2700500488281,813.85546875,423.69000244140625,763.9231567382812,428.0322265625,809.915283203125,513.4942016601562,768.9733276367188,525.7454833984375,793.941650390625,587.85595703125,767.1539916992188,606.5853881835938
660,21.99995660749507,770.4757690429688,248.91323852539062,779.4094848632812,241.09873962402344,762.00341796875,242.1925506591797,795.6494750976562,243.58209228515625,752.7382202148438,246.34959411621094,819.479248046875,292.82904052734375,738.7511596679688,299.9700622558594,845.0250244140625,351.12664794921875,715.4065551757812,362.0746765136719,843.3963012695312,407.7547607421875,736.4183959960938,410.4827575683594,813.7367553710938,423.1328430175781,763.94775390625,427.4061584472656,810.0030517578125,513.1826171875,769.4320068359375,524.944580078125,793.4149169921875,587.5753784179688,766.992431640625,605.4730834960938
661,22.033289875082183,770.536376953125,248.70480346679688,779.44091796875,240.8692169189453,762.0685424804688,242.0176544189453,795.6380615234375,243.44186401367188,752.8077392578125,246.27650451660156,819.4265747070312,292.82025146484375,738.7219848632812,299.82470703125,844.9291381835938,351.7676086425781,715.423583984375,362.05914306640625,843.3130493164062,408.4644775390625,736.9652099609375,410.64666748046875,813.8502197265625,422.8070373535156,763.8936767578125,427.15386962890625,810.7788696289062,512.4393920898438,769.0486450195312,524.714111328125,794.7268676757812,586.2083129882812,766.1318969726562,605.0029296875
662,22.066623142669297,780.6088256835938,250.7859344482422,788.7698364257812,242.985595703125,771.7445068359375,244.07862854003906,801.7504272460938,246.10198974609375,759.2070922851562,248.60015869140625,823.4964599609375,296.5744323730469,741.510498046875,301.0221252441406,848.7947387695312,356.7467346191406,717.0653686523438,360.8504333496094,843.8003540039062,411.3623962402344,736.1372680664062,409.3243713378906,813.5975952148438,424.2603759765625,762.7376708984375,427.0135803222656,806.7265014648438,512.7149047851562,763.358642578125,521.1090087890625,796.0536499023438,587.4454956054688,763.809814453125,600.0391235351562
663,22.09995641025641,781.37646484375,252.5983428955078,789.4075317382812,244.7079620361328,772.8329467773438,245.69532775878906,802.8709716796875,247.33932495117188,761.9480590820312,249.5777587890625,824.503173828125,297.7677917480469,744.3746948242188,300.802978515625,849.8280639648438,358.1802062988281,719.7193603515625,360.94921875,842.33642578125,411.5101013183594,738.073974609375,411.3079833984375,810.5374145507812,424.27374267578125,761.1721801757812,426.24017333984375,803.9236450195312,512.945556640625,761.704345703125,519.7322998046875,792.2296142578125,591.1940307617188,763.813720703125,600.72265625
664,22.13328967784352,785.7218627929688,252.72547912597656,793.7914428710938,245.12583923339844,777.4486083984375,245.76670837402344,806.2501220703125,248.46435546875,765.6759643554688,249.7294921875,825.4834594726562,299.0266418457031,746.4937744140625,301.13702392578125,849.5671997070312,358.9385681152344,721.5512084960938,360.4946594238281,842.1492309570312,412.5701599121094,737.57666015625,410.91082763671875,809.0947875976562,423.04302978515625,760.290283203125,424.6073303222656,802.8107299804688,510.1645202636719,759.4229736328125,516.6947021484375,791.9528198242188,588.0255737304688,761.2919311523438,597.7796630859375
665,22.166622945430635,787.2694702148438,252.30300903320312,795.388916015625,244.77633666992188,779.1558227539062,245.3566436767578,807.9234008789062,248.15896606445312,767.7460327148438,249.27426147460938,826.0429077148438,298.91748046875,748.4656982421875,300.14471435546875,847.668212890625,359.02386474609375,722.5867309570312,358.59674072265625,841.091064453125,413.7921142578125,736.142822265625,410.5644226074219,808.5575561523438,421.760009765625,760.6762084960938,422.90869140625,803.0222778320312,510.23223876953125,760.8258666992188,515.5949096679688,793.79345703125,587.453369140625,763.41650390625,595.7448120117188
666,22.19995621301775,787.25146484375,251.35568237304688,795.555908203125,243.92555236816406,779.3377685546875,244.30857849121094,808.4850463867188,247.64588928222656,768.7025756835938,248.4001922607422,826.4678955078125,299.3895568847656,749.2276611328125,299.32745361328125,846.22509765625,360.42181396484375,723.8683471679688,358.0062561035156,839.675537109375,414.88873291015625,734.863037109375,411.8049011230469,806.3008422851562,421.8989562988281,759.1113891601562,421.91473388671875,800.01025390625,510.87677001953125,761.5241088867188,511.66436767578125,794.040283203125,585.6299438476562,768.96044921875,586.4623413085938
667,22.233289480604864,786.9933471679688,249.8665008544922,795.50390625,242.677978515625,779.2583618164062,242.9105987548828,808.8659057617188,246.60975646972656,769.0967407226562,247.04629516601562,826.0302734375,298.17730712890625,749.9039306640625,297.3722229003906,843.8536987304688,358.803955078125,724.2206420898438,354.5721435546875,838.6029663085938,414.3907775878906,732.8551635742188,406.52008056640625,804.4689331054688,419.13043212890625,758.0221557617188,418.5776672363281,797.804443359375,507.0042419433594,759.6629638671875,506.5686950683594,791.7706909179688,582.349609375,767.508544921875,582.0487670898438
668,22.266622748191978,787.3208618164062,246.9107666015625,795.9320678710938,239.93836975097656,779.4599609375,239.93629455566406,808.829345703125,244.8663330078125,768.6353149414062,244.69384765625,823.9866333007812,298.2232666015625,749.2971801757812,295.9173889160156,839.3447875976562,359.76654052734375,724.590087890625,352.69525146484375,835.0616455078125,414.2629089355469,731.4009399414062,404.2272644042969,801.6627807617188,418.9817199707031,756.37109375,417.8477783203125,794.7579956054688,506.6925354003906,760.140625,504.9495849609375,788.7617797851562,579.7651977539062,769.7778930664062,578.2310791015625
669,22.29995601577909,786.505126953125,246.77442932128906,795.2901611328125,238.89181518554688,779.1246948242188,238.77273559570312,808.5478515625,243.91262817382812,767.2691040039062,243.33370971679688,824.2780151367188,293.7956848144531,745.9825439453125,292.393798828125,840.374755859375,356.5787048339844,724.416015625,350.26904296875,835.8993530273438,414.7668151855469,732.0426025390625,403.5186767578125,804.380615234375,417.3583984375,755.1282348632812,416.60009765625,796.0740966796875,501.525146484375,755.3170776367188,500.3261413574219,788.4463500976562,578.1944580078125,766.29150390625,576.8455810546875
670,22.333289283366206,786.8148193359375,246.7135772705078,795.3903198242188,238.8402099609375,779.2681884765625,238.72067260742188,808.0762939453125,244.0017547607422,766.7579956054688,243.33560180664062,823.1798095703125,293.6862487792969,744.817138671875,292.5433349609375,838.3434448242188,355.9883117675781,723.2733154296875,351.603515625,835.4495849609375,414.4239807128906,731.7542724609375,407.7043762207031,803.9998779296875,416.1369323730469,754.3514404296875,415.5263671875,796.2848510742188,498.9135437011719,752.406005859375,497.8477783203125,788.0503540039062,574.6729736328125,760.644287109375,573.5617065429688
671,22.36662255095332,785.8674926757812,247.03262329101562,794.4839477539062,239.20184326171875,778.2127075195312,239.06085205078125,807.0269775390625,244.51426696777344,765.6326904296875,243.7901611328125,821.9341430664062,294.5118408203125,743.830810546875,293.282958984375,836.98681640625,356.86651611328125,721.3427734375,352.1726379394531,835.843017578125,415.5916748046875,728.7403564453125,408.05615234375,803.2745361328125,418.2444763183594,753.690673828125,417.62994384765625,796.388916015625,502.7383728027344,751.8641357421875,501.6663513183594,787.4627075195312,578.9287109375,757.662841796875,577.7498779296875
672,22.399955818540434,786.2929077148438,247.0666046142578,794.7842407226562,239.25115966796875,778.5787353515625,239.12257385253906,806.9660034179688,244.61288452148438,765.7101440429688,243.8992156982422,821.6928100585938,294.6332702636719,743.7068481445312,293.43951416015625,836.890625,356.8052978515625,721.4315185546875,352.2427673339844,835.906005859375,415.763916015625,728.7859497070312,408.3710021972656,803.0528564453125,418.1078796386719,753.5810546875,417.5521240234375,796.4406127929688,502.0196533203125,752.2618408203125,501.023193359375,787.31982421875,577.5101318359375,758.1051025390625,576.4852905273438
673,22.433289086127548,786.0608520507812,246.85182189941406,794.5643310546875,239.38380432128906,778.8095092773438,238.80699157714844,806.6438598632812,245.25038146972656,766.0736083984375,243.4658203125,822.3958740234375,295.2576904296875,744.3819580078125,293.1025390625,837.7468872070312,357.8414306640625,723.29150390625,351.4650573730469,835.5747680664062,416.3006286621094,729.5965576171875,405.7096862792969,803.8370361328125,416.4200134277344,754.1176147460938,415.57049560546875,795.7692260742188,502.07861328125,751.9970703125,501.1293029785156,786.9534301757812,578.7992553710938,755.5488891601562,577.3590698242188
674,22.46662235371466,783.6387329101562,247.74903869628906,791.9421997070312,239.94869995117188,775.8071899414062,239.86520385742188,803.7503662109375,244.98280334472656,762.7933959960938,244.499267578125,818.6417236328125,294.31317138671875,741.8525390625,294.0729064941406,834.979248046875,355.512451171875,719.5846557617188,353.0318603515625,834.9266967773438,414.23577880859375,721.1797485351562,409.3662414550781,803.1198120117188,418.65606689453125,754.126708984375,418.7045593261719,798.3792724609375,504.83319091796875,752.3834838867188,504.47979736328125,791.8775634765625,582.3011474609375,756.0699462890625,582.0105590820312
675,22.499955621301773,782.8768310546875,247.5146484375,790.8544311523438,239.7304229736328,774.7852172851562,239.7044219970703,801.9031982421875,245.0998077392578,761.0487670898438,244.704345703125,815.9810180664062,294.6661682128906,739.5858154296875,295.048095703125,832.2000122070312,355.61505126953125,716.3865966796875,355.51568603515625,834.2020874023438,413.8594055175781,718.3718872070312,413.52838134765625,801.6509399414062,418.3616943359375,752.8754272460938,418.9159851074219,798.8167114257812,505.0719299316406,753.3182373046875,505.3397521972656,789.6802368164062,583.4375610351562,753.6322021484375,584.0231323242188
676,22.533288888888887,781.9027099609375,248.40785217285156,789.42138671875,240.58184814453125,773.5617065429688,240.635986328125,799.5413208007812,245.5602569580078,759.0055541992188,245.31065368652344,814.09033203125,294.6017761230469,737.1728515625,295.35845947265625,831.5723876953125,355.328125,714.1299438476562,356.154541015625,834.48046875,413.0563659667969,716.1830444335938,413.3797302246094,801.0638427734375,419.24609375,752.1404418945312,420.13812255859375,799.2304077148438,506.7464294433594,754.7565307617188,507.408203125,788.6197509765625,585.04345703125,754.3682250976562,586.166259765625
677,22.566622156476,779.0535278320312,248.5862579345703,786.669677734375,240.66354370117188,770.793212890625,240.77447509765625,797.1515502929688,245.38510131835938,756.7589721679688,245.36802673339844,812.4992065429688,294.0320129394531,735.25146484375,295.6210021972656,830.477294921875,353.8994140625,712.4074096679688,357.5692443847656,833.8103637695312,410.1073913574219,715.1519165039062,416.4687194824219,800.574462890625,418.8109130859375,751.5638427734375,420.0400085449219,799.4266357421875,505.8493957519531,755.1556396484375,506.6867980957031,788.3446044921875,583.4429931640625,755.2288208007812,584.5792236328125
678,22.599955424063115,774.9320678710938,248.74493408203125,782.83837890625,240.77256774902344,766.770263671875,240.89230346679688,794.33642578125,245.32196044921875,753.7235717773438,245.46414184570312,811.3677978515625,293.8700256347656,733.2299194335938,295.64190673828125,829.9743041992188,354.1022033691406,711.6419677734375,357.9364318847656,833.0274658203125,408.7950744628906,713.9622192382812,415.1263122558594,799.502685546875,417.93304443359375,749.8681640625,419.10760498046875,800.254150390625,505.51275634765625,754.4346313476562,506.1636657714844,789.0867309570312,583.7730102539062,754.0026245117188,584.3960571289062
679,22.63328869165023,771.27587890625,247.4837646484375,778.9752197265625,239.5792236328125,763.2606201171875,239.81568908691406,790.3099365234375,244.32423400878906,750.294921875,244.76014709472656,806.8635864257812,292.7105407714844,730.416748046875,295.28497314453125,823.3804321289062,351.910888671875,708.350341796875,358.1062316894531,829.1251831054688,404.00518798828125,711.1449584960938,414.5387268066406,798.152099609375,417.3419189453125,749.3784790039062,419.0126647949219,800.4906005859375,504.9656066894531,753.4718627929688,505.9985656738281,792.3439331054688,582.9769287109375,753.4232177734375,583.849609375
680,22.666621959237343,769.8460083007812,247.76339721679688,777.721923828125,239.8033905029297,761.7744140625,239.9725341796875,789.3406372070312,244.52401733398438,748.7922973632812,244.7861328125,806.018310546875,292.8784484863281,729.5967407226562,295.1324157714844,821.7194213867188,352.1119384765625,708.35498046875,357.6051940917969,827.4190673828125,402.2451171875,710.4236450195312,411.5836486816406,797.792724609375,416.2041015625,748.8167724609375,417.7172546386719,801.54638671875,503.08990478515625,752.3883666992188,503.9070129394531,795.1546630859375,580.428466796875,752.3516845703125,580.8123168945312
681,22.699955226824457,768.4071655273438,248.19833374023438,776.2930297851562,240.2517852783203,760.1851196289062,240.4422149658203,788.1231689453125,244.89404296875,747.0919799804688,245.224365234375,805.0638427734375,292.8614196777344,728.47119140625,295.2463073730469,820.9193725585938,351.3995056152344,707.0032348632812,357.10302734375,826.3870239257812,399.1274719238281,709.17822265625,408.5525817871094,798.1348876953125,415.9078674316406,748.9005737304688,417.5263977050781,802.7996215820312,503.4788818359375,752.6514282226562,504.3865661621094,796.3704223632812,581.13916015625,751.5223999023438,581.5281372070312
682,22.73328849441157,767.960693359375,248.4122772216797,775.8011474609375,240.48605346679688,759.5230712890625,240.7073974609375,787.333984375,245.1457061767578,745.9547729492188,245.57443237304688,804.2088623046875,292.50860595703125,727.6747436523438,294.9962158203125,819.8464965820312,349.95184326171875,705.8864135742188,355.39892578125,825.0518798828125,396.1727294921875,706.15234375,404.7082824707031,797.806640625,413.7217102050781,748.6536865234375,415.4188232421875,803.334228515625,500.760009765625,753.3735961914062,501.73236083984375,796.5375366210938,578.0629272460938,752.077392578125,578.5425415039062
683,22.766621761998685,767.5194702148438,248.6383056640625,775.3513793945312,240.61807250976562,758.9149169921875,240.94532775878906,786.7459106445312,245.25538635253906,745.1350708007812,245.9947052001953,803.6727905273438,292.54827880859375,727.322021484375,295.4425964355469,819.0040283203125,349.3205871582031,705.6761474609375,355.0215148925781,824.6368408203125,394.969970703125,704.3682250976562,402.5376892089844,797.4796752929688,412.6997985839844,748.5145874023438,414.6163024902344,804.3997802734375,497.8035583496094,754.69287109375,499.00341796875,796.5733032226562,573.544677734375,752.416748046875,574.2568359375
684,22.799955029585796,767.2786254882812,248.5160369873047,775.1358032226562,240.5237579345703,758.73486328125,240.81314086914062,786.6130981445312,245.22897338867188,745.1119384765625,245.88368225097656,803.7119140625,292.601318359375,727.2713623046875,295.3157043457031,819.0955200195312,349.29779052734375,705.4917602539062,354.6014099121094,824.6121826171875,395.00457763671875,704.216064453125,402.1130065917969,797.2498168945312,412.251953125,748.2677612304688,414.07470703125,804.65576171875,496.4698486328125,755.0712890625,497.5780334472656,796.0911865234375,571.6220703125,752.3460693359375,572.1756591796875
685,22.83328829717291,767.2686767578125,248.4473876953125,775.0537719726562,240.44534301757812,758.709228515625,240.77969360351562,786.408935546875,245.1954345703125,744.9978637695312,245.96270751953125,803.5773315429688,292.57257080078125,727.0972900390625,295.5461120605469,819.2009887695312,349.0104675292969,705.5848388671875,354.9012756347656,824.5813598632812,394.4716796875,704.45263671875,402.2287292480469,797.3515625,412.1358337402344,748.3359375,414.09637451171875,804.6542358398438,496.1038818359375,755.0617065429688,497.36334228515625,796.1267700195312,570.986083984375,752.5023803710938,571.7651977539062
686,22.866621564760024,765.9863891601562,248.62416076660156,773.777099609375,240.7092742919922,757.395751953125,241.0414276123047,785.1040649414062,245.29159545898438,743.8546752929688,246.15902709960938,801.8609619140625,291.3779296875,726.597412109375,294.5312194824219,817.2863159179688,345.9294738769531,703.702392578125,351.7801513671875,822.576171875,391.2933044433594,700.7216186523438,398.79803466796875,795.7055053710938,408.30242919921875,747.3988037109375,410.3973693847656,805.6741943359375,490.5823974609375,756.1986694335938,492.01483154296875,794.4671020507812,566.5422973632812,749.8067626953125,567.4646606445312
687,22.899954832347138,765.8328247070312,248.37698364257812,773.7506713867188,240.41453552246094,757.24560546875,240.7830047607422,785.2540283203125,245.23159790039062,743.9498901367188,246.24566650390625,802.069580078125,291.7127685546875,727.0014038085938,295.00482177734375,816.8322143554688,346.1094665527344,703.5435791015625,352.20574951171875,819.7847900390625,389.9707336425781,699.9400024414062,399.4388122558594,795.7200317382812,408.951904296875,747.6365966796875,411.01507568359375,805.1669311523438,490.328125,756.6201171875,491.62762451171875,793.36083984375,566.3682250976562,750.961669921875,567.08154296875
688,22.933288099934252,766.5862426757812,248.19830322265625,774.4083251953125,240.25607299804688,757.8839111328125,240.64390563964844,785.763916015625,245.23765563964844,744.3577270507812,246.28802490234375,802.2965087890625,292.0242614746094,727.5941772460938,295.187744140625,816.050537109375,346.4055480957031,703.9196166992188,352.73114013671875,815.7514038085938,388.03173828125,701.4409790039062,400.7430725097656,795.7760009765625,409.89617919921875,747.905517578125,411.7774658203125,804.03466796875,491.5570983886719,756.08642578125,492.56597900390625,791.8671875,568.4642944335938,751.2526245117188,568.9138793945312
689,22.966621367521366,767.1248168945312,248.095458984375,774.8919067382812,240.18655395507812,758.358642578125,240.6624755859375,786.3172607421875,245.19435119628906,744.6845703125,246.6056365966797,801.7056884765625,290.9345703125,728.41162109375,295.5677795410156,813.3771362304688,342.2232666015625,704.4241333007812,354.6815490722656,806.8318481445312,374.4363708496094,703.6024780273438,403.91302490234375,795.4774169921875,409.1990051269531,748.2965698242188,411.5686340332031,802.9879150390625,490.8266906738281,755.93115234375,492.1401062011719,790.2982788085938,567.5885009765625,751.6737670898438,568.4468383789062
690,22.99995463510848,768.04443359375,248.0316619873047,775.8189697265625,240.28863525390625,759.3954467773438,240.596923828125,787.1962890625,245.37681579589844,745.6771240234375,246.4259033203125,802.09716796875,290.52587890625,729.8443603515625,295.2659912109375,812.9740600585938,339.4034729003906,706.4812622070312,354.9766540527344,802.5653076171875,364.080322265625,705.6190185546875,404.8121032714844,795.5065307617188,409.9122619628906,749.0007934570312,412.0132751464844,800.23046875,493.18438720703125,754.3035888671875,494.020263671875,788.945068359375,571.3787231445312,752.1233520507812,571.6360473632812
691,23.033287902695594,768.8648681640625,248.7500762939453,777.085205078125,241.48951721191406,760.5838623046875,241.86624145507812,787.9315185546875,246.2550811767578,748.2835693359375,246.52670288085938,803.5369262695312,293.2922668457031,732.514892578125,296.6354675292969,818.569580078125,347.5470886230469,712.1619262695312,356.3466796875,808.2518920898438,391.5540771484375,709.1473388671875,414.0141906738281,793.951171875,416.3748474121094,747.9862060546875,418.0172424316406,794.4490966796875,499.1789855957031,750.7380981445312,502.21478271484375,780.8405151367188,569.1527099609375,752.1559448242188,578.2537231445312
692,23.06662117028271,770.1215209960938,248.2532501220703,778.1987915039062,241.06369018554688,761.8513793945312,241.21925354003906,788.8960571289062,246.01058959960938,749.5484008789062,245.91119384765625,805.7236328125,293.7966003417969,733.1632080078125,295.7642517089844,822.5269165039062,348.2844543457031,713.4547119140625,355.33013916015625,812.7786254882812,388.07745361328125,710.5614624023438,411.7969665527344,793.9573364257812,417.4781188964844,747.319091796875,417.9306640625,792.48876953125,502.3655700683594,749.242919921875,501.94525146484375,780.0169067382812,575.5302124023438,751.7551879882812,579.1400756835938
693,23.099954437869822,770.9765014648438,248.38629150390625,779.160888671875,241.3218536376953,762.948974609375,241.24151611328125,790.3023681640625,246.3988800048828,750.9404296875,245.71099853515625,804.7989501953125,295.005859375,734.8887329101562,294.9140319824219,822.7769775390625,355.19366455078125,713.5565185546875,355.2528076171875,824.2423706054688,410.23773193359375,711.8640747070312,411.972412109375,793.0410766601562,415.7899169921875,747.9851684570312,416.1372985839844,793.4251098632812,501.17138671875,751.2737426757812,502.5019226074219,782.4575805664062,575.211669921875,751.6856689453125,579.7061767578125
694,23.133287705456937,772.4500122070312,248.08412170410156,780.1714477539062,240.495361328125,764.5122680664062,240.27957153320312,790.99169921875,245.86155700683594,751.2496337890625,245.0298614501953,805.6973876953125,294.6766357421875,732.229736328125,294.10211181640625,819.2139282226562,355.6568603515625,710.38720703125,353.89892578125,827.8130493164062,410.5895080566406,708.83154296875,408.68927001953125,794.5664672851562,416.06024169921875,747.8877563476562,416.2008361816406,796.6419677734375,503.0807189941406,752.6751098632812,502.681640625,788.3170776367188,581.6034545898438,750.4653930664062,580.7286376953125
695,23.166620973044047,773.1890258789062,248.16587829589844,781.2532958984375,240.65142822265625,765.584228515625,240.23513793945312,792.7472534179688,246.04931640625,752.9557495117188,244.6216583251953,807.499755859375,295.1672668457031,733.1453857421875,293.767822265625,822.0956420898438,356.4826965332031,710.3016967773438,353.43353271484375,835.3068237304688,411.6330261230469,709.5609130859375,406.9815979003906,795.4004516601562,416.76116943359375,748.3487548828125,416.5396728515625,796.3240966796875,503.6462707519531,752.1445922851562,502.9317626953125,789.4367065429688,582.39013671875,750.4854736328125,580.958740234375
696,23.19995424063116,773.5746459960938,248.08998107910156,781.5359497070312,240.5731201171875,765.9080200195312,240.16558837890625,792.755859375,246.0246124267578,753.0537719726562,244.58474731445312,807.3283081054688,295.2585144042969,733.0586547851562,293.8195495605469,822.0025024414062,356.616455078125,710.015380859375,353.619873046875,835.5094604492188,411.71124267578125,709.6838989257812,407.368896484375,795.1836547851562,416.9364318847656,748.2393188476562,416.718994140625,796.0106201171875,503.8010559082031,752.3512573242188,503.1058044433594,788.468994140625,582.416748046875,750.4360961914062,581.0669555664062
697,23.233287508218275,773.8101806640625,248.1370086669922,781.816162109375,240.65512084960938,766.1712646484375,240.22239685058594,793.0465087890625,246.22509765625,753.3557739257812,244.72157287597656,807.3508911132812,295.4934997558594,733.2973022460938,293.9518127441406,821.9868774414062,356.673583984375,709.8180541992188,353.5508117675781,835.5422973632812,411.8228454589844,709.7979125976562,407.80657958984375,795.1100463867188,417.15570068359375,748.2996826171875,416.8840637207031,795.8671264648438,504.03228759765625,752.4393920898438,503.2596435546875,788.4105834960938,582.552978515625,750.7577514648438,581.1244506835938
698,23.26662077580539,775.7885131835938,246.6471710205078,783.923828125,240.03407287597656,767.6860961914062,239.62335205078125,795.5191650390625,244.74961853027344,755.5155639648438,243.65191650390625,810.8910522460938,295.0708923339844,736.7550659179688,293.1221618652344,834.612060546875,349.17578125,707.5689697265625,345.9007873535156,849.9644165039062,393.6418151855469,714.658203125,389.3605651855469,797.1722412109375,416.8750915527344,751.9622802734375,416.8867492675781,791.4310913085938,500.3316955566406,752.67236328125,501.3957824707031,780.6410522460938,575.5221557617188,754.42822265625,578.2678833007812
699,23.299954043392503,777.8489379882812,246.3309326171875,785.8888549804688,239.47767639160156,769.4419555664062,239.22592163085938,796.990966796875,243.97938537597656,756.5095825195312,243.10308837890625,812.9320678710938,293.72100830078125,735.6404418945312,292.2496643066406,838.1328735351562,344.28179931640625,702.1682739257812,343.28155517578125,854.9029541015625,379.8900451660156,718.0638427734375,380.84344482421875,799.4266357421875,417.0855407714844,752.629150390625,417.7581481933594,790.6262817382812,500.81561279296875,752.8543701171875,503.41143798828125,777.8507690429688,575.2036743164062,754.3379516601562,578.6648559570312
700,23.333287310979618,779.1918334960938,247.16688537597656,787.0982666015625,239.62828063964844,770.5812377929688,239.60675048828125,796.8292236328125,244.20420837402344,756.5535888671875,244.07498168945312,814.4939575195312,292.1053771972656,733.8392944335938,291.7847900390625,843.940185546875,336.4034729003906,700.0682373046875,336.7109375,864.8485717773438,369.6044921875,717.2327880859375,362.6159973144531,802.3411865234375,413.7425231933594,751.9349365234375,414.07220458984375,790.1572265625,502.1679382324219,752.2846069335938,502.65008544921875,778.6314086914062,576.706787109375,752.702392578125,576.0238647460938
701,23.36662057856673,780.828369140625,247.2176971435547,788.2107543945312,239.50132751464844,771.9456176757812,239.88426208496094,796.63427734375,244.42495727539062,757.194580078125,245.4541015625,815.9592895507812,291.69219970703125,733.781494140625,293.60186767578125,849.6786499023438,330.7303161621094,698.8318481445312,333.1519775390625,867.0279541015625,348.65338134765625,711.1730346679688,336.5634460449219,802.2128295898438,413.5118103027344,751.0755004882812,414.4988708496094,789.9970703125,502.4211120605469,752.22509765625,503.5627136230469,777.9583740234375,576.9717407226562,753.5647583007812,575.9349365234375
702,23.399953846153846,781.5618896484375,247.14459228515625,788.7315063476562,240.25140380859375,773.1951904296875,240.26426696777344,797.3240966796875,244.45654296875,758.95361328125,244.0807342529297,815.8733520507812,289.23541259765625,732.9026489257812,289.9573669433594,850.4274291992188,325.0684814453125,692.7755737304688,326.0226745605469,866.4988403320312,333.90673828125,715.3892211914062,319.7544860839844,799.0326538085938,413.7337951660156,749.3941650390625,415.4231872558594,790.5315551757812,500.6419372558594,751.9295043945312,504.3978271484375,774.7520141601562,576.0655517578125,753.0905151367188,577.4356689453125
703,23.43328711374096,782.6077270507812,247.8795928955078,789.8085327148438,240.89932250976562,773.9315795898438,240.96243286132812,799.5150756835938,246.05467224121094,760.6405029296875,245.75436401367188,819.941162109375,295.1470642089844,736.841064453125,287.4339294433594,857.3428344726562,324.55706787109375,696.6541748046875,305.9994201660156,861.9336547851562,301.6488952636719,729.1151733398438,292.7923278808594,799.2916259765625,416.3332214355469,749.3751831054688,414.3976135253906,788.3361206054688,502.09051513671875,752.7714233398438,504.5068664550781,779.4218139648438,575.3565673828125,753.33740234375,577.849365234375
704,23.466620381328074,783.7681884765625,248.86167907714844,790.6504516601562,241.37310791015625,774.8207397460938,241.7093048095703,799.9539184570312,246.09371948242188,761.049072265625,246.03981018066406,823.098876953125,295.113525390625,735.1477661132812,285.50177001953125,864.5546875,318.4267272949219,693.0333862304688,294.4892578125,858.656005859375,286.4137268066406,745.26953125,274.2820739746094,802.8451538085938,417.3055114746094,749.9912719726562,415.1938781738281,789.1631469726562,501.9468078613281,753.6663818359375,507.00762939453125,777.4503784179688,573.8930053710938,754.1315307617188,579.1287231445312
705,23.499953648915184,782.4393920898438,250.6405792236328,789.4434814453125,243.2386932373047,774.149658203125,242.996826171875,798.493408203125,247.06320190429688,760.0206909179688,245.60057067871094,821.94287109375,294.1473693847656,734.2833251953125,283.60491943359375,867.2342529296875,310.19061279296875,693.7578735351562,284.0511474609375,846.3170776367188,272.4239196777344,745.1412353515625,262.3230285644531,802.5682373046875,417.7936096191406,749.6405029296875,415.07098388671875,788.4761962890625,501.876220703125,752.987548828125,508.359375,775.9773559570312,571.9074096679688,754.5167846679688,580.4986572265625
706,23.5332869165023,781.2556762695312,253.32916259765625,788.8258056640625,245.5983123779297,773.1525268554688,245.4409637451172,799.6799926757812,246.57196044921875,760.243408203125,245.48500061035156,823.2137451171875,288.76239013671875,735.8795776367188,279.4942321777344,865.4832763671875,300.229248046875,695.813232421875,277.3453369140625,835.7972412109375,260.5413513183594,745.4322509765625,256.38922119140625,802.2258911132812,414.8837585449219,749.0391235351562,412.0455322265625,788.35498046875,499.7776184082031,752.51904296875,505.3984375,774.823974609375,571.7197265625,755.4962768554688,579.2516479492188
707,23.566620184089413,782.9989624023438,245.822998046875,790.0906372070312,238.90516662597656,775.5513916015625,238.4336700439453,799.3447875976562,245.45144653320312,762.6569213867188,242.09841918945312,821.3406372070312,288.45965576171875,735.9066772460938,277.3117980957031,860.0408935546875,289.3730163574219,695.7327880859375,270.4049072265625,821.5463256835938,246.53514099121094,750.6014404296875,249.69483947753906,805.1671142578125,416.4225158691406,750.4049682617188,413.5537109375,789.8316650390625,499.60418701171875,753.8999633789062,506.4886779785156,779.5828247070312,571.2313232421875,760.2033081054688,579.4688720703125
708,23.599953451676527,783.0315551757812,246.14039611816406,790.1066284179688,239.23196411132812,775.4843139648438,238.7719268798828,799.3662719726562,245.81277465820312,762.4061279296875,242.4925994873047,821.339111328125,288.9381103515625,735.9843139648438,277.62457275390625,859.7969360351562,289.9234313964844,696.19921875,270.486083984375,821.4740600585938,246.75985717773438,750.7887573242188,249.3828125,805.27880859375,416.7176208496094,750.5962524414062,413.6880798339844,789.2606811523438,500.1592712402344,753.811279296875,506.5271911621094,778.7362670898438,571.5093383789062,760.1796875,578.93896484375
709,23.63328671926364,783.0155029296875,245.7574920654297,790.0877685546875,238.88079833984375,775.4641723632812,238.41659545898438,799.3401489257812,245.5839080810547,762.3668823242188,242.2384796142578,821.3330688476562,288.734375,735.93115234375,277.3959045410156,859.776123046875,289.8357238769531,695.8768310546875,270.4809265136719,821.4727172851562,246.4888153076172,750.6293334960938,249.60804748535156,805.5599975585938,416.439697265625,750.859130859375,413.4374694824219,789.1239624023438,499.9373779296875,753.744140625,506.5267333984375,778.4297485351562,571.7446899414062,760.0201416015625,579.5477294921875
710,23.666619986850755,786.7808227539062,238.2310791015625,791.8472290039062,232.56517028808594,779.834716796875,232.7104949951172,798.0222778320312,243.69647216796875,767.58740234375,241.90492248535156,822.740478515625,285.9748229980469,737.8145141601562,276.3799133300781,857.2485961914062,277.8794860839844,701.9364624023438,259.2593078613281,811.740234375,234.23040771484375,758.9746704101562,231.36000061035156,805.1962280273438,414.83258056640625,750.2223510742188,412.44073486328125,790.3562622070312,498.9372253417969,755.1565551757812,506.23028564453125,778.1805419921875,572.3057250976562,758.8406982421875,580.2356567382812
711,23.69995325443787,786.3411254882812,247.05044555664062,791.87890625,241.48873901367188,779.351318359375,241.53781127929688,799.1098022460938,250.7236328125,767.0277709960938,248.59512329101562,821.507080078125,288.5364990234375,740.3147583007812,278.95147705078125,853.7728881835938,272.0511474609375,707.7108764648438,252.83319091796875,808.8461303710938,229.6755828857422,762.9843139648438,223.43211364746094,805.7265625,415.13922119140625,752.4414672851562,412.59210205078125,791.1190185546875,499.0227355957031,755.4761962890625,505.5552062988281,780.0237426757812,573.0454711914062,759.9100341796875,580.0078735351562
712,23.733286522024983,787.2391967773438,242.54693603515625,793.4682006835938,237.71424865722656,780.3174438476562,237.2586669921875,801.1563720703125,248.81863403320312,767.9603271484375,245.61737060546875,821.9571533203125,287.07720947265625,741.399169921875,278.1369323730469,852.672607421875,265.15435791015625,711.6337280273438,248.2122802734375,806.8935546875,223.1651153564453,768.8643188476562,214.8895263671875,805.8285522460938,414.5387878417969,752.7362060546875,412.28009033203125,791.76025390625,499.09979248046875,755.3907470703125,506.0437316894531,779.773193359375,573.5221557617188,760.928466796875,580.7967529296875
713,23.766619789612097,786.4283447265625,244.32882690429688,792.2470703125,239.8970947265625,779.62744140625,239.4132537841797,799.3200073242188,251.4345245361328,767.156005859375,248.2736358642578,820.0095825195312,288.35162353515625,741.5176391601562,279.62249755859375,851.7076416015625,263.4613952636719,713.091552734375,247.05221557617188,808.276611328125,219.2057342529297,765.279296875,211.9684295654297,805.2272338867188,414.3980407714844,753.2169189453125,412.0787658691406,792.2557373046875,498.656982421875,755.93896484375,505.1144714355469,780.2403564453125,572.6468505859375,760.1990966796875,579.8057861328125
714,23.79995305719921,785.8078002929688,244.53460693359375,791.6240844726562,240.08155822753906,778.6881103515625,239.78515625,798.6126708984375,251.87220764160156,765.861572265625,249.11216735839844,818.3753662109375,289.6937561035156,741.4613037109375,281.1967468261719,849.772705078125,262.7290954589844,713.1434326171875,245.21591186523438,809.4259033203125,217.74134826660156,763.1615600585938,206.84552001953125,804.7584228515625,416.0413513183594,753.826171875,414.05877685546875,791.7666625976562,499.7287902832031,756.6470336914062,506.9685363769531,779.7164306640625,572.62158203125,760.3184814453125,581.0358276367188
715,23.833286324786325,783.5253295898438,245.503662109375,790.1608276367188,240.69937133789062,776.0392456054688,240.31973266601562,798.8931274414062,251.35003662109375,763.1554565429688,248.41087341308594,817.4176025390625,288.80389404296875,741.1707763671875,280.3224182128906,847.5411376953125,261.18548583984375,714.712646484375,243.84561157226562,809.1198120117188,215.44720458984375,763.548828125,203.90985107421875,804.6493530273438,415.5032653808594,753.8297119140625,413.4822998046875,792.0751342773438,499.6551818847656,756.3480224609375,506.5339660644531,779.6571044921875,572.6302490234375,760.6982421875,580.8880004882812
716,23.866619592373436,782.4349975585938,244.71714782714844,789.0921020507812,240.4049530029297,774.593505859375,239.55284118652344,797.7880249023438,249.6918487548828,760.8347778320312,247.38348388671875,817.331787109375,288.93499755859375,739.1533203125,281.81201171875,848.9299926757812,262.7193298339844,715.6831665039062,244.2274627685547,812.1049194335938,213.43911743164062,763.5321655273438,202.86392211914062,802.8735961914062,413.69482421875,753.28369140625,411.6211242675781,792.0181884765625,500.1064758300781,754.2476806640625,505.4259948730469,773.3457641601562,572.2771606445312,754.3711547851562,580.5336303710938
717,23.89995285996055,782.98046875,245.39234924316406,789.254150390625,241.07687377929688,775.1941528320312,240.27699279785156,797.3477172851562,250.2279815673828,761.1227416992188,247.97654724121094,816.6101684570312,288.9720153808594,739.2642822265625,281.7038269042969,847.5126342773438,262.3778381347656,716.6123657226562,243.9135284423828,812.6083374023438,212.8267822265625,763.6354370117188,202.67762756347656,802.83642578125,413.866455078125,753.6557006835938,411.7166442871094,791.7706298828125,500.0900573730469,754.3170776367188,504.73345947265625,773.36279296875,572.7848510742188,754.092041015625,580.016845703125
718,23.933286127547664,783.8783569335938,246.1658935546875,789.6445922851562,241.7464599609375,775.956298828125,241.2076873779297,796.92041015625,250.85757446289062,761.2752685546875,249.1600799560547,815.9871826171875,289.4486083984375,739.11865234375,282.7869873046875,846.6165161132812,261.01806640625,716.754638671875,243.905029296875,812.7007446289062,210.94302368164062,764.0933837890625,202.23910522460938,803.0331420898438,414.7231140136719,754.0546875,412.95849609375,792.0797119140625,500.51806640625,754.7901000976562,505.5743103027344,773.9151000976562,572.80615234375,753.9037475585938,580.1940307617188
719,23.966619395134778,783.7459106445312,246.0269317626953,789.2083129882812,241.63023376464844,776.082763671875,241.4615478515625,795.5977783203125,251.08621215820312,762.1358032226562,249.816162109375,814.9257202148438,287.7870178222656,740.0518798828125,280.903076171875,846.114013671875,256.9224853515625,715.5238647460938,237.391357421875,812.4024658203125,205.03933715820312,762.047119140625,197.99229431152344,803.273681640625,415.65313720703125,755.0674438476562,413.96649169921875,792.6552124023438,499.2994384765625,756.1156616210938,504.94293212890625,776.4476318359375,575.1627197265625,754.0734252929688,583.3180541992188
720,23.999952662721892,783.6900634765625,246.1649932861328,788.9880981445312,241.61036682128906,776.0553588867188,241.54884338378906,795.1851806640625,250.7350311279297,762.240234375,249.70118713378906,814.7933959960938,287.490234375,740.10546875,280.6863098144531,846.1431884765625,257.12445068359375,715.2265625,237.6207733154297,812.4625854492188,205.3056182861328,761.4862060546875,198.52127075195312,803.0784301757812,415.5120544433594,755.0321044921875,413.82684326171875,792.7235717773438,499.1206970214844,756.3596801757812,504.62457275390625,776.7838745117188,575.2842407226562,753.813232421875,583.1893920898438
721,24.033285930309006,783.2119140625,245.9004364013672,788.640625,241.4075927734375,775.4435424804688,241.47933959960938,795.1912841796875,250.82406616210938,761.8828735351562,250.175537109375,814.9521484375,287.8125,740.3078002929688,281.5441589355469,845.9133911132812,257.1399841308594,715.2268676757812,238.2859649658203,812.2007446289062,205.2991943359375,760.8087768554688,198.518798828125,803.1024780273438,415.6905212402344,755.1035766601562,414.2142028808594,792.61474609375,499.36981201171875,756.2958374023438,505.276123046875,777.0262451171875,574.9746704101562,754.020263671875,583.363037109375
722,24.06661919789612,782.03125,244.66476440429688,787.5130004882812,240.09092712402344,773.9324951171875,240.53489685058594,794.5433959960938,249.59234619140625,760.6422729492188,249.77011108398438,814.967041015625,286.4603271484375,739.8726806640625,280.6918029785156,845.69677734375,254.28939819335938,715.5663452148438,235.7923126220703,812.1194458007812,202.74404907226562,764.62353515625,196.67823791503906,803.4105834960938,414.8845520019531,754.9956665039062,413.7055969238281,792.6598510742188,498.0123291015625,756.0740356445312,504.4793701171875,777.1753540039062,574.379150390625,753.9032592773438,583.3204345703125
723,24.099952465483234,781.7758178710938,241.71083068847656,787.6053466796875,237.12550354003906,773.4085083007812,237.7228546142578,795.5172729492188,247.1582794189453,760.687255859375,247.7666778564453,816.3370361328125,285.1341857910156,740.1683349609375,279.2288818359375,845.91357421875,253.74339294433594,715.2217407226562,234.2715301513672,812.728759765625,202.70616149902344,766.7509155273438,195.8468475341797,803.6870727539062,414.53009033203125,754.642822265625,413.3389587402344,792.4881591796875,498.1092224121094,755.7669067382812,504.5702819824219,777.3492431640625,574.9974975585938,754.1118774414062,583.6127319335938
724,24.13328573307035,782.020751953125,242.49417114257812,787.8719482421875,237.69480895996094,773.4478759765625,238.41439819335938,795.86767578125,247.16384887695312,760.2470092773438,248.1176300048828,816.46923828125,284.75567626953125,740.230712890625,279.6722717285156,845.9486694335938,251.40782165527344,715.9966430664062,233.24893188476562,812.1386108398438,200.73838806152344,766.9890747070312,193.71812438964844,803.8870849609375,414.6990661621094,754.7504272460938,413.7641296386719,792.70849609375,497.7099304199219,755.6946411132812,504.2546081542969,777.5438232421875,574.7875366210938,754.2210083007812,583.0635375976562
725,24.166619000657462,781.5888671875,242.84378051757812,787.3870849609375,237.8432159423828,772.8755493164062,238.7520751953125,795.4592895507812,246.84814453125,759.5039672851562,248.32269287109375,816.2703857421875,284.1187744140625,740.0773315429688,279.9519348144531,846.1016845703125,249.20668029785156,715.9659423828125,232.5727081298828,811.0987548828125,199.03054809570312,765.223388671875,193.28321838378906,803.7467651367188,415.1314697265625,754.6017456054688,414.4761047363281,792.8633422851562,497.3989562988281,755.6556396484375,504.35125732421875,777.9777221679688,575.0473022460938,753.9989624023438,583.6535034179688
726,24.199952268244573,781.0810546875,245.77085876464844,786.6461791992188,240.60023498535156,772.5575561523438,241.50267028808594,794.3934326171875,248.80270385742188,759.335205078125,250.18215942382812,814.8426513671875,285.465576171875,740.3159790039062,281.06561279296875,845.2921752929688,249.26998901367188,716.9652709960938,232.4400177001953,812.7282104492188,198.2967529296875,766.0316162109375,192.57818603515625,802.9507446289062,415.979736328125,754.9037475585938,415.22711181640625,792.0478515625,498.25604248046875,756.0748291015625,504.7349853515625,777.500244140625,575.2413330078125,753.8135375976562,583.1571044921875
727,24.233285535831687,780.6547241210938,250.09683227539062,786.9015502929688,244.41664123535156,772.0408935546875,245.26864624023438,795.958251953125,250.26419067382812,758.7714233398438,251.66419982910156,814.0238037109375,284.7775573730469,742.2264404296875,281.8338928222656,841.2716674804688,245.15029907226562,719.7417602539062,231.8517608642578,809.307373046875,194.10107421875,760.7177124023438,189.80029296875,802.0787353515625,416.05548095703125,755.516357421875,415.5164794921875,791.734130859375,497.6681823730469,756.146728515625,503.3903503417969,777.8098754882812,574.965576171875,754.8203735351562,582.0269775390625
728,24.2666188034188,781.1827392578125,249.8965301513672,787.7353515625,244.03575134277344,772.06201171875,245.0578155517578,797.398193359375,249.7854461669922,758.2826538085938,251.53799438476562,813.6166381835938,284.8406066894531,743.0782470703125,281.98419189453125,838.1605834960938,244.56301879882812,723.1619873046875,230.94505310058594,811.3493041992188,191.65623474121094,764.3189086914062,185.0836639404297,801.6570434570312,416.58428955078125,755.5810546875,416.2453308105469,791.7554321289062,497.8797607421875,756.2056274414062,503.3823547363281,777.6483764648438,574.9052734375,754.946044921875,581.8489379882812
729,24.299952071005915,781.8170166015625,250.0143280029297,788.9692993164062,244.1781005859375,772.1741333007812,245.3478546142578,800.011474609375,250.2959747314453,758.6162719726562,252.33407592773438,814.29296875,285.3774108886719,745.6318969726562,281.9508361816406,834.8034057617188,243.86732482910156,731.1734619140625,228.11358642578125,814.0618896484375,189.5966796875,776.7713623046875,179.20333862304688,801.795166015625,416.88714599609375,756.1233520507812,416.4813232421875,792.734375,497.6060485839844,756.2247924804688,502.4936828613281,777.7857666015625,574.149169921875,754.4373168945312,580.8775634765625
730,24.33328533859303,782.2006225585938,249.9212188720703,789.1773071289062,244.21878051757812,772.848876953125,245.39341735839844,799.6749267578125,250.2086639404297,759.6876220703125,252.30877685546875,813.7127685546875,284.4300537109375,746.456298828125,282.182861328125,833.8827514648438,240.90066528320312,732.136474609375,228.0518341064453,814.1525268554688,188.01406860351562,775.312744140625,177.92965698242188,800.7337646484375,416.27691650390625,756.0441284179688,416.18115234375,792.16064453125,497.47711181640625,756.285400390625,502.0332946777344,777.5513305664062,574.4288330078125,754.4723510742188,580.4208984375
731,24.366618606180143,782.0374145507812,250.58639526367188,789.2255859375,244.6178436279297,772.6715698242188,245.8570098876953,800.2511596679688,249.6536407470703,759.81396484375,251.99899291992188,813.6314697265625,283.1479797363281,747.5440673828125,281.7256774902344,832.5285034179688,238.6827392578125,734.444091796875,227.2861785888672,814.3464965820312,186.6902313232422,775.1863403320312,175.64942932128906,800.0003662109375,416.3736877441406,755.9080200195312,416.42950439453125,791.9591674804688,498.1419677734375,756.186767578125,502.1873779296875,777.6713256835938,575.1390991210938,754.3875122070312,580.23876953125
732,24.399951873767257,781.6859130859375,251.2086639404297,788.881103515625,245.17559814453125,772.335693359375,246.42669677734375,799.9827270507812,249.94186401367188,759.5410766601562,252.30154418945312,813.4270629882812,283.15325927734375,747.3154907226562,281.7884521484375,832.3683471679688,238.8116912841797,734.1201782226562,227.45314025878906,814.6900634765625,187.14535522460938,775.2981567382812,175.6593017578125,800.0609130859375,416.2968444824219,755.958251953125,416.4134826660156,791.9812622070312,497.5647277832031,756.0972290039062,501.6724853515625,777.64306640625,574.7650146484375,754.3514404296875,579.857421875
733,24.43328514135437,781.6205444335938,251.4602813720703,788.715087890625,245.45252990722656,772.3059692382812,246.7365264892578,799.722412109375,250.22103881835938,759.6283569335938,252.6846160888672,813.3228759765625,283.3356628417969,747.5250244140625,282.04937744140625,832.2767333984375,238.92593383789062,734.2802124023438,227.71653747558594,815.3019409179688,187.44940185546875,774.6671142578125,175.87550354003906,799.957763671875,416.2119445800781,756.115966796875,416.2667236328125,791.4309692382812,497.44232177734375,755.9495239257812,501.1362609863281,777.3517456054688,574.7963256835938,754.1988525390625,579.116943359375
734,24.466618408941486,782.17626953125,250.36004638671875,789.2781372070312,244.25433349609375,772.7849731445312,245.44259643554688,799.9384155273438,248.42396545410156,759.27587890625,250.72763061523438,812.18994140625,281.156005859375,747.7529907226562,280.7931823730469,831.9625244140625,235.2317657470703,734.67138671875,227.35260009765625,818.8468017578125,183.70541381835938,768.3055419921875,174.87802124023438,799.0926513671875,415.19830322265625,756.2445678710938,415.43841552734375,790.831787109375,498.26702880859375,756.201904296875,501.4815673828125,777.134033203125,575.1338500976562,754.4887084960938,578.8173217773438
735,24.4999516765286,782.6024169921875,250.5618896484375,789.861328125,244.294189453125,773.151123046875,245.43588256835938,800.677490234375,247.67617797851562,759.2621459960938,249.96560668945312,812.0126953125,279.42138671875,748.8538818359375,279.9405822753906,831.44921875,231.79795837402344,738.7479858398438,226.3515167236328,818.6943969726562,178.94784545898438,769.8847045898438,171.9698486328125,798.6771240234375,414.79791259765625,756.3943481445312,415.1489562988281,790.48828125,498.4634704589844,755.96826171875,501.3868408203125,776.8821411132812,575.5986328125,754.57666015625,579.0505981445312
736,24.533284944115714,782.3811645507812,251.0117950439453,789.7420043945312,244.71778869628906,772.967529296875,245.76171875,800.5883178710938,247.71774291992188,758.9334106445312,249.7581787109375,811.2731323242188,278.67303466796875,749.1949462890625,279.3901062011719,830.4811401367188,229.76528930664062,740.3623657226562,225.03668212890625,818.3756103515625,174.78443908691406,770.0315551757812,168.1167755126953,798.6463623046875,414.9802551269531,756.8345947265625,415.39483642578125,790.343017578125,498.3267517089844,755.658447265625,501.375,776.674072265625,575.3776245117188,754.3128051757812,579.2673950195312
737,24.566618211702824,782.306640625,251.2813262939453,789.801513671875,244.76669311523438,772.8807373046875,245.79644775390625,800.8516845703125,246.88485717773438,758.8986206054688,248.78590393066406,810.5584716796875,277.4454650878906,749.8040161132812,277.7528381347656,828.6892700195312,228.74322509765625,741.7600708007812,222.76051330566406,819.4418334960938,173.5186004638672,771.3101196289062,164.96792602539062,798.4356689453125,414.73052978515625,757.3147583007812,415.1180114746094,790.1046752929688,498.0843200683594,755.640625,501.0607604980469,776.8084106445312,574.9512329101562,754.0906372070312,579.0018920898438
738,24.59995147928994,782.5079345703125,251.1837158203125,789.9468994140625,244.6199493408203,773.10693359375,245.694580078125,800.8084716796875,246.27984619140625,759.0602416992188,248.23114013671875,809.72998046875,276.1216125488281,750.3848266601562,276.7535095214844,826.6650390625,227.58987426757812,743.0870971679688,222.2692108154297,819.802734375,173.71826171875,771.591064453125,164.64537048339844,798.3007202148438,414.0823669433594,757.9189453125,414.6604919433594,789.9021606445312,497.6993713378906,755.6903686523438,500.6671142578125,777.0196533203125,575.0967407226562,753.9639892578125,579.122802734375
739,24.633284746877052,782.6461181640625,251.60997009277344,790.275634765625,245.12791442871094,773.5601806640625,245.97967529296875,801.24658203125,246.44970703125,760.1368408203125,247.81639099121094,809.343017578125,275.4779357910156,751.9689331054688,275.6624755859375,824.6891479492188,226.8427276611328,745.8726806640625,220.9550018310547,818.970458984375,172.0035400390625,773.286376953125,162.2439422607422,798.2572021484375,414.41412353515625,758.8499145507812,414.74700927734375,789.3811645507812,498.6484375,755.1285400390625,501.0223693847656,777.27001953125,575.5585327148438,753.61669921875,579.1831665039062
740,24.666618014464166,782.7469482421875,251.70701599121094,790.3720092773438,245.21780395507812,773.839111328125,245.94601440429688,801.173095703125,246.2122039794922,760.5345458984375,247.28875732421875,809.2135009765625,274.9131774902344,751.8145141601562,275.2303161621094,824.3937377929688,225.79086303710938,745.26123046875,220.83392333984375,818.3258056640625,170.4713134765625,773.1043701171875,161.45626831054688,798.2572021484375,414.42437744140625,758.8948364257812,414.8202209472656,789.408935546875,498.8490905761719,755.1962280273438,501.1899719238281,776.9987182617188,575.2153930664062,753.849365234375,578.748291015625
741,24.69995128205128,783.2116088867188,252.0186309814453,790.8733520507812,245.4878387451172,774.3903198242188,246.14682006835938,801.6602783203125,246.14437866210938,761.02685546875,247.09808349609375,809.605224609375,274.4720764160156,752.174072265625,275.02716064453125,825.1588134765625,224.9765625,745.4635620117188,220.74954223632812,818.076416015625,169.6845245361328,772.0774536132812,161.4281005859375,798.2884521484375,414.23211669921875,758.917724609375,414.6729736328125,789.5698852539062,498.4595642089844,755.1205444335938,501.0827941894531,777.2073364257812,574.6212768554688,753.8092651367188,578.6510009765625
742,24.733284549638395,783.7279663085938,252.35499572753906,791.33154296875,245.84561157226562,774.9077758789062,246.51913452148438,801.9119873046875,246.6191864013672,761.538818359375,247.5283203125,809.3822631835938,275.17974853515625,752.3656616210938,275.419921875,823.8008422851562,226.37477111816406,745.1036987304688,221.5648651123047,818.097412109375,170.36061096191406,771.797607421875,161.26718139648438,798.1486206054688,414.4721984863281,759.0598754882812,414.8690185546875,789.4600219726562,498.92523193359375,755.4706420898438,501.2804260253906,776.6224365234375,574.665283203125,753.9820556640625,578.5499267578125
743,24.76661781722551,783.6961669921875,252.31956481933594,791.312744140625,245.78872680664062,774.79931640625,246.46241760253906,801.9622802734375,246.6449737548828,761.3001708984375,247.58853149414062,809.534912109375,275.4715881347656,752.37060546875,275.6033630371094,824.2846069335938,226.63330078125,745.1266479492188,221.6351776123047,817.8330688476562,169.4020538330078,770.48193359375,160.94261169433594,798.1206665039062,414.8568115234375,758.9589233398438,415.0943603515625,789.163818359375,499.35089111328125,755.33984375,501.3725280761719,776.5112915039062,574.80908203125,754.06640625,578.2415771484375
744,24.799951084812623,783.6295166015625,252.23513793945312,791.2595825195312,245.70623779296875,774.8006591796875,246.34825134277344,801.8291625976562,246.49234008789062,761.2987670898438,247.32476806640625,809.2607421875,275.1949157714844,752.3738403320312,275.3608093261719,824.1185302734375,226.22671508789062,745.696044921875,221.03570556640625,817.7234497070312,169.03294372558594,771.8436279296875,159.62364196777344,798.26171875,414.8837585449219,759.2142944335938,415.2294006347656,789.1080322265625,499.1982116699219,755.265625,501.6026306152344,776.72412109375,574.82666015625,754.2386474609375,578.765380859375
745,24.833284352399737,784.318603515625,252.1189727783203,791.9146728515625,245.50196838378906,775.3815307617188,246.19561767578125,802.4082641601562,246.20509338378906,761.5037841796875,247.18133544921875,809.7697143554688,274.8623046875,752.2963256835938,275.1964416503906,824.5421142578125,224.9464111328125,744.809814453125,219.86502075195312,817.1787109375,166.8319854736328,770.0147094726562,157.39312744140625,798.5421142578125,415.3124694824219,759.123779296875,415.734375,789.2077026367188,499.53863525390625,755.20703125,502.1693115234375,776.799072265625,575.00927734375,754.3390502929688,579.0781860351562
746,24.86661761998685,784.0350341796875,251.88809204101562,791.6744995117188,245.22894287109375,774.9591064453125,246.0086669921875,802.40869140625,245.99761962890625,761.304443359375,247.18203735351562,809.628173828125,274.6737976074219,752.5194702148438,274.8774108886719,822.6724243164062,224.83506774902344,745.1478881835938,219.04931640625,816.3997802734375,165.9651336669922,770.6892700195312,154.97300720214844,798.50341796875,414.8199157714844,759.182861328125,415.2017517089844,789.638671875,499.0857849121094,755.47119140625,501.2237854003906,776.4925537109375,574.5084228515625,753.9317626953125,577.9520263671875
747,24.89995088757396,783.9235229492188,251.6414337158203,791.5669555664062,244.89793395996094,774.6766967773438,245.77944946289062,802.4932861328125,245.7061767578125,761.0172119140625,247.1654510498047,809.8895263671875,274.6841735839844,752.485107421875,274.899169921875,822.4935913085938,224.577392578125,744.6124877929688,218.4998321533203,815.610107421875,163.73658752441406,770.3013305664062,152.59315490722656,798.7708740234375,414.97821044921875,759.2440185546875,415.3625183105469,789.6342163085938,499.43988037109375,755.7332153320312,501.5910339355469,775.9240112304688,574.0931396484375,753.8428955078125,577.4275512695312
748,24.933284155161076,784.4873046875,251.5033721923828,792.2337036132812,244.630859375,775.2022094726562,245.46878051757812,803.308837890625,245.06539916992188,761.509521484375,246.45217895507812,810.5403442382812,274.19427490234375,752.7533569335938,274.3221435546875,822.3936767578125,224.71051025390625,744.4480590820312,218.5946502685547,815.1854858398438,164.71507263183594,769.1798706054688,153.316162109375,798.722900390625,415.1566467285156,759.015869140625,415.4051513671875,789.8184814453125,500.0893249511719,755.8352661132812,501.6754150390625,775.7893676757812,574.4338989257812,753.9754638671875,577.0408325195312
749,24.96661742274819,784.74072265625,251.52435302734375,792.7250366210938,244.62722778320312,775.5307006835938,245.30955505371094,804.1173706054688,244.65823364257812,761.90478515625,245.73182678222656,811.171142578125,273.19384765625,752.8042602539062,273.5851135253906,822.5073852539062,223.14495849609375,743.3016967773438,218.34959411621094,815.518798828125,164.7083282470703,766.0022583007812,154.05117797851562,799.0360717773438,414.83856201171875,759.0734252929688,415.072998046875,790.0319213867188,499.77978515625,755.47900390625,500.9695129394531,775.7576293945312,574.72119140625,754.1453857421875,576.8258666992188
750,24.999950690335304,783.8539428710938,250.98641967773438,792.0424194335938,244.04051208496094,774.5723266601562,244.76060485839844,804.0104370117188,244.0408172607422,761.3286743164062,245.26292419433594,811.2227783203125,272.72003173828125,752.9178466796875,273.2723388671875,822.5533447265625,222.73370361328125,742.9807739257812,218.1891326904297,816.0145263671875,165.42881774902344,764.8517456054688,155.06527709960938,798.927001953125,414.4005126953125,759.0983276367188,414.6504211425781,789.8328857421875,499.383056640625,755.69677734375,500.65521240234375,775.358154296875,574.387451171875,754.1782836914062,576.6409912109375
751,25.033283957922418,783.0678100585938,250.14495849609375,791.5177001953125,243.341064453125,774.020263671875,243.75839233398438,804.041015625,243.48948669433594,761.5751342773438,244.08018493652344,811.8663940429688,272.6952209472656,753.1913452148438,272.48712158203125,824.11474609375,224.5239715576172,742.16162109375,219.4628448486328,816.8757934570312,166.84461975097656,762.3646240234375,157.9910125732422,799.1629028320312,414.2641296386719,759.219970703125,414.01055908203125,790.9207763671875,500.479736328125,756.43212890625,500.9230651855469,775.6281127929688,574.3505249023438,754.2633666992188,576.0736694335938
752,25.066617225509532,783.0624389648438,250.13714599609375,791.512451171875,243.33920288085938,774.0206298828125,243.75389099121094,804.0330200195312,243.4955291748047,761.5800170898438,244.0782012939453,811.8584594726562,272.6908874511719,753.1905517578125,272.4755859375,824.1174926757812,224.54080200195312,742.1484375,219.46070861816406,816.8839111328125,166.85284423828125,762.3461303710938,157.97999572753906,799.1721801757812,414.23370361328125,759.2325439453125,413.9803771972656,790.9163208007812,500.46270751953125,756.4217529296875,500.9203796386719,775.6390991210938,574.3392333984375,754.2608032226562,576.088134765625
753,25.099950493096646,783.5323486328125,247.8939208984375,792.1336059570312,241.063232421875,774.1793823242188,241.55430603027344,804.8889770507812,241.88363647460938,761.4066772460938,242.7332763671875,812.6148071289062,271.96197509765625,753.15087890625,272.214599609375,824.0432739257812,223.1569061279297,742.1301879882812,219.25209045410156,816.9610595703125,165.86512756347656,761.8184814453125,157.49639892578125,799.399169921875,412.5903015136719,758.9656982421875,412.4034118652344,791.8016967773438,499.0111999511719,756.4332275390625,498.9856872558594,775.8822021484375,573.7914428710938,753.9590454101562,574.8534545898438
754,25.13328376068376,784.11865234375,246.82989501953125,792.4908447265625,240.07806396484375,774.93115234375,240.44371032714844,804.5914916992188,240.66416931152344,761.7886962890625,241.14016723632812,812.36962890625,270.3681335449219,752.660888671875,270.32232666015625,824.6799926757812,222.5502166748047,740.9662475585938,218.35842895507812,817.4866943359375,166.04747009277344,760.3424072265625,157.77830505371094,799.6788940429688,411.3105163574219,759.1111450195312,411.1075134277344,792.5393676757812,497.7125549316406,756.7111206054688,497.987060546875,775.933349609375,572.1397094726562,753.658447265625,573.92578125
755,25.166617028270874,784.646240234375,245.54385375976562,792.7572021484375,238.96005249023438,775.67138671875,239.28958129882812,804.127685546875,239.91026306152344,762.2676391601562,240.16860961914062,811.9072875976562,269.36712646484375,752.260986328125,269.0673522949219,824.7305297851562,221.7967071533203,740.5137939453125,216.9668426513672,817.2893676757812,164.15013122558594,759.7073974609375,155.6749267578125,799.958740234375,409.8268737792969,759.2616577148438,409.6871643066406,793.0106811523438,496.25732421875,756.0271606445312,497.0246887207031,777.8049926757812,570.9136962890625,753.505859375,573.6115112304688
756,25.199950295857988,784.4389038085938,245.36444091796875,792.7146606445312,238.78903198242188,775.5665283203125,239.06980895996094,804.2846069335938,239.7064666748047,762.4327392578125,239.8422393798828,811.890380859375,269.0199890136719,752.3150024414062,269.0014953613281,824.7119750976562,221.19163513183594,740.0444946289062,217.22390747070312,817.0127563476562,163.3577117919922,759.3746337890625,155.5310821533203,799.837158203125,409.9620056152344,759.1668090820312,410.0256652832031,793.03515625,496.4814453125,755.9130249023438,497.9927978515625,777.7200927734375,570.661376953125,753.4515380859375,574.5593872070312
757,25.2332835634451,784.447509765625,244.83837890625,791.824951171875,237.83712768554688,776.4618530273438,238.2482452392578,802.5015258789062,239.08584594726562,764.1873779296875,239.92868041992188,809.5234375,269.5138854980469,752.1222534179688,268.2044372558594,824.690673828125,219.3498992919922,736.10400390625,216.40985107421875,819.9837646484375,162.50990295410156,758.7985229492188,156.80288696289062,796.5574951171875,403.7806396484375,758.0335693359375,403.34814453125,786.1243896484375,499.2090759277344,749.887451171875,498.7402038574219,785.8963623046875,578.77880859375,752.5416870117188,576.584228515625
758,25.266616831032213,784.0624389648438,244.21380615234375,791.3658447265625,236.96383666992188,775.8949584960938,237.634033203125,802.2543334960938,237.7122344970703,763.782470703125,239.1968231201172,809.455322265625,268.050048828125,752.3781127929688,267.1240539550781,824.0193481445312,218.05938720703125,735.9754028320312,215.44390869140625,819.657958984375,161.1183319091797,758.7005615234375,155.9441375732422,796.4677734375,402.6932373046875,758.0825805664062,402.37890625,786.1414184570312,498.2878112792969,749.9920654296875,497.74853515625,786.425048828125,578.5867919921875,752.0198974609375,575.8816528320312
759,25.299950098619327,784.7886352539062,243.1426239013672,791.9024658203125,235.66827392578125,776.4775390625,236.49647521972656,802.2545166015625,236.12994384765625,763.8703002929688,237.9022216796875,809.3428955078125,267.0829162597656,752.2908935546875,265.9129943847656,824.1698608398438,216.63917541503906,735.91552734375,212.76528930664062,820.0387573242188,160.94412231445312,758.5661010742188,154.72628784179688,796.200927734375,402.1836853027344,757.8261108398438,401.8153991699219,786.0487670898438,497.2220458984375,749.2929077148438,496.5743408203125,787.7876586914062,578.4611206054688,751.4890747070312,575.5863037109375
760,25.33328336620644,785.3543701171875,242.6290740966797,792.6387939453125,234.90643310546875,776.9286499023438,235.74777221679688,803.2411499023438,234.78231811523438,764.1351318359375,236.54891967773438,809.8719482421875,265.3991394042969,752.7977905273438,264.58966064453125,824.3151245117188,213.9777069091797,736.6700439453125,211.4368133544922,820.165771484375,158.40866088867188,758.9216918945312,153.67919921875,796.321044921875,401.5392150878906,757.9164428710938,401.22589111328125,785.9984130859375,496.93206787109375,749.35986328125,496.0444030761719,786.95166015625,578.7547607421875,751.4645385742188,575.5361328125
761,25.366616633793555,785.0801391601562,241.67501831054688,792.5504150390625,233.79537963867188,776.7720947265625,234.70852661132812,803.8411254882812,233.11166381835938,764.6774291992188,235.07281494140625,810.5526123046875,263.2490234375,753.6382446289062,263.0611267089844,824.6657104492188,211.71629333496094,736.864501953125,210.94552612304688,820.6502685546875,155.39666748046875,758.612060546875,152.86639404296875,796.4107666015625,400.76983642578125,758.0650634765625,400.62347412109375,785.9235229492188,496.74871826171875,749.4219970703125,495.9815368652344,787.021484375,578.894775390625,751.5814208984375,575.6433715820312
762,25.39994990138067,785.8093872070312,240.8414764404297,793.2793579101562,233.06817626953125,777.5916137695312,233.76519775390625,804.0711059570312,232.5617218017578,765.0855102539062,233.97140502929688,810.1987915039062,262.81976318359375,753.3906860351562,262.16790771484375,825.0238647460938,210.80165100097656,736.8855590820312,210.0345001220703,821.1736450195312,153.27523803710938,758.8609619140625,152.32276916503906,795.72998046875,399.96142578125,757.4485473632812,399.6966552734375,786.4821166992188,495.74151611328125,749.6965942382812,494.9352722167969,787.3763427734375,577.6998291015625,751.77978515625,574.88427734375
763,25.433283168967783,787.4110717773438,240.2013397216797,794.76318359375,232.57432556152344,779.2743530273438,232.85768127441406,804.31103515625,232.51852416992188,765.623046875,232.9372100830078,809.213134765625,263.07373046875,752.7838745117188,262.0307312011719,824.935791015625,207.46849060058594,737.9287719726562,207.940185546875,822.0238037109375,146.33840942382812,762.9251098632812,148.38865661621094,795.530029296875,400.62615966796875,757.294189453125,400.3871765136719,787.600830078125,495.358642578125,749.5747680664062,494.6019592285156,787.9590454101562,577.4676513671875,751.0477294921875,574.9374389648438
764,25.466616436554897,786.6039428710938,240.2659149169922,794.285888671875,232.56544494628906,778.49267578125,232.85333251953125,804.5838012695312,232.19287109375,765.3403930664062,232.5597381591797,809.6096801757812,262.55401611328125,752.851806640625,261.29998779296875,825.0501708984375,207.85400390625,737.668701171875,207.57431030273438,822.0967407226562,148.0790252685547,762.5184936523438,148.7966766357422,795.527587890625,400.1915588378906,756.9658813476562,399.836669921875,788.26220703125,495.6643981933594,749.216796875,494.6538391113281,789.3758544921875,577.388916015625,751.2846069335938,574.748779296875
765,25.49994970414201,786.2805786132812,240.09381103515625,794.0615844726562,232.67376708984375,778.2285766601562,232.88014221191406,804.1719970703125,233.0770263671875,765.13232421875,233.15585327148438,809.1830444335938,264.06689453125,752.7426147460938,262.0909729003906,825.13525390625,210.42259216308594,738.5777587890625,207.34677124023438,822.6874389648438,153.88525390625,762.897705078125,148.80064392089844,794.7493896484375,399.8570861816406,756.3171997070312,399.19915771484375,788.6263427734375,496.4801330566406,748.3539428710938,494.9966735839844,790.9735107421875,577.1837768554688,751.0139770507812,574.3866577148438
766,25.533282971729125,786.3070678710938,238.7817840576172,794.0363159179688,231.36660766601562,778.10546875,231.99337768554688,804.6409912109375,231.84754943847656,765.6126098632812,232.91688537597656,810.9227294921875,263.2763366699219,753.6007690429688,261.5196228027344,826.6987915039062,217.2373046875,736.5943603515625,213.240234375,823.408447265625,165.11685180664062,755.3810424804688,161.1210174560547,794.684814453125,398.6984558105469,755.9223022460938,397.898193359375,788.1156616210938,496.9491882324219,748.0914306640625,495.3446960449219,791.9138793945312,578.1193237304688,750.8085327148438,575.285400390625
767,25.56661623931624,786.921875,238.3898162841797,794.6555786132812,231.03001403808594,778.68701171875,231.59486389160156,805.2989501953125,231.59286499023438,766.1343994140625,232.62130737304688,811.1577758789062,263.0987548828125,754.4691772460938,261.2113037109375,826.9948120117188,215.85350036621094,737.143310546875,211.95301818847656,823.72265625,161.57742309570312,755.3482666015625,159.33778381347656,794.68505859375,398.41107177734375,756.350830078125,397.5830383300781,788.6109008789062,496.9244689941406,749.4442138671875,495.5291748046875,792.325927734375,578.0736083984375,751.3978881835938,575.5029907226562
768,25.59994950690335,786.7059326171875,238.61334228515625,794.3939819335938,231.33372497558594,778.5408325195312,231.8896484375,804.8893432617188,231.9796905517578,766.0322875976562,232.9473876953125,810.8902587890625,263.1551208496094,754.1978149414062,261.2400817871094,826.7605590820312,215.39222717285156,737.6398315429688,210.9627685546875,823.5096435546875,162.60186767578125,756.3057250976562,157.77523803710938,794.4148559570312,397.9225769042969,756.0571899414062,397.05816650390625,788.701171875,496.97088623046875,749.1264038085938,495.2938232421875,792.4393310546875,578.4217529296875,751.38916015625,575.474365234375
769,25.633282774490464,787.0414428710938,238.11781311035156,794.7326049804688,230.70452880859375,778.6640625,231.40846252441406,805.31884765625,231.54994201660156,766.02880859375,232.9369354248047,811.0841064453125,263.4068298339844,754.4137573242188,261.9849853515625,826.2196044921875,213.01931762695312,737.83642578125,209.7338104248047,823.0325927734375,158.440673828125,757.3416748046875,155.279052734375,794.522705078125,399.0462646484375,756.2191162109375,398.39544677734375,788.4951171875,498.38824462890625,749.2545776367188,496.7727355957031,792.8629760742188,580.025634765625,751.6956787109375,576.6527709960938
770,25.666616042077578,786.7808227539062,237.8378448486328,794.5429077148438,230.55767822265625,778.5206909179688,231.1776580810547,805.2630615234375,231.5535430908203,766.1602172851562,232.7722930908203,811.2801513671875,263.290283203125,754.3486328125,262.15155029296875,826.7373657226562,212.96658325195312,737.0863037109375,211.43048095703125,823.221435546875,157.37730407714844,755.6535034179688,157.98802185058594,794.641845703125,398.7801208496094,756.3056640625,398.1580810546875,788.4536743164062,498.3179016113281,749.4724731445312,496.6347351074219,792.4609375,580.0980224609375,752.0919799804688,576.8510131835938
771,25.699949309664692,786.7373046875,237.49887084960938,794.5536499023438,230.32034301757812,778.6524658203125,230.86880493164062,805.2850341796875,231.34356689453125,766.5849609375,232.3898468017578,811.3273315429688,262.40960693359375,754.3623046875,261.864013671875,826.8040771484375,210.08181762695312,737.2794799804688,210.77243041992188,824.0022583007812,155.03509521484375,756.2926025390625,157.20362854003906,794.5090942382812,398.22216796875,756.1336059570312,397.7456970214844,788.6154174804688,498.2339782714844,748.9319458007812,496.204345703125,792.2496337890625,580.7018432617188,751.7349243164062,576.836181640625
772,25.733282577251806,786.41455078125,237.0950469970703,794.2023315429688,230.018798828125,778.3753662109375,230.5526885986328,804.8075561523438,231.26504516601562,766.381103515625,232.26124572753906,810.8108520507812,262.443603515625,754.3170166015625,261.8855895996094,826.7391357421875,210.18008422851562,737.2740478515625,210.69847106933594,824.27294921875,157.2106170654297,755.392333984375,158.512451171875,794.05859375,397.8979797363281,755.94677734375,397.4056396484375,788.744873046875,497.9043884277344,748.6952514648438,495.87945556640625,792.421142578125,580.0227661132812,751.2425537109375,576.3232421875
773,25.76661584483892,786.1864013671875,237.36021423339844,794.0872802734375,230.20895385742188,778.119140625,230.72055053710938,804.8519287109375,231.4086456298828,766.0368041992188,232.36666870117188,810.6360473632812,262.3668212890625,754.012451171875,262.25543212890625,826.6674194335938,208.15115356445312,737.5556030273438,210.06446838378906,824.2755126953125,154.36276245117188,756.3341064453125,156.568603515625,793.9813842773438,397.918701171875,755.73974609375,397.6026611328125,788.65380859375,496.6707763671875,748.084228515625,494.7983703613281,792.373291015625,579.2650756835938,751.032958984375,575.6294555664062
774,25.799949112426035,786.7876586914062,237.3816375732422,794.53369140625,230.19247436523438,778.6435546875,230.72723388671875,804.8890991210938,231.31951904296875,766.0909423828125,232.33836364746094,810.500732421875,262.0028991699219,753.80810546875,262.0242004394531,826.5147094726562,207.1861572265625,737.807373046875,209.4339599609375,824.9386596679688,152.84640502929688,757.3291625976562,155.36465454101562,794.2838134765625,397.9877624511719,755.8483276367188,397.783447265625,788.9338989257812,496.57708740234375,747.5391845703125,494.806396484375,792.79541015625,579.7698974609375,749.9850463867188,576.0078125
775,25.83328238001315,787.160400390625,236.9429931640625,794.92822265625,229.84194946289062,778.8515014648438,230.0408477783203,804.4362182617188,231.4180908203125,764.8806762695312,231.52894592285156,809.300537109375,262.9790954589844,752.3786010742188,261.63580322265625,826.1094360351562,208.5708465576172,738.6661987304688,206.94813537597656,823.8568725585938,155.15567016601562,759.5233154296875,151.01025390625,794.454345703125,398.93670654296875,755.6386108398438,398.3722229003906,789.5233764648438,497.60211181640625,746.8219604492188,495.73651123046875,793.1753540039062,579.620361328125,749.5116577148438,576.1653442382812
776,25.866615647600263,786.8628540039062,237.3401641845703,794.537109375,229.92782592773438,778.7239379882812,230.25064086914062,804.3246459960938,230.55496215820312,765.4437866210938,230.9687957763672,809.44970703125,261.5577697753906,752.8869018554688,260.4541931152344,824.5797119140625,206.2904052734375,739.061279296875,205.19935607910156,822.1453857421875,151.20433044433594,761.8862915039062,147.4197540283203,794.6467895507812,398.9990234375,755.9707641601562,398.4826965332031,789.1986083984375,498.14190673828125,746.9110107421875,495.8869934082031,792.8377685546875,580.7249755859375,749.402099609375,576.3405151367188
777,25.899948915187377,786.0908813476562,237.1565399169922,793.9613037109375,229.61618041992188,777.8714599609375,230.00819396972656,804.42333984375,230.13323974609375,764.9869995117188,230.76478576660156,809.7870483398438,261.4220275878906,753.013916015625,260.4908447265625,824.8441772460938,206.7981414794922,738.9234619140625,205.92677307128906,821.9422607421875,152.407958984375,760.9285888671875,149.15391540527344,794.47021484375,398.9970397949219,755.6453857421875,398.48382568359375,789.6886596679688,497.6483154296875,746.9230346679688,495.3995361328125,793.63427734375,580.3966064453125,749.2877197265625,576.0513305664062
778,25.933282182774487,785.5189208984375,236.8493194580078,793.4642944335938,229.418212890625,777.3663330078125,229.73098754882812,804.0999755859375,230.1007080078125,764.7078857421875,230.57241821289062,809.85693359375,261.57049560546875,752.767578125,260.5835876464844,825.5133666992188,207.54449462890625,738.4906616210938,206.80381774902344,822.4025268554688,153.56837463378906,759.3768920898438,150.9176788330078,794.5054931640625,398.4815673828125,755.5675048828125,397.8720703125,790.2284545898438,497.0704345703125,746.8894653320312,494.6375732421875,794.3007202148438,580.1970825195312,749.2333374023438,575.88330078125
779,25.9666154503616,785.2022094726562,236.8571014404297,793.1969604492188,229.32276916503906,777.0894165039062,229.697509765625,804.1084594726562,229.6844024658203,764.6864624023438,230.292236328125,810.20068359375,260.884765625,752.6447143554688,260.064453125,825.615966796875,208.09825134277344,737.5663452148438,207.76788330078125,822.5189819335938,154.76812744140625,757.5490112304688,153.16937255859375,794.6282348632812,398.2657470703125,755.348876953125,397.66461181640625,790.3106079101562,497.15118408203125,746.1436157226562,494.5487060546875,795.1942749023438,580.5439453125,748.691162109375,575.8583984375
780,25.999948717948715,784.5993041992188,237.23965454101562,792.6133422851562,229.67999267578125,776.5144653320312,230.08676147460938,803.7566528320312,230.00563049316406,764.4608764648438,230.7029266357422,810.084228515625,261.2095947265625,752.7162475585938,260.3569641113281,825.0447387695312,207.64508056640625,737.9386596679688,207.11227416992188,821.3712158203125,153.0560760498047,758.8609619140625,151.00596618652344,794.6749267578125,398.6558532714844,755.44970703125,398.001220703125,790.1798095703125,497.4375,746.0390625,494.6615905761719,795.1364135742188,580.5830078125,748.607666015625,575.6072387695312
781,26.03328198553583,784.2330932617188,237.6648406982422,792.1453247070312,230.00912475585938,776.2396240234375,230.51036071777344,803.4940185546875,230.07745361328125,764.6722412109375,231.04124450683594,810.1033325195312,260.9150085449219,753.153564453125,260.2356872558594,824.4000244140625,206.06234741210938,738.7810668945312,205.83184814453125,820.5714111328125,149.55770874023438,761.4452514648438,147.88485717773438,794.9346923828125,399.21783447265625,755.7780151367188,398.6239318847656,790.2702026367188,497.87408447265625,745.9987182617188,495.06683349609375,795.5819702148438,581.1248168945312,748.2099609375,575.7195434570312
782,26.066615253122944,783.8741455078125,237.9381103515625,791.7809448242188,230.17935180664062,775.92724609375,230.79774475097656,803.4921875,229.90908813476562,764.7774047851562,231.17001342773438,810.4630126953125,260.48529052734375,753.3167724609375,260.0195617675781,824.512939453125,206.3124542236328,738.5549926757812,206.3408203125,821.4988403320312,149.5973358154297,761.6885986328125,148.21719360351562,795.0697021484375,399.14874267578125,755.782470703125,398.6314697265625,790.044677734375,496.98797607421875,745.6725463867188,494.2524719238281,795.63427734375,580.690185546875,747.8463745117188,575.156494140625
783,26.099948520710058,783.5819702148438,238.00608825683594,791.4932861328125,230.26234436035156,775.5675048828125,231.02613830566406,803.5574951171875,229.97291564941406,764.7489624023438,231.61671447753906,811.1926879882812,260.7203674316406,753.637451171875,260.4169921875,825.6036987304688,209.4794464111328,737.5418701171875,209.2801513671875,822.608154296875,155.01145935058594,758.208740234375,153.68516540527344,795.0827026367188,398.4253234863281,755.835205078125,397.8509521484375,789.6026000976562,497.06134033203125,746.1301879882812,494.330078125,794.76953125,581.1226806640625,747.9192504882812,575.7088623046875
784,26.13328178829717,783.4800415039062,238.0675506591797,791.3181762695312,230.24522399902344,775.4724731445312,231.0995330810547,803.4588623046875,229.87734985351562,764.8453369140625,231.75338745117188,811.2396850585938,260.7574462890625,753.8279418945312,260.4416809082031,825.3718872070312,209.87506103515625,737.30615234375,209.40464782714844,822.6240234375,155.34698486328125,758.1292114257812,154.16616821289062,795.1385498046875,399.25909423828125,755.8893432617188,398.7008972167969,789.5753784179688,498.0453796386719,745.9172973632812,495.4045715332031,795.239990234375,581.9739379882812,747.344482421875,576.4837036132812
785,26.166615055884286,783.2858276367188,238.21327209472656,791.0118408203125,230.50650024414062,775.3500366210938,231.31309509277344,802.79736328125,230.162841796875,764.6290283203125,231.90533447265625,810.5899658203125,260.8981018066406,753.4971313476562,260.3533630371094,825.3931274414062,210.50259399414062,737.4319458007812,209.06719970703125,823.083740234375,157.1905517578125,758.480712890625,153.66505432128906,794.774658203125,399.07061767578125,755.7717895507812,398.4844055175781,789.5609130859375,499.2926025390625,746.36279296875,496.6639709472656,795.3624267578125,582.8294067382812,747.913330078125,577.3391723632812
786,26.1999483234714,782.6600952148438,238.20826721191406,790.4967651367188,230.5404052734375,774.8603515625,231.28866577148438,802.6752319335938,230.37364196777344,764.654296875,232.0362091064453,810.6403198242188,261.2875061035156,753.6768188476562,260.7693176269531,825.8511962890625,209.61378479003906,738.0845947265625,208.65811157226562,823.5623168945312,154.4821319580078,760.260986328125,151.99728393554688,794.3831787109375,399.1327819824219,755.4891357421875,398.51788330078125,789.2972412109375,498.1697082519531,746.1657104492188,495.5783386230469,795.3993530273438,581.7417602539062,747.9835205078125,576.2965698242188
787,26.233281591058514,783.31787109375,238.376953125,791.19970703125,230.8961639404297,775.4602661132812,231.57327270507812,802.9808349609375,230.75637817382812,764.7326049804688,232.0947723388672,810.7191162109375,261.2432556152344,753.7676391601562,260.0144958496094,827.0960083007812,213.46873474121094,738.2880859375,209.76536560058594,825.708740234375,164.705322265625,758.0208740234375,156.8000946044922,793.9481811523438,397.7747497558594,755.0922241210938,396.8836669921875,789.666259765625,498.9273986816406,746.3239135742188,496.1882019042969,795.0440063476562,582.064453125,747.898193359375,577.0634765625
788,26.266614858645628,783.603271484375,239.0083465576172,791.4609985351562,231.45053100585938,775.8433227539062,232.0365447998047,803.00732421875,230.8383026123047,764.992431640625,231.92837524414062,810.3153686523438,260.78179931640625,753.8080444335938,259.4204406738281,826.4236450195312,212.03262329101562,739.17822265625,208.14874267578125,825.5556640625,162.63421630859375,760.6195068359375,153.3155059814453,793.773681640625,398.2684020996094,755.068359375,397.36956787109375,789.53955078125,500.16668701171875,746.2850952148438,497.2020568847656,794.80908203125,582.9254150390625,747.95751953125,577.3706665039062
789,26.29994812623274,783.6607666015625,239.1923065185547,791.499755859375,231.706298828125,776.0185546875,232.1835479736328,802.6961059570312,231.14230346679688,765.0582275390625,231.89590454101562,809.8538818359375,261.1053161621094,753.568359375,259.5019226074219,825.70166015625,213.49122619628906,739.6396484375,208.9925994873047,825.0355834960938,165.0974884033203,761.5132446289062,153.75091552734375,793.6467895507812,398.560546875,755.0326538085938,397.5564880371094,788.8751220703125,500.4584655761719,745.314697265625,497.2526550292969,793.9879150390625,582.588134765625,747.27587890625,576.8634643554688
790,26.333281393819853,783.5005493164062,239.33570861816406,791.3812866210938,231.97903442382812,776.0488891601562,232.38674926757812,802.6903076171875,231.42703247070312,765.49267578125,232.00001525878906,809.9873657226562,260.98626708984375,753.7730102539062,259.3389587402344,825.7518310546875,213.9810333251953,739.43310546875,210.08316040039062,825.1220703125,165.333251953125,760.9291381835938,155.955322265625,793.5853271484375,398.50030517578125,755.03173828125,397.440185546875,789.0319213867188,501.23760986328125,745.5609130859375,497.88226318359375,794.1826782226562,583.2951049804688,747.7510986328125,577.6272583007812
791,26.366614661406967,783.5570068359375,239.75241088867188,791.5084228515625,232.31063842773438,776.1760864257812,232.69488525390625,803.04736328125,231.33770751953125,765.8531494140625,231.86431884765625,809.9315185546875,260.1572570800781,754.2685546875,258.8787536621094,824.4136352539062,211.6346893310547,739.8221435546875,209.42587280273438,824.0557861328125,162.2092742919922,761.3425903320312,155.1741180419922,793.7472534179688,398.5384826660156,755.4127197265625,397.5650634765625,789.0460205078125,501.0201416015625,745.6080322265625,497.3805236816406,793.5460205078125,583.4390869140625,747.4519653320312,577.2897338867188
792,26.39994792899408,783.8331909179688,239.731201171875,791.824462890625,232.381103515625,776.4136352539062,232.66746520996094,803.17919921875,231.70416259765625,765.7720336914062,232.00111389160156,809.866455078125,260.7630310058594,753.9201049804688,259.35101318359375,825.23779296875,212.1456756591797,739.5910034179688,210.06201171875,825.3499145507812,162.3032684326172,761.4681396484375,155.81072998046875,793.60107421875,398.8260803222656,755.1417846679688,397.8641662597656,789.3016357421875,500.76318359375,745.8599853515625,497.2853088378906,793.5831298828125,582.9833374023438,747.8688354492188,577.1594848632812
793,26.433281196581195,783.8820190429688,240.2066650390625,791.8888549804688,232.61964416503906,776.4913330078125,233.0576171875,803.727783203125,231.46487426757812,766.2763061523438,232.17135620117188,810.41357421875,259.99609375,754.5703735351562,259.32672119140625,824.177490234375,208.6026153564453,740.6051635742188,208.27224731445312,823.3795776367188,156.54367065429688,763.705078125,151.54388427734375,793.8168334960938,399.2152404785156,755.2911376953125,398.4554138183594,788.8258056640625,499.7546081542969,745.388427734375,496.1285705566406,793.2500610351562,582.514892578125,747.6526489257812,575.8865966796875
794,26.46661446416831,783.9879760742188,240.46417236328125,791.9864501953125,232.8675994873047,776.720703125,233.1465301513672,803.5369873046875,231.7371063232422,766.3833618164062,232.0473175048828,809.73828125,260.51580810546875,754.3758544921875,259.5416259765625,823.3060302734375,207.97203063964844,741.1561889648438,207.43739318847656,822.8781127929688,155.02049255371094,765.3360595703125,149.82017517089844,793.5700073242188,399.72760009765625,755.361083984375,398.9222106933594,788.629638671875,498.60699462890625,745.359375,494.9454345703125,793.04296875,581.8161010742188,747.8648681640625,575.30712890625
795,26.499947731755423,784.70703125,240.11915588378906,792.5193481445312,232.59422302246094,777.41650390625,232.8343048095703,803.3438720703125,231.79525756835938,766.5853881835938,231.96923828125,809.0496826171875,260.98358154296875,754.2998657226562,259.714111328125,822.4780883789062,208.03640747070312,741.819580078125,206.61297607421875,822.4085083007812,154.9503173828125,766.7327270507812,148.1818389892578,793.3514404296875,399.89080810546875,755.468994140625,399.0738220214844,788.3690795898438,497.9445495605469,745.2177734375,494.4242248535156,792.6516723632812,580.9736938476562,747.4520874023438,574.7654418945312
796,26.533280999342537,784.8084106445312,240.19747924804688,792.7113037109375,232.65989685058594,777.4544677734375,232.8681640625,803.60498046875,231.8777618408203,766.43798828125,231.94781494140625,809.1102905273438,261.2332763671875,754.1373901367188,259.62188720703125,822.6254272460938,208.9221649169922,741.7088623046875,206.2103271484375,822.629150390625,156.1841278076172,767.1651000976562,147.1848907470703,793.3108520507812,399.37261962890625,755.3352661132812,398.5236511230469,788.5360717773438,497.1816711425781,745.5700073242188,493.95794677734375,792.5254516601562,580.21826171875,747.8655395507812,574.61181640625
797,26.56661426692965,784.8296508789062,240.31976318359375,792.7620239257812,232.80209350585938,777.5097045898438,233.03871154785156,803.7598876953125,231.82009887695312,766.6192016601562,231.93002319335938,809.130126953125,260.6007080078125,754.4432983398438,259.13232421875,822.2554321289062,209.006591796875,741.78662109375,206.59841918945312,822.1259765625,156.8861083984375,766.7985229492188,147.98477172851562,793.2583618164062,398.5717468261719,755.5010986328125,397.7804260253906,788.3232421875,496.3110656738281,746.2855224609375,493.1547546386719,791.8350830078125,579.30126953125,748.8880004882812,573.8118286132812
798,26.599947534516765,785.5973510742188,240.2071075439453,793.4981689453125,232.82852172851562,778.2033081054688,233.0106201171875,804.0299072265625,231.92962646484375,766.6763916015625,231.84194946289062,809.1180419921875,260.4118347167969,754.0410766601562,258.8573303222656,823.0625610351562,210.60142517089844,740.6085815429688,208.27627563476562,822.6963500976562,159.5188446044922,764.8844604492188,151.56182861328125,793.2735595703125,397.5273132324219,755.4688720703125,396.8022155761719,788.0173950195312,496.5928649902344,747.14208984375,493.9357604980469,790.6425170898438,579.0106201171875,750.0337524414062,574.4757080078125
799,26.633280802103876,786.689208984375,239.89419555664062,794.6735229492188,232.813720703125,779.05126953125,232.7325897216797,804.6605834960938,232.62734985351562,766.2562255859375,231.91537475585938,809.1088256835938,261.66912841796875,753.408447265625,259.1575622558594,826.1771850585938,211.8186492919922,739.75,207.9711456298828,825.8851318359375,159.8380889892578,762.22998046875,152.91458129882812,792.88916015625,397.4559020996094,754.902099609375,396.494384765625,788.7027587890625,498.4518737792969,748.5701904296875,496.355712890625,790.99267578125,579.6854248046875,751.4896240234375,576.6049194335938
800,26.66661406969099,786.9132690429688,239.78781127929688,794.8429565429688,232.73211669921875,779.2335205078125,232.66883850097656,804.73388671875,232.69943237304688,766.3390502929688,232.06129455566406,808.9811401367188,261.8827819824219,753.7099609375,259.5111389160156,826.22021484375,211.5070343017578,740.22119140625,208.30287170410156,825.9090576171875,159.1767120361328,762.110595703125,153.96055603027344,792.7664184570312,397.8833312988281,754.9971313476562,396.96124267578125,788.6766357421875,498.14141845703125,748.7470703125,496.13232421875,791.0237426757812,578.9183349609375,751.4274291992188,575.918212890625
801,26.699947337278104,787.4998779296875,239.78936767578125,795.0521240234375,232.52020263671875,779.5900268554688,232.609375,804.0015258789062,232.85877990722656,765.9481811523438,232.62405395507812,807.7470703125,263.0726013183594,752.7843627929688,261.1290283203125,823.3505859375,209.44020080566406,739.5533447265625,206.07749938964844,823.3372802734375,156.45294189453125,765.3253784179688,146.94935607910156,792.8123168945312,399.8765563964844,755.0301513671875,399.3566589355469,788.8504638671875,497.10760498046875,747.77392578125,495.4530944824219,790.5271606445312,578.417724609375,749.0965576171875,574.9185791015625
802,26.733280604865218,787.70458984375,239.99026489257812,795.2124633789062,232.53475952148438,779.619384765625,232.61160278320312,804.3289794921875,232.8360137939453,765.6135864257812,232.71189880371094,808.2733764648438,263.36248779296875,752.423828125,261.5552062988281,824.748291015625,206.1062469482422,738.8184204101562,203.76162719726562,824.0702514648438,148.4047393798828,767.091796875,142.561767578125,793.9013671875,401.1351013183594,755.5213623046875,400.7775573730469,789.1812133789062,495.8332214355469,747.7471313476562,494.8505554199219,790.7813110351562,577.754638671875,748.5343017578125,574.5411987304688
803,26.766613872452332,787.5380859375,239.38706970214844,794.9207153320312,231.9967803955078,779.6061401367188,232.04354858398438,803.4510498046875,232.29052734375,765.5966796875,232.0448760986328,806.9100341796875,262.1029357910156,751.7549438476562,261.1937561035156,821.4434814453125,203.83395385742188,738.0751342773438,203.92518615722656,822.2473754882812,148.5399627685547,766.3082885742188,141.91883850097656,794.0067138671875,400.6419677734375,755.9114990234375,400.6859436035156,789.9660034179688,496.1170349121094,747.5083618164062,494.66326904296875,790.9725952148438,578.6566772460938,748.2891235351562,574.4639892578125
804,26.799947140039446,787.7615966796875,239.78936767578125,795.1190795898438,232.3501739501953,779.7400512695312,232.32337951660156,803.3250122070312,232.785400390625,765.2579345703125,232.35389709472656,806.2015991210938,263.02960205078125,751.4220581054688,261.7684326171875,820.7649536132812,203.95301818847656,738.368408203125,203.17820739746094,821.8604125976562,148.0644073486328,768.0663452148438,140.17796325683594,793.817626953125,401.5947570800781,755.895263671875,401.65289306640625,790.04296875,495.9623107910156,747.75,494.8328552246094,790.6356811523438,578.4927368164062,748.2002563476562,574.8125
805,26.83328040762656,787.7503051757812,238.97821044921875,795.560791015625,232.10589599609375,778.7802734375,232.80679321289062,804.93505859375,231.7681884765625,763.5825805664062,232.42550659179688,810.4089965820312,258.1646423339844,751.4375,260.7357177734375,819.6695556640625,205.24481201171875,742.0252685546875,206.9501953125,814.44775390625,151.7862548828125,761.3878173828125,144.86834716796875,800.1702270507812,404.1604309082031,758.5204467773438,405.5401611328125,797.491455078125,491.40191650390625,752.0859375,493.132080078125,787.1618041992188,574.05859375,750.645263671875,578.1340942382812
806,26.866613675213674,786.940185546875,238.55825805664062,794.7151489257812,231.7158660888672,777.93505859375,232.44195556640625,804.1929321289062,232.01670837402344,762.7828979492188,232.71731567382812,810.320068359375,260.16064453125,750.88720703125,261.8337097167969,820.3737182617188,211.40646362304688,739.394775390625,210.25514221191406,814.3950805664062,162.37269592285156,754.6959228515625,153.47271728515625,799.9951171875,404.8895568847656,758.4050903320312,405.7964172363281,796.9805908203125,491.7237548828125,752.1849975585938,492.9197692871094,787.6217041015625,574.1896362304688,751.0645751953125,577.7859497070312
807,26.89994694280079,785.5643920898438,238.44155883789062,793.8335571289062,231.8684844970703,776.9577026367188,232.13026428222656,804.0764770507812,232.7489776611328,762.8277587890625,232.39617919921875,810.4215087890625,262.07232666015625,750.7337036132812,262.2987365722656,822.2022705078125,218.0995330810547,734.8737182617188,215.26834106445312,818.0110473632812,172.7073516845703,744.5703125,165.40464782714844,799.544921875,405.2153625488281,758.326904296875,405.43280029296875,796.6610717773438,492.1670837402344,752.251953125,492.7580261230469,787.929443359375,573.9935913085938,751.4511108398438,577.7222290039062
808,26.933280210387903,786.3545532226562,238.70626831054688,794.2071533203125,231.99839782714844,777.5064086914062,232.5304412841797,803.7452392578125,233.01004028320312,762.6458740234375,233.1613006591797,810.322021484375,263.4389953613281,750.3446655273438,262.78570556640625,820.832763671875,224.39276123046875,733.130126953125,216.91122436523438,815.0596313476562,181.07125854492188,741.0560913085938,167.1237030029297,799.7569580078125,405.23602294921875,758.38330078125,405.19586181640625,796.7576904296875,492.03668212890625,752.3370361328125,492.36956787109375,788.4644165039062,573.7844848632812,751.2472534179688,577.185546875
809,26.966613477975017,785.8078002929688,239.24551391601562,793.874755859375,232.68896484375,777.0888671875,232.99795532226562,803.723388671875,233.8229522705078,762.3761596679688,233.6161651611328,810.2418212890625,263.4472961425781,750.2727661132812,263.3952331542969,821.206298828125,220.40782165527344,732.3684692382812,215.73448181152344,813.1260986328125,173.9825897216797,737.4406127929688,165.11740112304688,799.6394653320312,406.1706237792969,758.2603759765625,406.1929626464844,796.8464965820312,492.7434387207031,752.2936401367188,493.2084655761719,788.5392456054688,574.0267333984375,751.439697265625,577.616455078125
810,26.999946745562127,785.4917602539062,239.3999481201172,793.76904296875,232.91159057617188,776.8320922851562,233.183349609375,803.9940185546875,234.07386779785156,762.5397338867188,233.85691833496094,810.3590698242188,262.4689025878906,750.7554931640625,263.23907470703125,819.4124755859375,212.74485778808594,734.4273681640625,209.8373565673828,807.62841796875,161.4417266845703,742.0366821289062,153.25636291503906,799.9995727539062,406.1677551269531,758.5197143554688,406.5111999511719,797.256103515625,492.2833251953125,752.28662109375,493.1275939941406,788.8560180664062,573.6480102539062,752.1484985351562,577.3908081054688
811,27.03328001314924,785.2866821289062,239.10398864746094,793.5738525390625,232.79539489746094,776.7718505859375,232.85850524902344,803.6117553710938,234.17379760742188,762.270751953125,233.63990783691406,809.7352905273438,261.7333068847656,750.4221801757812,263.6007385253906,818.3197021484375,208.1641082763672,734.5654296875,209.6062774658203,803.580078125,154.47557067871094,740.5506591796875,152.29026794433594,800.0679321289062,406.08343505859375,758.681396484375,406.6607971191406,797.2217407226562,492.73419189453125,752.1334838867188,493.5565490722656,789.06982421875,573.9970703125,752.504638671875,577.3473510742188
812,27.066613280736355,784.4379272460938,238.68551635742188,792.8573608398438,232.4354705810547,775.9730224609375,232.44012451171875,803.1786499023438,234.14913940429688,761.8125610351562,233.5675811767578,809.4950561523438,262.0472412109375,750.4100341796875,264.0544738769531,818.3192749023438,207.8723907470703,734.4410400390625,209.4728546142578,802.4287109375,154.25462341308594,739.9852905273438,152.3701171875,799.8494262695312,406.50244140625,758.6710205078125,407.1116027832031,796.9415283203125,492.9828796386719,752.2413330078125,494.11767578125,789.2005004882812,574.4180908203125,752.6580810546875,578.0261840820312
813,27.09994654832347,783.5623779296875,238.30911254882812,792.2547607421875,232.143798828125,775.1793212890625,232.05117797851562,803.12548828125,234.21080017089844,761.569091796875,233.411865234375,809.4751586914062,262.67449951171875,750.3560180664062,264.5227355957031,819.6614379882812,210.44216918945312,732.9390258789062,212.07211303710938,805.203125,156.7518310546875,738.0945434570312,155.66566467285156,799.8894653320312,406.0931091308594,759.0032958984375,406.8736877441406,797.0765380859375,492.7142028808594,753.88671875,495.2469482421875,787.8521728515625,573.36328125,753.897216796875,579.6593017578125
814,27.133279815910583,783.425537109375,238.26014709472656,792.1626586914062,232.1853485107422,775.107177734375,232.01300048828125,802.9955444335938,234.33258056640625,761.4842529296875,233.3447265625,809.0530395507812,262.2937927246094,750.5410766601562,264.2902526855469,818.8876953125,207.6539306640625,734.4092407226562,209.47470092773438,803.5891723632812,152.16845703125,740.3985595703125,150.5571746826172,800.1082763671875,406.1751708984375,759.4903564453125,407.0641174316406,796.9583740234375,492.8970031738281,754.18701171875,495.67620849609375,787.8276977539062,573.0001220703125,754.7386474609375,579.500732421875
815,27.166613083497698,783.0535278320312,237.91383361816406,791.7654418945312,231.98977661132812,774.7913208007812,231.72784423828125,802.5740966796875,234.57252502441406,761.380615234375,233.34913635253906,808.7591552734375,262.9063415527344,750.5945434570312,264.1276550292969,819.0147705078125,208.42611694335938,735.256591796875,208.274658203125,804.7439575195312,150.4166259765625,742.4393920898438,146.85189819335938,800.0340576171875,406.6397705078125,759.6793212890625,407.2412109375,796.29248046875,493.6886901855469,754.44921875,496.02423095703125,786.8501586914062,574.0991821289062,755.1701049804688,580.0565795898438
816,27.19994635108481,783.2125854492188,238.0542449951172,791.7486572265625,231.91819763183594,774.7490844726562,231.96578979492188,802.3712158203125,234.1077423095703,761.07666015625,233.51556396484375,808.6669311523438,262.3267517089844,750.4906616210938,263.9488220214844,818.6153564453125,207.78968811035156,735.3839721679688,207.02099609375,805.0196533203125,151.98934936523438,744.2880859375,145.86610412597656,800.3242797851562,406.6988525390625,759.876953125,407.6515197753906,796.5338745117188,493.2239990234375,754.5341796875,496.2875671386719,787.1510620117188,573.2774658203125,754.8540649414062,579.8983764648438
817,27.233279618671926,783.307861328125,238.15187072753906,791.8414916992188,232.17498779296875,774.952880859375,232.00253295898438,802.2105712890625,234.52713012695312,760.9645385742188,233.45986938476562,808.0977172851562,262.427978515625,750.3444213867188,264.0091247558594,817.8560791015625,206.91371154785156,736.186767578125,206.72718811035156,803.560791015625,150.7835235595703,744.3502807617188,145.26763916015625,800.2814331054688,406.33544921875,760.05029296875,407.1911315917969,796.4797973632812,493.14349365234375,754.3939208984375,495.8294372558594,787.1475219726562,573.0623168945312,755.0438842773438,579.1819458007812
818,27.26661288625904,783.49853515625,238.3222198486328,791.94091796875,232.15496826171875,774.9254150390625,232.2008819580078,802.4307250976562,234.1028594970703,760.9286499023438,233.50181579589844,808.65087890625,262.2835998535156,750.4779052734375,263.6863708496094,818.8368530273438,208.1830291748047,736.0482788085938,207.1845245361328,807.6226806640625,153.61477661132812,745.318115234375,146.88157653808594,800.4518432617188,406.5345764160156,760.1920166015625,407.3098449707031,795.7212524414062,493.6014709472656,754.8461303710938,495.8137512207031,785.4987182617188,574.252685546875,755.2589721679688,579.586669921875
819,27.299946153846154,783.8275756835938,238.6416778564453,792.129150390625,232.27545166015625,775.0453491210938,232.5606689453125,802.6465454101562,233.6423797607422,760.9627685546875,233.5849609375,809.0714111328125,261.5286865234375,750.9260864257812,263.0230712890625,818.4778442382812,206.2850799560547,737.403076171875,204.42709350585938,807.82470703125,152.08905029296875,748.403076171875,143.32516479492188,800.761962890625,406.73907470703125,760.5106811523438,407.5007019042969,795.021728515625,493.8802490234375,754.93994140625,495.5768127441406,784.586669921875,574.5695190429688,755.3822021484375,578.6854248046875
820,27.333279421433264,784.192138671875,238.78578186035156,792.3838500976562,232.4140625,775.4371337890625,232.6719207763672,802.5831298828125,233.50709533691406,761.0211791992188,233.4300537109375,808.9513549804688,260.8516845703125,750.7254028320312,262.86285400390625,818.4053955078125,204.58303833007812,737.2814331054688,204.3385467529297,807.5023803710938,151.73550415039062,747.470458984375,144.25584411621094,800.6890258789062,406.7982482910156,760.4268188476562,407.6569519042969,794.7976684570312,494.1171569824219,754.68701171875,495.5373229980469,784.406982421875,574.8390502929688,755.3486328125,578.2265625
821,27.36661268902038,784.163818359375,238.78076171875,792.411376953125,232.30894470214844,775.3317260742188,232.7045135498047,802.9096069335938,233.43275451660156,761.1422729492188,233.7640838623047,809.8158569335938,261.3595275878906,750.70751953125,264.04376220703125,819.8226928710938,206.94996643066406,735.6285400390625,208.81756591796875,809.21142578125,156.41712951660156,744.1423950195312,151.84423828125,800.7034301757812,406.8511962890625,760.0899658203125,407.84912109375,795.1025390625,494.0104675292969,754.6798706054688,495.4704895019531,784.8308715820312,574.566162109375,755.2586059570312,577.9912109375
822,27.399945956607493,784.0917358398438,238.8288116455078,792.4263916015625,232.33702087402344,775.208251953125,232.81277465820312,803.2139282226562,233.73629760742188,761.218017578125,234.34597778320312,810.521728515625,262.301025390625,750.6228637695312,265.6045227050781,821.2951049804688,210.34176635742188,734.0742797851562,214.55044555664062,811.2592163085938,161.258544921875,740.1221313476562,160.27874755859375,800.5264282226562,406.9549865722656,759.5966186523438,408.05877685546875,795.441650390625,494.1415710449219,754.6065673828125,495.6343688964844,785.224609375,574.0625,755.1722412109375,577.7356567382812
823,27.433279224194607,784.2095336914062,239.38075256347656,792.5482788085938,232.66558837890625,775.1062622070312,233.41427612304688,803.6134643554688,233.7043914794922,761.2447509765625,234.92364501953125,811.1317749023438,262.2076721191406,750.9979248046875,265.8555603027344,820.6229858398438,210.56236267089844,734.8832397460938,214.55221557617188,811.0317993164062,162.40834045410156,742.0714111328125,159.49131774902344,800.979248046875,406.6587219238281,759.75830078125,407.9139404296875,796.3606567382812,493.5981750488281,754.7596435546875,494.9101867675781,786.1170043945312,574.0189208984375,755.1412353515625,577.32958984375
824,27.46661249178172,784.4817504882812,239.1592559814453,792.7437133789062,232.42971801757812,775.4349365234375,233.20449829101562,803.6504516601562,233.16226196289062,761.603271484375,234.38119506835938,810.7993774414062,261.02178955078125,751.42626953125,264.6827392578125,819.4124755859375,208.8983612060547,736.5009765625,212.81472778320312,809.5474243164062,159.817138671875,745.357421875,156.70765686035156,801.12646484375,405.8384704589844,760.0398559570312,407.2132873535156,797.2391967773438,492.8866271972656,754.82275390625,494.5325927734375,787.1041870117188,573.5224609375,754.5361328125,577.4224853515625
825,27.499945759368835,784.6754760742188,239.39273071289062,792.8509521484375,232.678955078125,775.6824340820312,233.39154052734375,803.5713500976562,233.23672485351562,761.6285400390625,234.34359741210938,810.6105346679688,260.78192138671875,751.18017578125,264.634033203125,820.1160888671875,208.87989807128906,736.0894775390625,213.7091522216797,810.8172607421875,160.34597778320312,744.4996337890625,158.5406951904297,801.0738525390625,405.1994934082031,759.9506225585938,406.7160949707031,798.0740966796875,492.1686706542969,755.203125,494.2748107910156,787.4862670898438,572.1888427734375,754.1627197265625,576.84033203125
826,27.53327902695595,784.8948364257812,239.29270935058594,792.9636840820312,232.46644592285156,775.8053588867188,233.295654296875,803.6013793945312,232.96881103515625,761.6880493164062,234.3206329345703,811.0343017578125,261.2084655761719,750.9951782226562,264.80645751953125,820.5896606445312,212.4441680908203,734.9671630859375,216.43759155273438,812.0372314453125,166.3363037109375,743.061767578125,163.67999267578125,801.1859130859375,405.0743408203125,759.7819213867188,406.4655456542969,798.4351806640625,492.31353759765625,755.2233276367188,494.0408020019531,787.8905029296875,572.515625,753.8359985351562,576.6945190429688
827,27.566612294543063,785.3836059570312,239.30030822753906,793.331787109375,232.4287872314453,776.3262939453125,233.2423095703125,803.6922607421875,232.4702606201172,762.0514526367188,233.74908447265625,810.9579467773438,259.9549865722656,751.0733642578125,263.4961242675781,819.9627685546875,209.90252685546875,736.2046508789062,213.50318908691406,811.2811279296875,162.25222778320312,746.4860229492188,158.17942810058594,801.31640625,404.9768371582031,759.7896118164062,406.3992004394531,798.6614990234375,492.5080261230469,754.9388427734375,494.0972900390625,787.8607177734375,573.6375732421875,753.27490234375,577.3768310546875
828,27.599945562130177,785.6639404296875,239.1562957763672,793.662353515625,232.35072326660156,776.69677734375,233.0889129638672,803.9304809570312,232.49447631835938,762.3327026367188,233.58274841308594,810.9324340820312,259.97900390625,751.220458984375,263.65484619140625,820.5703735351562,210.68544006347656,736.0324096679688,214.82232666015625,812.3993530273438,163.88694763183594,745.0498046875,160.32440185546875,801.2745361328125,404.9496765136719,759.8821411132812,406.4708557128906,798.5585327148438,492.58514404296875,754.7078247070312,494.733154296875,787.7877807617188,572.8311157226562,752.982177734375,577.5814819335938
829,27.63327882971729,785.383544921875,239.08389282226562,793.4530639648438,232.2935028076172,776.4107666015625,233.0523223876953,803.8973388671875,232.62351989746094,762.1728515625,233.75962829589844,810.9469604492188,260.2149658203125,751.1331787109375,264.02874755859375,820.7916870117188,210.57472229003906,735.80859375,215.25582885742188,812.3582763671875,163.36618041992188,745.2698364257812,161.0125732421875,801.2433471679688,404.6480407714844,759.8065185546875,406.2737731933594,798.6168212890625,492.0271301269531,754.7140502929688,494.68389892578125,787.6865234375,572.521728515625,752.9048461914062,578.2041625976562
830,27.666612097304405,784.6741333007812,239.34115600585938,793.3265991210938,232.57711791992188,775.8652954101562,233.22503662109375,804.9423217773438,233.0896759033203,762.95068359375,234.02967834472656,812.3895874023438,261.14556884765625,752.1563110351562,264.7716979980469,821.7685546875,214.0870819091797,734.5975952148438,218.54595947265625,814.207275390625,168.58157348632812,742.063232421875,165.64022827148438,801.3162841796875,405.1097717285156,759.7297973632812,406.49664306640625,798.7410888671875,492.11248779296875,753.88671875,494.27667236328125,788.3721313476562,572.6639404296875,752.5039672851562,577.971435546875
831,27.699945364891516,785.4644775390625,239.41778564453125,793.877197265625,232.649169921875,776.5850219726562,233.29598999023438,804.8922729492188,233.12359619140625,762.865966796875,233.96463012695312,812.1173706054688,261.2116394042969,751.7042846679688,264.4125671386719,822.5007934570312,214.39990234375,734.6495361328125,217.33224487304688,814.9912109375,168.8787841796875,742.8087158203125,164.20111083984375,801.5734252929688,405.1112365722656,759.8723754882812,406.5035705566406,798.8858032226562,491.8470153808594,754.2236328125,494.546142578125,788.1124877929688,572.445556640625,752.5678100585938,578.595458984375
832,27.73327863247863,785.3065795898438,239.46688842773438,793.7203369140625,232.72415161132812,776.4874877929688,233.2909698486328,804.7260131835938,233.043701171875,762.84375,233.7113494873047,811.8031616210938,260.95709228515625,751.7218017578125,264.05133056640625,822.287109375,214.1446990966797,735.328369140625,217.37413024902344,815.7962646484375,168.59010314941406,744.0111694335938,164.64205932617188,801.3712158203125,405.4514465332031,759.8615112304688,406.78045654296875,798.7846069335938,492.7796630859375,754.4330444335938,495.1379699707031,787.9247436523438,572.9421997070312,752.7171020507812,578.5409545898438
833,27.766611900065744,785.1587524414062,239.74652099609375,793.6644287109375,232.9551544189453,776.3497314453125,233.52719116210938,804.8655395507812,232.7662811279297,762.8648681640625,233.45663452148438,811.9550170898438,259.57684326171875,751.9423828125,263.0394287109375,821.7130737304688,209.7284698486328,736.937255859375,213.16275024414062,813.8134155273438,162.11837768554688,748.0960083007812,156.69326782226562,801.6217651367188,404.99298095703125,759.9819946289062,406.5228271484375,799.0244750976562,491.8371887207031,754.5078125,494.5160217285156,787.7003173828125,572.7041015625,753.0505981445312,578.501708984375
834,27.799945167652858,785.6282348632812,239.75108337402344,793.9649047851562,232.90786743164062,776.6945190429688,233.59532165527344,804.7962646484375,232.74525451660156,762.7637939453125,233.5784454345703,811.6348876953125,259.7691650390625,751.8176879882812,262.9848937988281,820.9793090820312,210.523193359375,738.2347412109375,212.76377868652344,813.4407958984375,162.74085998535156,751.47998046875,155.33621215820312,801.8389892578125,404.590087890625,760.2018432617188,406.1773376464844,799.1527099609375,491.4754638671875,754.7677612304688,494.395263671875,787.4429931640625,572.1360473632812,753.2337036132812,578.4903564453125
835,27.833278435239972,785.7021484375,239.5325927734375,793.9473266601562,232.63241577148438,776.721435546875,233.40098571777344,804.6668090820312,232.52195739746094,762.77685546875,233.46177673339844,811.7720947265625,260.42626953125,751.7821655273438,263.04180908203125,821.033935546875,215.0331268310547,737.6973876953125,215.17164611816406,813.9971313476562,170.21200561523438,750.2491455078125,160.1171417236328,801.8631591796875,404.52069091796875,760.228515625,405.8715515136719,799.0843505859375,491.79156494140625,754.94482421875,494.3606872558594,787.3624267578125,572.0703735351562,753.242431640625,578.2142944335938
836,27.866611702827086,785.635986328125,239.70989990234375,793.2080688476562,232.64256286621094,777.6392211914062,232.85304260253906,802.432861328125,233.3070526123047,764.2947998046875,233.34181213378906,807.856689453125,263.7615661621094,752.04052734375,262.4801940917969,824.8065795898438,215.06556701660156,734.7216796875,211.87811279296875,823.5457763671875,168.6208038330078,750.3195190429688,157.65020751953125,795.5120849609375,398.93524169921875,757.792236328125,398.5196533203125,790.4541625976562,499.63592529296875,749.9496459960938,498.0018005371094,792.399658203125,580.4857177734375,752.4315795898438,577.54345703125
837,27.8999449704142,785.3847045898438,239.9285888671875,793.060546875,232.59559631347656,777.3763427734375,232.9231414794922,802.91845703125,232.60475158691406,764.4905395507812,232.98963928222656,808.233642578125,262.614990234375,752.4779663085938,262.01483154296875,824.4006958007812,212.26502990722656,734.8846435546875,211.13539123535156,823.398193359375,163.4851837158203,751.7273559570312,155.60452270507812,795.49560546875,398.8989562988281,757.8110961914062,398.7628479003906,790.228515625,499.0264587402344,750.4683837890625,497.6394958496094,791.8563842773438,580.1337890625,752.7884521484375,577.0870361328125
838,27.933278238001314,785.748291015625,239.8497772216797,793.27294921875,232.4541015625,777.75146484375,232.86289978027344,802.8768920898438,232.00765991210938,764.7327880859375,232.54739379882812,808.228515625,261.6770935058594,752.7299194335938,261.02166748046875,824.6655883789062,213.57861328125,734.31201171875,212.11561584472656,823.6399536132812,166.452392578125,749.0929565429688,159.5498809814453,795.3953247070312,397.96923828125,758.0294799804688,397.8085632324219,789.6697998046875,497.95733642578125,751.0556030273438,496.7364501953125,791.40625,579.9059448242188,753.4077758789062,577.2421875
839,27.96661150558843,786.126220703125,240.1405029296875,793.6124267578125,232.5724334716797,777.9743041992188,233.11434936523438,803.2942504882812,232.03643798828125,764.8588256835938,232.89743041992188,808.5255126953125,262.082275390625,753.130859375,261.4259338378906,824.4827270507812,212.95469665527344,735.4144287109375,210.47268676757812,823.15673828125,165.3479766845703,752.3262329101562,155.38597106933594,795.5971069335938,398.5296630859375,758.2152709960938,398.4581604003906,790.0010986328125,497.83892822265625,751.5808715820312,496.8889465332031,791.3657836914062,579.4728393554688,753.4843139648438,576.8576049804688
840,27.999944773175542,785.843017578125,240.3903045654297,793.3742065429688,232.95437622070312,777.7655639648438,233.36676025390625,802.9169311523438,232.76449584960938,764.6522216796875,233.31063842773438,807.9898681640625,262.9307861328125,752.8430786132812,262.23272705078125,824.0439453125,212.39059448242188,735.6805419921875,210.1976318359375,822.8367919921875,165.12979125976562,752.7529296875,154.70596313476562,795.386474609375,398.624755859375,758.1998901367188,398.52276611328125,790.2396850585938,497.9174499511719,751.5891723632812,496.72857666015625,791.3340454101562,579.3667602539062,753.6425170898438,576.6234130859375
841,28.033278040762653,786.0360107421875,240.2555694580078,793.5358276367188,232.72909545898438,777.8655395507812,233.2412567138672,803.1156616210938,232.53028869628906,764.6420288085938,233.31008911132812,808.4121704101562,262.99072265625,752.677734375,262.38336181640625,824.7604370117188,212.81153869628906,735.3617553710938,210.58848571777344,823.052978515625,164.6543731689453,753.0589599609375,154.5834503173828,795.3980712890625,398.98492431640625,757.8246459960938,398.9350280761719,790.0501708984375,497.3887939453125,751.1241455078125,496.42156982421875,791.4238891601562,578.6924438476562,753.312744140625,576.0721435546875
842,28.066611308349767,785.8359375,240.03623962402344,793.3615112304688,232.4996795654297,777.6339111328125,232.9910125732422,802.8729858398438,232.3412322998047,764.2716064453125,233.0418701171875,808.1524658203125,263.35400390625,752.593017578125,262.3481750488281,825.3505249023438,214.7741241455078,735.0446166992188,211.15415954589844,823.776123046875,168.20872497558594,750.9632568359375,156.7454071044922,795.133544921875,399.24395751953125,757.8259887695312,399.0421142578125,789.4859619140625,498.0623474121094,751.1813354492188,497.2244873046875,791.306884765625,579.2277221679688,753.6260986328125,577.0652465820312
843,28.09994457593688,786.3326416015625,239.51022338867188,793.6416015625,231.9586181640625,778.176513671875,232.54661560058594,802.8522338867188,231.60650634765625,764.8677368164062,232.53224182128906,808.5192260742188,262.42083740234375,752.85986328125,261.5343017578125,825.5032348632812,215.74903869628906,734.6498413085938,212.38626098632812,824.1615600585938,170.23692321777344,750.2689208984375,159.80934143066406,795.3680419921875,398.4845275878906,758.0189208984375,398.28778076171875,789.553955078125,497.43133544921875,751.2637329101562,496.45806884765625,791.1314697265625,579.02490234375,753.1033935546875,576.597412109375
844,28.133277843523995,786.4248657226562,239.40621948242188,793.8534545898438,232.02340698242188,778.2026977539062,232.47853088378906,803.1051025390625,232.15695190429688,764.57177734375,232.79098510742188,808.7720336914062,263.3706359863281,752.5674438476562,262.1307067871094,827.0151977539062,217.17413330078125,734.2042846679688,213.0177001953125,825.3204956054688,171.80972290039062,749.2828979492188,160.82608032226562,795.481201171875,398.8402404785156,757.9008178710938,398.5282897949219,789.3225708007812,497.49908447265625,751.223388671875,496.824462890625,790.7941284179688,578.6754150390625,753.378662109375,576.7738037109375
845,28.16661111111111,786.8696899414062,239.23280334472656,794.201416015625,231.82020568847656,778.648193359375,232.3747100830078,803.4716186523438,231.75399780273438,765.1588134765625,232.64529418945312,809.3396606445312,262.8760070800781,753.3244018554688,261.714599609375,827.4041137695312,217.9508056640625,734.1062622070312,214.17185974121094,825.6471557617188,171.82740783691406,747.3626098632812,163.657470703125,795.7520751953125,398.89080810546875,758.3416137695312,398.5041198730469,788.7158813476562,497.31298828125,751.1839599609375,496.4974365234375,790.6760864257812,578.8147583007812,753.1692504882812,576.6655883789062
846,28.199944378698223,786.5173950195312,239.12350463867188,794.0619506835938,231.8007354736328,778.346923828125,232.22816467285156,803.6961059570312,231.80029296875,764.9880981445312,232.3964385986328,809.4970092773438,262.6497802734375,753.1326293945312,261.2942810058594,827.9380493164062,218.61489868164062,733.0377807617188,214.99337768554688,825.803466796875,172.46421813964844,745.209716796875,165.92886352539062,795.6173706054688,398.4702453613281,758.018310546875,398.0158996582031,788.8766479492188,496.9293212890625,751.30615234375,496.3243408203125,790.6054077148438,578.5531005859375,753.4586181640625,577.0046997070312
847,28.233277646285337,786.6475219726562,238.87167358398438,794.1917114257812,231.44610595703125,778.4581909179688,231.89431762695312,804.0119018554688,231.20059204101562,765.1622924804688,231.88015747070312,809.9964599609375,262.1697082519531,753.2601318359375,260.6025390625,827.6773681640625,219.09429931640625,733.04052734375,215.12757873535156,825.2762451171875,171.1487579345703,745.6451416015625,165.94700622558594,796.0283203125,398.8923645019531,758.129150390625,398.3264465332031,788.658447265625,497.1357421875,750.9149169921875,496.3653564453125,790.8310546875,579.218994140625,753.0308227539062,577.3902587890625
848,28.26661091387245,787.5575561523438,238.7150115966797,795.0762939453125,231.3162384033203,779.2908325195312,231.65931701660156,804.494384765625,231.43479919433594,765.4653930664062,231.87704467773438,809.8694458007812,262.8259582519531,753.3135986328125,261.18450927734375,827.126953125,215.82656860351562,733.9367065429688,212.2474365234375,824.7377319335938,165.20816040039062,747.9054565429688,160.1995086669922,796.267822265625,399.9812316894531,758.38134765625,399.3974304199219,789.0093383789062,498.490234375,750.7919921875,497.3745422363281,791.0999755859375,579.8477172851562,752.9014282226562,577.4254760742188
849,28.299944181459566,787.3578491210938,239.2190399169922,795.1344604492188,231.75503540039062,779.0239868164062,232.1793670654297,805.301025390625,231.79722595214844,765.5881958007812,232.45242309570312,810.760009765625,262.9758605957031,753.4178466796875,261.6748962402344,827.8325805664062,214.7184600830078,732.9194946289062,212.3912811279297,824.6014404296875,163.3933563232422,747.1293334960938,160.903076171875,795.9298706054688,399.87567138671875,757.5847778320312,399.38330078125,789.1673583984375,498.6618957519531,750.7382202148438,497.6853332519531,791.130126953125,579.7516479492188,753.0723876953125,577.5091552734375
850,28.33327744904668,787.7352905273438,239.90101623535156,795.47265625,232.43202209472656,779.3560791015625,232.80657958984375,805.3798828125,232.495849609375,765.5565795898438,233.02084350585938,810.5247802734375,263.53875732421875,753.4094848632812,262.1954650878906,827.8563232421875,212.7515869140625,734.0169677734375,210.46934509277344,824.3681640625,160.23367309570312,750.125,157.18475341796875,796.093017578125,400.6419982910156,757.7489624023438,400.17218017578125,789.3911743164062,499.5167236328125,750.7588500976562,498.5148620605469,791.2743530273438,579.7574462890625,753.1487426757812,577.2706909179688
851,28.36661071663379,787.734130859375,239.92698669433594,795.488037109375,232.33493041992188,779.2965087890625,232.74224853515625,805.6022338867188,232.23153686523438,765.5421142578125,232.90802001953125,810.5429077148438,263.2408752441406,753.5762939453125,262.22064208984375,827.4786987304688,210.38461303710938,734.539306640625,209.38253784179688,823.9356079101562,154.90687561035156,752.4141845703125,154.39450073242188,796.3159790039062,401.0186462402344,758.0026245117188,400.7388000488281,789.5883178710938,499.2097473144531,751.2443237304688,498.51190185546875,791.4979248046875,579.8434448242188,753.45703125,577.4613037109375
852,28.399943984220904,787.6536865234375,240.07769775390625,795.4096069335938,232.5044708251953,779.3282470703125,232.7941131591797,805.3241577148438,232.4329833984375,765.5443725585938,232.81661987304688,810.040771484375,263.4112548828125,753.1217041015625,262.51409912109375,826.7755126953125,209.96450805664062,734.8016357421875,209.4920654296875,823.0591430664062,154.4945831298828,753.9845581054688,152.93716430664062,796.0235595703125,400.6874084472656,757.7869262695312,400.53326416015625,790.124267578125,498.5785827636719,751.8115844726562,497.9654541015625,791.1856079101562,579.6746215820312,753.983154296875,577.525390625
853,28.43327725180802,787.843994140625,240.10804748535156,795.6055908203125,232.37989807128906,779.4164428710938,232.72950744628906,805.58203125,232.1656494140625,765.5209350585938,232.70384216308594,810.1686401367188,263.3714599609375,753.17626953125,262.46240234375,826.298583984375,209.4551239013672,735.44921875,208.64125061035156,822.5350341796875,152.17950439453125,756.74609375,149.79949951171875,796.2059326171875,401.08917236328125,757.8269653320312,400.9959716796875,790.0406494140625,498.2685852050781,751.6187744140625,497.7977294921875,791.2120971679688,579.676513671875,753.7058715820312,577.4528198242188
854,28.466610519395132,788.368408203125,240.0064697265625,795.9701538085938,232.22230529785156,779.9329833984375,232.56468200683594,805.6246948242188,231.7369842529297,765.7412109375,232.26951599121094,810.1265258789062,262.5578308105469,753.1395874023438,261.5492858886719,826.1370239257812,208.85435485839844,735.3417358398438,208.1739501953125,822.5548095703125,150.5382080078125,757.338623046875,149.5529327392578,796.4006958007812,400.7667541503906,757.9378662109375,400.6778869628906,790.180419921875,497.4200134277344,751.7361450195312,497.0190734863281,791.03369140625,579.2597045898438,753.2886352539062,577.0255126953125
855,28.499943786982247,788.5744018554688,239.8393096923828,796.2335205078125,232.0633087158203,779.9957275390625,232.4494171142578,806.0040283203125,231.759765625,765.6264038085938,232.42428588867188,810.6170654296875,262.9442443847656,753.4529418945312,262.0500793457031,827.126953125,208.8780517578125,735.6199951171875,208.3650360107422,823.1477661132812,150.60914611816406,756.343017578125,150.52381896972656,796.7647094726562,400.9994201660156,758.2814331054688,400.8612976074219,789.8529052734375,497.7519226074219,751.5238037109375,497.3093566894531,791.2061767578125,579.7858276367188,753.2886352539062,577.4408569335938
856,28.53327705456936,788.994140625,239.48660278320312,796.5077514648438,231.9310302734375,780.4946899414062,232.20523071289062,805.7369995117188,232.07269287109375,765.8179321289062,232.46307373046875,810.2279663085938,263.2708435058594,753.1849365234375,262.10333251953125,827.3399658203125,209.10971069335938,735.7483520507812,208.17552185058594,823.1779174804688,150.79127502441406,756.6204223632812,150.4222412109375,796.5145263671875,400.6441345214844,758.0848388671875,400.4512023925781,790.2653198242188,497.90435791015625,751.7174072265625,497.54095458984375,791.6221313476562,579.78564453125,753.32080078125,577.7202758789062
857,28.566610322156475,788.905517578125,239.57821655273438,796.3953857421875,231.9475555419922,780.4166259765625,232.28216552734375,805.7227172851562,231.91195678710938,765.9270629882812,232.43405151367188,810.1691284179688,263.0343322753906,753.4539184570312,261.8092346191406,826.4607543945312,208.55718994140625,736.4878540039062,207.1928253173828,822.7380981445312,149.8087921142578,758.4486083984375,148.3526153564453,796.5681762695312,400.98162841796875,758.26171875,400.7739562988281,789.8529052734375,498.36126708984375,751.5841674804688,497.8671569824219,791.1676025390625,580.4618530273438,753.127197265625,578.114501953125
858,28.59994358974359,788.9104614257812,239.51214599609375,796.4119262695312,231.81005859375,780.3927001953125,232.23680114746094,805.9351196289062,231.69650268554688,766.1390380859375,232.46717834472656,810.4671020507812,262.93670654296875,753.8626708984375,261.8603820800781,826.3422241210938,209.4657440185547,736.0955810546875,208.2354278564453,822.8462524414062,150.93826293945312,756.6840209960938,150.06114196777344,796.5148315429688,400.9400634765625,758.3095092773438,400.7558898925781,789.989990234375,497.7417907714844,751.8156127929688,497.20733642578125,791.5181884765625,579.9047241210938,753.1261596679688,577.4684448242188
859,28.633276857330703,789.1165161132812,239.34718322753906,796.6180419921875,231.7137451171875,780.5677490234375,232.11505126953125,805.977294921875,231.88284301757812,766.1028442382812,232.57699584960938,810.4747924804688,263.3379211425781,753.677001953125,262.3577575683594,826.5333251953125,209.92442321777344,735.857666015625,209.1751251220703,822.9623413085938,151.53941345214844,755.8409423828125,151.60484313964844,796.7804565429688,400.93304443359375,758.4661254882812,400.7907409667969,790.3150024414062,496.7776184082031,751.6278686523438,496.25616455078125,792.1736450195312,578.906005859375,753.2547607421875,576.5624389648438
860,28.666610124917817,789.1185913085938,239.4259796142578,796.6705932617188,231.8293914794922,780.5490112304688,232.16856384277344,805.9544677734375,232.2375946044922,765.9130249023438,232.77674865722656,810.2357788085938,263.9789123535156,753.5823364257812,262.8779296875,826.7354736328125,209.4259033203125,736.436279296875,208.29725646972656,823.3253784179688,151.43515014648438,756.6453857421875,150.34555053710938,796.6068725585938,401.6337890625,758.328369140625,401.4562072753906,790.2905883789062,497.2159423828125,751.2337646484375,496.6490478515625,792.5078735351562,578.8275756835938,753.1315307617188,576.3945922851562
861,28.69994339250493,789.3059692382812,239.45587158203125,796.71826171875,231.8440704345703,780.6994018554688,232.2242889404297,805.7710571289062,232.1468048095703,765.910888671875,232.78211975097656,810.1173706054688,263.8869934082031,753.5469970703125,262.6164245605469,826.7188110351562,209.92684936523438,736.1969604492188,208.1924285888672,823.5193481445312,152.40478515625,756.6171264648438,150.74661254882812,796.5724487304688,401.63421630859375,758.3706665039062,401.4119567871094,790.211181640625,497.6340637207031,751.5264892578125,497.0654602050781,792.15673828125,579.4039306640625,752.9540405273438,576.8927001953125
862,28.73327666009204,788.7284545898438,239.72727966308594,796.2181396484375,232.08409118652344,780.2011108398438,232.4559326171875,805.55517578125,232.17630004882812,765.7422485351562,232.79180908203125,810.0590209960938,263.6457214355469,753.4984741210938,262.42138671875,826.6553955078125,209.5185089111328,736.3958129882812,207.90257263183594,823.5362548828125,151.54348754882812,757.0856323242188,149.72225952148438,796.5546264648438,401.7236022949219,758.3203125,401.50360107421875,790.2427368164062,498.16827392578125,751.5115966796875,497.51507568359375,792.406982421875,579.8114624023438,753.2802734375,577.1644897460938
863,28.766609927679156,788.813232421875,239.7080841064453,796.2857055664062,232.0284423828125,780.1968994140625,232.4595489501953,805.6862182617188,232.00222778320312,765.636474609375,232.74485778808594,810.1961059570312,263.3311767578125,753.67333984375,261.8568115234375,826.7112426757812,208.9595947265625,737.0304565429688,206.2987823486328,823.273193359375,150.54049682617188,758.7705688476562,147.5419921875,796.6666870117188,401.5919189453125,758.3316040039062,401.2926940917969,790.1386108398438,498.559814453125,751.3951416015625,497.96856689453125,792.45703125,580.0845947265625,752.9887084960938,577.4385986328125
864,28.79994319526627,788.25,239.6997528076172,795.8969116210938,232.0325469970703,779.689453125,232.50985717773438,805.843017578125,232.0418243408203,765.6897583007812,232.90322875976562,810.7088012695312,263.2337341308594,753.83349609375,262.1729736328125,826.70751953125,209.78160095214844,736.50927734375,208.20936584472656,823.152099609375,151.81979370117188,757.4622192382812,149.80767822265625,796.8511962890625,400.890869140625,758.3301391601562,400.6700134277344,790.188720703125,497.35565185546875,750.9682006835938,496.7332763671875,792.4677124023438,578.917236328125,752.768798828125,576.3258666992188
865,28.833276462853384,788.2379150390625,239.59841918945312,795.8389892578125,231.91360473632812,779.618896484375,232.3624267578125,805.6122436523438,231.97164916992188,765.3546142578125,232.75294494628906,810.33349609375,263.517333984375,753.6558837890625,262.03631591796875,826.6741333007812,209.7482452392578,736.97607421875,206.93821716308594,823.0305786132812,151.54812622070312,758.5758056640625,148.2215576171875,796.7001342773438,401.2926330566406,758.2984008789062,400.95208740234375,789.8733520507812,497.63897705078125,751.022705078125,497.0481262207031,792.2880859375,579.0562133789062,752.8788452148438,576.5538330078125
866,28.866609730440498,787.8372802734375,239.75680541992188,795.6080932617188,232.28770446777344,779.3155517578125,232.57766723632812,805.5296020507812,232.71481323242188,765.195556640625,233.13900756835938,810.2500610351562,264.0623474121094,753.4685668945312,262.68414306640625,827.4390869140625,210.0884246826172,736.7919311523438,207.99447631835938,823.5679321289062,153.4636688232422,757.2075805664062,150.33201599121094,796.2808837890625,401.0261535644531,757.89599609375,400.65252685546875,790.1713256835938,498.23138427734375,751.0900268554688,497.53179931640625,792.189453125,579.4567260742188,753.1514282226562,577.044921875
867,28.899942998027612,787.91015625,239.8367462158203,795.6113891601562,232.2914581298828,779.2872924804688,232.6824951171875,805.6080932617188,232.7317657470703,765.2076416015625,233.43251037597656,810.29541015625,264.3179931640625,753.9205322265625,262.7392272949219,826.8896484375,209.1239013671875,737.7186889648438,205.91090393066406,822.8910522460938,150.93067932128906,759.9411010742188,146.4392852783203,796.5513916015625,401.2991943359375,758.2530517578125,400.91485595703125,790.4244995117188,498.2627868652344,751.2559204101562,497.7044372558594,792.8756103515625,579.1529541015625,752.821044921875,576.6680297851562
868,28.933276265614726,788.1298217773438,239.75811767578125,795.7864990234375,232.3337860107422,779.6063232421875,232.60009765625,805.4442749023438,232.8755645751953,765.317138671875,233.26527404785156,809.9796752929688,264.07244873046875,753.6272583007812,262.5962219238281,826.6712646484375,208.59982299804688,737.9481811523438,206.2090301513672,822.7262573242188,150.3648223876953,760.1573486328125,146.5513916015625,796.5499267578125,401.2525329589844,758.2439575195312,400.88153076171875,790.291748046875,498.5652160644531,751.0147094726562,497.7900085449219,792.4424438476562,579.5826416015625,752.8648681640625,576.8001708984375
869,28.96660953320184,788.2769165039062,239.82354736328125,795.8877563476562,232.28273010253906,779.7060546875,232.5709991455078,805.5437622070312,232.64456176757812,765.3466796875,233.12440490722656,810.0418701171875,264.0058898925781,753.836669921875,262.5133056640625,826.756591796875,207.7066192626953,738.3567504882812,205.35716247558594,822.9049072265625,147.62644958496094,761.707275390625,144.62026977539062,796.8775634765625,401.8274841308594,758.6640014648438,401.48809814453125,790.0138549804688,498.7804260253906,751.24853515625,498.1925048828125,792.1505126953125,580.0603637695312,752.8697509765625,577.3197631835938
870,28.999942800788954,788.3585815429688,239.93492126464844,796.0181884765625,232.3969268798828,779.7687377929688,232.65182495117188,805.7139282226562,232.8023223876953,765.343505859375,233.1983642578125,810.1729736328125,264.227294921875,753.8440551757812,262.75048828125,826.8724975585938,207.5629425048828,738.5712280273438,205.531005859375,822.7395629882812,147.22589111328125,762.07080078125,144.83184814453125,797.0315551757812,401.98565673828125,758.705078125,401.6225891113281,790.1298217773438,498.1872253417969,750.9631958007812,497.5277404785156,792.1812744140625,579.5638427734375,752.5906372070312,576.792236328125
871,29.03327606837607,788.495849609375,240.09239196777344,796.0928344726562,232.50119018554688,779.9247436523438,232.80975341796875,805.7208862304688,232.66407775878906,765.501953125,233.1905517578125,810.23779296875,263.6453552246094,753.8601684570312,262.5306396484375,826.654052734375,207.16354370117188,738.2771606445312,206.13290405273438,822.3878173828125,146.81166076660156,761.2245483398438,145.84620666503906,797.2137451171875,401.6930847167969,758.8404541015625,401.4559020996094,790.353271484375,498.1672668457031,751.0609130859375,497.5025939941406,792.6043701171875,579.9519653320312,752.7534790039062,577.0335083007812
872,29.06660933596318,788.4022827148438,240.23721313476562,796.0476684570312,232.69036865234375,779.7780151367188,232.96847534179688,805.746337890625,232.98043823242188,765.2451171875,233.43429565429688,810.1184692382812,264.0091857910156,753.9037475585938,262.60662841796875,827.022705078125,207.2480926513672,738.8485107421875,205.28335571289062,822.7669067382812,147.06216430664062,761.6683349609375,144.9654541015625,796.9571533203125,401.55804443359375,758.6827392578125,401.22900390625,790.3082885742188,497.8725891113281,751.255126953125,497.33624267578125,792.4229125976562,579.5487060546875,752.8829956054688,576.9954833984375
873,29.099942603550293,788.1551513671875,240.10836791992188,795.8482666015625,232.4611358642578,779.55859375,232.87132263183594,805.8782348632812,232.61126708984375,765.4718017578125,233.37411499023438,810.4176635742188,263.7608337402344,754.1550903320312,262.728515625,826.6311645507812,207.98377990722656,737.9884033203125,206.8005828857422,822.6304931640625,147.90469360351562,759.9609985351562,146.95094299316406,796.938232421875,401.24102783203125,758.7238159179688,401.0417175292969,789.924560546875,496.9831848144531,751.1031494140625,496.6043395996094,792.2814331054688,578.8222045898438,752.8018798828125,576.4646606445312
874,29.133275871137407,787.9169921875,240.25289916992188,795.6275024414062,232.60726928710938,779.4135131835938,232.96884155273438,805.6939697265625,232.63839721679688,765.4608764648438,233.28741455078125,810.3823852539062,263.5084533691406,754.0064086914062,262.66119384765625,826.835693359375,207.2747344970703,737.9942016601562,206.69802856445312,822.7988891601562,147.73182678222656,760.0814208984375,146.7062530517578,796.9808959960938,401.0356750488281,758.7066650390625,400.8747863769531,790.1287231445312,496.7625732421875,750.9721069335938,496.2665710449219,792.323486328125,578.7494506835938,752.7828369140625,576.1632690429688
875,29.16660913872452,788.0588989257812,239.9998779296875,795.7273559570312,232.30885314941406,779.5135498046875,232.71742248535156,805.8306274414062,232.30941772460938,765.5697021484375,233.07968139648438,810.6266479492188,263.3086853027344,754.1404418945312,262.4471130371094,826.6868896484375,207.30535888671875,738.0574340820312,206.74691772460938,822.192138671875,146.70999145507812,760.7633666992188,146.46656799316406,797.3046264648438,401.3903503417969,758.9096069335938,401.2273254394531,790.0358276367188,496.4056396484375,751.041015625,495.9610900878906,792.0051879882812,578.5009155273438,752.6923217773438,575.9080810546875
876,29.199942406311635,788.1103515625,240.27084350585938,795.793701171875,232.6429443359375,779.557373046875,232.9966278076172,805.8011474609375,232.76821899414062,765.5005493164062,233.40530395507812,810.3783569335938,263.8313903808594,754.2017822265625,262.8084411621094,826.5315551757812,207.46145629882812,738.3462524414062,206.619873046875,822.2114868164062,147.18185424804688,760.99755859375,146.60633850097656,797.2511596679688,401.6943359375,759.0487060546875,401.4786682128906,790.0700073242188,497.11151123046875,751.2239990234375,496.6179504394531,792.03759765625,579.0346069335938,752.8275756835938,576.4517822265625
877,29.23327567389875,788.1644897460938,240.10183715820312,795.8005981445312,232.56105041503906,779.6032104492188,232.91635131835938,805.6727294921875,232.91331481933594,765.4891357421875,233.56764221191406,810.2826538085938,264.0992126464844,754.2679443359375,263.1945495605469,826.8178100585938,208.08236694335938,738.401123046875,207.4200439453125,822.3743896484375,148.6343231201172,760.3054809570312,147.90586853027344,797.1460571289062,401.2496643066406,759.0988159179688,401.0611267089844,790.1371459960938,496.7454528808594,751.3897094726562,496.3555908203125,791.9241333007812,578.4819946289062,752.7315063476562,576.1018676757812
878,29.266608941485863,788.1278076171875,240.12405395507812,795.7477416992188,232.53733825683594,779.5123901367188,232.9590606689453,805.5802001953125,232.780029296875,765.2758178710938,233.5518035888672,810.4220581054688,264.02197265625,753.8920288085938,263.1332092285156,827.2661743164062,209.3072967529297,737.37841796875,208.1221923828125,822.3206787109375,152.2212677001953,757.7648315429688,150.17303466796875,796.9176635742188,401.0054016113281,758.613525390625,400.78533935546875,790.2904052734375,497.505859375,751.1843872070312,496.9784240722656,792.3025512695312,578.7610473632812,752.6970825195312,576.21435546875
879,29.299942209072977,788.156005859375,240.23695373535156,795.7353515625,232.62091064453125,779.5187377929688,233.09915161132812,805.6171264648438,232.7515411376953,765.3597412109375,233.6476593017578,810.4241333007812,263.9193420410156,754.3142700195312,262.85321044921875,827.1316528320312,209.23887634277344,738.2169799804688,207.3238067626953,822.240966796875,152.2445068359375,758.7299194335938,149.45150756835938,796.8204345703125,400.98138427734375,758.71435546875,400.6734313964844,790.119140625,497.4405822753906,751.3377685546875,496.8245849609375,792.2057495117188,578.475341796875,752.6704711914062,575.8098754882812
880,29.33327547666009,788.1892700195312,240.33616638183594,795.7550659179688,232.66175842285156,779.5187377929688,233.17950439453125,805.65283203125,232.68630981445312,765.3021850585938,233.6794891357422,810.510009765625,263.8392333984375,754.2147216796875,262.9078369140625,827.2335205078125,209.28358459472656,737.8507690429688,207.5492401123047,822.2305297851562,152.19720458984375,758.4844360351562,149.44891357421875,796.93701171875,400.96038818359375,758.7468872070312,400.7298583984375,789.9798583984375,497.8248596191406,751.3847045898438,497.3945617675781,791.9470825195312,578.7922973632812,752.6896362304688,576.2822875976562
881,29.366608744247205,787.8422241210938,240.3026580810547,795.4556274414062,232.6206512451172,779.2537231445312,233.16946411132812,805.63671875,232.5606689453125,765.5003662109375,233.63568115234375,810.7702026367188,263.6956481933594,754.3883666992188,262.7606201171875,827.1144409179688,209.7833709716797,737.5209350585938,208.01258850097656,822.2508544921875,152.68605041503906,757.9296264648438,150.04627990722656,796.876953125,400.9453125,758.6779174804688,400.6791076660156,790.06689453125,498.1742248535156,751.5667114257812,497.56719970703125,792.1513061523438,579.2562255859375,752.9501342773438,576.5555419921875
882,29.39994201183432,787.8690185546875,240.239501953125,795.5379028320312,232.58470153808594,779.265380859375,233.05491638183594,805.679931640625,232.57296752929688,765.2886962890625,233.45004272460938,810.6939697265625,263.65875244140625,754.0968017578125,262.58056640625,827.3208618164062,209.62277221679688,737.610595703125,207.58766174316406,822.3444213867188,152.69740295410156,758.1737060546875,149.5189971923828,796.9147338867188,400.52264404296875,758.5535278320312,400.21942138671875,790.3109130859375,497.2060241699219,751.3480224609375,496.6223449707031,792.3729248046875,578.4152221679688,752.9287719726562,575.8777465820312
883,29.43327527942143,788.0068359375,240.10086059570312,795.6384887695312,232.53802490234375,779.4323120117188,232.94044494628906,805.5077514648438,232.7061004638672,765.2286376953125,233.3939208984375,810.5247192382812,263.728515625,753.6812133789062,262.5852355957031,827.3506469726562,209.7080078125,737.3245239257812,207.87449645996094,822.5700073242188,152.38064575195312,758.18359375,149.680908203125,797.0831298828125,400.8516540527344,758.5313110351562,400.5328063964844,790.138427734375,497.9100646972656,750.781005859375,497.2537536621094,792.2559204101562,579.0571899414062,752.636962890625,576.4591674804688
884,29.466608547008544,788.4066772460938,239.8533935546875,795.9053344726562,232.21536254882812,779.7948608398438,232.7069549560547,805.5457763671875,232.16836547851562,765.4569702148438,233.05133056640625,810.4872436523438,263.1548767089844,753.7957153320312,261.95458984375,826.8847045898438,210.07244873046875,737.0562744140625,207.93324279785156,822.5546875,152.71690368652344,757.6199951171875,150.2974395751953,797.0048828125,400.9071350097656,758.546142578125,400.58807373046875,789.832763671875,498.4549560546875,750.9336547851562,497.7289123535156,792.20263671875,579.6189575195312,752.70556640625,576.7951049804688
885,29.49994181459566,788.5306396484375,240.0338897705078,795.9412841796875,232.30917358398438,779.8225708007812,232.8689727783203,805.5421752929688,232.2335662841797,765.3602905273438,233.31549072265625,810.4658203125,263.4013366699219,753.8755493164062,262.2431945800781,827.0033569335938,209.09347534179688,737.68310546875,207.0166473388672,822.681884765625,150.31141662597656,759.6488647460938,148.49159240722656,797.026611328125,401.298095703125,758.6051635742188,401.0419616699219,789.814697265625,498.262939453125,751.2135009765625,497.7668151855469,792.0711059570312,579.7662353515625,752.5647583007812,577.0779418945312
886,29.533275082182772,788.2142944335938,240.1088409423828,795.7310180664062,232.53773498535156,779.635009765625,232.9559326171875,805.2963256835938,232.7665557861328,765.28515625,233.5139617919922,810.0131225585938,263.6587829589844,753.5928344726562,262.95428466796875,826.9524536132812,207.2374725341797,737.8211059570312,206.91900634765625,822.6428833007812,149.4912567138672,760.1678466796875,148.11654663085938,796.6862182617188,401.3856201171875,758.3814086914062,401.2842712402344,790.0794677734375,498.36175537109375,751.1546020507812,497.79058837890625,791.687744140625,579.4592895507812,752.8193359375,576.6343383789062
887,29.566608349769886,788.1795043945312,240.17556762695312,795.6799926757812,232.56434631347656,779.59033203125,232.9869384765625,805.2745971679688,232.73463439941406,765.2901611328125,233.51712036132812,809.9758911132812,263.69793701171875,753.69384765625,263.0231628417969,826.7146606445312,206.9500274658203,738.093994140625,206.6513671875,822.81884765625,148.99676513671875,761.1309814453125,147.32948303222656,796.8367919921875,401.3988037109375,758.6351928710938,401.335205078125,790.2075805664062,497.8763122558594,751.4284057617188,497.3503112792969,791.4765625,579.346923828125,752.7672119140625,576.5228271484375
888,29.599941617357,788.2417602539062,240.10806274414062,795.7599487304688,232.38987731933594,779.5382690429688,232.9129180908203,805.553955078125,232.32070922851562,765.2308349609375,233.32737731933594,810.336669921875,263.4309387207031,753.931884765625,262.32147216796875,826.8523559570312,208.32972717285156,737.8653564453125,206.5092010498047,823.1143798828125,149.82611083984375,760.4329833984375,147.70701599121094,796.8490600585938,401.3125,758.5750122070312,401.08404541015625,789.8219604492188,497.9005432128906,751.4405517578125,497.3741760253906,791.5973510742188,579.6282958984375,752.722900390625,576.890625
889,29.633274884944115,788.57275390625,240.334228515625,796.1103515625,232.56088256835938,779.878662109375,232.98915100097656,805.7505493164062,232.3721923828125,765.3301391601562,233.16224670410156,810.2110595703125,263.51239013671875,753.8156127929688,262.3770751953125,826.8958129882812,207.18190002441406,738.1287231445312,205.5340118408203,823.2900390625,148.17332458496094,762.0759887695312,145.65643310546875,796.96630859375,401.75689697265625,758.6618041992188,401.59979248046875,790.344482421875,498.2239074707031,751.7368774414062,497.81048583984375,791.896240234375,579.9264526367188,752.9191284179688,577.188720703125
890,29.66660815253123,788.7980346679688,240.3036346435547,796.239990234375,232.49685668945312,780.1124877929688,232.97695922851562,805.7835083007812,232.23544311523438,765.6361083984375,233.1472625732422,810.0921630859375,263.3592224121094,754.27783203125,262.1048889160156,826.0923461914062,207.40956115722656,738.6300659179688,205.3266143798828,822.85791015625,148.02093505859375,762.7185668945312,145.27041625976562,796.9585571289062,401.79058837890625,758.9331665039062,401.59979248046875,790.1395874023438,497.84814453125,751.8379516601562,497.4263610839844,791.5010986328125,579.4900512695312,752.4736328125,576.7672119140625
891,29.699941420118343,788.98681640625,240.04812622070312,796.3934936523438,232.2718505859375,780.3522338867188,232.70962524414062,805.7664794921875,232.11517333984375,765.8203125,232.92637634277344,810.07080078125,263.3780822753906,754.0507202148438,262.0776062011719,825.894775390625,207.81971740722656,738.1464233398438,205.8285369873047,822.7625122070312,147.52317810058594,762.6294555664062,145.1621856689453,797.08203125,402.1548156738281,758.9481811523438,401.99603271484375,790.148681640625,498.3274841308594,751.8164672851562,497.9844665527344,791.572509765625,580.3201293945312,752.5541381835938,577.6987915039062
892,29.733274687705457,789.1826782226562,239.89239501953125,796.483642578125,232.04904174804688,780.4652709960938,232.60211181640625,805.7542114257812,231.82330322265625,765.8199462890625,232.890869140625,810.3021850585938,263.2071228027344,754.0146484375,261.8993835449219,825.9733276367188,208.28700256347656,738.0899047851562,206.0847930908203,822.9768676757812,147.64938354492188,762.6437377929688,145.75721740722656,797.2789916992188,402.378662109375,758.9439086914062,402.18701171875,789.9075927734375,499.05426025390625,751.3971557617188,498.530517578125,791.8568725585938,580.8740234375,752.2031860351562,577.8547973632812
893,29.766607955292567,788.98828125,240.1135711669922,796.388916015625,232.216064453125,780.2171020507812,232.77642822265625,805.9659423828125,231.90469360351562,765.6170043945312,232.9868927001953,810.4634399414062,263.2851257324219,754.0761108398438,261.72601318359375,826.043212890625,208.13084411621094,738.4276123046875,204.9889678955078,822.5115356445312,147.06784057617188,763.6366577148438,143.9683074951172,797.2214965820312,402.04449462890625,758.7839965820312,401.77923583984375,789.7756958007812,498.39617919921875,751.3939208984375,498.03204345703125,791.6251220703125,580.0188598632812,752.2503051757812,577.3049926757812
894,29.79994122287968,788.5350341796875,240.57693481445312,796.0205078125,232.62643432617188,779.8031005859375,233.23336791992188,805.8976440429688,232.13258361816406,765.5308837890625,233.3062744140625,810.5560302734375,263.3948974609375,754.2249145507812,261.8363342285156,826.1553955078125,208.23822021484375,738.5416259765625,204.81417846679688,822.6536865234375,147.5252227783203,763.3953857421875,143.87550354003906,797.1007080078125,402.1261901855469,758.726318359375,401.8255615234375,789.5308837890625,498.88946533203125,751.2186279296875,498.462158203125,791.8777465820312,580.6248168945312,752.4581298828125,577.8939819335938
895,29.833274490466795,788.7098999023438,240.67909240722656,796.1353149414062,232.649169921875,779.9945678710938,233.30296325683594,806.0352783203125,231.9322509765625,765.8140869140625,233.23605346679688,810.6340942382812,262.939697265625,754.42626953125,261.5820617675781,825.910888671875,207.80328369140625,738.33154296875,204.9669189453125,822.4464721679688,146.7550811767578,763.85009765625,143.79733276367188,797.1000366210938,402.2780456542969,758.7865600585938,402.0925598144531,789.4107666015625,498.805908203125,751.66845703125,498.58990478515625,791.0031127929688,580.3895874023438,752.473876953125,577.73486328125
896,29.86660775805391,788.5988159179688,240.63162231445312,796.0526733398438,232.66090393066406,779.888427734375,233.38758850097656,806.1782836914062,231.8560791015625,765.9879150390625,233.33975219726562,811.0525512695312,262.60992431640625,754.952880859375,261.3038024902344,826.4454345703125,208.4260711669922,738.2953491210938,205.71640014648438,822.6687622070312,148.57113647460938,761.5341796875,146.97042846679688,796.9087524414062,401.7015380859375,758.7421875,401.3812255859375,789.2312622070312,499.5766906738281,751.7855224609375,499.01837158203125,791.3211059570312,581.3291015625,752.6487426757812,578.375244140625
897,29.899941025641024,788.2635498046875,240.6818084716797,795.8394165039062,232.7100830078125,779.632080078125,233.28111267089844,806.0196533203125,231.8168487548828,765.6771240234375,232.89781188964844,810.7132568359375,262.44549560546875,754.4257202148438,260.87548828125,825.960693359375,208.6098175048828,738.0004272460938,205.621826171875,822.404296875,148.25132751464844,762.148681640625,145.98301696777344,797.1359252929688,401.3945617675781,758.783203125,401.0552062988281,789.6029052734375,498.2768249511719,751.5457763671875,497.8274841308594,791.4049072265625,580.1658935546875,752.60595703125,577.600830078125
898,29.933274293228138,788.7911376953125,240.267333984375,796.3318481445312,232.38157653808594,780.0665893554688,232.98411560058594,806.336181640625,231.89773559570312,765.8231811523438,233.04849243164062,810.8655395507812,262.82061767578125,754.5372924804688,261.2121276855469,826.5093994140625,208.38046264648438,738.249267578125,204.970947265625,822.4974365234375,147.71942138671875,762.66015625,144.86976623535156,797.1264038085938,401.6681823730469,758.7092895507812,401.3829345703125,789.669921875,499.01153564453125,751.7156372070312,498.9382629394531,791.635986328125,580.3626098632812,752.8372802734375,578.2594604492188
899,29.966607560815252,788.8844604492188,240.19088745117188,796.3304443359375,232.27789306640625,780.1904296875,232.9361114501953,806.2008056640625,231.78648376464844,766.018798828125,233.0664825439453,810.8908081054688,262.88153076171875,754.4908447265625,261.271728515625,826.3775024414062,209.06838989257812,738.0228271484375,205.3424835205078,822.4732666015625,148.69639587402344,762.46337890625,145.17124938964844,796.9002075195312,401.5411682128906,758.4581298828125,401.2589111328125,789.618408203125,498.49017333984375,751.4715576171875,498.372802734375,791.8491821289062,580.0018310546875,752.478515625,577.8060302734375
900,29.999940828402366,788.455078125,239.91270446777344,795.9720458984375,232.04275512695312,779.6917114257812,232.76487731933594,806.1361083984375,231.9268798828125,765.7576904296875,233.3942108154297,811.0266723632812,263.5755615234375,754.5919799804688,262.05889892578125,826.71923828125,209.23484802246094,738.1278076171875,205.4745635986328,822.4260864257812,148.95567321777344,762.3965454101562,145.3349609375,796.624267578125,401.7522277832031,758.233154296875,401.4655456542969,789.3837280273438,498.55316162109375,751.4347534179688,498.5221252441406,791.6779174804688,579.9287719726562,752.403564453125,577.8822021484375
901,30.03327409598948,788.6499633789062,239.97378540039062,796.1884155273438,232.12222290039062,779.8510131835938,232.8384552001953,806.3267211914062,232.0897216796875,765.8514404296875,233.56063842773438,811.0994262695312,263.8685302734375,754.868408203125,262.46246337890625,826.750732421875,208.40623474121094,738.5108642578125,205.18984985351562,822.5109252929688,148.23800659179688,762.319091796875,145.68740844726562,796.6961669921875,402.1188049316406,758.4330444335938,401.7909240722656,789.17529296875,498.8170471191406,751.0572509765625,498.4613952636719,791.9534301757812,579.8948364257812,752.2341918945312,577.2799682617188
902,30.066607363576594,788.5728149414062,239.9221954345703,796.1156005859375,232.08924865722656,779.8829956054688,232.7398681640625,806.1664428710938,231.8716278076172,765.8890991210938,233.1754150390625,810.8364868164062,263.30908203125,754.6749267578125,262.0279541015625,826.721435546875,208.58251953125,738.1907348632812,205.87342834472656,822.724365234375,148.91233825683594,760.9371337890625,146.68310546875,796.4994506835938,401.621826171875,758.3524780273438,401.3487854003906,789.1744384765625,498.7032470703125,751.3317260742188,498.3578186035156,792.0133666992188,579.8744506835938,752.8954467773438,577.3289794921875
903,30.099940631163708,788.5330810546875,240.08409118652344,796.1397094726562,232.2966766357422,779.8349609375,232.87181091308594,806.2544555664062,232.1549530029297,765.7445068359375,233.2893829345703,810.8771362304688,263.4347839355469,754.5730590820312,261.9962463378906,827.0588989257812,208.09364318847656,738.5012817382812,205.10594177246094,822.9654541015625,147.60394287109375,761.8853759765625,145.04562377929688,796.689453125,401.57574462890625,758.3663940429688,401.26776123046875,789.5157470703125,498.8585510253906,751.247802734375,498.599609375,792.2759399414062,579.9219360351562,752.7332763671875,577.5404052734375
904,30.13327389875082,787.9324951171875,240.50575256347656,795.68505859375,232.6595916748047,779.3330688476562,233.1204071044922,806.0380859375,232.31192016601562,765.4535522460938,233.1679229736328,810.5564575195312,263.5229797363281,754.3746948242188,261.9393005371094,826.4037475585938,208.1130828857422,738.4368896484375,205.0382537841797,822.6304931640625,147.3545684814453,762.0050659179688,144.25576782226562,796.7974243164062,401.9413146972656,758.53515625,401.57720947265625,789.4328002929688,498.5943603515625,750.9945678710938,498.1898498535156,792.0972290039062,579.7576904296875,752.7620239257812,577.3151245117188
905,30.166607166337933,788.5331420898438,240.12977600097656,796.0819702148438,232.32052612304688,779.8786010742188,232.916748046875,806.1453247070312,232.1843719482422,765.9230346679688,233.3651885986328,810.7262573242188,263.60101318359375,754.8028564453125,261.9991149902344,826.428466796875,207.85824584960938,738.9508666992188,204.20355224609375,822.4970092773438,146.84832763671875,763.0191650390625,143.25184631347656,796.7637329101562,401.9062194824219,758.6144409179688,401.5682067871094,789.4386596679688,498.71697998046875,751.1886596679688,498.446533203125,792.4463500976562,579.85009765625,752.5943603515625,577.4267578125
906,30.199940433925047,788.738037109375,239.9000701904297,796.2240600585938,232.110107421875,780.0910034179688,232.74447631835938,806.135498046875,232.0395050048828,766.0963745117188,233.30560302734375,810.8112182617188,263.4806213378906,754.7991943359375,262.12567138671875,826.5444946289062,207.5050506591797,738.6901245117188,204.41197204589844,822.6285400390625,146.7816162109375,762.7014770507812,143.43568420410156,796.8668212890625,401.9910583496094,758.690185546875,401.7261047363281,789.1856079101562,499.3207092285156,750.9296264648438,498.9994812011719,792.2813110351562,580.0570068359375,752.4720458984375,577.3596801757812
907,30.23327370151216,789.1146240234375,239.72430419921875,796.569091796875,231.92855834960938,780.585693359375,232.5021514892578,806.3209838867188,231.5670928955078,766.5716552734375,232.65277099609375,811.041015625,262.5887756347656,754.8172607421875,261.1275939941406,826.7268676757812,207.35458374023438,738.5426025390625,204.0943145751953,822.8758544921875,146.99508666992188,762.2633056640625,143.12158203125,797.0166625976562,401.7652587890625,758.6937255859375,401.4327392578125,789.301513671875,499.9604797363281,750.9221801757812,499.3023681640625,792.5115966796875,580.7806396484375,752.8001708984375,577.5311279296875
908,30.266606969099275,789.6119384765625,239.48179626464844,796.9918212890625,231.65518188476562,781.0924072265625,232.3081512451172,806.7515258789062,231.3871612548828,767.2359008789062,232.65676879882812,811.536376953125,262.4976806640625,755.1524047851562,261.0434875488281,826.5089721679688,206.8748016357422,738.6754760742188,203.5030975341797,822.5343627929688,146.1361846923828,764.0244750976562,141.93307495117188,797.0516357421875,402.0897521972656,758.5558471679688,401.7989807128906,789.3716430664062,499.524658203125,750.943603515625,498.9640197753906,791.9341430664062,580.5435180664062,752.353515625,577.307373046875
909,30.29994023668639,789.8399047851562,239.96270751953125,797.2186889648438,232.39808654785156,781.4302368164062,232.75970458984375,806.4099731445312,232.48875427246094,767.0633544921875,233.05557250976562,810.6549682617188,263.4311218261719,754.6314697265625,261.6920471191406,826.5706176757812,207.15792846679688,738.5628662109375,203.85708618164062,822.7891235351562,147.32833862304688,763.7022094726562,142.7684326171875,796.8486938476562,402.00091552734375,758.6110229492188,401.66168212890625,789.8148193359375,499.70074462890625,751.18505859375,499.2178039550781,791.781005859375,580.2901611328125,752.4437866210938,577.4682006835938
910,30.333273504273503,790.0515747070312,239.7508544921875,797.2734375,232.15655517578125,781.6287231445312,232.66526794433594,806.3994750976562,232.3385009765625,767.4710083007812,233.28746032714844,810.962890625,263.3349304199219,754.9288940429688,262.0372619628906,826.4834594726562,206.2870330810547,738.7108154296875,203.74154663085938,822.6724853515625,146.36199951171875,764.7282104492188,141.9178466796875,796.9863891601562,402.0507507324219,758.74560546875,401.8640441894531,789.8159790039062,499.77557373046875,751.2908325195312,499.2951354980469,791.4689331054688,580.4707641601562,752.104736328125,577.26953125
911,30.366606771860617,790.7409057617188,239.97926330566406,797.76806640625,232.4168701171875,782.427490234375,232.8707733154297,806.3170776367188,232.47314453125,767.9993896484375,233.26332092285156,810.7443237304688,263.14947509765625,754.8450317382812,261.78436279296875,826.0853271484375,206.5144500732422,738.8618774414062,203.83126831054688,822.3757934570312,147.1024169921875,765.4017333984375,141.85035705566406,796.9519653320312,401.8702392578125,758.802001953125,401.6940612792969,789.8238525390625,499.9532775878906,751.3886108398438,499.4041748046875,791.1118774414062,581.2030029296875,751.9518432617188,577.8685302734375
912,30.39994003944773,790.8639526367188,239.84317016601562,797.8065795898438,232.3111572265625,782.6602172851562,232.79356384277344,806.21923828125,232.40634155273438,768.4228515625,233.26559448242188,810.7484741210938,262.98895263671875,754.9313354492188,261.9106140136719,826.0680541992188,206.29437255859375,738.8101196289062,204.3523406982422,822.4459838867188,146.9234619140625,765.3551025390625,142.2190704345703,796.7691650390625,401.68212890625,758.7206420898438,401.6271667480469,789.816650390625,499.6790466308594,751.4909057617188,499.24932861328125,791.1340942382812,581.2723388671875,752.0925903320312,578.0653076171875
913,30.433273307034845,791.42578125,239.37818908691406,798.1369018554688,232.0255126953125,783.2843627929688,232.43299865722656,805.8409423828125,232.45697021484375,768.7100830078125,233.13619995117188,810.236572265625,263.0778503417969,754.875244140625,261.9336853027344,825.6065063476562,206.8898162841797,739.0057983398438,205.06431579589844,822.0247802734375,148.3180694580078,764.7650756835938,143.74769592285156,796.6416625976562,401.45733642578125,758.8618774414062,401.3578796386719,790.1817016601562,499.1956481933594,751.6840209960938,498.5494689941406,791.0753784179688,580.8038330078125,751.7166137695312,577.431396484375
914,30.466606574621956,791.557373046875,239.56968688964844,798.463134765625,232.29396057128906,783.5528564453125,232.4932861328125,806.2928466796875,232.6935272216797,769.0228271484375,232.87216186523438,810.3206787109375,263.1527404785156,755.0119018554688,261.7154846191406,826.2471923828125,206.43637084960938,739.2845458984375,204.53929138183594,822.592529296875,147.42608642578125,765.2863159179688,142.99337768554688,796.3203125,401.6988220214844,758.6132202148438,401.4872741699219,790.023681640625,499.3404541015625,751.8494262695312,498.6884765625,790.5530395507812,580.5453491210938,752.3173217773438,577.37890625
915,30.49993984220907,791.6278686523438,239.5655517578125,798.4075317382812,232.1460723876953,783.5637817382812,232.50177001953125,806.2454223632812,232.3800048828125,769.1168212890625,232.93418884277344,810.5665893554688,263.0817565917969,755.1824951171875,261.6573181152344,826.122314453125,206.74880981445312,739.3867797851562,204.3717041015625,822.5538940429688,147.41799926757812,765.5484008789062,142.88479614257812,796.531982421875,401.9424133300781,758.7512817382812,401.7351379394531,789.9262084960938,499.398681640625,751.6510620117188,498.74139404296875,791.0726928710938,580.9685668945312,751.923583984375,577.6443481445312
916,30.533273109796184,791.6332397460938,239.81771850585938,798.5322875976562,232.33961486816406,783.5480346679688,232.62550354003906,806.6014404296875,232.48370361328125,769.1123046875,232.9054412841797,810.7188720703125,263.1122131347656,755.4210205078125,261.9106750488281,826.5838012695312,204.5893096923828,739.9288330078125,203.2254638671875,822.7650146484375,145.22793579101562,766.5342407226562,141.5032958984375,796.5946655273438,402.1291198730469,758.8909912109375,401.9639892578125,790.0379638671875,498.5295715332031,751.8348999023438,497.86676025390625,790.263916015625,580.2049560546875,751.8451538085938,576.8070068359375
917,30.566606377383298,791.5161743164062,240.16375732421875,798.3557739257812,232.76658630371094,783.4923706054688,232.9676513671875,806.2781372070312,232.89395141601562,768.9521484375,233.07994079589844,810.49658203125,263.355712890625,755.3235473632812,261.591796875,826.8109741210938,204.45870971679688,740.46044921875,201.82403564453125,822.577880859375,144.86572265625,767.85400390625,140.35882568359375,796.799560546875,402.51507568359375,759.0940551757812,402.1185302734375,789.6672973632812,499.4970703125,751.595703125,498.6327819824219,790.1185302734375,580.56396484375,751.8358764648438,576.959228515625
918,30.599939644970412,791.4755249023438,239.88369750976562,798.3094482421875,232.52896118164062,783.5104370117188,232.7518310546875,806.2335205078125,232.76893615722656,769.177001953125,232.99256896972656,810.4782104492188,263.2367858886719,755.2173461914062,261.4194030761719,826.1177368164062,204.86398315429688,739.9406127929688,202.11502075195312,822.6118774414062,145.43923950195312,768.0436401367188,140.70753479003906,796.5487060546875,402.32562255859375,758.7698364257812,401.9451904296875,789.5511474609375,499.4989318847656,751.2018432617188,498.5836486816406,790.0802001953125,580.9887084960938,751.3246459960938,577.3271484375
919,30.633272912557526,791.765625,240.0120086669922,798.5484619140625,232.82785034179688,783.8108520507812,232.9165802001953,805.9976196289062,233.499267578125,769.0847778320312,233.42385864257812,809.951904296875,264.2198791503906,755.1363525390625,262.5068664550781,826.8245849609375,203.879150390625,740.8117065429688,201.81488037109375,823.2991943359375,145.26834106445312,768.8002319335938,140.79302978515625,796.2471313476562,402.5842590332031,758.82177734375,402.2105407714844,789.7301635742188,500.3568115234375,751.3290405273438,499.3617248535156,790.197998046875,581.2783203125,751.386474609375,577.5415649414062
920,30.66660618014464,791.3809204101562,240.27723693847656,798.2675170898438,233.1903533935547,783.4393310546875,233.22593688964844,805.8740844726562,233.99679565429688,768.811767578125,233.77305603027344,809.6829833984375,264.4830322265625,755.2261352539062,262.6098327636719,826.5419921875,203.6547393798828,741.330322265625,201.56861877441406,823.5038452148438,145.72584533691406,768.993896484375,141.59283447265625,796.0419921875,402.5173645019531,758.7308349609375,402.00909423828125,789.5090942382812,500.2743225097656,750.7208862304688,498.9591979980469,790.003662109375,580.6200561523438,750.8084716796875,576.650634765625
921,30.699939447731754,791.56884765625,240.6535186767578,798.39208984375,233.33160400390625,783.5225219726562,233.5177001953125,806.13525390625,233.64044189453125,768.8301391601562,233.79150390625,810.050537109375,263.97900390625,755.3648681640625,262.411865234375,826.6372680664062,203.84197998046875,740.8533325195312,202.09295654296875,823.408447265625,145.55368041992188,768.0397338867188,142.045654296875,796.4502563476562,402.45196533203125,759.0333251953125,402.0956115722656,789.5311889648438,499.20703125,751.1820068359375,498.1863098144531,790.0294189453125,579.9739990234375,751.2031860351562,576.1437377929688
922,30.73327271531887,791.8724365234375,240.17803955078125,798.8130493164062,232.9216766357422,783.8268432617188,233.01602172851562,806.5950317382812,233.4874725341797,769.018798828125,233.41845703125,810.4053955078125,263.80755615234375,755.0911865234375,262.3455810546875,826.5997314453125,202.73077392578125,740.804443359375,202.06224060058594,823.6316528320312,143.69680786132812,768.3524780273438,141.8428192138672,796.5006713867188,402.6051025390625,758.5911254882812,402.2178955078125,789.70751953125,499.2861328125,750.074462890625,497.7938232421875,790.3594970703125,580.1854858398438,750.4656372070312,575.68701171875
923,30.766605982905983,791.7288208007812,240.73098754882812,798.7055053710938,233.36480712890625,783.7227172851562,233.41453552246094,806.5964965820312,233.44610595703125,768.9091186523438,233.2717742919922,810.4238891601562,263.28521728515625,754.9470825195312,261.9295349121094,826.7567138671875,202.2892303466797,740.714599609375,202.0838165283203,823.781005859375,143.30303955078125,768.5292358398438,141.76043701171875,796.7874755859375,402.597412109375,758.8260498046875,402.2699890136719,789.8551025390625,499.29376220703125,750.6312255859375,497.85400390625,790.0559692382812,580.7144775390625,751.2153930664062,576.2177124023438
924,30.799939250493097,791.8659057617188,241.02574157714844,798.9117431640625,233.6339874267578,783.7545776367188,233.716552734375,806.8396606445312,233.74452209472656,768.7418212890625,233.64439392089844,810.5580444335938,263.7357177734375,754.9728393554688,262.6136779785156,827.4317626953125,202.4092254638672,740.9186401367188,202.60252380371094,824.1875610351562,143.37603759765625,768.5875244140625,142.0001983642578,796.8447265625,402.40509033203125,758.894775390625,402.18914794921875,790.06787109375,499.541015625,750.9510498046875,498.3644714355469,790.55810546875,580.7158813476562,751.7786254882812,576.546142578125
925,30.833272518080207,791.7269897460938,240.75144958496094,798.7916259765625,233.52418518066406,783.7664184570312,233.50157165527344,806.6348266601562,233.8428497314453,768.9396362304688,233.47311401367188,810.4087524414062,263.6363525390625,754.9618530273438,262.3417663574219,827.173095703125,202.37423706054688,740.9036865234375,202.46034240722656,824.0875244140625,143.7041473388672,768.6641235351562,142.0067901611328,796.8422241210938,402.092041015625,758.9677124023438,401.7823791503906,790.061279296875,499.9200134277344,750.7822875976562,498.4971008300781,790.50390625,580.89990234375,751.8370361328125,576.559326171875
926,30.86660578566732,791.3338623046875,240.53640747070312,798.5530395507812,233.28196716308594,783.2420654296875,233.34437561035156,806.9166870117188,233.80369567871094,768.6065063476562,233.6793670654297,810.8494262695312,263.8417053222656,755.0858154296875,262.7961120605469,828.0883178710938,201.6102752685547,741.037353515625,201.9936065673828,824.4000854492188,142.7884979248047,768.904296875,141.21966552734375,796.6524047851562,401.7273254394531,758.62109375,401.50018310546875,790.1700439453125,498.94488525390625,751.0243530273438,497.81915283203125,790.4703979492188,579.4674682617188,752.2041015625,575.4759521484375
927,30.899939053254435,791.3099365234375,239.9093475341797,798.5064697265625,232.71365356445312,783.2709350585938,232.7677764892578,806.7550659179688,233.48460388183594,768.74951171875,233.35012817382812,810.7459106445312,263.76171875,754.8385620117188,262.9564514160156,827.7094116210938,201.75469970703125,740.540283203125,202.9261474609375,824.4536743164062,143.14434814453125,768.8756103515625,141.9181365966797,796.507568359375,401.85882568359375,758.421142578125,401.7475891113281,790.2741088867188,499.7162780761719,750.93798828125,498.58892822265625,790.3084716796875,580.4244384765625,751.9478149414062,576.3605346679688
928,30.93327232084155,791.4970703125,239.4290313720703,798.6017456054688,232.28048706054688,783.4642944335938,232.3575897216797,806.6253051757812,233.1405487060547,768.858154296875,233.04931640625,810.5514526367188,263.43621826171875,754.8471069335938,262.66748046875,827.4947509765625,201.94480895996094,740.4343872070312,203.2224578857422,824.4169921875,143.4635467529297,768.3286743164062,142.50070190429688,796.37109375,401.79254150390625,758.418212890625,401.70343017578125,790.0816650390625,500.0064697265625,751.1239013671875,498.8889465332031,790.0093383789062,580.5177612304688,752.085693359375,576.458251953125
929,30.966605588428664,791.4843139648438,239.86199951171875,798.5632934570312,232.61183166503906,783.4415283203125,232.68174743652344,806.539794921875,233.21653747558594,768.7391357421875,233.10528564453125,810.237060546875,263.3537292480469,754.7435302734375,262.53369140625,826.9674072265625,201.2351531982422,740.474853515625,202.29478454589844,823.8966674804688,142.9999542236328,768.8552856445312,141.24378967285156,796.2199096679688,401.9936218261719,758.3318481445312,401.93133544921875,790.2759399414062,499.8936462402344,751.2924194335938,498.8124084472656,789.8963623046875,580.4443359375,751.9673461914062,576.3614501953125
930,30.999938856015778,790.8228759765625,239.78184509277344,798.073486328125,232.3973388671875,782.6685791015625,232.55374145507812,806.6279907226562,232.795654296875,768.245361328125,232.8916778564453,810.4049682617188,263.1714782714844,754.8228759765625,262.1264953613281,826.5045166015625,202.08497619628906,740.1022338867188,202.0570526123047,823.7982177734375,143.72427368164062,768.406005859375,140.8538055419922,796.37158203125,402.2059631347656,758.4080810546875,402.0828857421875,790.1102294921875,500.45880126953125,751.3320922851562,499.4169006347656,790.0612182617188,581.00048828125,752.10205078125,576.9942626953125
931,31.03327212360289,789.8062133789062,239.9684600830078,797.2487182617188,232.3982696533203,781.5620727539062,232.63050842285156,806.464599609375,232.39027404785156,767.4185791015625,232.68319702148438,810.3626708984375,262.7166748046875,754.5601806640625,261.76385498046875,826.2279052734375,202.99620056152344,739.2369995117188,202.88670349121094,823.5602416992188,144.13014221191406,766.87255859375,141.44479370117188,796.4947509765625,401.6612548828125,758.4014282226562,401.6213684082031,790.2720947265625,498.90472412109375,751.6041870117188,498.199951171875,790.3966674804688,579.3480834960938,752.63623046875,575.8900756835938
932,31.066605391190006,789.217529296875,240.12289428710938,796.6942138671875,232.55465698242188,781.07421875,232.73387145996094,806.0144653320312,232.2999725341797,767.1651611328125,232.4690399169922,810.0624389648438,262.1419677734375,754.3566284179688,261.43499755859375,825.6725463867188,202.76327514648438,739.0808715820312,203.60769653320312,823.2296752929688,144.5247039794922,765.7517700195312,142.5587158203125,796.697509765625,401.28204345703125,758.6715698242188,401.2832336425781,790.8378295898438,498.82354736328125,751.93994140625,497.8027038574219,790.7670288085938,579.7815551757812,753.0947875976562,576.0009765625
933,31.09993865877712,788.1216430664062,239.96046447753906,795.703125,232.2184295654297,779.93505859375,232.48252868652344,805.4319458007812,231.52899169921875,766.3130493164062,231.87030029296875,809.9774780273438,261.922119140625,753.7057495117188,261.0111389160156,825.3102416992188,207.42050170898438,736.8836669921875,207.13169860839844,823.0108032226562,149.8966522216797,761.114501953125,146.9136505126953,796.8128051757812,401.13043212890625,758.6350708007812,401.0557556152344,790.456298828125,499.6197204589844,752.0986938476562,498.63238525390625,790.8096313476562,579.8934936523438,753.6481323242188,576.4603881835938
934,31.133271926364234,788.3759155273438,239.7930908203125,795.6650390625,232.15689086914062,780.1278076171875,232.4472198486328,804.6199340820312,231.9282989501953,765.9676513671875,232.3343505859375,809.2150268554688,262.8117370605469,753.1390380859375,262.11212158203125,825.30078125,208.36245727539062,736.7805786132812,208.46554565429688,823.2576293945312,151.0941619873047,760.1312866210938,148.54371643066406,796.889404296875,401.3359069824219,758.9605712890625,401.4002380371094,790.385986328125,498.92828369140625,752.267822265625,498.213623046875,790.837890625,579.6959838867188,753.6416015625,576.6494140625
935,31.166605193951344,788.1994018554688,239.5731964111328,795.4405517578125,231.84046936035156,779.9066772460938,232.25753784179688,804.666259765625,231.38900756835938,765.9934692382812,232.09677124023438,809.5701293945312,262.25146484375,753.4854125976562,261.141845703125,824.9646606445312,209.1088409423828,736.7064819335938,207.7659454345703,822.8641967773438,151.03451538085938,759.661376953125,148.38107299804688,797.0838012695312,401.3502502441406,759.0731201171875,401.2304382324219,790.0419311523438,498.2480163574219,752.1078491210938,497.4310607910156,790.9478149414062,579.6279907226562,753.309814453125,576.5371704101562
936,31.19993846153846,787.6510009765625,239.1834259033203,795.0634765625,231.5311737060547,779.35107421875,231.86839294433594,804.5692138671875,231.50730895996094,765.5895385742188,232.04776000976562,809.363525390625,262.8518371582031,753.2637329101562,261.61236572265625,824.7833862304688,209.06134033203125,736.6267700195312,207.6239471435547,822.7071533203125,150.93377685546875,759.8248901367188,148.21653747558594,796.8378295898438,401.625244140625,758.8670654296875,401.47491455078125,789.922119140625,498.26904296875,752.0269165039062,497.5495300292969,790.7824096679688,579.7321166992188,753.4525756835938,576.9598999023438
937,31.233271729125573,787.769287109375,239.19178771972656,794.9967651367188,231.46343994140625,779.4758911132812,231.8338623046875,804.2063598632812,231.1240692138672,765.5047607421875,231.7385711669922,809.0084838867188,262.0517272949219,753.0223999023438,261.0510559082031,824.2693481445312,207.83792114257812,736.6900024414062,206.9087371826172,821.6740112304688,150.590087890625,759.6412963867188,147.9028778076172,796.9090576171875,401.26092529296875,758.9781494140625,401.206298828125,790.1669921875,497.6430969238281,752.480712890625,496.89764404296875,790.3092651367188,579.580810546875,753.5654907226562,576.6762084960938
938,31.266604996712687,787.9468994140625,239.1092529296875,794.8426513671875,231.6432342529297,779.7587280273438,231.94754028320312,803.1903686523438,231.699951171875,765.493896484375,232.11288452148438,808.0438232421875,262.31756591796875,752.6866455078125,260.815673828125,823.477294921875,207.70831298828125,737.223876953125,205.1167755126953,821.889892578125,152.36532592773438,761.680908203125,146.16751098632812,796.9609375,400.9543762207031,759.2332153320312,400.77691650390625,790.6533813476562,497.6871643066406,752.1403198242188,496.65496826171875,790.7185668945312,579.7074584960938,752.482421875,576.3232421875
939,31.2999382642998,788.088134765625,239.3198699951172,794.8606567382812,231.64906311035156,779.7830200195312,232.18984985351562,803.2319946289062,231.09542846679688,765.4119262695312,232.03102111816406,808.3782958984375,261.2998046875,752.7307739257812,260.0114440917969,823.4383544921875,209.25460815429688,736.445068359375,206.31394958496094,821.6465454101562,155.03500366210938,759.35009765625,148.86753845214844,797.2647094726562,400.4721984863281,759.3663330078125,400.3688049316406,790.3027954101562,497.275146484375,752.11376953125,496.3439636230469,791.0828857421875,579.8984375,752.7592163085938,576.4190063476562
940,31.333271531886915,787.5248413085938,239.1070098876953,794.2014770507812,231.75564575195312,779.4835815429688,232.24063110351562,802.2442016601562,231.57884216308594,765.5386962890625,232.3619384765625,807.6840209960938,261.25506591796875,752.7858276367188,260.3343505859375,823.6666259765625,209.60487365722656,736.2913208007812,207.69497680664062,822.7797241210938,158.53146362304688,756.9371337890625,152.38034057617188,796.809326171875,399.29425048828125,759.4649047851562,399.24560546875,790.6255493164062,497.8911437988281,752.217041015625,496.7104797363281,791.8161010742188,580.0655517578125,752.9746704101562,576.4317016601562
941,31.36660479947403,787.3721313476562,239.3809814453125,794.0484619140625,232.13912963867188,779.3959350585938,232.46226501464844,801.7138061523438,232.05755615234375,765.1959228515625,232.4372100830078,806.645751953125,261.52679443359375,752.28466796875,260.399169921875,822.6109619140625,209.58518981933594,735.94189453125,207.20057678222656,823.0407104492188,159.73316955566406,757.006103515625,150.9888916015625,796.6295166015625,399.0121154785156,759.6251831054688,398.99102783203125,791.008056640625,498.5061950683594,752.6174926757812,497.2886962890625,791.5245361328125,580.4680786132812,753.1228637695312,576.8466796875
942,31.399938067061143,786.59130859375,239.52149963378906,793.4570922851562,232.24014282226562,778.537353515625,232.58653259277344,801.7073974609375,232.3233642578125,764.685302734375,232.8211212158203,806.8111572265625,262.5250244140625,752.3514404296875,261.40606689453125,823.3389892578125,209.8702392578125,735.6554565429688,207.58360290527344,823.2998657226562,158.9942626953125,756.185546875,151.3403778076172,796.3823852539062,399.7582092285156,759.4785766601562,399.7153625488281,790.8157958984375,498.80950927734375,753.0196533203125,497.8215637207031,791.6276245117188,580.3897705078125,753.7282104492188,577.2029418945312
943,31.433271334648257,786.1151733398438,239.3389434814453,793.06982421875,232.28880310058594,778.1541748046875,232.5022430419922,801.2969360351562,232.82415771484375,764.3528442382812,233.00962829589844,806.2216186523438,263.0826416015625,751.9127197265625,261.6299133300781,823.3746948242188,210.5955810546875,735.0932006835938,207.7520294189453,823.6961669921875,159.4860382080078,755.32177734375,151.53497314453125,795.7522583007812,399.072265625,758.9644775390625,398.962890625,790.8092041015625,498.151611328125,752.8401489257812,497.3751220703125,792.0536499023438,579.1738891601562,753.8827514648438,576.6114501953125
944,31.46660460223537,785.7635498046875,239.75489807128906,792.6737670898438,232.7401123046875,777.7373657226562,232.95452880859375,800.7927856445312,233.35943603515625,763.8493041992188,233.56356811523438,805.4964599609375,263.42364501953125,751.6693115234375,261.78411865234375,822.255126953125,210.11956787109375,735.1861572265625,206.36610412597656,823.3327026367188,159.9068145751953,756.6483764648438,149.42352294921875,795.5925903320312,398.97332763671875,758.9650268554688,398.8934020996094,791.6400756835938,497.99151611328125,753.3552856445312,497.19586181640625,792.5150146484375,578.961669921875,753.7783813476562,576.2598876953125
945,31.49993786982248,784.8114013671875,239.22750854492188,792.065185546875,232.65281677246094,776.8358764648438,232.6406707763672,800.619384765625,234.09425354003906,763.2227783203125,233.7381591796875,805.302734375,264.2625732421875,751.8579711914062,261.7515563964844,823.2702026367188,212.1945037841797,734.9459838867188,206.8700408935547,823.8858032226562,163.73561096191406,751.7901611328125,153.4658966064453,794.7826538085938,397.93475341796875,758.4556884765625,397.318603515625,791.4135131835938,498.8744812011719,752.8235473632812,497.6881103515625,792.8972778320312,579.0587158203125,753.5753173828125,576.9644165039062
946,31.533271137409596,784.3984985351562,239.254150390625,791.611328125,232.6780548095703,776.4462280273438,232.71353149414062,800.1893310546875,234.25350952148438,763.0345458984375,234.02783203125,805.0975952148438,264.66448974609375,751.6553955078125,262.35089111328125,822.6239013671875,210.99810791015625,734.9347534179688,206.0903778076172,822.6665649414062,161.7022247314453,752.2996215820312,151.89234924316406,794.9412231445312,398.66876220703125,758.6053466796875,398.1141662597656,791.3349609375,499.6291809082031,752.4227905273438,498.3492431640625,793.5113525390625,580.0067749023438,753.5460205078125,577.6568603515625
947,31.56660440499671,784.044921875,239.20252990722656,791.301513671875,232.61256408691406,776.1463623046875,232.58453369140625,799.9984130859375,234.0843048095703,762.8692626953125,233.78237915039062,804.9200439453125,264.2287902832031,751.3320922851562,262.43267822265625,822.4435424804688,208.78123474121094,734.1267700195312,206.186767578125,821.8865356445312,157.8517303466797,751.8753051757812,151.90469360351562,794.8905029296875,399.03167724609375,758.5665283203125,398.64093017578125,791.0678100585938,500.2733459472656,752.6607666015625,499.0226135253906,792.7534790039062,581.0078735351562,753.8674926757812,578.4451293945312
948,31.599937672583824,783.9921875,239.03245544433594,791.3871459960938,232.589111328125,776.195068359375,232.33773803710938,800.1224365234375,234.10321044921875,762.816650390625,233.2642364501953,805.0018310546875,263.95587158203125,751.04345703125,261.8551025390625,823.5510864257812,209.40957641601562,733.7152099609375,206.91229248046875,822.8319702148438,158.89779663085938,750.4305419921875,153.9183807373047,794.8439331054688,398.55841064453125,758.3025512695312,398.0150146484375,791.5995483398438,500.92889404296875,752.827880859375,499.56524658203125,792.9093627929688,581.3345947265625,754.0825805664062,578.9701538085938
949,31.633270940170938,785.2241821289062,239.00146484375,792.9061889648438,232.53236389160156,776.6392822265625,232.9698486328125,801.868896484375,232.7661895751953,761.4835815429688,232.76828002929688,808.4437255859375,259.4631042480469,749.6104736328125,261.7794494628906,821.193359375,207.1337890625,736.4360961914062,207.99310302734375,814.7203369140625,158.73468017578125,748.54296875,152.1511688232422,801.211669921875,405.49310302734375,760.5216674804688,406.90582275390625,796.8302612304688,493.4985656738281,755.0930786132812,496.4070739746094,786.6986694335938,572.7578125,755.360107421875,578.8776245117188
950,31.666604207758052,785.344482421875,238.70281982421875,793.0269775390625,232.1577606201172,776.6760864257812,232.58184814453125,801.7235717773438,232.83583068847656,761.1465454101562,232.58489990234375,808.233642578125,261.3978576660156,748.7689819335938,262.24786376953125,820.08056640625,214.92880249023438,735.187255859375,211.14454650878906,813.2680053710938,168.93714904785156,747.1098022460938,156.29989624023438,801.1039428710938,406.2547607421875,760.0612182617188,407.20654296875,796.763427734375,494.4909362792969,754.4595947265625,496.8882751464844,786.8403930664062,573.637451171875,755.223388671875,579.7738037109375
951,31.699937475345166,785.3916625976562,238.6282501220703,793.116943359375,232.10630798339844,776.7224731445312,232.55039978027344,801.7623291015625,233.05662536621094,761.2228393554688,232.7950897216797,808.2315063476562,261.7425231933594,748.6561889648438,262.679443359375,819.5371704101562,214.5259552001953,734.8046875,211.13905334472656,812.3297119140625,167.742919921875,746.906494140625,155.6911163330078,801.234375,406.3719482421875,760.089111328125,407.3815002441406,796.9263305664062,494.7269592285156,754.2369384765625,497.18145751953125,787.0313720703125,573.9778442382812,755.240966796875,580.4152221679688
952,31.73327074293228,785.3958129882812,238.842529296875,793.1931762695312,232.31842041015625,776.725830078125,232.62205505371094,801.8878784179688,233.37704467773438,760.8523559570312,232.75389099121094,808.7687377929688,262.6326599121094,747.8192138671875,262.81396484375,821.9099731445312,216.9088897705078,733.3916625976562,211.5736083984375,813.8265380859375,170.17576599121094,745.0702514648438,156.79945373535156,801.4051513671875,407.11798095703125,759.5596313476562,407.8282165527344,796.8176879882812,494.8376770019531,753.6316528320312,497.19781494140625,787.5154418945312,573.9139404296875,755.5128784179688,580.222412109375
953,31.766604010519394,785.0199584960938,238.3089141845703,792.7501220703125,232.02061462402344,776.5693969726562,232.0511016845703,801.1669311523438,233.6544647216797,760.6681518554688,232.43365478515625,807.9681396484375,263.4885559082031,747.2398071289062,262.941162109375,822.3775024414062,219.58749389648438,731.8495483398438,213.41824340820312,815.030517578125,172.08526611328125,741.839111328125,159.10682678222656,800.8899536132812,406.87841796875,759.3511962890625,407.28363037109375,796.3585815429688,494.680908203125,753.5943603515625,496.7136535644531,787.341796875,573.7326049804688,755.4196166992188,579.6632690429688
954,31.79993727810651,785.4793701171875,238.48660278320312,793.0574951171875,232.1198272705078,776.9891357421875,232.15310668945312,800.9783325195312,233.51258850097656,760.5562133789062,232.19345092773438,807.4951171875,263.4449462890625,746.7572631835938,262.5842590332031,821.4075927734375,220.417236328125,731.5809936523438,213.18389892578125,813.8060913085938,173.45286560058594,741.7717895507812,158.9125518798828,800.8152465820312,407.03924560546875,759.2420654296875,407.4200439453125,796.7001953125,494.88128662109375,753.697998046875,496.90997314453125,787.454345703125,573.5535278320312,755.44384765625,579.7161254882812
955,31.833270545693622,785.6181030273438,238.15823364257812,793.1756591796875,231.85028076171875,777.144775390625,231.85487365722656,800.9852294921875,233.66416931152344,760.6390380859375,232.26165771484375,807.51123046875,264.3172302246094,746.582275390625,263.2669372558594,822.0888671875,222.73895263671875,730.7745361328125,215.79051208496094,814.7225952148438,175.822021484375,739.5835571289062,162.9264373779297,800.6644287109375,406.880859375,759.11767578125,407.15106201171875,796.7354125976562,495.19293212890625,754.0764770507812,497.1493835449219,787.4273681640625,574.0039672851562,755.91259765625,580.5480346679688
956,31.866603813280733,785.7199096679688,238.01771545410156,793.3203735351562,231.66342163085938,777.2205810546875,231.66517639160156,801.1798706054688,233.49267578125,760.863525390625,232.0665283203125,807.23681640625,264.7682189941406,746.8277587890625,263.2671203613281,820.01708984375,225.5038299560547,730.10400390625,217.46697998046875,812.7203369140625,179.8690185546875,737.9841918945312,165.71302795410156,800.3082275390625,406.6026306152344,759.1378173828125,406.70703125,796.6355590820312,495.4533386230469,754.6170654296875,497.0681457519531,786.8251342773438,574.4976196289062,755.9654541015625,580.9622192382812
957,31.899937080867847,785.3772583007812,237.37600708007812,793.02099609375,231.26014709472656,777.0802001953125,230.98782348632812,800.79150390625,233.7504119873047,760.6836547851562,231.76280212402344,806.9013671875,265.37738037109375,746.0598754882812,263.7037658691406,822.100341796875,225.83132934570312,727.9163818359375,219.3759002685547,814.7544555664062,178.6190948486328,734.6257934570312,169.70054626464844,799.8265380859375,406.6812744140625,758.5843505859375,406.71630859375,796.54345703125,495.05889892578125,754.62451171875,497.1216735839844,786.8264770507812,574.0293579101562,755.85302734375,581.3187866210938
958,31.93327034845496,785.4385986328125,237.36720275878906,792.6467895507812,231.32266235351562,777.248779296875,231.00209045410156,799.6559448242188,233.71095275878906,760.2372436523438,231.62716674804688,806.0499877929688,264.8236083984375,745.2652587890625,263.1893310546875,822.7362060546875,223.05105590820312,728.3324584960938,216.432373046875,814.1776733398438,174.13278198242188,736.0546875,165.2648468017578,800.0159912109375,407.00048828125,758.748779296875,407.09222412109375,796.1887817382812,494.9472351074219,754.4772338867188,497.22918701171875,786.8919677734375,574.1640625,755.6209716796875,581.0997924804688
959,31.966603616042075,785.1861572265625,237.26473999023438,792.4190063476562,231.3376922607422,777.056396484375,230.919921875,799.3973999023438,233.84194946289062,760.0618286132812,231.60292053222656,805.8404541015625,264.3943786621094,745.0030517578125,263.15185546875,822.2238159179688,220.6972198486328,728.5188598632812,215.310546875,812.979736328125,171.25204467773438,736.5670166015625,162.86602783203125,799.972900390625,406.8092956542969,758.6402587890625,406.99609375,796.254638671875,495.003662109375,754.4984130859375,497.08251953125,786.5419311523438,574.2911376953125,755.8787231445312,580.6602783203125
960,31.99993688362919,784.91943359375,237.25119018554688,792.1962890625,231.3200225830078,776.740966796875,230.96182250976562,799.4130249023438,233.88478088378906,760.0202026367188,231.78492736816406,805.8804931640625,264.4337158203125,745.3986206054688,263.1105041503906,821.7141723632812,219.4474639892578,729.6458740234375,213.4256134033203,812.1969604492188,168.43006896972656,739.0176391601562,159.17532348632812,800.1133422851562,407.0176086425781,758.8892211914062,407.2039489746094,796.2058715820312,494.9713439941406,754.6090087890625,497.1427917480469,786.30810546875,573.725341796875,755.7772216796875,580.18798828125
961,32.0332701512163,785.0548706054688,236.95135498046875,792.4646606445312,231.08694458007812,776.82861328125,230.68505859375,799.9340209960938,234.1634979248047,760.157470703125,232.02967834472656,806.288818359375,265.49658203125,745.5714111328125,264.12542724609375,822.4781494140625,221.75135803222656,728.470458984375,216.42140197753906,813.508544921875,171.4702911376953,735.7528076171875,164.56881713867188,799.943115234375,407.0079040527344,758.7269897460938,407.09161376953125,796.27099609375,494.92059326171875,754.74560546875,496.9897766113281,786.32958984375,572.7910766601562,755.7042236328125,579.3660278320312
962,32.06660341880342,784.0548706054688,236.89138793945312,791.6490478515625,231.0721435546875,775.8712768554688,230.57493591308594,799.5254516601562,234.06407165527344,759.5226440429688,231.75759887695312,805.882568359375,264.8183898925781,745.6480102539062,263.532470703125,821.4962158203125,218.1009521484375,729.4149169921875,213.0817108154297,810.6394653320312,166.12384033203125,737.1586303710938,160.13906860351562,800.0391235351562,406.94305419921875,759.03466796875,407.008544921875,795.873046875,494.6211853027344,754.7167358398438,496.74676513671875,785.9758911132812,572.6088256835938,755.9798583984375,579.1708374023438
963,32.09993668639053,783.6592407226562,236.95584106445312,791.3388671875,231.1219940185547,775.4598388671875,230.64163208007812,799.4617309570312,234.03907775878906,759.3593139648438,231.75424194335938,805.9083251953125,264.68212890625,745.8806762695312,263.2204895019531,821.1654052734375,217.83306884765625,730.2210693359375,211.88912963867188,810.2020263671875,165.54995727539062,738.3428344726562,158.00892639160156,800.125244140625,406.7660827636719,759.1760864257812,406.76568603515625,796.03466796875,494.41229248046875,754.811767578125,496.43914794921875,786.015625,572.2684326171875,756.0614013671875,578.8098754882812
964,32.133269953977646,783.7744750976562,236.78201293945312,791.2747192382812,230.9826202392578,775.55810546875,230.52719116210938,799.0598754882812,234.0526580810547,759.1813354492188,231.872314453125,805.433349609375,264.62164306640625,745.63037109375,263.5528869628906,820.7939453125,216.2288360595703,730.0174560546875,211.52207946777344,809.4024047851562,162.45602416992188,737.9231567382812,156.7329559326172,800.1492309570312,406.9236755371094,759.3108520507812,407.0978088378906,796.1951904296875,494.439697265625,755.0986938476562,496.734375,786.1522827148438,571.9850463867188,756.0484619140625,578.6874389648438
965,32.166603221564756,783.416015625,237.06967163085938,790.8978881835938,231.3280029296875,775.2570190429688,230.78009033203125,798.6325073242188,234.247314453125,758.87451171875,231.83828735351562,804.6951293945312,263.9959716796875,745.489013671875,262.8264465332031,819.0816650390625,212.33067321777344,731.5535278320312,207.5975799560547,805.893798828125,153.95721435546875,742.063232421875,148.61280822753906,800.20458984375,406.8575134277344,759.4585571289062,407.05859375,796.1262817382812,494.5155334472656,754.9381103515625,496.9342956542969,786.001220703125,571.7861328125,755.9485473632812,578.50146484375
966,32.199936489151874,783.1168823242188,237.1114501953125,790.5662841796875,231.4163360595703,775.0585327148438,230.75428771972656,798.1509399414062,234.23704528808594,758.6340942382812,231.57171630859375,804.2324829101562,263.7618713378906,745.0872192382812,262.4606018066406,818.4927978515625,212.1022491455078,731.0009765625,207.477783203125,804.81494140625,154.08663940429688,741.0768432617188,149.1762237548828,800.1134033203125,406.6895446777344,759.438232421875,406.78436279296875,795.899169921875,494.58819580078125,754.726806640625,496.63531494140625,786.0149536132812,572.5564575195312,755.97900390625,578.6868896484375
967,32.233269756738984,782.9462890625,237.3454132080078,790.3248901367188,231.68861389160156,774.9740600585938,230.98829650878906,797.799072265625,234.45912170410156,758.5858154296875,231.74278259277344,803.869140625,263.742919921875,745.0310668945312,262.6006164550781,817.8897094726562,212.23416137695312,730.9379272460938,208.68643188476562,803.3987426757812,153.13528442382812,739.9074096679688,150.7485809326172,800.0023803710938,406.6217956542969,759.4671630859375,406.6999206542969,795.8526611328125,494.537109375,754.5776977539062,496.4787292480469,786.369873046875,572.6633911132812,755.880615234375,578.7440795898438
968,32.2666030243261,782.4644775390625,237.85345458984375,789.9229736328125,232.22950744628906,774.5568237304688,231.43304443359375,797.4915771484375,235.0641326904297,758.2791748046875,232.2076873779297,803.6035766601562,264.3126525878906,744.576904296875,263.5600280761719,817.5042724609375,212.9712677001953,729.4029541015625,211.57923889160156,802.0532836914062,153.48724365234375,736.4134521484375,154.7876434326172,799.732421875,406.7703552246094,759.1636962890625,406.8809814453125,795.9234619140625,494.5920715332031,754.5108032226562,496.3502197265625,786.4970703125,572.8621826171875,755.995361328125,578.7745971679688
969,32.29993629191321,782.2882690429688,237.85166931152344,789.810302734375,232.1847686767578,774.376953125,231.4208221435547,797.5335693359375,234.94322204589844,758.2499389648438,232.14706420898438,803.7234497070312,264.2147216796875,744.7318725585938,263.45989990234375,817.4867553710938,212.74241638183594,729.3394775390625,211.06600952148438,801.3687133789062,153.55369567871094,736.3423461914062,154.7425537109375,799.9400634765625,407.0849914550781,759.3711547851562,407.2256774902344,795.9371337890625,494.9755554199219,754.5394897460938,497.018798828125,786.7767333984375,573.0831298828125,756.0782470703125,579.4319458007812
970,32.33326955950033,782.5186767578125,237.97677612304688,789.9884033203125,232.36325073242188,774.57763671875,231.5822296142578,797.574951171875,235.13858032226562,758.1904296875,232.33245849609375,803.3833618164062,263.766845703125,744.867919921875,263.22723388671875,816.5043334960938,208.72515869140625,731.0804443359375,206.93980407714844,798.8157958984375,147.5848846435547,739.6137084960938,147.38365173339844,799.833740234375,407.1836853027344,759.3324584960938,407.45819091796875,796.0967407226562,495.05584716796875,754.53125,497.37335205078125,786.8502807617188,573.169921875,755.94921875,579.5589599609375
971,32.36660282708744,782.4451904296875,238.38699340820312,790.1580810546875,232.74551391601562,774.5265502929688,231.8671875,798.1265258789062,235.31922912597656,758.3214721679688,232.2576904296875,803.6566772460938,263.7537536621094,745.0138549804688,263.0154724121094,816.6979370117188,209.01817321777344,730.9102783203125,207.05238342285156,799.4071655273438,147.6511993408203,739.6925659179688,147.33056640625,799.9744873046875,406.96856689453125,759.3662109375,407.25445556640625,796.6473999023438,494.6018981933594,754.7045288085938,497.29547119140625,786.7406616210938,572.410400390625,755.9151611328125,579.7549438476562
972,32.39993609467455,782.4104614257812,238.39666748046875,790.1640014648438,232.80288696289062,774.5208129882812,231.85853576660156,798.1651611328125,235.42996215820312,758.3560791015625,232.21075439453125,803.437255859375,263.6864013671875,745.0595092773438,262.78656005859375,816.1822509765625,208.18910217285156,731.5850219726562,205.88201904296875,798.5074462890625,145.16650390625,741.7576293945312,144.1900634765625,799.802734375,406.3655700683594,759.2887573242188,406.65966796875,796.7471313476562,493.85113525390625,754.9354858398438,496.73858642578125,786.3933715820312,571.849609375,755.9880981445312,579.5448608398438
973,32.43326936226167,782.459716796875,238.42877197265625,790.2890625,232.80300903320312,774.566162109375,231.87757873535156,798.3644409179688,235.3922882080078,758.4788208007812,232.22299194335938,803.5574340820312,263.7062683105469,745.1520385742188,263.045654296875,815.9716186523438,208.1815643310547,731.2568359375,206.35670471191406,798.9603271484375,146.67971801757812,741.1858520507812,145.36854553222656,799.7379760742188,406.6654052734375,759.2911987304688,407.0286865234375,796.3516845703125,494.1671142578125,754.712158203125,496.90325927734375,786.2396850585938,572.2903442382812,756.1553344726562,579.5564575195312
974,32.46660262984878,782.4705200195312,238.67408752441406,790.2000122070312,233.0203094482422,774.5784912109375,232.157470703125,798.1435546875,235.44471740722656,758.4463500976562,232.380859375,803.5059204101562,263.69403076171875,745.13818359375,262.95849609375,816.3104248046875,208.5156707763672,731.4805297851562,205.68617248535156,799.85302734375,147.95364379882812,742.23974609375,144.28729248046875,799.8809204101562,406.656494140625,759.5209350585938,407.0665588378906,795.9258422851562,494.1987609863281,754.7783813476562,497.1808776855469,785.6605834960938,572.1780395507812,756.2120971679688,579.6387329101562
975,32.4999358974359,782.5305786132812,238.79776000976562,790.184326171875,233.1734161376953,774.75732421875,232.1951446533203,797.8211669921875,235.46450805664062,758.3895263671875,232.10462951660156,803.125,263.55255126953125,744.600830078125,262.75213623046875,816.5667114257812,209.32684326171875,730.6441040039062,207.34939575195312,799.9786376953125,148.30030822753906,740.3192138671875,146.9337615966797,799.7467041015625,406.4958801269531,759.2869873046875,406.8584899902344,796.21826171875,493.85992431640625,754.4701538085938,496.7901916503906,786.2013549804688,571.7792358398438,756.01416015625,579.4463500976562
976,32.53326916502301,782.1130981445312,239.2099151611328,790.0798950195312,233.57174682617188,774.3471069335938,232.48495483398438,798.3502807617188,235.67723083496094,758.4202880859375,232.10809326171875,803.7247924804688,263.5958251953125,744.674560546875,262.64984130859375,816.7337646484375,209.88624572753906,730.2006225585938,208.38685607910156,800.1650390625,148.35548400878906,739.8477783203125,148.23570251464844,799.8305053710938,406.198486328125,759.0490112304688,406.4217529296875,796.705322265625,493.7663269042969,754.4948120117188,496.2558288574219,786.275146484375,571.479736328125,756.263916015625,578.80126953125
977,32.566602432610125,782.052734375,239.1970672607422,790.0598754882812,233.59713745117188,774.3134765625,232.4318084716797,798.4102172851562,235.71926879882812,758.4366455078125,232.04200744628906,803.8981323242188,263.549560546875,744.5911865234375,262.7834167480469,816.8353271484375,209.78042602539062,729.8460693359375,209.3382110595703,799.7534790039062,148.59552001953125,738.8274536132812,149.9086151123047,799.7923583984375,405.94744873046875,758.9014892578125,406.1352233886719,796.961669921875,493.79718017578125,754.6387939453125,496.0194396972656,785.9515991210938,571.8331909179688,756.1536865234375,578.8497924804688
978,32.599935700197236,782.0851440429688,239.3778533935547,790.0436401367188,233.7553253173828,774.3250122070312,232.6239776611328,798.2937622070312,235.8485107421875,758.2962036132812,232.24032592773438,803.6334228515625,263.63232421875,744.5497436523438,262.9989318847656,816.6178588867188,209.30972290039062,729.8695678710938,208.92649841308594,799.1583862304688,148.084228515625,739.0089721679688,149.5458221435547,799.8739013671875,406.44390869140625,759.0882568359375,406.7704772949219,796.941162109375,494.04058837890625,754.8067626953125,496.7760009765625,786.0850830078125,571.6447143554688,756.2286376953125,579.2709350585938
979,32.63326896778435,782.0960693359375,239.3915252685547,790.0042724609375,233.71363830566406,774.2823486328125,232.70616149902344,798.3035888671875,235.78536987304688,758.4274291992188,232.44488525390625,803.9005126953125,263.88372802734375,744.9188842773438,263.1597900390625,817.0646362304688,210.94984436035156,730.1746215820312,209.9363555908203,800.8238525390625,150.67095947265625,738.6748046875,151.2122039794922,799.841796875,406.2438659667969,759.1768188476562,406.4881286621094,797.005126953125,493.675048828125,754.978271484375,496.1154479980469,786.1121826171875,571.337158203125,756.1763916015625,578.7427978515625
980,32.666602235371464,782.0830078125,239.52194213867188,790.0562133789062,233.7679443359375,774.2252197265625,232.8194580078125,798.5232543945312,235.7956085205078,758.4710693359375,232.59439086914062,804.1771850585938,264.211181640625,744.884033203125,263.68475341796875,817.6728515625,212.2304229736328,729.51318359375,212.13267517089844,802.032958984375,152.0331268310547,737.946044921875,154.37876892089844,799.8408203125,406.39501953125,759.06689453125,406.740234375,797.0353393554688,493.87554931640625,755.0713500976562,496.605224609375,786.1142578125,571.28515625,756.266357421875,579.2459106445312
981,32.69993550295858,782.2194213867188,239.61996459960938,790.1766357421875,233.87600708007812,774.347412109375,232.87667846679688,798.504638671875,236.0685577392578,758.3451538085938,232.72621154785156,804.0548095703125,264.8484191894531,744.6527099609375,264.10992431640625,817.846435546875,213.0064697265625,729.454833984375,212.40243530273438,802.2494506835938,153.1177215576172,737.6058959960938,154.83639526367188,799.8502807617188,407.1412353515625,759.0370483398438,407.4045104980469,796.9951171875,494.6018371582031,755.048828125,497.1845397949219,786.0953979492188,571.8893432617188,756.3936767578125,579.6768798828125
982,32.73326877054569,782.3824462890625,239.22772216796875,790.3513793945312,233.52528381347656,774.51611328125,232.5157470703125,798.59326171875,235.9890594482422,758.3863525390625,232.59791564941406,804.0109252929688,265.1458740234375,744.3727416992188,264.4043273925781,818.0521850585938,214.4801483154297,728.7193603515625,214.16287231445312,803.0477905273438,155.3494110107422,736.3307495117188,157.64402770996094,799.6703491210938,407.0118408203125,758.7623901367188,407.3172912597656,797.0455322265625,494.7779846191406,754.9891967773438,497.4987487792969,786.3993530273438,572.0653076171875,756.6221923828125,580.1923217773438
983,32.7666020381328,782.3770751953125,239.07960510253906,790.4114990234375,233.41909790039062,774.5245361328125,232.37391662597656,798.7638549804688,235.9354248046875,758.5572509765625,232.5047149658203,803.9481201171875,264.7001037597656,744.7673950195312,264.07696533203125,816.9685668945312,211.37815856933594,729.8507080078125,211.1682891845703,800.3305053710938,149.90423583984375,738.684326171875,151.8732452392578,799.5245361328125,407.0630798339844,758.7681884765625,407.3970947265625,796.8198852539062,494.7022705078125,754.9957885742188,497.4273376464844,786.0514526367188,571.9895629882812,756.653564453125,579.8560791015625
984,32.79993530571992,782.03564453125,239.02342224121094,790.0564575195312,233.44554138183594,774.2906494140625,232.32275390625,798.3651733398438,235.99203491210938,758.552734375,232.37741088867188,803.6814575195312,264.60858154296875,744.5870971679688,263.836669921875,816.65576171875,211.28173828125,729.5748291015625,211.03065490722656,800.2081909179688,149.35885620117188,739.0208740234375,151.14622497558594,799.4398803710938,406.7261962890625,758.775146484375,406.99951171875,796.806884765625,494.9399719238281,755.1824951171875,497.43756103515625,785.671142578125,572.2814331054688,756.7808227539062,579.8699951171875
985,32.83326857330703,781.3787231445312,238.33399963378906,789.4501342773438,232.7779083251953,773.5830688476562,231.7481689453125,798.0226440429688,235.73663330078125,758.1595458984375,232.3356475830078,803.7432250976562,264.9045715332031,744.6378784179688,263.8802185058594,816.6907958984375,211.57440185546875,729.7257690429688,209.8249969482422,799.42724609375,149.60076904296875,739.4230346679688,149.8386993408203,799.402099609375,406.817626953125,758.7058715820312,406.97747802734375,796.43798828125,494.9462585449219,754.8658447265625,497.3794860839844,786.2568359375,572.3038330078125,756.811279296875,579.6326904296875
986,32.86660184089415,781.5731201171875,237.7505340576172,789.6079711914062,232.1898193359375,773.7178955078125,231.15536499023438,798.1112060546875,235.22506713867188,758.1787719726562,231.8200225830078,803.7774658203125,264.58465576171875,744.8432006835938,263.3598937988281,816.2548828125,211.1149444580078,730.4004516601562,208.63394165039062,799.09326171875,148.77847290039062,739.7704467773438,147.8252716064453,799.4346923828125,406.9704895019531,758.8114624023438,406.97418212890625,796.1338500976562,495.0708312988281,754.7202758789062,496.9868469238281,785.6820068359375,572.2771606445312,756.5081176757812,578.8040771484375
987,32.89993510848126,781.7055053710938,237.7440643310547,789.8558959960938,232.1189727783203,773.7951049804688,231.1555938720703,798.5453491210938,235.0832061767578,758.2359008789062,231.793701171875,804.0589599609375,264.4164733886719,745.020751953125,263.3370361328125,816.5732421875,210.8887481689453,730.5598754882812,208.3123321533203,799.4540405273438,148.83868408203125,740.0820922851562,147.50006103515625,799.711669921875,407.0544738769531,758.9861450195312,407.22021484375,796.1749267578125,495.2010192871094,754.6666870117188,497.7449035644531,786.1153564453125,572.2521362304688,756.875244140625,579.7576293945312
988,32.933268376068376,781.6290283203125,237.86399841308594,789.7188110351562,232.2719268798828,773.711181640625,231.30458068847656,798.3274536132812,235.327392578125,758.0497436523438,232.01353454589844,803.90380859375,264.7165222167969,744.8994750976562,263.4835205078125,816.7713012695312,211.59658813476562,730.5045776367188,208.6464385986328,799.8500366210938,149.51651000976562,739.7333984375,148.13812255859375,799.8518676757812,407.05810546875,759.1371459960938,407.1789855957031,796.3113403320312,495.0857849121094,754.7463989257812,497.6737365722656,786.1470947265625,572.0240478515625,756.74658203125,579.7088012695312
989,32.96660164365549,782.089599609375,237.79730224609375,790.02099609375,232.14109802246094,774.0957641601562,231.2783966064453,798.3489990234375,235.13563537597656,758.1416015625,232.06045532226562,803.9026489257812,264.7229309082031,744.9307861328125,263.6455993652344,817.1583251953125,211.8780975341797,730.711181640625,208.87574768066406,800.65771484375,150.5801544189453,739.8097534179688,148.623291015625,799.6173095703125,407.164306640625,758.9896850585938,407.3571472167969,796.0359497070312,495.26849365234375,754.9395141601562,497.9710388183594,785.7150268554688,571.9662475585938,756.705810546875,579.690673828125
990,32.999934911242605,781.4927978515625,238.41941833496094,789.59765625,232.7915496826172,773.6389770507812,231.78140258789062,798.223876953125,235.562744140625,758.1045532226562,232.15646362304688,803.95849609375,264.8376770019531,744.77587890625,263.54779052734375,817.0725708007812,212.23318481445312,730.1694946289062,209.3369140625,800.6576538085938,150.92018127441406,739.3748779296875,149.2933807373047,799.6167602539062,407.3999328613281,758.8701782226562,407.4335021972656,796.1246337890625,495.47576904296875,754.5037231445312,497.6617431640625,785.8614501953125,572.6224975585938,756.5833740234375,579.7132568359375
991,33.033268178829715,781.08349609375,238.3907928466797,789.239990234375,232.8135986328125,773.2771606445312,231.77157592773438,797.9977416992188,235.68345642089844,757.9703369140625,232.18716430664062,803.900634765625,264.9822692871094,744.6841430664062,263.4527893066406,817.1559448242188,212.90943908691406,730.0414428710938,209.32530212402344,800.8910522460938,151.0791778564453,739.8150634765625,148.60269165039062,799.6625366210938,407.1631774902344,758.8763427734375,407.14324951171875,796.1861572265625,495.3883972167969,754.4075317382812,497.6480712890625,785.9071655273438,572.4129638671875,756.498291015625,579.70263671875
992,33.066601446416826,780.97021484375,238.07537841796875,789.0989990234375,232.59059143066406,773.21484375,231.4559326171875,797.7295532226562,235.66751098632812,757.8165283203125,231.94407653808594,803.4527587890625,265.04815673828125,744.5158081054688,263.2496032714844,816.90478515625,213.3969268798828,729.9873046875,209.7021942138672,800.6602172851562,150.8188934326172,739.599609375,149.279541015625,799.5791625976562,406.76531982421875,758.9625244140625,406.67254638671875,796.23583984375,495.1758728027344,754.7157592773438,497.5179748535156,785.7246704101562,572.0740356445312,756.5908813476562,579.722900390625
993,33.09993471400394,781.0044555664062,237.9870147705078,789.139404296875,232.4840850830078,773.25634765625,231.39791870117188,797.82177734375,235.4105987548828,757.9381713867188,231.78952026367188,803.6398315429688,264.6029357910156,744.623291015625,262.93304443359375,817.2376098632812,213.20138549804688,730.070068359375,209.74778747558594,801.1612548828125,151.07589721679688,739.626953125,149.6969451904297,799.506103515625,406.3074035644531,758.8633422851562,406.24908447265625,796.1161499023438,494.6206970214844,754.6241455078125,497.0262145996094,785.646240234375,571.948974609375,756.6508178710938,579.7669677734375
994,33.133267981591054,780.8247680664062,237.7171173095703,788.9730834960938,232.28468322753906,773.1023559570312,231.16404724121094,797.6808471679688,235.48171997070312,757.8809204101562,231.81329345703125,803.4532470703125,264.7844543457031,744.6436767578125,263.099609375,816.821044921875,213.23765563964844,729.9630126953125,209.94320678710938,800.5699462890625,150.72315979003906,739.1004028320312,149.9149169921875,799.3687744140625,406.2445068359375,758.8080444335938,406.15191650390625,796.1622924804688,494.45367431640625,754.4353637695312,496.76824951171875,785.9014892578125,571.7928466796875,756.2820434570312,579.4625244140625
995,33.16660124917817,780.6617431640625,238.26280212402344,788.8784790039062,232.73277282714844,772.8823852539062,231.69601440429688,797.8663940429688,235.60409545898438,757.8786010742188,232.15106201171875,803.81005859375,264.6007080078125,744.7673950195312,263.1297912597656,816.9102783203125,213.23074340820312,729.9054565429688,210.40060424804688,800.9666748046875,150.89102172851562,739.1826782226562,150.34579467773438,799.3128662109375,406.0978698730469,758.6085205078125,406.04461669921875,796.153564453125,494.3183288574219,754.37060546875,496.48944091796875,785.750732421875,571.7919921875,756.268310546875,579.197265625
996,33.19993451676528,781.0578002929688,238.16331481933594,789.1068725585938,232.68605041503906,773.3690185546875,231.5762481689453,797.590087890625,235.63473510742188,758.0669555664062,231.9755401611328,803.3809814453125,264.702880859375,744.4824829101562,263.0985107421875,816.5885009765625,213.41000366210938,729.611083984375,210.53094482421875,800.6107788085938,151.04042053222656,738.813232421875,150.4800262451172,799.2380981445312,406.3839111328125,758.6476440429688,406.3016357421875,796.0206298828125,494.4939880371094,754.3128051757812,496.566162109375,785.66748046875,572.0083618164062,756.2308959960938,579.2406005859375
997,33.2332677843524,780.7315673828125,238.6309051513672,789.0152587890625,233.1387939453125,773.096923828125,231.99546813964844,797.9624633789062,235.9220428466797,758.2218017578125,232.18157958984375,803.6253662109375,264.6356506347656,744.8056640625,263.04736328125,816.4160766601562,212.80856323242188,729.8002319335938,210.10797119140625,800.0090942382812,149.19631958007812,739.5557250976562,149.21934509277344,799.2689819335938,406.5420837402344,758.62841796875,406.5140686035156,796.1806640625,494.4901123046875,754.1026000976562,496.92413330078125,786.1057739257812,571.7262573242188,756.272216796875,579.6082153320312
998,33.26660105193951,780.603271484375,238.45040893554688,789.0374755859375,233.06777954101562,773.0659790039062,231.76861572265625,798.1044921875,236.022216796875,758.3231811523438,231.9211883544922,803.3486938476562,264.6444091796875,745.0372314453125,262.8125305175781,815.5028686523438,212.2327880859375,730.1043090820312,209.25289916992188,799.1002197265625,148.39939880371094,739.4136352539062,148.107421875,799.1390991210938,406.466552734375,758.7853393554688,406.325439453125,795.8123779296875,494.1614990234375,753.7933959960938,496.4330749511719,785.78857421875,571.8662719726562,756.1622924804688,579.6831665039062
999,33.29993431952663,780.5979614257812,238.26797485351562,788.991943359375,232.92189025878906,773.1046752929688,231.5740203857422,797.9338989257812,235.89810180664062,758.282958984375,231.719970703125,803.12109375,264.3926696777344,744.8964233398438,262.73046875,815.4260864257812,211.40309143066406,729.9369506835938,208.95684814453125,798.51318359375,147.28623962402344,739.02294921875,147.5873260498047,799.0036010742188,406.57220458984375,758.6929931640625,406.51153564453125,795.8516845703125,494.3406982421875,753.830322265625,496.8660888671875,785.6656494140625,571.638427734375,755.970458984375,579.7284545898438
1000,33.33326758711374,780.9576416015625,238.3003692626953,789.3297729492188,232.88438415527344,773.4175415039062,231.62855529785156,798.2132568359375,235.75425720214844,758.4939575195312,231.73373413085938,803.2955322265625,264.2927551269531,745.0413208007812,262.6853332519531,815.5131225585938,211.32928466796875,730.1262817382812,208.71310424804688,798.8016357421875,147.2868194580078,739.5245361328125,147.3334197998047,799.1421508789062,406.8284912109375,758.7900390625,406.8443298339844,795.6983642578125,494.76251220703125,753.7294311523438,497.4916076660156,785.9942016601562,572.065185546875,756.205078125,580.404296875
1001,33.366600854700856,783.8157958984375,238.00558471679688,791.2698364257812,232.389892578125,775.9790649414062,231.47817993164062,798.337158203125,235.22366333007812,759.1456909179688,231.92872619628906,802.9495849609375,264.1407165527344,744.7156372070312,262.8555603027344,815.0064086914062,209.4638214111328,730.8865966796875,205.5699920654297,797.9751586914062,146.7771453857422,742.0203857421875,142.6513214111328,799.254638671875,407.24688720703125,758.7960815429688,407.56976318359375,796.0484619140625,493.96075439453125,753.8953857421875,496.9325866699219,786.552001953125,570.9680786132812,755.2554931640625,578.4562377929688
1002,33.399934122287966,783.8053588867188,238.0365753173828,791.2816772460938,232.43421936035156,775.9701538085938,231.49497985839844,798.4201049804688,235.21873474121094,759.2022705078125,231.88978576660156,803.0927124023438,264.025146484375,744.8619384765625,262.7565612792969,815.1603393554688,209.33058166503906,731.1904296875,205.69451904296875,798.18603515625,146.6566925048828,742.1055908203125,142.84754943847656,799.1884155273438,407.2000732421875,758.7501831054688,407.45166015625,795.9335327148438,493.999267578125,753.9595947265625,496.685791015625,786.0200805664062,570.841064453125,755.1956787109375,577.9335327148438
1003,33.43326738987508,783.6857299804688,238.2401885986328,791.163330078125,232.6222381591797,775.8458251953125,231.6908721923828,798.3564453125,235.26646423339844,759.1553955078125,231.95314025878906,803.1435546875,263.93487548828125,744.8343505859375,262.6473083496094,815.1895141601562,209.26959228515625,731.0479736328125,205.69921875,798.3901977539062,146.61219787597656,742.1591186523438,142.9157257080078,799.2202758789062,407.18572998046875,758.7694091796875,407.40692138671875,795.8098754882812,494.0715026855469,754.0074462890625,496.64984130859375,785.44287109375,571.2282104492188,755.1219482421875,578.2531127929688
1004,33.466600657462195,783.2264404296875,238.2654571533203,790.7017211914062,232.70921325683594,775.42333984375,231.76287841796875,797.966552734375,235.44119262695312,758.9677124023438,232.11558532714844,802.912109375,263.9817199707031,744.7658081054688,262.60992431640625,814.7183227539062,209.27340698242188,730.969970703125,205.67288208007812,797.9881591796875,145.8578338623047,742.122314453125,142.43702697753906,799.0597534179688,407.0268249511719,758.6983642578125,407.15643310546875,795.5162353515625,494.12957763671875,753.7850341796875,496.3680114746094,785.23193359375,571.6091918945312,754.9313354492188,578.1199340820312
1005,33.499933925049305,783.2955932617188,238.37635803222656,790.9029541015625,232.79678344726562,775.4540405273438,231.8993682861328,798.2766723632812,235.66819763183594,758.8641357421875,232.36619567871094,802.8046264648438,264.4662780761719,744.8790283203125,263.11859130859375,814.808837890625,210.0236358642578,731.4429931640625,206.19737243652344,798.2693481445312,146.1141815185547,742.24072265625,142.7383270263672,799.1929321289062,407.5479736328125,758.928466796875,407.8331298828125,795.260986328125,494.70599365234375,753.6881103515625,497.7799377441406,785.86767578125,571.9649658203125,755.712158203125,580.0008544921875
1006,33.53326719263642,783.33447265625,239.01817321777344,791.025390625,233.388916015625,775.5155029296875,232.462890625,798.611328125,235.94935607910156,759.0693969726562,232.6184539794922,803.3485107421875,264.7511901855469,745.1459350585938,263.36871337890625,815.9168090820312,212.14968872070312,731.3375244140625,208.51089477539062,800.2266235351562,150.4247283935547,740.4054565429688,147.39291381835938,799.0347900390625,407.5350646972656,758.737548828125,407.6549072265625,795.27978515625,494.8038024902344,753.7017822265625,497.3487548828125,785.71337890625,572.0929565429688,755.75390625,579.6200561523438
1007,33.56660046022353,783.52978515625,239.027099609375,790.9880981445312,233.36761474609375,775.6901245117188,232.46458435058594,798.174560546875,235.7129669189453,758.921875,232.42283630371094,802.9424438476562,264.2745056152344,744.9091186523438,262.8242492675781,815.5332641601562,210.70204162597656,731.741455078125,207.09347534179688,800.0902099609375,148.95277404785156,741.0335083007812,146.48106384277344,799.0458374023438,407.9726867675781,758.8048095703125,408.01043701171875,795.280517578125,495.3905029296875,753.7135620117188,497.4143981933594,785.7322998046875,572.8640747070312,755.49658203125,579.4640502929688
1008,33.59993372781065,783.927490234375,238.83241271972656,791.234130859375,233.24937438964844,776.1650390625,232.25326538085938,798.0164794921875,235.68353271484375,759.0039672851562,232.2123565673828,802.7919311523438,264.1445007324219,744.4119262695312,262.885498046875,816.0390625,210.91969299316406,730.9508666992188,208.840087890625,799.8684692382812,148.98629760742188,739.4232788085938,149.58636474609375,798.9088134765625,407.6177978515625,758.5092163085938,407.65106201171875,795.22314453125,495.18524169921875,753.518798828125,497.11517333984375,785.6732177734375,572.8831176757812,755.314697265625,579.31298828125
1009,33.63326699539776,784.0072631835938,238.76336669921875,791.4132690429688,233.14096069335938,776.1122436523438,232.23045349121094,798.471923828125,235.7047119140625,759.0106811523438,232.4499053955078,803.1006469726562,264.2200927734375,744.7396240234375,263.0450439453125,815.6122436523438,210.27224731445312,731.5446166992188,207.74258422851562,799.4064331054688,147.80479431152344,740.5333251953125,146.9357452392578,798.9886474609375,407.1492614746094,758.5130615234375,407.26422119140625,795.6100463867188,494.4815673828125,753.6670532226562,496.5930480957031,785.8740234375,572.2569580078125,755.3182373046875,578.9398193359375
1010,33.66660026298488,784.3343505859375,238.794677734375,791.6514892578125,233.18344116210938,776.417236328125,232.2711181640625,798.4457397460938,235.94773864746094,759.0198364257812,232.68360900878906,802.8035888671875,264.78094482421875,744.69677734375,263.67913818359375,815.4135131835938,210.5079803466797,731.6920166015625,208.25584411621094,799.0726928710938,147.79904174804688,740.3881225585938,147.52572631835938,798.8885498046875,407.59759521484375,758.567138671875,407.78143310546875,795.708251953125,494.7054138183594,753.8720703125,497.0611267089844,785.909912109375,571.7407836914062,755.2688598632812,578.8161010742188
1011,33.69993353057199,784.2352905273438,238.6909942626953,791.6168823242188,233.08848571777344,776.2676391601562,232.2161407470703,798.6314697265625,235.89939880371094,758.9774780273438,232.74057006835938,803.055908203125,264.5954284667969,744.8689575195312,263.53314208984375,815.473388671875,210.24452209472656,731.862060546875,207.88760375976562,799.1500854492188,147.3839874267578,740.6661376953125,146.88331604003906,799.076171875,406.90936279296875,758.6527099609375,407.10919189453125,795.91650390625,493.74932861328125,753.79345703125,496.17620849609375,786.1255493164062,571.023681640625,755.1409301757812,578.2214965820312
1012,33.73326679815911,783.8826293945312,238.79759216308594,791.3970947265625,233.1727752685547,775.9129638671875,232.28378295898438,798.7576904296875,235.92779541015625,759.02294921875,232.77745056152344,803.4715576171875,264.7155456542969,744.96337890625,263.5752868652344,815.90869140625,210.72227478027344,731.4100341796875,208.11058044433594,799.3380126953125,147.84727478027344,740.6454467773438,146.70010375976562,798.8796997070312,406.9114685058594,758.3484497070312,407.04913330078125,795.9418334960938,493.93804931640625,754.127197265625,496.2800598144531,785.3653564453125,571.4932861328125,755.1719970703125,578.6256713867188
1013,33.76660006574622,783.416748046875,238.46505737304688,790.9252319335938,232.93551635742188,775.5682373046875,231.9432373046875,798.2101440429688,235.90402221679688,758.8287353515625,232.53164672851562,803.0928344726562,264.78509521484375,744.594482421875,263.6061096191406,815.5764770507812,210.75209045410156,730.7965698242188,208.5048828125,798.4577026367188,147.74024963378906,739.9246215820312,147.4085693359375,798.8453979492188,406.8441467285156,758.3592529296875,406.94146728515625,795.7816772460938,494.1113586425781,753.939453125,496.3450622558594,785.423828125,571.6097412109375,755.1397705078125,578.5460205078125
1014,33.79993333333333,783.9490966796875,238.58438110351562,791.3250122070312,232.97695922851562,776.010009765625,232.14224243164062,798.46923828125,235.67762756347656,758.9838256835938,232.6513671875,803.3353881835938,264.0791015625,744.862548828125,263.20831298828125,815.7297973632812,209.51736450195312,731.4600219726562,207.1432647705078,798.0125732421875,146.81634521484375,740.7760620117188,145.5880584716797,799.1544799804688,406.4076232910156,758.572998046875,406.6731872558594,795.8799438476562,493.40045166015625,753.95556640625,496.06353759765625,785.7831420898438,571.2125854492188,755.1309204101562,578.5306396484375
1015,33.833266600920446,784.2762451171875,238.54409790039062,791.590576171875,233.01637268066406,776.414306640625,232.0633087158203,798.47314453125,235.89784240722656,759.20263671875,232.62692260742188,803.2577514648438,264.4580993652344,744.633544921875,263.5856018066406,815.8911743164062,210.22427368164062,730.7147827148438,208.9013214111328,798.2053833007812,147.37608337402344,739.190673828125,148.42076110839844,799.1156616210938,406.7242736816406,758.5321044921875,406.90899658203125,795.7752685546875,494.0218200683594,753.974853515625,496.3004150390625,785.68408203125,571.5903930664062,755.3065185546875,578.3333129882812
1016,33.866599868507556,784.578857421875,238.6173858642578,792.0667724609375,233.1461944580078,776.7672119140625,232.05136108398438,799.05615234375,236.05531311035156,759.4592895507812,232.37684631347656,803.1694946289062,264.4090881347656,744.9577026367188,263.0817565917969,815.4417114257812,208.9156951904297,731.4494018554688,206.092041015625,797.468505859375,144.88600158691406,741.1876220703125,143.5947723388672,799.560791015625,406.81304931640625,759.1353149414062,407.0296325683594,795.8699340820312,493.646728515625,754.217041015625,496.6359558105469,785.652099609375,570.60107421875,755.7793579101562,578.4715576171875
1017,33.899933136094674,783.9661865234375,238.8525390625,791.73388671875,233.2200469970703,775.912109375,232.41563415527344,799.7178344726562,236.03085327148438,759.4990844726562,233.1369171142578,804.5067138671875,264.5925598144531,745.9537963867188,263.900390625,816.08447265625,209.26715087890625,732.0741577148438,207.42025756835938,799.826416015625,146.64451599121094,741.5258178710938,145.5487823486328,799.650390625,406.9826354980469,759.0892944335938,407.24310302734375,795.9136352539062,494.0077819824219,754.2744750976562,496.33349609375,785.5293579101562,571.2233276367188,755.8112182617188,578.0311279296875
1018,33.933266403681785,784.2042236328125,238.89231872558594,791.9276123046875,233.1853790283203,776.11767578125,232.48220825195312,799.90673828125,235.84774780273438,759.8854370117188,233.19154357910156,804.9252319335938,264.52606201171875,746.220947265625,263.97564697265625,816.3230590820312,209.96873474121094,731.86767578125,208.2199249267578,801.06689453125,148.49139404296875,741.6527099609375,146.70578002929688,799.6986694335938,407.0741271972656,759.126708984375,407.3841247558594,796.0751342773438,494.040283203125,754.6486206054688,496.19635009765625,785.2426147460938,571.3123168945312,755.9334106445312,577.821044921875
1019,33.9665996712689,784.086669921875,238.63526916503906,791.7412109375,232.8966827392578,775.942138671875,232.3165283203125,799.6864624023438,235.6102294921875,759.7147216796875,233.25477600097656,804.8626708984375,264.3628234863281,746.22705078125,264.22344970703125,816.571533203125,209.4386444091797,731.89990234375,208.4838104248047,801.9539794921875,149.0940704345703,741.5946655273438,148.04208374023438,799.6514282226562,407.32977294921875,759.162353515625,407.794189453125,795.8447875976562,494.3633117675781,754.688720703125,496.67181396484375,785.2457885742188,571.6422119140625,755.9281616210938,578.1315307617188
1020,33.99993293885601,784.3410034179688,238.57850646972656,792.0250854492188,232.82992553710938,776.2134399414062,232.24794006347656,799.9755859375,235.5657501220703,760.027099609375,233.2183837890625,805.2470092773438,264.4380187988281,746.2352905273438,264.5032043457031,816.9826049804688,209.97323608398438,731.1221313476562,209.82513427734375,802.5038452148438,150.4424285888672,740.4046020507812,150.2071990966797,799.7498168945312,407.362060546875,759.10009765625,407.86724853515625,795.9649047851562,494.1985168457031,754.5523681640625,496.4198303222656,785.2843627929688,571.3675537109375,755.8837280273438,577.708251953125
1021,34.03326620644313,785.3357543945312,238.3472137451172,792.7911987304688,232.65692138671875,777.2059936523438,232.08851623535156,800.1370239257812,235.6237335205078,760.4122314453125,233.2707061767578,805.039794921875,264.6202087402344,746.3411254882812,264.75567626953125,817.2578125,210.09100341796875,731.5299072265625,209.99746704101562,803.2245483398438,150.77491760253906,740.2724609375,150.44976806640625,799.7965698242188,407.23828125,759.34814453125,407.8296203613281,795.8502197265625,494.05548095703125,754.6237182617188,496.6070861816406,785.1685180664062,571.0541381835938,755.720947265625,577.8675537109375
1022,34.06659947403024,785.1651000976562,238.74069213867188,792.56298828125,232.9775390625,777.1471557617188,232.369140625,799.8568725585938,235.30056762695312,760.4074096679688,232.88824462890625,805.1014404296875,263.6015930175781,746.005615234375,263.9626159667969,817.9811401367188,208.9939727783203,730.7453002929688,209.8017120361328,803.1725463867188,150.99429321289062,739.2219848632812,152.0608367919922,799.6064453125,406.8182067871094,758.9871826171875,407.44195556640625,795.84326171875,493.9432373046875,754.5362548828125,496.5390930175781,785.0928344726562,571.0585327148438,755.53076171875,577.8235473632812
1023,34.09993274161736,785.1740112304688,238.84071350097656,792.5289916992188,232.98779296875,777.1016235351562,232.48046875,799.7843017578125,235.2474365234375,760.38427734375,233.0897979736328,805.1766967773438,263.90472412109375,746.0687255859375,264.552978515625,818.0816650390625,210.39151000976562,730.2205200195312,211.87527465820312,803.9571533203125,154.27902221679688,737.5835571289062,155.96923828125,799.5191040039062,407.2651672363281,759.0062866210938,407.94207763671875,795.605224609375,494.4415283203125,754.6323852539062,496.88177490234375,785.0542602539062,571.2054443359375,755.64501953125,577.6591186523438
1024,34.13326600920447,784.51904296875,238.7176055908203,792.302734375,232.93795776367188,776.4779663085938,232.33905029296875,800.2978515625,235.50140380859375,760.4767456054688,233.1481475830078,805.4714965820312,264.2274169921875,746.5687255859375,264.8771057128906,817.5619506835938,209.73789978027344,730.7013549804688,211.37960815429688,803.8436889648438,152.2324981689453,739.1787719726562,153.40818786621094,799.6176147460938,407.2844543457031,759.1746215820312,408.01263427734375,795.787353515625,494.6950378417969,754.6458740234375,497.2799987792969,785.1905517578125,570.9335327148438,756.0764770507812,577.70849609375
1025,34.16659927679158,784.6104736328125,238.33038330078125,792.4425048828125,232.5661163330078,776.529052734375,231.95745849609375,800.5322265625,235.3530731201172,760.4984741210938,233.05882263183594,805.7979736328125,264.45330810546875,746.6409912109375,265.4188537597656,818.0469360351562,210.34703063964844,730.547607421875,213.08607482910156,804.0524291992188,153.2433624267578,737.646484375,155.858642578125,799.5174560546875,407.4898681640625,758.9892578125,408.22003173828125,795.7212524414062,494.83984375,754.5532836914062,497.2644348144531,785.0122680664062,571.1170654296875,755.9995727539062,577.6753540039062
1026,34.1999325443787,784.8590087890625,238.44166564941406,792.720703125,232.5121307373047,776.607177734375,232.10499572753906,801.0361328125,234.97267150878906,760.6464233398438,233.03062438964844,806.3424682617188,264.1937561035156,746.9523315429688,264.7269592285156,818.4095458984375,212.06570434570312,730.99560546875,212.62535095214844,806.3682861328125,155.76760864257812,739.6671142578125,154.91119384765625,799.6857299804688,406.9607238769531,758.9570922851562,407.6544189453125,795.8505859375,494.5203552246094,754.5277709960938,497.0308532714844,784.9500732421875,571.0186767578125,755.7792358398438,577.8741455078125
1027,34.23326581196581,784.961669921875,238.24179077148438,792.9332885742188,232.20693969726562,776.5565185546875,231.92868041992188,801.5713500976562,234.79469299316406,760.658203125,233.12799072265625,807.073974609375,264.8294982910156,747.1284790039062,265.1419677734375,819.4577026367188,214.96377563476562,730.1124267578125,214.2555694580078,807.944580078125,161.2318878173828,738.1021118164062,158.7832489013672,799.7964477539062,406.88385009765625,758.8577880859375,407.532958984375,796.0855712890625,494.252685546875,754.8170166015625,496.9825134277344,785.2477416992188,570.9761352539062,755.9470825195312,578.3317260742188
1028,34.266599079552925,785.1773071289062,238.0729522705078,793.28662109375,231.9604949951172,776.72265625,231.7228546142578,802.0967407226562,234.6103973388672,760.9096069335938,233.01211547851562,807.4806518554688,265.0830078125,747.1751098632812,265.5196838378906,819.5859375,216.4759521484375,729.4035034179688,216.31851196289062,808.7816772460938,163.61985778808594,736.8604125976562,161.71168518066406,799.8101196289062,407.1058349609375,758.7032470703125,407.81719970703125,796.2840576171875,494.646484375,754.790771484375,497.385498046875,785.594970703125,571.718017578125,756.2348022460938,579.2763061523438
1029,34.299932347140036,785.0601196289062,237.8428955078125,793.1378784179688,231.59214782714844,776.443359375,231.6263885498047,802.2412719726562,233.94529724121094,761.0191040039062,233.03257751464844,807.9959106445312,263.8321228027344,747.9149780273438,264.9299011230469,818.9339599609375,213.26417541503906,731.5602416992188,213.1304473876953,807.2565307617188,159.36827087402344,741.6819458007812,155.01376342773438,800.056884765625,406.8154602050781,758.8434448242188,407.80755615234375,796.6826782226562,494.672119140625,755.1361694335938,497.6228942871094,785.6923217773438,572.2616577148438,756.12890625,579.515380859375
1030,34.33326561472715,785.299560546875,237.66207885742188,793.2755126953125,231.40365600585938,776.6602783203125,231.4591064453125,802.302001953125,233.69989013671875,761.179443359375,232.877685546875,808.2615356445312,263.6669921875,747.971435546875,264.7427062988281,819.8137817382812,214.3029022216797,731.856201171875,214.09536743164062,808.8505249023438,160.88279724121094,742.0684204101562,156.34515380859375,799.9933471679688,406.3798522949219,758.66845703125,407.32958984375,797.153076171875,494.3157653808594,755.4551391601562,497.0658874511719,785.7990112304688,572.2501831054688,755.911376953125,579.1777954101562
1031,34.366598882314264,785.0243530273438,237.10260009765625,793.0665283203125,230.87277221679688,776.4268798828125,230.8551788330078,802.2373046875,233.40664672851562,761.20458984375,232.383544921875,808.6115112304688,264.4824523925781,747.8639526367188,264.66845703125,820.9036254882812,220.09800720214844,730.55224609375,217.32577514648438,811.6974487304688,170.30955505371094,738.90966796875,162.2751922607422,799.8849487304688,406.0570068359375,758.4961547851562,406.6243896484375,797.418701171875,494.4196472167969,755.6990356445312,496.5932312011719,785.5786743164062,571.8527221679688,755.7395629882812,578.4779663085938
1032,34.39993214990138,784.8051147460938,237.11854553222656,793.0474243164062,230.8651580810547,776.2531127929688,230.78890991210938,802.5402221679688,233.41236877441406,761.4122314453125,232.32191467285156,808.8945922851562,264.5665588378906,747.8402099609375,265.1116943359375,820.5975952148438,219.9915313720703,729.2114868164062,218.9007110595703,811.607177734375,170.4468231201172,737.0593872070312,164.4615478515625,799.7866821289062,406.2759094238281,758.284912109375,406.9391174316406,797.7422485351562,494.773193359375,755.6541137695312,496.8060302734375,785.93212890625,571.8585205078125,755.836669921875,578.2208862304688
1033,34.43326541748849,785.115234375,237.17181396484375,793.3500366210938,230.84371948242188,776.4904174804688,230.95782470703125,802.85888671875,233.3231201171875,761.853271484375,232.60971069335938,809.0811767578125,264.5668029785156,748.562255859375,265.1131591796875,819.1251831054688,221.7022247314453,729.0323486328125,220.237060546875,810.900146484375,174.79095458984375,735.4161376953125,168.32949829101562,799.6736450195312,405.650146484375,758.5179443359375,406.2431335449219,797.5703125,494.195068359375,755.55224609375,495.75628662109375,786.3284912109375,571.708740234375,755.792724609375,577.6651611328125
1034,34.4665986850756,784.9598999023438,237.1602783203125,793.2224731445312,230.79896545410156,776.265625,230.9901580810547,803.1063842773438,233.0512237548828,761.8029174804688,232.61595153808594,809.6782836914062,263.7907409667969,748.9954833984375,264.8376159667969,820.3619384765625,219.6584014892578,730.2244873046875,219.26425170898438,812.4965209960938,172.70240783691406,736.0598754882812,167.02413940429688,799.9547729492188,404.6645812988281,758.6591186523438,405.32574462890625,798.053466796875,493.018798828125,755.77685546875,494.4231872558594,786.4737548828125,571.3716430664062,755.68408203125,577.0178833007812
1035,34.49993195266272,784.2538452148438,237.01573181152344,792.5972900390625,230.6651153564453,775.595703125,230.84130859375,802.8150024414062,232.972900390625,761.6613159179688,232.5174102783203,809.6608276367188,264.168701171875,749.2646484375,264.6564636230469,820.2521362304688,222.45703125,730.2207641601562,220.31591796875,813.16650390625,176.337646484375,735.6006469726562,168.68251037597656,799.7362060546875,404.6820068359375,758.6362915039062,405.0877990722656,798.0690307617188,493.229248046875,755.9089965820312,494.2157897949219,786.5471801757812,571.52197265625,755.3572998046875,576.7156982421875
1036,34.53326522024983,784.3806762695312,237.20033264160156,792.7242431640625,230.83766174316406,775.7618408203125,230.9747314453125,802.837646484375,232.9068603515625,761.6777954101562,232.33094787597656,809.3964233398438,263.7286376953125,749.1995849609375,264.33148193359375,820.0208740234375,221.0945587158203,730.5147705078125,219.45947265625,813.0230102539062,174.88409423828125,736.2658081054688,167.80404663085938,799.7275390625,404.87469482421875,758.7000732421875,405.37713623046875,797.9662475585938,493.6062927246094,755.8047485351562,494.8679504394531,786.3672485351562,571.53271484375,755.2824096679688,577.1400146484375
1037,34.56659848783695,784.7504272460938,237.27377319335938,792.9703979492188,230.97177124023438,776.1297607421875,231.10386657714844,802.7794189453125,233.0988006591797,761.7294311523438,232.60093688964844,809.1201171875,263.3509826660156,749.210693359375,264.8197937011719,819.6881713867188,217.86721801757812,731.0035400390625,219.5936737060547,812.5388793945312,169.78875732421875,736.2249755859375,167.63758850097656,799.8211059570312,405.2031555175781,758.9371948242188,405.9041748046875,797.5465087890625,494.2256164550781,755.5732421875,495.2546081542969,786.3842163085938,572.6055297851562,755.4398803710938,577.4631958007812
1038,34.59993175542406,785.9198608398438,237.44371032714844,793.8125610351562,231.05972290039062,777.15966796875,231.32423400878906,802.8882446289062,233.09413146972656,761.8475952148438,232.76904296875,808.7805786132812,263.5789794921875,749.1492919921875,264.5573425292969,819.2258911132812,218.62374877929688,731.9747314453125,217.6627197265625,812.0167236328125,171.6179656982422,738.2347412109375,165.31192016601562,799.925048828125,405.7775573730469,759.1133422851562,406.45281982421875,797.1925048828125,494.5540771484375,755.5128784179688,495.84136962890625,786.4434814453125,572.9446411132812,755.3878173828125,577.9603881835938
1039,34.63326502301118,785.9094848632812,237.74961853027344,793.7164916992188,231.3389434814453,777.166259765625,231.63221740722656,802.7483520507812,233.0478515625,761.8775634765625,232.78404235839844,808.9375,263.1827087402344,749.1715698242188,264.0093688964844,819.4877319335938,218.77789306640625,732.127685546875,216.9036407470703,812.2807006835938,173.0055389404297,738.5115356445312,164.87550354003906,799.9304809570312,405.10009765625,759.0606689453125,405.67144775390625,797.1491088867188,493.9273376464844,755.4442138671875,494.91448974609375,786.208740234375,572.580078125,755.1727294921875,577.1043701171875
1040,34.66659829059829,786.2822875976562,237.8925323486328,794.0089111328125,231.47618103027344,777.432373046875,231.80763244628906,802.89794921875,233.39511108398438,761.8167724609375,233.24807739257812,809.0037231445312,263.8233642578125,749.035888671875,264.79315185546875,819.6505737304688,219.3768768310547,731.8460083007812,217.97036743164062,812.1887817382812,172.85690307617188,738.0497436523438,165.5533905029297,800.0288696289062,405.4940490722656,759.0610961914062,406.1355895996094,797.2786865234375,494.3090515136719,755.8244018554688,495.4651794433594,785.8423461914062,572.7015991210938,755.2671508789062,577.4253540039062
1041,34.699931558185405,786.4373168945312,238.0236358642578,794.0924072265625,231.6142120361328,777.5858764648438,231.9261474609375,802.8616333007812,233.39376831054688,761.8248901367188,233.2523956298828,809.0186767578125,263.49725341796875,748.9389038085938,264.68780517578125,819.688232421875,219.06423950195312,731.7412719726562,218.220458984375,812.30419921875,172.8548126220703,737.451171875,165.52542114257812,800.1453247070312,404.8019714355469,759.1234741210938,405.5012512207031,797.7709350585938,493.60101318359375,756.1767578125,494.6205749511719,785.9661254882812,572.0580444335938,755.4376220703125,576.48681640625
1042,34.733264825772515,786.3173217773438,238.2306671142578,794.0680541992188,231.7595672607422,777.4978637695312,232.10093688964844,803.0368041992188,233.33460998535156,762.033203125,233.25347900390625,809.1728515625,263.400634765625,749.2215576171875,264.68414306640625,819.8026123046875,219.3837890625,731.5338134765625,218.647705078125,812.69140625,173.63217163085938,737.1449584960938,166.3897705078125,800.0346069335938,405.0635070800781,759.1159057617188,405.8562316894531,797.83984375,493.7217712402344,756.2997436523438,495.1715393066406,785.9425659179688,571.8114013671875,755.33349609375,577.0078735351562
1043,34.76659809335963,786.3344116210938,238.1949462890625,794.1001586914062,231.7210235595703,777.5331420898438,232.04962158203125,803.0684814453125,233.2279510498047,762.0096435546875,233.11715698242188,809.1685180664062,263.13604736328125,749.0819702148438,264.5970153808594,819.8666381835938,218.9546356201172,731.3353271484375,218.91236877441406,812.5504150390625,173.1908416748047,737.1677856445312,166.9981231689453,800.1395263671875,405.15435791015625,759.0872802734375,406.0355529785156,797.9008178710938,493.71307373046875,755.9968872070312,495.3918762207031,786.1947021484375,571.830810546875,755.088623046875,577.2835083007812
1044,34.79993136094674,786.2933959960938,238.1527557373047,794.0338134765625,231.74984741210938,777.5720825195312,231.98635864257812,802.9185180664062,233.300048828125,761.9845581054688,232.97535705566406,809.2222290039062,263.0979919433594,748.9046020507812,264.3044128417969,820.70654296875,219.33233642578125,731.32080078125,218.65667724609375,813.0321044921875,173.46629333496094,736.8933715820312,166.6482391357422,800.196533203125,405.1184997558594,758.9993896484375,405.8658142089844,797.9088134765625,493.7536315917969,755.749755859375,495.28118896484375,786.410888671875,572.2466430664062,755.0064086914062,577.4569702148438
1045,34.833264628533854,786.0724487304688,237.8017578125,793.7098999023438,231.4121551513672,777.32080078125,231.65061950683594,802.4887084960938,233.06430053710938,761.646728515625,232.72389221191406,809.106201171875,263.0657958984375,748.4727172851562,263.9565124511719,821.04736328125,219.86956787109375,731.2428588867188,218.43959045410156,813.64892578125,172.88397216796875,737.8056640625,165.52073669433594,800.3866577148438,404.9580383300781,758.9692993164062,405.58343505859375,797.9396362304688,493.684326171875,755.6997680664062,494.87542724609375,786.3766479492188,571.894775390625,754.9268188476562,576.4696044921875
1046,34.86659789612097,786.9876708984375,238.33428955078125,794.5011596679688,231.70025634765625,777.9082641601562,232.23855590820312,803.1613159179688,232.94740295410156,761.6123657226562,233.33030700683594,809.25146484375,262.639892578125,748.8866577148438,264.51715087890625,819.5339965820312,217.71429443359375,732.9619750976562,218.03665161132812,811.7896118164062,170.46209716796875,740.2037963867188,163.859619140625,800.5147094726562,405.030517578125,759.1168823242188,406.0188903808594,797.5579223632812,493.70849609375,755.5964965820312,495.0421142578125,786.1538696289062,572.202392578125,755.0244140625,576.4866943359375
1047,34.89993116370808,786.7625122070312,238.244140625,794.2030639648438,231.60635375976562,777.7138061523438,232.1645050048828,802.726318359375,232.87876892089844,761.4470825195312,233.20098876953125,808.9554443359375,262.85394287109375,748.715576171875,264.0554504394531,819.4957885742188,218.53970336914062,733.1917724609375,216.31103515625,811.83203125,171.9657440185547,741.7140502929688,161.9846954345703,800.4274291992188,405.052734375,759.1060791015625,405.8916320800781,797.3963012695312,493.4881896972656,755.5477294921875,494.9107666015625,786.1567993164062,572.0526733398438,754.9741821289062,576.6002807617188
1048,34.9332644312952,786.307373046875,238.01718139648438,793.9059448242188,231.46453857421875,777.36767578125,231.93612670898438,802.7039184570312,232.9453887939453,761.5339965820312,233.0604705810547,809.0450439453125,263.0650939941406,748.9573364257812,264.0125732421875,819.5147705078125,219.31678771972656,733.223876953125,216.41278076171875,811.9094848632812,173.01620483398438,741.3807373046875,162.1692657470703,800.5277099609375,405.05322265625,759.3002319335938,405.78167724609375,797.3724365234375,493.2313537597656,755.314453125,494.5948181152344,786.3685302734375,571.6815185546875,754.9230346679688,576.32568359375
1049,34.96659769888231,785.94287109375,237.82473754882812,793.7428588867188,231.2729034423828,777.056396484375,231.67745971679688,802.8416137695312,232.7021026611328,761.5629272460938,232.64488220214844,809.1364135742188,262.657958984375,748.9381713867188,263.7611999511719,819.3506469726562,218.21621704101562,733.6318969726562,215.96189880371094,811.732177734375,171.04405212402344,743.4685668945312,160.25730895996094,800.6535034179688,405.0614929199219,759.3108520507812,405.93341064453125,797.6642456054688,493.63092041015625,755.521484375,495.34368896484375,786.003173828125,571.8759155273438,755.2367553710938,577.1538696289062
1050,34.99993096646943,786.4301147460938,237.87315368652344,793.99072265625,231.2344512939453,777.4524536132812,231.70123291015625,802.6758422851562,232.3349609375,761.4971923828125,232.38623046875,808.9286499023438,262.2005920410156,748.6062622070312,263.14398193359375,818.8432006835938,218.4724884033203,733.871826171875,215.5977020263672,811.633544921875,171.47608947753906,745.2658081054688,159.4392852783203,800.7813110351562,404.6243591308594,759.3497924804688,405.484375,797.657958984375,493.47369384765625,755.8079223632812,494.974609375,785.3112182617188,572.0797729492188,755.1226196289062,576.8826293945312
1051,35.03326423405654,786.5051879882812,237.76296997070312,794.1085205078125,231.150146484375,777.5650024414062,231.59524536132812,802.7355346679688,232.30148315429688,761.4956665039062,232.27603149414062,808.7405395507812,261.9288635253906,748.5040283203125,263.1176452636719,818.81494140625,217.26902770996094,733.806396484375,214.97122192382812,811.5491333007812,170.06195068359375,745.5423583984375,158.4478759765625,800.8883666992188,404.69000244140625,759.4859008789062,405.755615234375,797.5735473632812,493.2701110839844,755.6939086914062,495.4154052734375,785.46875,571.771728515625,755.3590698242188,577.4276733398438
1052,35.066597501643656,786.8070068359375,237.8946075439453,794.3135375976562,231.21661376953125,777.7879028320312,231.79193115234375,802.8812866210938,232.19143676757812,761.6590576171875,232.40475463867188,809.0899658203125,261.6470642089844,748.7086791992188,262.6300048828125,818.8976440429688,217.15655517578125,734.8185424804688,213.38880920410156,811.6160888671875,169.65771484375,748.4052124023438,155.47947692871094,801.1597900390625,404.5531921386719,759.5516357421875,405.5833740234375,797.4937744140625,492.9920654296875,755.4473266601562,495.05230712890625,785.5079345703125,571.9537963867188,755.2214965820312,577.3040161132812
1053,35.09993076923077,788.0093994140625,237.96826171875,795.264892578125,231.2760467529297,778.9509887695312,231.8260955810547,803.1690673828125,232.20437622070312,761.9019775390625,232.3230743408203,808.9251708984375,261.7808837890625,748.4756469726562,262.74017333984375,819.7564086914062,217.58766174316406,734.5725708007812,214.27903747558594,812.8583984375,170.50143432617188,747.3660278320312,157.97164916992188,801.2622680664062,404.8355712890625,759.6963500976562,405.8990478515625,797.4342041015625,493.16912841796875,755.771484375,495.48193359375,785.4133911132812,572.0308837890625,755.4215698242188,577.7359008789062
1054,35.133264036817884,787.9723510742188,237.99928283691406,795.2850341796875,231.18333435058594,778.8401489257812,231.86614990234375,803.3948974609375,231.80355834960938,762.0401611328125,232.1991424560547,809.0966186523438,261.24200439453125,749.029541015625,262.2065124511719,818.8060302734375,216.5594940185547,735.7757568359375,212.2567138671875,811.5558471679688,169.53211975097656,749.9871215820312,155.0000762939453,801.3707275390625,405.22412109375,759.923583984375,406.3544616699219,797.2040405273438,493.33355712890625,755.7797241210938,495.8097229003906,785.5088500976562,572.2816162109375,755.5895385742188,578.0589599609375
1055,35.166597304404995,788.0633544921875,237.4614715576172,795.4125366210938,230.72772216796875,778.923583984375,231.34678649902344,803.59521484375,231.8004913330078,761.9576416015625,232.10227966308594,809.5025024414062,261.8516540527344,749.2447509765625,262.6002502441406,821.0529174804688,217.0854949951172,735.4515991210938,212.12416076660156,813.1978759765625,171.0010528564453,746.9096069335938,157.08164978027344,801.2319946289062,405.6423645019531,759.843994140625,406.5768127441406,796.936279296875,493.1253356933594,755.7485961914062,495.7320556640625,785.6686401367188,571.9264526367188,755.4590454101562,578.0228881835938
1056,35.199930571992105,787.6031494140625,237.43507385253906,795.1302490234375,230.73402404785156,778.5276489257812,231.2673797607422,803.6080932617188,231.78009033203125,761.9472045898438,231.87051391601562,809.6181640625,261.7619323730469,749.25,262.349853515625,820.6893310546875,217.40127563476562,735.5520629882812,212.41903686523438,812.7146606445312,171.79786682128906,747.6567993164062,157.53457641601562,801.2322998046875,405.1708984375,759.7991333007812,405.9958190917969,796.9435424804688,493.08514404296875,755.7543334960938,495.3301086425781,785.2494506835938,572.2906494140625,755.7174682617188,578.10888671875
1057,35.23326383957922,787.624755859375,237.81851196289062,795.2921142578125,231.08151245117188,778.5648193359375,231.59767150878906,804.0292358398438,232.03135681152344,762.1382446289062,232.0928955078125,810.0179443359375,262.11383056640625,749.304931640625,262.66558837890625,821.5731201171875,218.79627990722656,734.138916015625,214.2484588623047,813.7726440429688,173.59620666503906,744.9542236328125,161.06808471679688,801.010986328125,405.7028503417969,759.479736328125,406.48895263671875,796.5704956054688,493.7744445800781,755.53466796875,496.1835021972656,785.2047119140625,572.7777099609375,755.6874389648438,578.9086303710938
1058,35.266597107166334,787.4808959960938,237.6821746826172,795.1698608398438,230.93975830078125,778.478271484375,231.44461059570312,804.0596313476562,231.70907592773438,762.254150390625,231.79193115234375,810.5189819335938,261.5524597167969,749.3038940429688,262.2110595703125,823.2247314453125,217.66371154785156,733.7623901367188,213.13316345214844,814.8525390625,172.7229461669922,745.060302734375,160.4466552734375,801.1163330078125,405.6861877441406,759.369873046875,406.52276611328125,796.6139526367188,493.3304443359375,755.6874389648438,496.069091796875,785.3273315429688,572.072509765625,755.8677978515625,578.3795776367188
1059,35.29993037475345,787.4990234375,237.7074432373047,795.0819702148438,230.89964294433594,778.4431762695312,231.494873046875,803.9595947265625,231.44766235351562,762.25927734375,231.78599548339844,810.6318359375,261.1139221191406,749.4411010742188,261.939697265625,823.4508056640625,216.58596801757812,734.1646118164062,212.17672729492188,815.2506713867188,171.3055877685547,746.116943359375,159.1072540283203,801.1338500976562,405.9403991699219,759.38232421875,406.82525634765625,796.6405639648438,493.686279296875,755.9323120117188,496.3615417480469,785.2932739257812,572.2756958007812,755.7788696289062,578.165771484375
1060,35.33326364234056,786.947265625,237.66476440429688,794.7554321289062,230.87754821777344,777.9989013671875,231.36878967285156,804.0469970703125,231.2256317138672,762.4019165039062,231.3018035888672,810.6202392578125,260.6034851074219,749.774658203125,261.2145690917969,822.8212890625,216.2238006591797,735.1646118164062,211.6944580078125,815.12353515625,169.53460693359375,748.4011840820312,157.00228881835938,801.1143188476562,405.5077209472656,759.4832153320312,406.33184814453125,796.71484375,493.4053649902344,755.9576416015625,495.9819641113281,784.8968505859375,572.18310546875,755.8388061523438,578.2808227539062
1061,35.36659690992768,787.9878540039062,237.74746704101562,795.2429809570312,230.84288024902344,778.8482055664062,231.5377197265625,803.6248779296875,230.87173461914062,762.1464233398438,231.36549377441406,810.2125854492188,260.08447265625,749.378173828125,260.70660400390625,822.9443359375,215.6527557373047,736.6048583984375,210.20126342773438,815.3320922851562,168.87283325195312,751.3285522460938,154.98529052734375,801.510009765625,405.3865966796875,759.7554321289062,406.2798767089844,796.5983276367188,493.3674621582031,756.0125732421875,495.9385681152344,784.99072265625,572.3602294921875,755.52197265625,577.9213256835938
1062,35.39993017751479,786.7227172851562,237.84458923339844,794.01806640625,230.6383819580078,778.3574829101562,231.02835083007812,802.7879028320312,231.48098754882812,764.1209716796875,231.9731903076172,807.9306030273438,263.58135986328125,751.753173828125,261.51177978515625,825.521728515625,217.09300231933594,732.8633422851562,211.44927978515625,824.06005859375,168.0953369140625,749.5634155273438,157.91090393066406,795.3323974609375,399.7777404785156,757.6353149414062,399.35736083984375,789.1441040039062,497.0818176269531,751.4781494140625,496.63232421875,790.6718139648438,577.7804565429688,753.5252685546875,576.2005615234375
1063,35.43326344510191,787.2013549804688,238.19676208496094,794.471435546875,231.00994873046875,778.8741455078125,231.3253631591797,802.9321899414062,231.72450256347656,764.2899169921875,231.968017578125,807.8045654296875,263.5841064453125,751.7412109375,261.1861572265625,825.6834716796875,217.76040649414062,733.20263671875,211.10379028320312,824.4566650390625,169.89865112304688,749.8463745117188,157.7188262939453,795.4632568359375,399.6277770996094,757.8043212890625,399.1160888671875,789.05712890625,497.3513488769531,751.3400268554688,496.87725830078125,790.6852416992188,577.7925415039062,753.6656494140625,576.2608032226562
1064,35.46659671268902,787.3700561523438,238.30320739746094,794.5001831054688,231.02023315429688,779.08251953125,231.35882568359375,802.7000122070312,231.47105407714844,764.3983154296875,231.76316833496094,807.5094604492188,263.1203918457031,751.4408569335938,260.8822937011719,824.6307983398438,216.74630737304688,733.3231201171875,210.66671752929688,823.310791015625,167.5194549560547,751.418212890625,156.0289306640625,795.6112060546875,399.9574279785156,757.8408813476562,399.5596618652344,789.2774658203125,497.6369934082031,751.3582763671875,497.05792236328125,790.91162109375,578.3173217773438,753.6842041015625,576.4242553710938
1065,35.49992998027613,787.3057250976562,238.75997924804688,794.5689697265625,231.3629608154297,778.912353515625,231.7754669189453,803.2175903320312,231.55441284179688,764.3535766601562,232.0618133544922,807.9906616210938,263.1814270019531,751.9483032226562,261.12908935546875,825.1993408203125,217.21221923828125,733.0162963867188,211.46713256835938,823.8709716796875,168.22247314453125,749.3452758789062,157.91732788085938,795.6446533203125,399.98675537109375,757.9699096679688,399.59783935546875,789.0125732421875,497.2991027832031,751.4443359375,496.8521423339844,790.7850341796875,578.1004028320312,753.5958251953125,576.3634033203125
1066,35.533263247863246,787.7781982421875,238.8446502685547,794.9486694335938,231.27743530273438,779.3716430664062,231.7733917236328,803.5092163085938,231.0156707763672,764.70947265625,231.72056579589844,808.2987670898438,262.214599609375,751.9164428710938,260.64068603515625,824.8276977539062,216.35369873046875,733.0827026367188,211.91067504882812,823.9252319335938,166.33648681640625,750.5977172851562,157.36279296875,796.1155395507812,400.31109619140625,758.1646728515625,400.1341247558594,788.985107421875,497.0162048339844,751.3622436523438,496.5546569824219,790.493896484375,578.4126586914062,753.5982055664062,576.2127075195312
1067,35.56659651545036,787.8556518554688,239.16082763671875,795.005859375,231.63966369628906,779.43798828125,232.12033081054688,803.587890625,231.4104766845703,764.716796875,232.09239196777344,808.3213500976562,262.36578369140625,752.2733764648438,260.53375244140625,825.1690673828125,214.9401092529297,733.800537109375,209.7695770263672,823.918212890625,164.67860412597656,751.7581176757812,155.3893585205078,796.2098388671875,399.8562316894531,758.3822021484375,399.5663146972656,788.916748046875,496.73675537109375,751.1630249023438,496.3500671386719,790.7797241210938,577.989990234375,753.0870361328125,575.8707275390625
1068,35.599929783037474,787.6339111328125,238.61061096191406,794.7427368164062,231.2042694091797,779.2658081054688,231.6757354736328,803.2728271484375,231.3828125,764.7305297851562,232.06895446777344,808.1694946289062,262.6191711425781,752.13916015625,260.81304931640625,824.8837890625,215.77513122558594,734.0450439453125,210.58193969726562,824.330810546875,165.77732849121094,752.3052368164062,155.86831665039062,795.98193359375,399.6564636230469,758.1951904296875,399.3898010253906,789.024658203125,496.2136535644531,751.172119140625,495.79888916015625,790.6519775390625,577.9585571289062,752.8680419921875,575.8816528320312
1069,35.633263050624585,787.7848510742188,238.87954711914062,794.9527587890625,231.37376403808594,779.3153686523438,231.93582153320312,803.7394409179688,231.48939514160156,764.8363647460938,232.3945770263672,808.5906372070312,262.8638610839844,752.4805297851562,261.21527099609375,825.1990356445312,214.5771484375,734.5111694335938,209.7041778564453,824.1122436523438,164.20616149902344,753.4484252929688,154.88192749023438,795.8848266601562,400.04486083984375,758.0875244140625,399.8130798339844,788.7135620117188,496.1523132324219,751.2957763671875,495.8154296875,790.05419921875,577.926025390625,753.0339965820312,575.8836059570312
1070,35.6665963182117,787.9580688476562,238.8009796142578,795.0603637695312,231.3672332763672,779.5227661132812,231.86663818359375,803.5083618164062,231.6804962158203,764.8113403320312,232.43069458007812,808.3172607421875,263.27484130859375,752.1785278320312,261.66107177734375,825.2955932617188,214.85107421875,734.3980102539062,210.1998748779297,824.274169921875,164.8574981689453,753.026611328125,155.50733947753906,795.8577880859375,400.27484130859375,758.1055297851562,400.05419921875,788.5997314453125,496.6368713378906,751.0267333984375,496.247802734375,790.1503295898438,578.3047485351562,752.950439453125,576.1871948242188
1071,35.69992958579881,787.5420532226562,238.49110412597656,794.7093505859375,231.09974670410156,779.123291015625,231.6129608154297,803.4954833984375,231.47666931152344,764.7565307617188,232.2997283935547,808.7628784179688,263.1428527832031,752.46728515625,261.5426025390625,826.0857543945312,215.55868530273438,734.0768432617188,210.99261474609375,824.3261108398438,165.56295776367188,751.4134521484375,157.450439453125,796.1875,399.83319091796875,758.4087524414062,399.5360412597656,788.7702026367188,495.87261962890625,751.2838745117188,495.4907531738281,790.5611572265625,577.6956787109375,753.2295532226562,575.7153930664062
1072,35.73326285338593,787.57568359375,238.54335021972656,794.7279052734375,231.17140197753906,779.1917114257812,231.64492797851562,803.4467163085938,231.5106658935547,764.8087768554688,232.23704528808594,808.5443115234375,263.02923583984375,752.4725952148438,261.3331604003906,825.6416625976562,215.4490203857422,734.4898681640625,210.71722412109375,824.19873046875,165.06759643554688,752.537841796875,156.48611450195312,796.15576171875,399.6138610839844,758.4573974609375,399.32928466796875,789.0376586914062,495.7704772949219,751.5953979492188,495.4163513183594,790.6140747070312,577.4525146484375,753.3810424804688,575.549560546875
1073,35.76659612097304,787.5997924804688,238.72238159179688,794.7832641601562,231.34861755371094,779.2401733398438,231.76959228515625,803.3887939453125,231.75738525390625,764.7540893554688,232.33839416503906,808.2172241210938,263.3176574707031,752.267822265625,261.7310791015625,825.1782836914062,214.89320373535156,734.9109497070312,210.4961395263672,824.001708984375,164.4083251953125,753.6817016601562,155.0420379638672,796.0455932617188,400.04486083984375,758.3997192382812,399.84112548828125,789.0375366210938,496.1458435058594,751.4896850585938,495.7986145019531,790.3895874023438,577.78466796875,753.485595703125,575.8717041015625
1074,35.79992938856016,787.6896362304688,238.57493591308594,794.8738403320312,231.26573181152344,779.3560791015625,231.64772033691406,803.3816528320312,231.86126708984375,764.8114013671875,232.34324645996094,808.1546630859375,263.432861328125,752.041748046875,261.8856201171875,825.1326293945312,214.69923400878906,734.7030639648438,210.76527404785156,823.6168823242188,163.53802490234375,753.8773803710938,155.11990356445312,795.8969116210938,400.0683288574219,758.176025390625,399.8966369628906,788.9295043945312,495.9153137207031,751.4566040039062,495.6471862792969,790.0718994140625,577.7355346679688,753.6755981445312,576.0161743164062
1075,35.83326265614727,787.7770385742188,238.57608032226562,794.9646606445312,231.3011474609375,779.4658813476562,231.646728515625,803.4453125,231.99649047851562,764.94921875,232.4149169921875,808.0640258789062,263.6443176269531,752.2163696289062,262.02105712890625,825.0347290039062,214.03182983398438,734.9528198242188,210.00616455078125,823.4462280273438,162.5749969482422,754.6427001953125,154.0563201904297,795.7178955078125,400.11785888671875,758.1435546875,399.9327087402344,788.993408203125,495.9920349121094,751.5426025390625,495.7962951660156,790.0667114257812,577.7744140625,753.4544677734375,576.1441650390625
1076,35.86659592373438,787.8110961914062,238.63720703125,794.9732666015625,231.4211883544922,779.5361938476562,231.70156860351562,803.2994384765625,232.19134521484375,764.9268798828125,232.4501495361328,807.7877197265625,263.835205078125,752.180419921875,262.00933837890625,824.7685546875,213.98924255371094,735.3148803710938,209.60589599609375,823.4392700195312,162.60446166992188,755.1956787109375,153.67820739746094,795.7101440429688,400.3166198730469,758.2706298828125,400.05694580078125,788.8878173828125,496.6329650878906,751.574462890625,496.3046569824219,789.9649658203125,578.263916015625,753.5382080078125,576.5320434570312
1077,35.8999291913215,787.8848266601562,238.48199462890625,795.067138671875,231.27357482910156,779.5345458984375,231.53684997558594,803.3607177734375,232.27359008789062,764.7569580078125,232.5069122314453,807.7864990234375,264.35736083984375,752.068603515625,262.4585876464844,825.0592041015625,214.34449768066406,735.0892944335938,209.83628845214844,823.7354736328125,162.96148681640625,754.7570190429688,154.0953369140625,795.6869506835938,400.3388977050781,758.2593383789062,400.062255859375,788.9081420898438,496.2339782714844,751.721435546875,495.9803771972656,789.8436279296875,577.5488891601562,753.600830078125,575.9701538085938
1078,35.93326245890861,787.5978393554688,238.5254364013672,794.8164672851562,231.26132202148438,779.3217163085938,231.5072021484375,803.1734619140625,232.11048889160156,764.7040405273438,232.2915802001953,807.5466918945312,264.0498352050781,751.7777099609375,262.2947082519531,824.3929443359375,214.00057983398438,734.9631958007812,209.855224609375,823.2171630859375,162.2925567626953,755.42919921875,152.96170043945312,795.5655517578125,400.49072265625,758.060791015625,400.3222961425781,789.1387939453125,496.5968322753906,751.7874755859375,496.3453369140625,790.0311889648438,577.8460693359375,753.9345703125,576.2022094726562
1079,35.966595726495726,787.6544189453125,238.5243682861328,794.7794189453125,231.26348876953125,779.466552734375,231.5165252685547,802.864501953125,232.0760498046875,764.8546752929688,232.24131774902344,807.2516479492188,264.0325012207031,751.6163940429688,262.3218078613281,824.1473388671875,214.5036163330078,734.8139038085938,210.3175811767578,823.2288208007812,163.20724487304688,755.0582275390625,153.2869110107422,795.4010620117188,400.4552917480469,758.0023193359375,400.3319396972656,789.1294555664062,496.9250183105469,751.7239379882812,496.6629943847656,790.4069213867188,578.0557250976562,754.1107788085938,576.4070434570312
1080,35.999928994082836,787.1310424804688,238.3871307373047,794.3934936523438,231.11203002929688,778.9662475585938,231.35064697265625,802.9125366210938,231.81808471679688,764.6875,231.97764587402344,807.4745483398438,263.6247863769531,751.6842041015625,261.88494873046875,824.2047729492188,213.98890686035156,734.4803466796875,209.976318359375,823.0133056640625,162.42813110351562,754.6256103515625,153.3987274169922,795.39599609375,400.2011413574219,757.8502197265625,400.0071716308594,789.1485595703125,496.6466369628906,751.3792114257812,496.2511901855469,790.69384765625,577.7615966796875,753.8045043945312,575.925048828125
1081,36.033262261669954,787.0435180664062,238.64956665039062,794.2637329101562,231.3629608154297,778.9121704101562,231.6533660888672,802.7572021484375,231.92202758789062,764.7695922851562,232.1996307373047,807.3501586914062,263.42327880859375,751.6500244140625,261.9471435546875,823.9490966796875,213.9491424560547,734.2674560546875,210.52548217773438,823.487060546875,163.13800048828125,754.5138549804688,154.1288604736328,795.2369995117188,399.8131103515625,757.7911376953125,399.7370300292969,789.2584228515625,496.9287414550781,751.6453857421875,496.53729248046875,790.5333251953125,578.2536010742188,753.8963623046875,576.362060546875
1082,36.066595529257064,786.8971557617188,238.62786865234375,794.1292724609375,231.31329345703125,778.6396484375,231.56268310546875,802.4095458984375,232.11778259277344,764.0365600585938,232.28317260742188,806.7203979492188,264.0643615722656,750.7455444335938,262.5776062011719,823.1318969726562,213.7724151611328,733.9962768554688,210.2933349609375,822.4663696289062,162.61851501464844,755.4114379882812,152.68894958496094,795.1798706054688,399.96795654296875,757.5771484375,399.9995422363281,789.4986572265625,496.53314208984375,751.67919921875,496.3521728515625,790.33984375,577.9723510742188,754.0775756835938,576.46875
1083,36.09992879684418,786.9959106445312,238.5130615234375,794.1488647460938,231.36752319335938,778.7595825195312,231.5801239013672,802.1942138671875,232.45443725585938,764.1204833984375,232.5185089111328,806.5792846679688,264.5286865234375,750.9444580078125,262.49365234375,823.1895751953125,215.0362091064453,734.0723876953125,209.94178771972656,822.9002685546875,164.97459411621094,754.766845703125,153.30067443847656,795.0875854492188,400.0530700683594,757.7234497070312,399.8468017578125,789.3704833984375,497.2671813964844,751.8143920898438,496.8335876464844,790.24658203125,578.7523803710938,753.9472045898438,577.1234130859375
1084,36.13326206443129,786.6773071289062,238.69317626953125,794.0929565429688,231.77772521972656,778.530517578125,231.7185516357422,802.36279296875,233.18528747558594,763.9696044921875,232.63038635253906,806.4688110351562,264.9055480957031,751.0016479492188,262.650634765625,823.4736938476562,214.70761108398438,734.1369018554688,210.2000732421875,823.0262451171875,164.68638610839844,753.7271118164062,154.18771362304688,795.0545654296875,399.9805603027344,757.731689453125,399.6046142578125,790.1861572265625,498.1286926269531,752.0360107421875,497.3311462402344,790.6316528320312,579.1422119140625,754.1777954101562,577.3816528320312
1085,36.16659533201841,787.702392578125,238.4689178466797,795.2644653320312,231.79776000976562,778.781494140625,232.22305297851562,803.930419921875,231.91989135742188,762.5313720703125,231.84898376464844,810.1519165039062,259.8522033691406,749.7996215820312,261.016357421875,821.943115234375,212.05435180664062,738.07421875,209.53765869140625,815.2990112304688,163.36305236816406,753.5322265625,152.04904174804688,801.8320922851562,404.98883056640625,760.2072143554688,405.95037841796875,797.0122680664062,493.5771484375,755.4165649414062,495.3948059082031,785.5084838867188,573.5316162109375,755.7734985351562,578.0116577148438
1086,36.19992859960552,787.446533203125,238.7760009765625,795.0255737304688,232.0795440673828,778.5094604492188,232.53399658203125,803.7797241210938,232.19815063476562,762.3676147460938,232.17039489746094,810.1229248046875,260.36810302734375,749.7224731445312,261.34039306640625,821.789306640625,213.31809997558594,737.84033203125,210.01934814453125,815.0865478515625,164.96495056152344,753.2178955078125,152.5471649169922,801.834228515625,405.23858642578125,760.2145385742188,406.14569091796875,797.0347290039062,493.7731018066406,755.570068359375,495.5701599121094,785.4521484375,573.5109252929688,755.9798583984375,578.1044311523438
1087,36.23326186719263,787.5333251953125,238.83152770996094,795.1793212890625,232.09178161621094,778.6093139648438,232.59303283691406,803.9736328125,231.9520263671875,762.55224609375,232.0113067626953,810.0139770507812,259.590576171875,750.0275268554688,260.9675598144531,821.2009887695312,211.4592742919922,738.178466796875,208.8741912841797,814.6961059570312,163.79409790039062,753.8665161132812,151.48471069335938,801.7930908203125,405.2842712402344,760.3577270507812,406.4375,797.0699462890625,493.458984375,755.5626220703125,495.8039855957031,785.5628662109375,573.498046875,755.9290771484375,578.8125
1088,36.26659513477975,787.1797485351562,238.84017944335938,794.951171875,232.2081756591797,778.2959594726562,232.6492462158203,803.8313598632812,232.615234375,762.4276123046875,232.4864959716797,809.5065307617188,260.6961669921875,750.0586547851562,261.8010559082031,819.63525390625,212.9415283203125,737.7736206054688,210.4482421875,812.9087524414062,165.11439514160156,752.0446166992188,153.96189880371094,801.4663696289062,405.0195007324219,760.3344116210938,406.02008056640625,797.2959594726562,493.2342529296875,755.6185302734375,495.22149658203125,785.912841796875,573.0961303710938,756.1575317382812,578.5556640625
1089,36.29992840236686,787.5814819335938,239.2869873046875,795.1200561523438,232.46754455566406,778.4945678710938,233.17721557617188,803.7186889648438,232.38478088378906,762.1945190429688,232.8145294189453,809.1615600585938,260.2187194824219,750.1832275390625,261.5210266113281,818.4623413085938,212.6690216064453,739.121337890625,209.37950134277344,811.714599609375,165.10826110839844,754.6978759765625,152.19175720214844,801.5028686523438,404.9656677246094,760.50634765625,406.17608642578125,797.1415405273438,493.31304931640625,755.9036254882812,495.7657775878906,785.8370971679688,572.8543701171875,756.1658325195312,578.794677734375
1090,36.33326166995398,786.886474609375,238.98779296875,794.7131958007812,232.27371215820312,777.89501953125,232.83482360839844,803.7445068359375,232.95884704589844,762.157470703125,232.94989013671875,809.435791015625,262.59515380859375,750.2020263671875,262.3640441894531,818.4481201171875,220.55828857421875,736.9771728515625,212.42420959472656,811.2855834960938,176.82591247558594,749.0936889648438,157.71743774414062,801.2001342773438,405.21875,760.2716064453125,405.8294372558594,797.4962768554688,493.4295959472656,755.942138671875,495.44390869140625,786.3539428710938,572.4093017578125,756.232421875,578.72314453125
1091,36.36659493754109,785.6812133789062,238.86221313476562,793.6803588867188,232.1690216064453,776.6885986328125,232.75607299804688,803.3677368164062,233.439697265625,761.8905639648438,233.5596923828125,810.1719360351562,264.3314208984375,749.9551391601562,263.5992431640625,819.3880615234375,224.78689575195312,735.2677612304688,215.00234985351562,812.1884765625,181.37001037597656,747.69677734375,159.8869171142578,800.9617919921875,406.048828125,759.6452026367188,406.3413391113281,797.2506103515625,494.2860412597656,755.764404296875,495.5540466308594,785.7509155273438,573.1535034179688,755.9874267578125,578.3292846679688
1092,36.399928205128205,786.0108032226562,239.0135498046875,793.9479370117188,232.31884765625,777.0447998046875,232.89285278320312,803.4056396484375,233.4796142578125,761.9600830078125,233.57626342773438,810.2115478515625,264.185546875,749.840087890625,263.6563720703125,820.1939086914062,224.0592803955078,734.8983154296875,214.89334106445312,812.4683227539062,181.3757781982422,745.9553833007812,161.01409912109375,800.747314453125,406.4872131347656,759.4432983398438,406.7882385253906,796.7079467773438,494.80950927734375,755.5223999023438,496.0893249511719,785.71826171875,573.78125,756.2545776367188,578.8488159179688
1093,36.433261472715316,786.3494873046875,239.1449432373047,794.3692626953125,232.41273498535156,777.40673828125,232.89309692382812,803.7202758789062,233.34335327148438,762.1383666992188,233.18833923339844,809.9600219726562,263.97515869140625,749.7587280273438,263.39739990234375,818.9683227539062,224.57827758789062,733.9969482421875,215.7957000732422,811.8446655273438,183.16110229492188,744.2147827148438,163.0356903076172,800.6981201171875,406.22515869140625,759.530517578125,406.5436096191406,796.786865234375,494.7278747558594,755.3418579101562,495.9626770019531,785.5808715820312,573.3694458007812,756.0108032226562,578.5914306640625
1094,36.46659474030243,785.8731079101562,239.1030731201172,794.1024169921875,232.56752014160156,777.1515502929688,232.76699829101562,803.7124633789062,234.08145141601562,762.20458984375,233.4059295654297,810.3299560546875,265.1499938964844,748.8684692382812,264.7056884765625,821.3958129882812,226.76853942871094,730.0095825195312,221.00112915039062,813.8640747070312,183.33929443359375,737.8519287109375,170.2099609375,800.1927490234375,406.5081787109375,758.6015625,406.7471618652344,796.525634765625,494.7486572265625,755.0597534179688,496.09759521484375,785.137939453125,573.08203125,756.1163330078125,578.7325439453125
1095,36.499928007889544,785.3895874023438,239.01515197753906,793.6851806640625,232.6074981689453,776.7603149414062,232.63905334472656,803.3328247070312,234.39932250976562,761.8746948242188,233.29116821289062,809.8851318359375,265.67822265625,748.6211547851562,264.5384521484375,821.31494140625,227.21707153320312,730.2651977539062,219.82171630859375,814.1444702148438,183.70809936523438,738.248779296875,168.858642578125,800.13232421875,406.6623840332031,758.6409912109375,406.6531677246094,796.6099853515625,494.7118225097656,754.9876708984375,495.77655029296875,785.0826416015625,572.8395385742188,756.0289916992188,578.36474609375
1096,36.53326127547666,784.7383422851562,238.7642822265625,793.0219116210938,232.43753051757812,776.19482421875,232.40965270996094,802.7214965820312,234.37911987304688,761.5616455078125,233.1909637451172,809.7648315429688,265.4772033691406,748.1838989257812,264.6230773925781,822.1714477539062,225.38336181640625,729.868896484375,219.51022338867188,815.0460815429688,179.39572143554688,738.3074951171875,167.00732421875,800.2437133789062,406.70538330078125,758.5843505859375,406.7449645996094,796.7111206054688,495.0182800292969,754.9373779296875,495.9712219238281,784.9827880859375,573.2296752929688,756.0501098632812,578.5037231445312
1097,36.56659454306377,784.2850952148438,238.47113037109375,792.7135620117188,232.25035095214844,775.8326416015625,232.08163452148438,802.60498046875,234.33169555664062,761.3416137695312,232.85533142089844,809.6483764648438,265.1829833984375,747.9130859375,264.37762451171875,822.3604125976562,223.77853393554688,729.7551879882812,218.4675750732422,815.0636596679688,177.94444274902344,738.1459350585938,166.18563842773438,800.0088500976562,406.4072570800781,758.2621459960938,406.4239501953125,796.7733154296875,494.5899658203125,754.6167602539062,495.4350280761719,785.0064086914062,573.005126953125,755.9921875,578.1531982421875
1098,36.59992781065088,784.8239135742188,238.53076171875,793.1143188476562,232.32546997070312,776.416259765625,232.1238250732422,802.5523681640625,234.34945678710938,761.6490478515625,232.72695922851562,809.2797241210938,265.2165222167969,747.8256225585938,264.1192321777344,821.8114624023438,224.78466796875,729.1824951171875,219.41912841796875,814.9320068359375,178.61102294921875,736.4077758789062,167.94424438476562,799.73193359375,406.1961364746094,758.1854248046875,406.1015319824219,796.805908203125,494.957763671875,754.8314208984375,495.58660888671875,784.871826171875,573.1915283203125,755.9746704101562,578.4769287109375
1099,36.633261078238,784.6060791015625,238.59176635742188,793.0108032226562,232.46275329589844,776.2706909179688,232.0776824951172,802.2967529296875,234.560791015625,761.1322631835938,232.5194854736328,808.5721435546875,264.9674377441406,746.899169921875,264.1591796875,821.4310302734375,222.84523010253906,727.698974609375,219.33181762695312,814.4100341796875,176.79901123046875,734.7340087890625,169.0900115966797,799.3114624023438,406.4867858886719,757.6798706054688,406.5592041015625,796.6463623046875,494.7081298828125,754.3593139648438,495.6527099609375,785.0247802734375,573.1043701171875,756.1610717773438,578.68994140625
1100,36.66659434582511,784.1849975585938,238.84823608398438,792.3214111328125,232.7633514404297,775.856201171875,232.45693969726562,801.4505615234375,235.00636291503906,760.76904296875,233.17974853515625,807.9920654296875,265.32574462890625,746.9957885742188,264.24420166015625,821.3372802734375,220.0398406982422,729.6771240234375,214.84873962402344,812.7115478515625,169.83541870117188,738.7203979492188,160.36805725097656,799.1926879882812,407.1393127441406,757.7470092773438,407.1368713378906,796.1865844726562,494.8490905761719,754.2378540039062,495.9369201660156,785.0988159179688,573.1775512695312,755.6026611328125,578.4810791015625
1101,36.69992761341223,782.9324951171875,239.0733184814453,790.7410888671875,233.28707885742188,774.9708251953125,232.69268798828125,799.1902465820312,235.91265869140625,759.7564697265625,233.36636352539062,806.3206787109375,266.3026428222656,745.4073486328125,264.2142639160156,821.6408081054688,222.98565673828125,728.7626953125,215.12710571289062,811.9955444335938,171.3739471435547,737.4532470703125,159.1676025390625,798.9837646484375,406.9521789550781,757.5567016601562,406.6412353515625,796.3007202148438,494.6298828125,753.7645263671875,495.6517639160156,785.9220581054688,572.5482177734375,755.2260131835938,577.8517456054688
1102,36.73326088099934,783.0143432617188,238.85084533691406,790.8888549804688,233.10809326171875,774.997802734375,232.44183349609375,799.3556518554688,235.9800262451172,759.545166015625,233.29991149902344,806.1893310546875,266.4840087890625,745.2697143554688,264.54339599609375,821.4600219726562,222.41934204101562,728.4282836914062,215.9700469970703,812.140869140625,170.2915802001953,736.2655639648438,160.9593963623047,799.0562744140625,407.0853576660156,757.625,406.7624816894531,796.3119506835938,494.88720703125,753.6296997070312,495.69036865234375,785.8795166015625,572.532470703125,755.0955200195312,577.557373046875
1103,36.76659414858646,782.1502075195312,239.00201416015625,790.32666015625,233.39642333984375,774.35107421875,232.38836669921875,799.05712890625,236.21514892578125,759.1412353515625,232.7310333251953,805.1677856445312,266.08343505859375,745.0409545898438,263.8855895996094,819.286376953125,219.62887573242188,729.0845947265625,213.61167907714844,808.4390869140625,164.86817932128906,737.238037109375,156.50413513183594,798.859130859375,407.43194580078125,757.7168579101562,407.0286865234375,796.0416259765625,495.200439453125,753.1244506835938,496.0223693847656,785.4544067382812,572.3626708984375,754.9987182617188,577.6936645507812
1104,36.79992741617357,782.0043334960938,238.75619506835938,790.290283203125,233.2022247314453,774.1831665039062,232.15084838867188,799.1033935546875,236.378662109375,758.88232421875,232.7562255859375,804.6975708007812,266.6133117675781,745.1455688476562,264.10504150390625,818.4658203125,219.55235290527344,729.431884765625,212.59231567382812,807.7257690429688,164.55821228027344,737.2493286132812,155.6361083984375,798.7476806640625,407.6613464355469,757.9114990234375,407.2101135253906,795.7485961914062,495.0171203613281,752.912353515625,496.02593994140625,785.9833374023438,572.2323608398438,755.1385498046875,577.926513671875
1105,36.833260683760685,781.3334350585938,239.10401916503906,789.9868774414062,233.56727600097656,773.5698852539062,232.4143829345703,799.495849609375,236.71542358398438,758.8958129882812,232.90423583984375,805.1239624023438,266.8482666015625,745.499267578125,264.28533935546875,818.5506591796875,219.20372009277344,729.3163452148438,212.1546630859375,808.4392700195312,165.94276428222656,736.4852294921875,156.01380920410156,798.503173828125,407.9075012207031,757.6787109375,407.3218078613281,795.5894775390625,494.9578552246094,752.4906616210938,495.40594482421875,786.0497436523438,572.4155883789062,755.1881103515625,577.2782592773438
1106,36.866593951347795,781.3992919921875,238.8894500732422,790.195068359375,233.34437561035156,773.696044921875,232.00152587890625,799.6453857421875,236.37112426757812,758.6226196289062,232.08482360839844,804.685791015625,266.3374328613281,744.5738525390625,263.85693359375,818.0468139648438,217.6736297607422,728.35595703125,212.58148193359375,806.2185668945312,162.32147216796875,736.06591796875,156.8230743408203,798.1373901367188,407.6614074707031,756.9812622070312,407.16064453125,795.4136352539062,494.7909851074219,752.0419921875,495.712158203125,785.7467041015625,572.04345703125,755.3707885742188,577.9518432617188
1107,36.899927218934906,781.2044677734375,238.36386108398438,789.9303588867188,232.9372100830078,773.5596923828125,231.55303955078125,799.2153930664062,236.46722412109375,758.4752807617188,232.094482421875,804.2881469726562,266.9414367675781,744.3072509765625,264.33551025390625,818.1055908203125,219.07659912109375,727.8917846679688,214.16079711914062,805.9886474609375,162.9759063720703,735.1492919921875,159.00347900390625,797.9486083984375,407.5780944824219,756.8967895507812,407.04022216796875,795.3276977539062,494.8621826171875,752.0781860351562,495.9311828613281,786.02197265625,571.7594604492188,755.3814697265625,578.0048217773438
1108,36.93326048652202,780.7476196289062,238.60899353027344,789.3553466796875,233.2091064453125,773.055908203125,231.87950134277344,798.6494750976562,236.7079315185547,758.0221557617188,232.47377014160156,804.1185913085938,266.7765197753906,744.1430053710938,264.0640869140625,817.9102783203125,217.232666015625,729.0377807617188,211.52828979492188,804.0545654296875,157.8911895751953,738.28515625,153.09225463867188,798.1094970703125,407.589111328125,756.8950805664062,407.0248107910156,795.4737548828125,495.0450744628906,752.2982788085938,496.21038818359375,785.7457885742188,571.8365478515625,755.3261108398438,578.0648803710938
1109,36.966593754109134,780.6654052734375,238.50794982910156,789.1459350585938,233.13482666015625,772.984130859375,231.81492614746094,798.2510375976562,236.76454162597656,757.8836669921875,232.5474395751953,804.0784912109375,267.2192687988281,743.8407592773438,264.26708984375,818.7467651367188,218.63937377929688,728.8068237304688,212.2589111328125,805.4589233398438,159.85757446289062,737.9259643554688,154.34031677246094,797.977294921875,407.5218505859375,756.7274169921875,406.81304931640625,795.2575073242188,495.2117614746094,752.3760375976562,495.9477844238281,785.6760864257812,572.0555419921875,755.553955078125,577.6122436523438
1110,36.99992702169625,780.57177734375,238.47781372070312,789.0596923828125,233.0540008544922,772.7955932617188,231.85198974609375,798.2599487304688,236.7267303466797,757.71435546875,232.7668914794922,804.0672607421875,267.3116455078125,743.9634399414062,264.4207763671875,818.0916137695312,218.7914581298828,729.1499633789062,212.02035522460938,804.7994995117188,160.6143035888672,738.1228637695312,154.21336364746094,797.85107421875,407.39996337890625,756.627197265625,406.69024658203125,795.0845947265625,494.831298828125,752.01708984375,495.4140625,785.9638671875,572.2408447265625,755.348876953125,577.5554809570312
1111,37.03326028928336,780.2950439453125,238.26321411132812,788.8781127929688,232.82948303222656,772.58154296875,231.5523223876953,798.2490234375,236.4735565185547,757.6309204101562,232.33056640625,804.3661499023438,267.62811279296875,743.71533203125,264.29620361328125,819.8969116210938,221.9810333251953,727.958984375,213.92771911621094,807.5849609375,166.3174591064453,735.7656860351562,158.4063720703125,797.618408203125,407.25628662109375,756.2921752929688,406.388671875,794.8609619140625,494.7969970703125,752.0701293945312,495.509033203125,785.5116577148438,571.8710327148438,755.3438110351562,577.6495971679688
1112,37.06659355687048,780.2560424804688,238.14242553710938,788.7100830078125,232.69003295898438,772.5518798828125,231.43756103515625,797.8418579101562,236.10374450683594,757.4598999023438,231.9802703857422,803.8805541992188,266.9749755859375,743.5498046875,263.56695556640625,819.205322265625,221.5247344970703,728.2831420898438,213.26663208007812,807.4013671875,165.9051971435547,736.4418334960938,157.70498657226562,797.4951171875,406.8205871582031,756.3060913085938,405.9355773925781,794.673828125,494.4837341308594,751.883544921875,495.0411682128906,785.3765869140625,571.854248046875,755.03369140625,577.4052124023438
1113,37.09992682445759,780.0152587890625,238.21702575683594,788.5637817382812,232.84414672851562,772.369140625,231.56854248046875,797.8941650390625,236.5363311767578,757.6016235351562,232.39414978027344,803.913330078125,267.55596923828125,743.80322265625,264.13629150390625,819.346923828125,222.5477294921875,728.0789184570312,214.69166564941406,807.9319458007812,167.30955505371094,735.2398071289062,160.16273498535156,796.9514770507812,406.5253601074219,755.9740600585938,405.54461669921875,794.2490844726562,493.9556884765625,751.685302734375,494.272705078125,785.1729125976562,571.922119140625,754.9342651367188,577.290771484375
1114,37.13326009204471,780.3523559570312,238.2975616455078,788.8668823242188,232.92762756347656,772.66162109375,231.64305114746094,798.0992431640625,236.64947509765625,757.6913452148438,232.50868225097656,803.9859008789062,267.7147521972656,743.8345336914062,264.234375,818.998046875,222.71958923339844,728.0142211914062,214.67825317382812,807.4551391601562,168.2079315185547,734.6058959960938,160.45704650878906,796.8141479492188,406.20635986328125,755.8494873046875,405.1169128417969,793.945556640625,493.8462829589844,751.5346069335938,493.6563415527344,784.8876953125,571.9530639648438,754.9207153320312,576.4708862304688
1115,37.16659335963182,780.2154541015625,238.24673461914062,788.7728271484375,232.9410858154297,772.6088256835938,231.52252197265625,797.9860229492188,236.78053283691406,757.61328125,232.3302001953125,803.7646484375,268.01263427734375,743.7149047851562,264.2138671875,819.4635009765625,222.87802124023438,727.9583129882812,214.34429931640625,808.0541381835938,168.3040008544922,734.2041015625,160.57742309570312,796.6580810546875,406.537841796875,755.78857421875,405.33001708984375,793.8215942382812,494.1336364746094,751.3937377929688,493.9483947753906,784.951904296875,571.8818969726562,754.7442016601562,576.4730834960938
1116,37.199926627218936,780.142822265625,238.4543914794922,788.6895751953125,233.17153930664062,772.5460815429688,231.71327209472656,797.83154296875,237.0915069580078,757.4193725585938,232.546630859375,803.5767822265625,268.4653625488281,743.448974609375,264.64111328125,819.6781005859375,223.23416137695312,727.60986328125,214.8832550048828,808.3759155273438,169.3682403564453,733.640869140625,162.15574645996094,796.5665893554688,406.8214111328125,755.7295532226562,405.6100158691406,793.7684326171875,494.1247863769531,751.5059204101562,493.9925842285156,784.767333984375,571.7896728515625,754.8920288085938,576.5173950195312
1117,37.23325989480605,780.091796875,238.5996551513672,788.69140625,233.2696533203125,772.5255126953125,231.83055114746094,797.8987426757812,236.9606475830078,757.5167236328125,232.39947509765625,803.4376831054688,268.16827392578125,743.5791625976562,264.2287902832031,819.3218994140625,223.50840759277344,727.4810791015625,214.60943603515625,808.8602294921875,170.6671600341797,733.6434326171875,162.4247283935547,796.5344848632812,406.7511291503906,755.834716796875,405.5927734375,793.875732421875,493.7528076171875,751.517333984375,493.8951416015625,784.9718017578125,571.66357421875,754.7940063476562,576.9235229492188
1118,37.26659316239316,780.7525634765625,238.8146209716797,789.4171142578125,233.3876190185547,773.1553955078125,231.98638916015625,798.6982421875,236.8162078857422,758.0021362304688,232.273193359375,804.0367431640625,267.9786682128906,743.6353149414062,263.9360046386719,820.4100341796875,223.82379150390625,727.0499877929688,214.69561767578125,810.2019653320312,170.8354034423828,734.229736328125,162.7849578857422,796.6351928710938,406.6457214355469,755.6159057617188,405.5870056152344,793.96728515625,493.50982666015625,751.4776000976562,494.35491943359375,784.9481811523438,571.7367553710938,754.8291015625,578.1989135742188
1119,37.299926429980275,781.030029296875,239.03309631347656,789.5996704101562,233.58642578125,773.4078369140625,232.2042999267578,798.7562255859375,236.8014678955078,758.1212158203125,232.30291748046875,804.2200317382812,267.6985778808594,743.64794921875,263.6308898925781,820.73388671875,223.76773071289062,727.6442260742188,214.57386779785156,810.986083984375,170.8031463623047,735.283203125,162.23220825195312,796.7066040039062,406.3230285644531,755.5559692382812,405.2017822265625,794.204345703125,493.4630432128906,751.560546875,493.8985595703125,784.83056640625,571.7960815429688,754.818603515625,577.64111328125
1120,37.333259697567385,781.2544555664062,239.21144104003906,789.796142578125,233.823486328125,773.7850952148438,232.37045288085938,798.7868041992188,236.9983367919922,758.6904907226562,232.25999450683594,804.1035766601562,267.9331970214844,743.9136962890625,263.2865295410156,820.2786254882812,225.96707153320312,727.3956298828125,214.9770965576172,811.0455322265625,173.66261291503906,735.2302856445312,162.39996337890625,796.687255859375,406.1707458496094,755.764892578125,404.9295349121094,794.1797485351562,493.2651672363281,751.5587158203125,493.7916564941406,784.8289794921875,571.651123046875,754.6550903320312,577.8556518554688
1121,37.3665929651545,781.9323120117188,239.2628173828125,790.142822265625,233.8690185546875,774.3898315429688,232.51377868652344,798.4558715820312,236.9578399658203,758.653076171875,232.4446563720703,803.481689453125,267.109130859375,743.7015991210938,263.1596984863281,819.0145874023438,221.22528076171875,728.9645385742188,212.08164978027344,808.6537475585938,165.41653442382812,739.16455078125,155.95437622070312,796.8982543945312,406.1881408691406,756.016845703125,405.2650451660156,794.1298828125,493.2932434082031,751.5853271484375,494.0355224609375,784.7265014648438,571.764892578125,754.7279052734375,577.6959838867188
1122,37.39992623274161,782.1276245117188,239.3023681640625,790.2993774414062,233.90127563476562,774.5823364257812,232.62045288085938,798.6048583984375,236.99166870117188,758.9802856445312,232.69256591796875,803.7447509765625,267.001953125,744.0170288085938,263.41754150390625,819.0853271484375,221.5746612548828,728.9583129882812,213.02301025390625,808.7832641601562,166.09364318847656,738.635986328125,156.5120086669922,796.8148803710938,406.0491943359375,755.954345703125,405.25067138671875,794.2640991210938,493.0523681640625,751.664794921875,493.94403076171875,784.6373291015625,571.6549682617188,754.4588012695312,577.694580078125
1123,37.43325950032873,782.5817260742188,239.39520263671875,790.7147216796875,233.9717559814453,774.9539184570312,232.7454833984375,798.9559326171875,237.02378845214844,759.1680297851562,232.86752319335938,803.884521484375,266.80804443359375,744.277099609375,263.3879699707031,818.4808349609375,220.55157470703125,729.8290405273438,212.30325317382812,807.67919921875,164.32534790039062,739.9635009765625,154.78030395507812,796.7903442382812,405.8110656738281,755.9110717773438,405.0360412597656,794.1849365234375,493.0799255371094,751.6499633789062,493.76287841796875,784.5924072265625,571.8429565429688,754.5758056640625,577.4166259765625
1124,37.46659276791584,782.4423217773438,239.33692932128906,790.7913818359375,233.9330291748047,774.8311767578125,232.6546173095703,799.3734741210938,236.99769592285156,759.2867431640625,232.73980712890625,804.2293090820312,266.6463623046875,744.6806030273438,263.30828857421875,818.3854370117188,219.43714904785156,730.0143432617188,211.36289978027344,807.4464111328125,163.8610076904297,739.2305908203125,154.1293182373047,796.8701171875,406.07672119140625,756.056884765625,405.24468994140625,793.8483276367188,492.92205810546875,751.2796020507812,493.36328125,784.46240234375,571.7484741210938,754.741943359375,577.0001831054688
1125,37.49992603550296,782.1103515625,239.1751251220703,790.5867309570312,233.74073791503906,774.4828491210938,232.43234252929688,799.5053100585938,236.9719696044922,759.26904296875,232.6090087890625,804.836181640625,267.5951232910156,744.5681762695312,263.4798278808594,819.5543823242188,223.83474731445312,729.4848022460938,213.39263916015625,809.2273559570312,169.17666625976562,739.2595825195312,156.4093780517578,796.9896240234375,406.28839111328125,755.8180541992188,405.19110107421875,794.3468627929688,493.27825927734375,751.5078735351562,493.5149841308594,784.4349365234375,571.646240234375,754.7391967773438,576.98388671875
1126,37.53325930309007,782.6734619140625,239.42945861816406,791.2052612304688,233.98831176757812,775.0679931640625,232.61111450195312,800.1135864257812,237.13011169433594,759.7014770507812,232.61642456054688,805.19482421875,267.5414123535156,744.8071899414062,263.4269714355469,819.8001098632812,222.3364715576172,729.7546997070312,211.92591857910156,808.66943359375,166.4429473876953,739.831787109375,153.7487335205078,797.1928100585938,406.6590576171875,755.9169921875,405.57568359375,794.2757568359375,493.2115783691406,751.3001098632812,493.5849609375,784.5865478515625,571.5628662109375,754.8623657226562,576.9376831054688
1127,37.56659257067719,783.8768310546875,239.7558135986328,792.292236328125,234.0932159423828,776.183349609375,232.8399658203125,800.8584594726562,236.68910217285156,760.352294921875,232.37994384765625,805.6876220703125,267.3084411621094,745.0025024414062,263.3258972167969,820.4848022460938,223.28858947753906,729.9474487304688,212.6513671875,810.2850341796875,169.49795532226562,740.0865478515625,155.60910034179688,797.2868041992188,407.5799865722656,755.8897705078125,406.6536865234375,794.5717163085938,494.13818359375,751.6316528320312,494.8851013183594,784.6798706054688,571.871826171875,755.1220092773438,577.8823852539062
1128,37.5999258382643,783.5327758789062,239.50123596191406,792.0249633789062,233.8872528076172,775.828857421875,232.65228271484375,800.863525390625,236.73121643066406,760.3330688476562,232.53761291503906,805.9119262695312,267.4908752441406,745.19775390625,263.6743469238281,820.6731567382812,223.2419891357422,729.8673706054688,213.23431396484375,810.2180786132812,168.90025329589844,739.67919921875,156.14366149902344,797.100341796875,407.4222412109375,755.6974487304688,406.4713134765625,794.523193359375,493.9895935058594,751.5933837890625,494.5813903808594,784.6521606445312,571.7002563476562,754.9500732421875,577.4325561523438
1129,37.63325910585141,783.6368408203125,239.22201538085938,792.0966796875,233.5917510986328,775.9044189453125,232.4095458984375,800.8375244140625,236.63304138183594,760.3953857421875,232.58338928222656,805.7699584960938,267.7041931152344,745.1964721679688,264.2799377441406,820.531982421875,222.86651611328125,729.4800415039062,214.36196899414062,810.8800659179688,168.17727661132812,739.2948608398438,157.6874542236328,797.0830688476562,407.9204406738281,755.856201171875,407.1311340332031,794.2314453125,494.9084777832031,751.7974853515625,495.60986328125,784.6241455078125,572.5819091796875,755.2744750976562,578.2904052734375
1130,37.666592373438526,783.6369018554688,239.28994750976562,792.1900024414062,233.5087890625,775.7299194335938,232.50071716308594,801.3431396484375,236.26602172851562,760.5289306640625,232.63986206054688,806.6697387695312,267.1312255859375,745.6915283203125,264.1383361816406,820.16845703125,221.61489868164062,731.2698364257812,213.32211303710938,810.0855712890625,165.81959533691406,743.5198974609375,153.42588806152344,797.7615356445312,408.1474914550781,756.1113891601562,407.478515625,794.5891723632812,495.31884765625,751.8475341796875,495.6936950683594,784.3357543945312,572.7877197265625,755.4734497070312,577.6913452148438
1131,37.69992564102564,782.7360229492188,238.67132568359375,791.5300903320312,232.97317504882812,774.9412231445312,231.89166259765625,801.1807861328125,235.94403076171875,760.4170532226562,232.1865234375,806.67041015625,266.7344665527344,745.9125366210938,263.87628173828125,820.40771484375,220.13160705566406,731.2227172851562,212.39418029785156,810.200927734375,163.50259399414062,743.9176025390625,151.97653198242188,797.7612915039062,407.95391845703125,756.2251586914062,407.3873291015625,794.8700561523438,495.18011474609375,752.0357666015625,496.0839538574219,784.4642944335938,572.2952270507812,755.4440307617188,578.0912475585938
1132,37.733258908612754,783.0712280273438,238.84898376464844,791.7904052734375,233.11245727539062,775.3049926757812,232.07192993164062,801.2467041015625,235.85745239257812,760.6219482421875,232.11233520507812,806.6029052734375,266.47259521484375,745.9931030273438,263.5025329589844,820.9940795898438,220.55125427246094,730.99658203125,212.375244140625,811.0655517578125,164.99575805664062,743.511474609375,153.3037109375,797.8089599609375,407.6032409667969,756.42236328125,407.1127624511719,794.89794921875,494.6253662109375,752.530517578125,496.1534118652344,784.3740234375,572.1795654296875,755.8032836914062,579.1402587890625
1133,37.766592176199865,782.9307250976562,239.31381225585938,791.7506713867188,233.54443359375,775.205322265625,232.49066162109375,801.420166015625,235.9674835205078,760.7361450195312,232.20315551757812,806.7144775390625,265.9814758300781,746.2130126953125,263.2052307128906,820.6002807617188,219.01205444335938,731.0487670898438,211.2235565185547,810.5805053710938,163.8934326171875,743.67822265625,152.06906127929688,797.933837890625,407.4217224121094,756.5546264648438,407.02093505859375,795.3212280273438,493.95684814453125,752.5234375,495.5850524902344,784.7333984375,571.8786010742188,755.7506103515625,578.9683837890625
1134,37.79992544378698,783.4293212890625,239.56948852539062,792.0927734375,233.78587341308594,775.6618041992188,232.79052734375,801.3844604492188,236.05714416503906,760.7171020507812,232.4379425048828,806.425048828125,265.67279052734375,746.2849731445312,263.3966979980469,820.2857666015625,218.18983459472656,731.4740600585938,211.73826599121094,810.475830078125,164.08123779296875,742.2821044921875,153.66461181640625,798.0247802734375,407.4393615722656,756.849609375,407.1596374511719,795.2182006835938,494.1485900878906,752.5000610351562,495.6711120605469,785.1049194335938,572.1508178710938,755.968994140625,578.9802856445312
1135,37.83325871137409,783.7015380859375,239.75856018066406,792.1869506835938,233.9383087158203,775.8343505859375,233.0797119140625,801.2212524414062,236.16053771972656,760.5729370117188,232.83041381835938,806.2469482421875,265.5013427734375,746.3011474609375,263.38018798828125,819.7357177734375,216.9991912841797,732.6517944335938,210.30690002441406,809.7967529296875,162.10733032226562,744.669189453125,150.89178466796875,798.1980590820312,407.3658447265625,757.0079345703125,407.1601257324219,794.9530639648438,493.8301086425781,752.1508178710938,495.2838439941406,785.3487548828125,572.3141479492188,755.8952026367188,578.7159423828125
1136,37.86659197896121,783.6487426757812,239.79649353027344,792.1762084960938,233.97772216796875,775.7866821289062,233.10946655273438,801.2479858398438,236.19261169433594,760.4966430664062,232.86056518554688,806.2874755859375,265.4136657714844,746.2626342773438,263.6399841308594,819.9459228515625,216.68121337890625,732.5170288085938,211.00755310058594,809.6730346679688,161.61732482910156,743.7645263671875,151.5025177001953,798.410400390625,407.4398193359375,757.153564453125,407.3717346191406,795.3574829101562,493.85479736328125,752.2344970703125,495.6236877441406,785.698974609375,572.364013671875,755.9747314453125,579.3148803710938
1137,37.89992524654832,783.494140625,240.11563110351562,792.1138916015625,234.28054809570312,775.5664672851562,233.4693145751953,801.4849853515625,236.51449584960938,760.4141845703125,233.33059692382812,806.7271728515625,265.8709411621094,746.5657958984375,264.1414794921875,820.5968017578125,218.1603546142578,732.26953125,212.27774047851562,810.7218627929688,164.4398956298828,741.9920654296875,153.96669006347656,798.6845703125,407.447998046875,757.3975830078125,407.3402099609375,795.4868774414062,494.0203552246094,752.2808837890625,495.796875,785.7251586914062,572.2355346679688,755.8643798828125,579.396240234375
1138,37.93325851413544,782.7171630859375,240.0620880126953,791.377685546875,234.33509826660156,774.8564453125,233.45022583007812,800.9196166992188,236.80772399902344,760.0186767578125,233.59518432617188,806.3410034179688,266.0581970214844,746.5107421875,264.7760925292969,820.3699340820312,217.1979217529297,731.4290771484375,213.39926147460938,810.6279296875,164.02835083007812,739.0523681640625,157.10208129882812,798.42578125,407.61865234375,757.4486694335938,407.52069091796875,795.5311889648438,494.17523193359375,752.521728515625,495.59967041015625,785.808349609375,572.2230834960938,755.783447265625,578.7686157226562
1139,37.96659178172255,783.1126098632812,240.16671752929688,791.5923461914062,234.40182495117188,775.15869140625,233.58616638183594,800.81201171875,236.80111694335938,759.8709106445312,233.7174835205078,806.1578979492188,266.02545166015625,746.4096069335938,264.58514404296875,820.0198974609375,217.5986785888672,731.7743530273438,212.62078857421875,810.35400390625,164.62509155273438,739.5963134765625,155.641845703125,798.6702880859375,407.4110107421875,757.69091796875,407.3070373535156,795.6143188476562,493.7309875488281,752.5924072265625,495.1375427246094,785.9544067382812,571.867431640625,755.7657470703125,578.2135009765625
1140,37.99992504930966,783.4478759765625,239.89553833007812,791.9266967773438,234.05972290039062,775.4406127929688,233.2503662109375,801.0908813476562,236.4298553466797,760.0291137695312,233.32125854492188,806.3759765625,266.1466369628906,746.2723388671875,264.36669921875,820.0639038085938,218.89195251464844,731.123291015625,212.90933227539062,810.5459594726562,166.5277862548828,739.3909912109375,156.3286590576172,798.6961059570312,407.5168762207031,757.5759887695312,407.3397521972656,795.7694091796875,494.1629333496094,752.9240112304688,495.4991760253906,785.830810546875,572.042236328125,756.01171875,578.3602294921875
1141,38.03325831689678,783.0294189453125,239.85531616210938,791.4808959960938,234.01583862304688,775.029541015625,233.2349853515625,800.6900634765625,236.48927307128906,759.7440795898438,233.46546936035156,806.2662963867188,266.854736328125,746.135498046875,264.819091796875,820.9655151367188,222.22203063964844,730.2333374023438,215.30300903320312,811.9921875,172.2220916748047,736.616455078125,161.38009643554688,798.1384887695312,407.5023193359375,757.2019653320312,407.19970703125,795.4854125976562,494.1959533691406,753.1942749023438,495.5965270996094,785.6958618164062,571.8049926757812,756.00830078125,578.4567260742188
1142,38.06659158448389,782.2854614257812,240.0120391845703,790.8696899414062,234.28028869628906,774.4140014648438,233.34654235839844,800.2832641601562,236.8004150390625,759.2593383789062,233.4644317626953,805.7975463867188,266.72589111328125,745.6404418945312,264.9933166503906,820.9577026367188,221.26023864746094,729.3444213867188,216.38174438476562,811.5337524414062,170.20423889160156,734.8474731445312,163.39651489257812,798.2514038085938,407.10626220703125,757.3021850585938,406.9188537597656,795.6634521484375,493.9383544921875,753.1234130859375,495.7348937988281,785.8807373046875,571.4321899414062,756.0997314453125,578.8861694335938
1143,38.099924852071005,781.6364135742188,240.15187072753906,790.2805786132812,234.40293884277344,773.8029174804688,233.42530822753906,799.9453125,236.68414306640625,758.9657592773438,233.35617065429688,805.77880859375,266.09271240234375,745.4849243164062,264.9271240234375,820.444091796875,218.37481689453125,729.35205078125,215.8389129638672,809.3391723632812,165.24864196777344,735.3395385742188,161.94512939453125,798.3533325195312,407.12615966796875,757.3204345703125,407.01470947265625,795.555419921875,494.1114807128906,753.257080078125,495.65643310546875,785.2699584960938,571.487548828125,756.3021850585938,578.376220703125
1144,38.133258119658116,781.7754516601562,239.62677001953125,790.3085327148438,233.93971252441406,773.8986206054688,232.97926330566406,799.718994140625,236.599609375,758.7842407226562,233.34336853027344,805.5118408203125,266.2081604003906,745.1422119140625,265.3577880859375,819.763671875,217.65672302246094,729.16552734375,216.0213165283203,807.2108764648438,163.68634033203125,735.4220581054688,161.39256286621094,798.3642578125,406.6665344238281,757.239501953125,406.6808166503906,795.8863525390625,493.6359558105469,753.4103393554688,495.364501953125,785.2723388671875,570.8734130859375,756.2203979492188,577.9699096679688
1145,38.166591387245234,781.5750732421875,239.48507690429688,789.9880981445312,233.79196166992188,773.6431884765625,232.877197265625,799.2608642578125,236.48878479003906,758.4674682617188,233.3859100341797,804.8817138671875,265.8168029785156,745.2518920898438,265.2162780761719,817.9068603515625,214.53817749023438,730.5264892578125,213.30087280273438,803.3399658203125,157.0908203125,738.2915649414062,155.3996124267578,798.4430541992188,406.9682312011719,757.5476684570312,407.0998229980469,795.95458984375,493.85882568359375,753.6752319335938,495.7288513183594,785.36767578125,570.9957275390625,756.1358642578125,577.9241943359375
1146,38.199924654832344,780.7776489257812,239.692138671875,789.2263793945312,234.03990173339844,772.8900756835938,233.1366729736328,798.6644287109375,236.76431274414062,758.0390625,233.7570343017578,804.1756591796875,265.6714782714844,745.5379028320312,265.40478515625,815.8836669921875,212.9698028564453,731.0446166992188,211.94461059570312,799.8880615234375,155.578125,737.8944702148438,153.41558837890625,798.3890380859375,406.9580993652344,757.9696655273438,407.2099609375,795.96044921875,493.7454833984375,753.8106689453125,495.7919006347656,785.9005126953125,570.5767822265625,756.1084594726562,577.5057983398438
1147,38.23325792241946,780.7776489257812,239.38316345214844,789.080810546875,233.94137573242188,773.074951171875,232.8737030029297,798.1312255859375,236.90748596191406,758.1790161132812,233.599853515625,803.3968505859375,265.1363525390625,745.7378540039062,265.09759521484375,813.9251098632812,209.78622436523438,732.0136108398438,209.945068359375,795.0036010742188,150.3568572998047,738.4683837890625,150.2741241455078,798.4263916015625,406.8185119628906,758.4393310546875,407.0534973144531,795.7891235351562,493.65625,753.9007568359375,495.5216064453125,785.9047241210938,571.0748291015625,756.09130859375,577.4935302734375
1148,38.26659119000657,780.1962890625,239.05690002441406,788.6238403320312,233.7228240966797,772.5423583984375,232.5731964111328,797.957763671875,237.06283569335938,757.9361572265625,233.5748291015625,803.1989135742188,265.6131286621094,745.8630981445312,265.07904052734375,813.471435546875,211.27757263183594,731.8455810546875,210.40943908691406,793.9354248046875,151.1073455810547,736.8746948242188,151.2594757080078,798.3297119140625,406.2672119140625,758.5150756835938,406.2862243652344,795.8873901367188,493.2566833496094,753.9730834960938,495.0702209472656,786.3162231445312,570.52734375,756.1581420898438,577.349365234375
1149,38.29992445759368,779.31005859375,239.1575469970703,787.9327392578125,233.9304656982422,771.5975341796875,232.7702178955078,797.7139892578125,237.94264221191406,757.3106689453125,234.3860626220703,803.2600708007812,267.14825439453125,745.721923828125,265.9845275878906,814.0424194335938,213.54336547851562,731.8069458007812,210.61183166503906,795.228759765625,151.98394775390625,737.0426025390625,149.890625,798.5347290039062,406.9716491699219,758.5556640625,406.78082275390625,795.7827758789062,493.6950988769531,753.5177612304688,495.4170227050781,786.59619140625,571.0198974609375,756.09716796875,577.9232177734375
1150,38.3332577251808,778.8045654296875,239.36817932128906,787.2858276367188,234.13323974609375,771.0447998046875,233.03195190429688,796.8474731445312,238.18994140625,756.59619140625,234.74432373046875,802.4249267578125,267.4342956542969,745.1358642578125,266.2913818359375,812.4798583984375,213.1822052001953,731.2809448242188,210.10472106933594,792.1594848632812,150.83348083496094,736.8231811523438,148.74273681640625,798.525146484375,407.1361389160156,758.6400146484375,406.99310302734375,795.676513671875,494.0814514160156,753.6709594726562,495.87811279296875,786.6202392578125,571.280517578125,756.2247314453125,578.1813354492188
1151,38.36659099276791,778.284912109375,239.3381805419922,786.6265258789062,234.06570434570312,770.5752563476562,232.92828369140625,795.8388061523438,238.0164794921875,755.8316650390625,234.43307495117188,801.4366455078125,267.65692138671875,744.1550903320312,266.41046142578125,812.1951293945312,215.9694061279297,729.5896606445312,213.12863159179688,792.4503173828125,156.15281677246094,733.988037109375,155.37152099609375,798.414794921875,407.05059814453125,758.6541748046875,406.9535217285156,795.8380737304688,493.7253723144531,753.9011840820312,495.7973327636719,786.860595703125,571.0306396484375,756.1569213867188,578.5658569335938
1152,38.39992426035503,778.6354370117188,239.57691955566406,786.7095336914062,234.18572998046875,770.8148803710938,233.17352294921875,795.482421875,238.00685119628906,755.6571044921875,234.68992614746094,801.4544677734375,268.09210205078125,743.5094604492188,266.91357421875,812.7014770507812,217.30062866210938,728.7456665039062,214.3671112060547,793.548583984375,158.3532257080078,734.0609741210938,156.91921997070312,798.563232421875,407.6962585449219,758.4957275390625,407.64569091796875,795.9877319335938,494.49957275390625,754.076416015625,496.3277282714844,786.721435546875,571.5064697265625,756.1137084960938,578.3743896484375
1153,38.43325752794214,778.6842041015625,239.72361755371094,786.6508178710938,234.29495239257812,770.9202880859375,233.21652221679688,795.206298828125,237.8244171142578,755.5772705078125,234.36935424804688,801.40234375,267.9250183105469,743.0294189453125,266.6408996582031,813.681396484375,218.51113891601562,727.8716430664062,215.8017578125,794.7544555664062,160.4107208251953,732.9157104492188,159.87399291992188,798.4241943359375,407.61114501953125,758.2445678710938,407.49224853515625,795.939453125,494.7681579589844,754.3526000976562,496.4548034667969,786.3768920898438,571.5806884765625,756.2686767578125,578.2044067382812
1154,38.46659079552926,776.651611328125,239.7949676513672,784.5408325195312,234.3361053466797,768.8607788085938,233.55056762695312,793.634765625,237.6210479736328,754.6028442382812,234.92205810546875,800.427734375,266.80780029296875,743.473388671875,265.91766357421875,811.28369140625,215.36471557617188,728.072265625,212.94090270996094,791.0086669921875,154.8153076171875,733.6875,156.1711883544922,797.9993286132812,406.5614318847656,758.4732666015625,406.6108093261719,795.75537109375,493.1899719238281,754.631103515625,495.44769287109375,786.5697631835938,570.4370727539062,755.30078125,577.7259521484375
1155,38.49992406311637,775.0219116210938,240.0390167236328,783.2302856445312,234.57054138183594,767.2542114257812,233.77235412597656,793.2559814453125,237.7612762451172,753.9276123046875,235.15289306640625,800.4962768554688,266.6156921386719,743.724365234375,265.9439392089844,810.858154296875,214.649658203125,727.7301025390625,212.9961700439453,789.5239868164062,153.4193878173828,733.0087280273438,156.5463104248047,797.984619140625,406.3112487792969,758.5328979492188,406.34686279296875,795.7910766601562,493.0924377441406,754.6791381835938,495.39990234375,786.675537109375,570.3037719726562,755.1305541992188,577.6107788085938
1156,38.533257330703485,775.0330810546875,239.97862243652344,783.0811767578125,234.50869750976562,767.2821655273438,233.66441345214844,792.7227783203125,237.75921630859375,753.648681640625,235.0021209716797,800.3297119140625,267.13482666015625,742.5079956054688,266.2369384765625,811.7754516601562,217.41099548339844,725.41064453125,216.00888061523438,792.1572875976562,157.85108947753906,731.5846557617188,161.6935272216797,798.1552734375,406.5003662109375,758.23876953125,406.49957275390625,796.1549072265625,493.4801330566406,754.6387329101562,495.4339599609375,786.7891235351562,571.080322265625,755.0311889648438,577.775146484375
1157,38.566590598290595,773.7565307617188,240.3438262939453,781.8878784179688,234.77359008789062,766.02099609375,233.9660186767578,791.91357421875,237.74093627929688,752.8121337890625,235.18141174316406,799.769775390625,267.02587890625,741.89794921875,266.8863525390625,811.137939453125,217.47059631347656,724.0040893554688,218.8098602294922,790.7706909179688,157.9340362548828,730.0686645507812,165.96946716308594,797.7229614257812,406.2656555175781,757.8729858398438,406.5668640136719,796.1539306640625,493.05462646484375,755.0584716796875,495.64599609375,786.333251953125,570.3890991210938,755.0060424804688,577.9713745117188
1158,38.59992386587771,773.5372924804688,240.40350341796875,781.7359619140625,234.86582946777344,765.9915161132812,233.93763732910156,791.781005859375,237.38082885742188,753.0502319335938,234.7258758544922,799.1849975585938,265.4579772949219,741.8619995117188,266.9810485839844,808.580078125,214.8047332763672,723.1790771484375,222.707763671875,787.2246704101562,155.4797821044922,726.976318359375,171.77334594726562,797.4326171875,405.75726318359375,757.8408813476562,406.506103515625,796.2435913085938,493.1151123046875,754.9033813476562,495.6004333496094,786.38037109375,570.786376953125,754.84130859375,577.9588012695312
1159,38.633257133464824,773.3515014648438,240.2832489013672,781.5750122070312,234.6143035888672,765.71875,233.85748291015625,791.806396484375,236.73757934570312,752.9263916015625,234.54214477539062,799.2463989257812,264.334716796875,741.6976928710938,266.9676513671875,807.4634399414062,214.17417907714844,722.6798706054688,225.19471740722656,785.9251708984375,155.4796600341797,726.0146484375,174.75462341308594,797.220947265625,405.1483459472656,757.40673828125,406.2884521484375,796.5020751953125,493.07696533203125,754.7940063476562,495.8194885253906,786.3516235351562,571.1973876953125,754.5906982421875,578.6588134765625
1160,38.666590401051934,773.734375,239.88401794433594,781.8848266601562,234.2211151123047,765.951416015625,233.5505828857422,791.9674682617188,236.92718505859375,752.8359985351562,234.82485961914062,799.5569458007812,265.6981201171875,741.3780517578125,267.6292724609375,808.5828857421875,216.98399353027344,722.2623901367188,226.07542419433594,787.4249267578125,157.6844024658203,726.5081176757812,176.1464385986328,797.4081420898438,405.67645263671875,757.2710571289062,406.6280212402344,796.4973754882812,493.6480712890625,754.8226928710938,496.43017578125,786.4430541992188,571.3035278320312,754.72900390625,579.1431274414062
1161,38.69992366863905,773.5949096679688,239.89593505859375,781.6201782226562,234.20127868652344,765.75830078125,233.61349487304688,791.4957885742188,236.90725708007812,752.4122314453125,234.8903350830078,799.4132690429688,266.0690002441406,740.8883056640625,267.44873046875,809.8732299804688,219.41285705566406,721.78564453125,225.97769165039062,789.9445190429688,161.36370849609375,726.3656005859375,176.1410675048828,797.529296875,405.42303466796875,757.2699584960938,406.3125305175781,796.6505737304688,493.17193603515625,755.0283813476562,496.2650451660156,786.6692504882812,570.718505859375,754.9662475585938,579.1639404296875
1162,38.73325693622616,773.0303955078125,239.99459838867188,780.917724609375,234.1984405517578,765.0819091796875,233.7613525390625,790.7864379882812,236.7659454345703,751.6785278320312,235.09715270996094,799.332763671875,266.2044982910156,740.4293212890625,267.35662841796875,810.8740234375,220.4642791748047,721.2656860351562,224.99368286132812,791.1682739257812,163.51617431640625,725.7931518554688,174.960693359375,797.36669921875,405.3190002441406,757.0090942382812,406.1567687988281,796.3496704101562,492.8899841308594,755.2070922851562,496.0855407714844,786.3865966796875,570.4618530273438,755.0526733398438,578.8587646484375
1163,38.76659020381328,772.4492797851562,239.5508270263672,780.2831420898438,233.65171813964844,764.2687377929688,233.3623809814453,790.1892700195312,236.44827270507812,750.375,234.9967803955078,799.2344970703125,266.6990051269531,738.7880859375,267.39239501953125,810.9502563476562,222.3811798095703,720.2987060546875,224.9672088623047,789.1885986328125,165.63644409179688,727.8480834960938,175.14645385742188,797.6066284179688,405.2874450683594,756.2174682617188,406.12078857421875,796.5325317382812,493.1506652832031,754.8335571289062,496.77191162109375,786.6680908203125,570.641845703125,755.400146484375,579.6786499023438
1164,38.79992347140039,772.5335083007812,239.2455596923828,780.3988037109375,233.39419555664062,764.4088134765625,233.0300750732422,790.275390625,236.33892822265625,750.5189208984375,234.75454711914062,799.2297973632812,266.78497314453125,738.874267578125,267.662353515625,810.8692016601562,222.96144104003906,720.5155029296875,226.53619384765625,788.658447265625,166.3496856689453,727.5227661132812,177.29490661621094,797.600830078125,405.3426818847656,756.2491455078125,406.184814453125,796.5413208007812,493.4054870605469,754.6661376953125,496.9667053222656,786.8182983398438,570.4752197265625,755.239013671875,579.4308471679688
1165,38.83325673898751,772.2013549804688,239.29872131347656,779.955078125,233.3594207763672,763.9901733398438,233.11090087890625,789.8614501953125,236.1312255859375,750.0746459960938,234.82086181640625,799.210693359375,266.6572265625,738.4747314453125,267.43829345703125,810.9407348632812,223.47801208496094,719.7061157226562,226.28195190429688,787.9901733398438,167.41734313964844,727.6669311523438,177.79690551757812,797.6914672851562,404.9769287109375,756.1650390625,405.83148193359375,796.4014282226562,493.2935791015625,754.9884033203125,497.0490417480469,786.58154296875,570.226318359375,755.35888671875,579.2124633789062
1166,38.86659000657462,771.6431274414062,239.41871643066406,779.39453125,233.42630004882812,763.3272705078125,233.26205444335938,789.4500732421875,236.1428985595703,749.486328125,235.0915069580078,798.7337646484375,266.4452209472656,738.4586181640625,267.613525390625,809.4456176757812,221.720458984375,720.1207885742188,225.50726318359375,786.1170043945312,163.70236206054688,727.9164428710938,175.40065002441406,797.6013793945312,404.74755859375,756.2564697265625,405.6976318359375,796.3131103515625,493.01947021484375,754.8973388671875,496.5947265625,786.8890380859375,570.2880859375,755.25,578.7731323242188
1167,38.899923274161736,772.0562133789062,239.1267547607422,779.6668090820312,233.1610107421875,763.6290893554688,233.02542114257812,789.3654174804688,236.2005157470703,749.2700805664062,235.1422882080078,798.4967041015625,267.0019226074219,738.1992797851562,267.6791687011719,809.368408203125,222.01100158691406,720.5147705078125,223.71438598632812,786.0753173828125,164.1111297607422,728.8436889648438,172.68968200683594,797.6549072265625,405.2621154785156,756.2506103515625,406.0997314453125,796.2921142578125,493.5965576171875,754.7644653320312,497.1361389160156,786.8848266601562,570.7485961914062,754.9781494140625,579.156982421875
1168,38.93325654174885,771.8955688476562,239.06053161621094,779.5044555664062,233.0609588623047,763.4319458007812,232.97406005859375,789.1911010742188,236.1400146484375,749.0432739257812,235.174560546875,798.089599609375,266.9020690917969,738.107177734375,267.6213684082031,808.5003051757812,220.7907257080078,720.5556030273438,221.6410675048828,784.423583984375,161.5508575439453,729.814697265625,167.91732788085938,797.5394287109375,405.3162536621094,756.239501953125,406.3440246582031,796.3065795898438,493.2458801269531,754.847412109375,497.55535888671875,786.9325561523438,570.4754638671875,754.8916625976562,579.8106079101562
1169,38.966589809335964,771.6283569335938,238.92718505859375,779.327392578125,232.93080139160156,763.1058959960938,232.8149871826172,789.1643676757812,236.18910217285156,748.7344970703125,235.15679931640625,797.81591796875,266.9680480957031,737.872802734375,267.5789794921875,807.23876953125,219.07981872558594,720.4857177734375,219.62118530273438,782.7473754882812,157.40806579589844,731.2257080078125,162.9764404296875,797.614013671875,405.1295471191406,756.2386474609375,406.1873474121094,796.2886352539062,492.95501708984375,754.6300048828125,497.2350158691406,787.0691528320312,570.2796020507812,754.9580688476562,579.3170166015625
1170,38.999923076923075,771.7704467773438,238.9559783935547,779.4725952148438,233.03079223632812,763.3618774414062,232.78929138183594,789.1140747070312,236.33636474609375,748.8502197265625,234.94398498535156,797.475830078125,266.9516296386719,737.6414794921875,267.1051330566406,807.1998901367188,218.7457275390625,720.3311767578125,218.25221252441406,782.4275512695312,156.11669921875,731.1449584960938,160.78102111816406,797.3749389648438,405.13397216796875,755.9908447265625,406.0975646972656,796.3983154296875,492.6713562011719,754.2881469726562,497.1153564453125,787.5310668945312,569.97265625,754.7759399414062,579.4271240234375
1171,39.033256344510185,771.9157104492188,238.7980194091797,779.5372314453125,232.78565979003906,763.4482421875,232.68466186523438,789.0682983398438,236.0215606689453,748.853271484375,234.86058044433594,797.6402587890625,267.07177734375,737.502197265625,266.9305725097656,807.8460083007812,220.68722534179688,719.9247436523438,218.36781311035156,783.628173828125,159.8069305419922,731.0564575195312,161.6358184814453,797.337646484375,405.44573974609375,755.8504028320312,406.40631103515625,796.125,493.10174560546875,754.3365478515625,497.8537292480469,787.45556640625,570.6370849609375,755.01611328125,580.629150390625
1172,39.0665896120973,771.9700927734375,238.7136688232422,779.42578125,232.77159118652344,763.523193359375,232.58079528808594,788.6134643554688,236.20350646972656,748.5756225585938,234.8158721923828,797.3823852539062,267.7009582519531,737.1437377929688,266.89239501953125,808.9149780273438,222.5692596435547,720.29833984375,218.1988067626953,784.4862060546875,161.4541473388672,731.2648315429688,160.9336700439453,797.241455078125,405.5163879394531,755.732666015625,406.2169494628906,796.1675415039062,493.1011047363281,754.5582275390625,497.66693115234375,787.1431884765625,570.4303588867188,754.8875732421875,580.2948608398438
1173,39.099922879684414,771.9613647460938,238.69178771972656,779.4266967773438,232.72796630859375,763.46484375,232.53443908691406,788.6133422851562,236.19053649902344,748.3909301757812,234.77569580078125,797.3192138671875,267.8050231933594,736.9896240234375,266.7374572753906,808.8532104492188,222.17984008789062,720.3486938476562,216.68589782714844,784.4390869140625,160.72450256347656,731.7680053710938,158.3987579345703,797.1580810546875,405.8695068359375,755.5574340820312,406.49932861328125,796.0110473632812,493.0465393066406,754.2206420898438,497.5254821777344,787.1319580078125,570.0088500976562,754.6455688476562,579.5894775390625
1174,39.13325614727153,771.7518310546875,238.65875244140625,779.1849365234375,232.73764038085938,763.294189453125,232.51309204101562,788.3363037109375,236.31283569335938,748.304443359375,234.8651885986328,797.3014526367188,268.1667785644531,736.8612060546875,267.125244140625,809.332763671875,223.64805603027344,720.1077270507812,218.33425903320312,785.623779296875,163.75616455078125,731.0057373046875,161.40708923339844,797.0839233398438,406.0878601074219,755.486572265625,406.66558837890625,796.172607421875,493.3623352050781,754.2522583007812,497.53033447265625,787.213134765625,570.2589721679688,754.4813842773438,579.3592529296875
1175,39.16658941485864,771.689697265625,238.63327026367188,779.1392822265625,232.73780822753906,763.273681640625,232.4752655029297,788.229736328125,236.4390869140625,748.2789916992188,234.85658264160156,797.1589965820312,268.7233581542969,736.5706176757812,267.2340087890625,809.8350830078125,225.19456481933594,719.6341552734375,218.705810546875,786.956298828125,166.10922241210938,730.5134887695312,162.4063262939453,796.4739379882812,406.4725341796875,754.890869140625,406.8887634277344,795.6565551757812,493.62841796875,753.9212036132812,497.57769775390625,787.0626831054688,571.0743408203125,754.5201416015625,579.978271484375
1176,39.19992268244576,771.7516479492188,238.56564331054688,779.1326293945312,232.61770629882812,763.241943359375,232.4335174560547,788.1687622070312,236.2421417236328,748.1100463867188,234.85833740234375,797.220703125,268.3887634277344,736.4527587890625,267.1124267578125,809.2921142578125,224.0423583984375,719.6836547851562,217.89219665527344,786.0459594726562,164.57723999023438,730.6175537109375,160.8632049560547,796.6339111328125,406.6859436035156,754.88134765625,407.1107177734375,795.4899291992188,493.9330749511719,753.5923461914062,497.4764709472656,787.04833984375,571.5841674804688,754.3623046875,579.5850219726562
1177,39.23325595003287,771.6785888671875,238.5260467529297,779.0972900390625,232.5890655517578,763.150634765625,232.42420959472656,788.1174926757812,236.32679748535156,747.8746948242188,234.90591430664062,797.0360107421875,268.5899353027344,736.1596069335938,267.2181091308594,809.3053588867188,224.53656005859375,719.7048950195312,217.9298553466797,786.3734741210938,165.02915954589844,731.0945434570312,160.58021545410156,796.7539672851562,406.6492614746094,754.8901977539062,407.1388854980469,795.35888671875,493.9141845703125,753.194580078125,497.8269958496094,787.3052978515625,571.590087890625,754.4638671875,580.2833251953125
1178,39.26658921761999,771.6959838867188,238.40968322753906,779.029052734375,232.50328063964844,763.1511840820312,232.35829162597656,787.937744140625,236.4055938720703,747.8458862304688,235.01806640625,797.000244140625,268.9469299316406,736.1209716796875,267.21893310546875,809.7120361328125,225.55859375,719.9752807617188,217.8416290283203,787.2818603515625,166.2044677734375,731.5491943359375,160.4147491455078,796.3925170898438,406.4300842285156,754.5955810546875,406.7452392578125,795.05322265625,493.5444641113281,753.2744750976562,497.1003112792969,786.7916870117188,571.8994140625,754.4485473632812,580.1749267578125
1179,39.2999224852071,771.8441162109375,238.25161743164062,779.124755859375,232.41342163085938,763.3546752929688,232.22549438476562,787.8223876953125,236.37831115722656,747.882568359375,234.91146850585938,796.7479248046875,268.6294250488281,735.96875,267.1603698730469,809.7778930664062,225.0592041015625,719.680908203125,218.21693420410156,787.5150756835938,166.19175720214844,730.7133178710938,161.2009735107422,796.1718139648438,406.2003173828125,754.4498291015625,406.6115417480469,794.8238525390625,493.32452392578125,753.0673217773438,497.0234680175781,786.630615234375,571.8720092773438,754.248291015625,580.1915283203125
1180,39.33325575279421,771.7374877929688,238.2801513671875,779.0526733398438,232.46188354492188,763.2567138671875,232.2483367919922,787.8131103515625,236.4635467529297,747.8282470703125,234.99134826660156,796.8135375976562,268.68597412109375,735.964111328125,267.46844482421875,810.0957641601562,225.0771484375,719.6246948242188,219.1619110107422,788.1881103515625,166.96400451660156,729.9716186523438,163.01007080078125,796.097412109375,406.0998229980469,754.3927612304688,406.5452880859375,794.9609985351562,493.37701416015625,753.19140625,496.94561767578125,786.60986328125,571.8670654296875,754.3506469726562,580.0187377929688
1181,39.366589020381326,771.5947265625,238.2119903564453,778.9271240234375,232.46607971191406,763.18603515625,232.18809509277344,787.721435546875,236.5354461669922,747.8790893554688,234.92779541015625,796.7150268554688,268.6949768066406,736.0845336914062,267.3555603027344,810.1981811523438,225.53900146484375,719.971923828125,219.88238525390625,788.5810546875,167.80673217773438,729.9684448242188,165.08163452148438,795.939453125,405.8788146972656,754.3577270507812,406.21343994140625,794.9170532226562,493.1786804199219,753.1004028320312,496.5071105957031,786.7429809570312,571.7203369140625,754.2299194335938,579.6743774414062
1182,39.39992228796844,771.848388671875,238.17616271972656,779.1083984375,232.4115447998047,763.4990234375,232.12489318847656,787.71044921875,236.25576782226562,748.1014404296875,234.60130310058594,796.6132202148438,268.0826416015625,735.96435546875,266.8934326171875,809.99755859375,225.06004333496094,719.6614990234375,220.4409942626953,788.7241821289062,167.3736572265625,729.9584350585938,166.45912170410156,795.9901123046875,405.27825927734375,754.384765625,405.66888427734375,794.92138671875,492.7123107910156,752.8933715820312,495.9821472167969,786.88525390625,571.565185546875,754.0718383789062,579.4405517578125
1183,39.433255555555554,771.6975708007812,238.2425994873047,778.9801635742188,232.4124755859375,763.3546752929688,232.12879943847656,787.6681518554688,236.06971740722656,748.0794677734375,234.42176818847656,796.6270751953125,268.0287170410156,735.9527587890625,266.71697998046875,810.1931762695312,225.21585083007812,719.4046020507812,220.4642333984375,788.9493408203125,167.98118591308594,729.5645751953125,167.55294799804688,795.73876953125,405.4425354003906,754.1911010742188,405.7680969238281,794.867431640625,493.1090393066406,753.1824951171875,496.2767639160156,786.7631225585938,571.826904296875,754.235595703125,579.6561279296875
1184,39.466588823142665,771.6152954101562,238.247314453125,778.9491577148438,232.48162841796875,763.3384399414062,232.12051391601562,787.7042236328125,236.16705322265625,748.1398315429688,234.3787841796875,796.553466796875,267.95709228515625,735.9884033203125,266.6578063964844,810.2271728515625,225.47122192382812,719.2191162109375,221.5132293701172,789.2513427734375,168.92861938476562,728.8126831054688,170.44223022460938,795.457275390625,405.13433837890625,753.9937133789062,405.38897705078125,794.6716918945312,492.94183349609375,752.9684448242188,495.868896484375,786.8651733398438,571.838623046875,754.1013793945312,579.3303833007812
1185,39.49992209072978,771.5956420898438,238.35855102539062,779.035400390625,232.6208953857422,763.3715209960938,232.24891662597656,787.92236328125,236.36349487304688,748.3416137695312,234.52696228027344,796.6727905273438,268.1409912109375,736.2210693359375,266.93414306640625,810.7052612304688,225.87477111816406,719.178466796875,222.6002960205078,790.5808715820312,170.1788330078125,728.2024536132812,173.0677032470703,795.3883666992188,405.0245361328125,754.0497436523438,405.31097412109375,794.6361694335938,492.4831237792969,752.896484375,495.5393981933594,787.1359252929688,571.65576171875,754.3402099609375,579.6029052734375
1186,39.53325535831689,771.6608276367188,238.6420440673828,779.24658203125,232.96742248535156,763.4672241210938,232.51438903808594,788.2957763671875,236.85804748535156,748.4555053710938,234.83258056640625,796.6428833007812,268.638427734375,736.4788818359375,267.3611755371094,810.5070190429688,225.7823486328125,719.634765625,222.462646484375,789.7984619140625,169.09056091308594,728.3899536132812,172.10780334472656,795.2180786132812,405.1830139160156,754.0385131835938,405.4715576171875,794.2476806640625,492.32025146484375,752.76953125,495.74871826171875,786.6988525390625,571.0262451171875,754.4569091796875,579.7134399414062
1187,39.56658862590401,771.6338500976562,239.06948852539062,779.2894897460938,233.47007751464844,763.4739379882812,232.96182250976562,788.546142578125,237.55345153808594,748.7229614257812,235.5003662109375,796.9863891601562,269.3772888183594,737.0137329101562,268.252685546875,810.6593627929688,226.19683837890625,720.0737915039062,224.1959991455078,789.4830932617188,168.99392700195312,727.66259765625,175.0756378173828,795.1558837890625,405.54803466796875,754.1182250976562,405.6884460449219,794.0800170898438,492.3247985839844,752.6640014648438,495.1983337402344,786.6058959960938,570.7711791992188,754.2965087890625,578.7265625
1188,39.59992189349112,771.9476928710938,239.07090759277344,779.6089477539062,233.5125274658203,763.779541015625,232.94442749023438,788.7545166015625,237.66700744628906,748.8150634765625,235.45828247070312,796.8504028320312,269.3338317871094,736.93408203125,268.0958557128906,810.3289184570312,225.37120056152344,720.2185668945312,223.38668823242188,789.035888671875,166.7845458984375,728.1066284179688,173.0063018798828,794.9957275390625,405.3242492675781,753.9603271484375,405.452392578125,794.0755004882812,491.980224609375,752.7667236328125,494.8652038574219,786.2405395507812,570.5130615234375,754.4594116210938,578.5725708007812
1189,39.63325516107824,771.9730224609375,239.1219024658203,779.6624755859375,233.5860137939453,763.849853515625,232.92015075683594,788.7500610351562,237.59410095214844,748.8048706054688,235.1586151123047,796.4739379882812,268.8079528808594,736.9093627929688,267.6309814453125,809.3881225585938,223.51828002929688,720.457763671875,222.54568481445312,788.0445556640625,163.1820068359375,728.40869140625,171.39886474609375,795.0245361328125,405.4508056640625,754.1226196289062,405.5853271484375,793.928955078125,492.2602233886719,752.6051025390625,495.0234680175781,786.0179443359375,570.7307739257812,754.335205078125,578.630126953125
1190,39.66658842866535,772.132568359375,239.2604522705078,779.7800903320312,233.67095947265625,764.046875,232.99874877929688,788.8150634765625,237.34519958496094,749.0546264648438,234.92001342773438,796.406982421875,268.30596923828125,737.2224731445312,267.18853759765625,808.7323608398438,222.89376831054688,720.9205932617188,222.34329223632812,787.4560546875,162.51174926757812,728.3216552734375,171.42156982421875,794.8860473632812,405.14898681640625,754.2196044921875,405.2115478515625,793.5712890625,492.152099609375,752.5203857421875,494.4424133300781,785.9523315429688,570.8250122070312,754.3675537109375,577.974609375
1191,39.69992169625246,772.2262573242188,239.3274383544922,779.8659057617188,233.74586486816406,764.2570190429688,233.0137939453125,788.7537231445312,237.24075317382812,749.2738647460938,234.65013122558594,796.3684692382812,267.9684753417969,737.1105346679688,266.8988342285156,808.9307861328125,222.850830078125,720.6717529296875,222.4720001220703,788.0347290039062,163.46888732910156,727.6972045898438,171.9021453857422,794.853271484375,405.1841735839844,754.1749877929688,405.25457763671875,793.5142822265625,492.2311706542969,752.1648559570312,494.4118957519531,786.1781616210938,571.2637329101562,754.3672485351562,578.2598266601562
1192,39.73325496383958,772.198974609375,239.30435180664062,779.9773559570312,233.83836364746094,764.3193359375,232.88043212890625,788.937255859375,237.49258422851562,749.3857421875,234.44662475585938,796.0709228515625,267.966796875,737.3172607421875,266.8885498046875,807.8826904296875,220.8917694091797,721.1803588867188,221.71592712402344,786.5750122070312,159.34996032714844,727.4679565429688,169.96206665039062,794.76611328125,405.6574401855469,754.321533203125,405.60272216796875,793.3310546875,492.8386535644531,751.9441528320312,494.4682312011719,785.9041137695312,571.4930419921875,754.23095703125,577.6608276367188
1193,39.76658823142669,772.2237548828125,239.45338439941406,779.9240112304688,233.90606689453125,764.3928833007812,233.02662658691406,788.8534545898438,237.30694580078125,749.657958984375,234.35659790039062,796.4971313476562,268.15185546875,737.3148803710938,266.5061340332031,809.3722534179688,223.65585327148438,720.1846923828125,222.04811096191406,789.9666748046875,165.93307495117188,726.8668212890625,172.7849884033203,794.8762817382812,405.5453186035156,754.3836059570312,405.3346252441406,793.1713256835938,492.397705078125,751.9894409179688,493.88427734375,785.6743774414062,571.1764526367188,754.052490234375,577.1607055664062
1194,39.799921499013806,772.1182250976562,239.40219116210938,779.7644653320312,233.76242065429688,764.1280517578125,233.0731964111328,788.8464965820312,237.12437438964844,749.46875,234.54464721679688,796.968505859375,268.4846496582031,737.7787475585938,266.0883483886719,810.4215698242188,225.21324157714844,721.2359619140625,219.2255096435547,791.4940185546875,169.23817443847656,727.9727783203125,168.99562072753906,794.9425048828125,405.9374084472656,754.471435546875,405.4632263183594,792.9493408203125,492.6999206542969,752.1920776367188,493.9718933105469,785.497314453125,571.3363647460938,754.0908813476562,576.9815063476562
1195,39.833254766600916,772.0697631835938,239.4918670654297,779.9085693359375,233.9739990234375,764.2532958984375,233.1464385986328,789.166748046875,237.48556518554688,749.9983520507812,234.6689453125,796.9231567382812,268.48223876953125,738.2330932617188,266.66827392578125,809.7337036132812,224.735107421875,720.6458740234375,221.0196990966797,790.9652709960938,169.4109649658203,726.2012939453125,171.39341735839844,794.8209838867188,405.8309020996094,754.6982421875,405.5600891113281,792.9371948242188,492.56414794921875,752.2109985351562,494.11383056640625,785.464111328125,571.2893676757812,754.0946655273438,577.2850341796875
1196,39.866588034188034,772.1639404296875,239.55001831054688,780.0533447265625,234.0963897705078,764.3883056640625,233.2555694580078,789.39892578125,237.7075958251953,750.3349609375,234.87298583984375,797.0044555664062,268.41070556640625,738.7313842773438,266.597900390625,809.0499877929688,223.30662536621094,721.0267333984375,219.31210327148438,789.9020385742188,167.4259490966797,726.3507080078125,168.59507751464844,794.8268432617188,405.8565368652344,754.8997192382812,405.5648193359375,792.7532348632812,492.4947509765625,752.0536499023438,493.9809265136719,785.38037109375,571.5507202148438,753.9309692382812,577.3974609375
1197,39.899921301775144,772.2542114257812,239.66757202148438,780.0836181640625,234.14955139160156,764.4286499023438,233.37413024902344,789.39599609375,237.66952514648438,750.1868896484375,234.90817260742188,797.2561645507812,268.8210144042969,738.76171875,266.3346862792969,810.6648559570312,225.63877868652344,721.115234375,218.49459838867188,791.8399047851562,171.52633666992188,726.5072021484375,168.55726623535156,794.9922485351562,405.9881286621094,755.0108032226562,405.55120849609375,792.5432739257812,492.35992431640625,752.1341552734375,494.288330078125,785.4195556640625,571.1821899414062,753.9235229492188,577.7416381835938
1198,39.93325456936226,772.1452026367188,239.74278259277344,780.1300659179688,234.15931701660156,764.275634765625,233.4103240966797,789.7645263671875,237.50103759765625,750.3356323242188,234.83323669433594,797.5928955078125,268.1525573730469,739.059326171875,265.8653869628906,809.3626708984375,223.19847106933594,721.2648315429688,215.77886962890625,790.4172973632812,168.35365295410156,727.8131103515625,162.86656188964844,795.24560546875,405.9721374511719,755.1006469726562,405.6108703613281,792.7322387695312,492.0311279296875,751.6146850585938,493.6243896484375,785.6890869140625,571.2925415039062,753.5784301757812,576.854248046875
1199,39.96658783694937,772.0382690429688,239.81625366210938,780.0775146484375,234.3425750732422,764.2296142578125,233.49205017089844,789.7797241210938,237.70233154296875,750.459716796875,234.83963012695312,797.0982666015625,267.4556884765625,739.6254272460938,265.2205810546875,806.9752197265625,218.44393920898438,723.2879028320312,211.01100158691406,786.232666015625,159.5998077392578,730.9235229492188,153.22958374023438,795.300537109375,405.8094177246094,755.5223999023438,405.456298828125,792.7750244140625,491.927001953125,751.7098388671875,493.33624267578125,785.736328125,571.3762817382812,753.7882690429688,576.4198608398438
1200,39.99992110453649,771.7642822265625,239.9149627685547,779.8876953125,234.3434600830078,763.9218139648438,233.5741424560547,789.8541259765625,237.47927856445312,750.4185791015625,234.84169006347656,797.4249877929688,267.2183532714844,739.6630859375,265.415771484375,807.060791015625,218.33164978027344,723.0101928710938,211.9318389892578,786.7426147460938,160.51771545410156,730.5164794921875,154.75411987304688,795.3130493164062,406.0799255371094,755.4170532226562,405.8369445800781,792.7623291015625,492.22344970703125,751.5972290039062,493.4994812011719,785.8305053710938,571.8927001953125,753.9283447265625,576.6167602539062
1201,40.0332543721236,771.77294921875,240.00698852539062,779.6790161132812,234.362548828125,763.87353515625,233.6709442138672,789.3662719726562,237.26596069335938,750.0074462890625,234.8370361328125,797.1874389648438,266.9123840332031,739.431640625,265.2558288574219,807.9301147460938,218.0751495361328,723.6010131835938,211.6199493408203,786.5966796875,159.69818115234375,731.0003051757812,154.38787841796875,795.2100830078125,406.14971923828125,755.2963256835938,405.9690246582031,792.7052001953125,492.45697021484375,751.8157348632812,494.17694091796875,785.8035278320312,572.0713500976562,753.7239379882812,577.300537109375
1202,40.06658763971071,771.672119140625,239.82635498046875,779.6344604492188,234.4675750732422,763.98095703125,233.45709228515625,789.1727905273438,237.70643615722656,750.1367797851562,234.79046630859375,795.9239501953125,266.31317138671875,740.2042846679688,265.750244140625,806.4526977539062,213.53973388671875,725.448486328125,212.7807159423828,785.66357421875,151.4518280029297,730.1250610351562,155.05279541015625,794.4884643554688,405.71258544921875,755.72021484375,405.72418212890625,792.2340087890625,492.3932189941406,751.9817504882812,493.9318542480469,785.75,572.0401000976562,753.5155029296875,576.73828125
1203,40.09992090729783,771.9650268554688,239.9273681640625,779.85400390625,234.53077697753906,764.2642822265625,233.51422119140625,789.1256713867188,237.49020385742188,750.0217895507812,234.6176300048828,795.6268920898438,265.4881591796875,740.1104125976562,265.5653076171875,806.5535888671875,211.40443420410156,726.6196899414062,212.0007781982422,785.9071655273438,148.90359497070312,732.1395874023438,152.52772521972656,794.2866821289062,405.75665283203125,755.5499267578125,406.0479431152344,791.9495849609375,492.5205383300781,751.5918579101562,494.45367431640625,785.9127197265625,572.3956909179688,753.3494873046875,577.0460815429688
1204,40.13325417488494,771.68994140625,239.9027862548828,779.5812377929688,234.5233917236328,763.9732055664062,233.5860137939453,788.9398803710938,237.59078979492188,749.8857421875,234.86041259765625,795.4729614257812,265.5611877441406,740.1096801757812,265.7132873535156,806.2855224609375,211.14625549316406,726.4871215820312,211.4111328125,785.9514770507812,148.88804626464844,732.3043823242188,151.45481872558594,794.3991088867188,405.4990539550781,755.7572631835938,405.9238586425781,792.070556640625,491.9252624511719,751.8697509765625,494.3492736816406,785.5850830078125,571.8173217773438,753.4013671875,577.3584594726562
1205,40.16658744247206,771.4882202148438,239.84483337402344,779.4505615234375,234.4964141845703,763.7892456054688,233.5077667236328,788.9193725585938,237.67266845703125,749.8267822265625,234.86248779296875,795.4588623046875,265.7243957519531,740.2200927734375,265.9888610839844,806.2728271484375,211.70864868164062,726.6338500976562,212.51034545898438,786.6102294921875,149.31129455566406,732.2444458007812,152.3680419921875,794.531005859375,405.76580810546875,755.972900390625,406.206787109375,792.0806884765625,492.1841735839844,751.7877197265625,494.5176086425781,785.5718994140625,571.989990234375,753.2532348632812,577.324951171875
1206,40.19992071005917,771.0038452148438,239.9998779296875,779.0660400390625,234.66409301757812,763.4235229492188,233.58653259277344,788.7297973632812,237.60296630859375,749.79248046875,234.617919921875,795.2373046875,265.41400146484375,740.3993530273438,265.6563720703125,806.3907470703125,212.50184631347656,726.6006469726562,214.307861328125,787.3660888671875,150.4344940185547,731.7750244140625,156.47921752929688,794.2230224609375,405.5078125,755.9593505859375,405.89215087890625,791.84521484375,492.088134765625,751.7971801757812,494.4243469238281,785.6017456054688,571.7330322265625,753.179931640625,577.2604370117188
1207,40.233253977646285,770.8469848632812,240.26187133789062,779.0772705078125,234.82362365722656,763.3056030273438,233.5633087158203,788.8092651367188,237.1655731201172,749.3303833007812,233.8499298095703,794.8868408203125,264.5082092285156,739.9154052734375,265.4696960449219,806.9636840820312,212.85870361328125,726.953125,218.69432067871094,789.072509765625,151.14060974121094,732.9122924804688,163.68045043945312,794.0169067382812,405.52392578125,755.66796875,406.1628112792969,791.6812133789062,492.5028076171875,751.3442993164062,495.212890625,785.9556274414062,571.8705444335938,753.0844116210938,577.6808471679688
1208,40.266587245233396,771.0655517578125,240.41085815429688,779.271240234375,234.99659729003906,763.4815063476562,233.73428344726562,788.9122924804688,237.25941467285156,749.3488159179688,233.8898162841797,794.7814331054688,264.0804443359375,740.138427734375,264.6224060058594,806.698974609375,210.6036376953125,728.3535766601562,213.69985961914062,788.9931030273438,148.11013793945312,735.7095947265625,154.72665405273438,794.0156860351562,405.4612731933594,755.7235717773438,406.0733947753906,791.8234252929688,492.3240966796875,751.4721069335938,495.17852783203125,785.729736328125,571.8778686523438,753.070068359375,577.6741333007812
1209,40.29992051282051,770.4730834960938,240.05271911621094,778.8486328125,234.74786376953125,762.838134765625,233.53404235839844,788.9937744140625,237.56903076171875,749.2318115234375,234.31895446777344,794.7254638671875,264.6390075683594,741.0322875976562,264.8525390625,806.0574951171875,209.69520568847656,728.8735961914062,211.42848205566406,789.1629028320312,147.79974365234375,734.3905639648438,153.4309844970703,794.000732421875,405.68023681640625,756.2861328125,406.1035461425781,791.498779296875,492.45806884765625,751.547119140625,495.0752258300781,785.73046875,572.0344848632812,752.8169555664062,577.7271728515625
1210,40.333253780407624,771.1879272460938,239.97195434570312,779.4140625,234.8118896484375,763.5346069335938,233.51962280273438,789.106201171875,237.9187469482422,749.4190673828125,234.38111877441406,794.48828125,264.8086853027344,741.2881469726562,264.14434814453125,806.5394897460938,208.8213348388672,731.65771484375,207.20530700683594,790.1570434570312,144.91488647460938,739.3580322265625,144.940673828125,793.9817504882812,405.63897705078125,756.3549194335938,405.8402099609375,791.620849609375,492.55438232421875,751.6295776367188,495.0875549316406,785.3834228515625,571.755126953125,752.6823120117188,577.3643798828125
1211,40.36658704799474,771.8087768554688,240.01971435546875,780.0404052734375,234.9991912841797,764.2066650390625,233.67352294921875,789.6053466796875,238.29478454589844,750.0897216796875,234.55580139160156,794.4108276367188,264.5847473144531,741.9117431640625,263.33575439453125,805.6864013671875,207.04025268554688,733.5587768554688,203.26405334472656,790.451904296875,142.40737915039062,743.2086181640625,138.7115478515625,794.0201416015625,405.5815734863281,756.6002807617188,405.7052307128906,791.671142578125,492.6086120605469,751.5669555664062,495.1728820800781,785.1334838867188,572.0515747070312,752.5911254882812,577.9036865234375
1212,40.39992031558185,772.1637573242188,240.02508544921875,780.3101806640625,235.03526306152344,764.4971923828125,233.7945556640625,789.8191528320312,238.60418701171875,750.3699340820312,234.99893188476562,794.6075439453125,265.28125,742.11279296875,263.53546142578125,805.2531127929688,207.80966186523438,733.2323608398438,202.04949951171875,789.7549438476562,142.75460815429688,742.7412719726562,136.64382934570312,794.2506103515625,405.73895263671875,756.8025512695312,405.72406005859375,791.7623291015625,492.5552062988281,751.70947265625,495.0460205078125,785.00537109375,571.8726806640625,752.4546508789062,577.8265380859375
1213,40.43325358316896,772.3723754882812,240.1298065185547,780.391845703125,234.9744415283203,764.622314453125,233.85206604003906,789.69873046875,238.02517700195312,750.173583984375,234.6770477294922,794.5471801757812,264.4639892578125,741.5889892578125,263.18231201171875,804.9883422851562,207.17669677734375,732.5414428710938,202.6353302001953,789.3331298828125,143.42520141601562,743.0946655273438,138.46424865722656,794.312255859375,405.4727783203125,756.5783081054688,405.66339111328125,791.8394165039062,492.4208984375,751.6411743164062,494.95379638671875,785.165283203125,572.1002197265625,752.3873901367188,577.7117919921875
1214,40.46658685075608,771.7922973632812,239.9088592529297,779.8231811523438,234.9722137451172,764.115478515625,233.7484893798828,789.2606811523438,238.95571899414062,750.0858154296875,235.33380126953125,794.69287109375,266.5342712402344,741.1762084960938,264.20843505859375,805.8958740234375,210.8633575439453,731.0670166015625,204.90625,790.2626342773438,145.59561157226562,743.049560546875,142.16244506835938,794.4318237304688,405.5724792480469,756.487060546875,405.3406982421875,791.9764404296875,492.81219482421875,751.869140625,494.8502502441406,784.9305419921875,572.1530151367188,752.3172607421875,577.5097045898438
1215,40.49992011834319,771.3475341796875,239.99722290039062,779.3604125976562,234.9547882080078,763.8019409179688,233.84446716308594,789.0133666992188,238.50596618652344,750.4224243164062,235.17506408691406,795.177978515625,266.074462890625,741.0812377929688,264.41455078125,806.56201171875,211.79837036132812,728.6170654296875,209.4625244140625,791.0294189453125,149.64163208007812,739.2496948242188,153.7525634765625,794.4456787109375,404.86224365234375,756.4314575195312,404.6936950683594,792.02392578125,492.1826171875,752.0511474609375,493.8870544433594,785.1076049804688,571.672119140625,752.4965209960938,576.894287109375
1216,40.53325338593031,771.293701171875,240.1686248779297,779.2960815429688,235.160400390625,763.7276000976562,234.1300506591797,788.954833984375,238.82879638671875,750.3685913085938,235.63185119628906,795.278564453125,266.42901611328125,741.13720703125,264.92822265625,807.5379028320312,211.4581298828125,729.1558227539062,209.34510803222656,793.219482421875,150.7708740234375,739.780029296875,154.816650390625,794.4405517578125,405.1960754394531,756.4804077148438,405.08154296875,791.9546508789062,492.3406677246094,752.1339721679688,494.09075927734375,784.8427124023438,571.64990234375,752.7965698242188,577.1599731445312
1217,40.56658665351742,771.489990234375,240.29246520996094,779.2720336914062,235.05503845214844,763.7339477539062,234.34193420410156,788.745849609375,238.62425231933594,750.056884765625,235.98245239257812,796.3082275390625,267.91943359375,740.4002685546875,265.4354553222656,812.1837158203125,220.1014404296875,727.3164672851562,212.7000732421875,801.1192626953125,166.92324829101562,738.6842041015625,162.61412048339844,794.4609985351562,405.6930236816406,755.8641967773438,405.3862609863281,791.6591186523438,492.5613098144531,752.218994140625,494.6270446777344,784.7382202148438,571.9728393554688,752.9430541992188,577.9235229492188
1218,40.59991992110454,771.7391357421875,240.43556213378906,779.6640014648438,235.24234008789062,764.0938110351562,234.4368438720703,789.2339477539062,238.726806640625,750.6405029296875,235.84814453125,796.6477661132812,267.7207946777344,740.45166015625,265.3650207519531,813.56787109375,220.00428771972656,726.3428344726562,214.23150634765625,806.2828369140625,168.73788452148438,737.2838745117188,166.47596740722656,794.2039794921875,405.4398193359375,755.5936279296875,405.14678955078125,791.92236328125,492.4319152832031,752.0516967773438,494.0322265625,784.7408447265625,572.0665283203125,752.8304443359375,577.5304565429688
1219,40.63325318869165,772.6290893554688,240.66831970214844,780.3298950195312,235.4937744140625,764.9244384765625,234.7349090576172,789.3615112304688,239.11825561523438,750.8375854492188,236.33221435546875,796.390869140625,268.28564453125,740.5346069335938,265.9096984863281,813.665283203125,220.5511932373047,726.85302734375,214.3401641845703,806.1104736328125,169.58494567871094,737.0478515625,166.92147827148438,793.9866943359375,405.7170715332031,755.5939331054688,405.45697021484375,791.6235961914062,492.60699462890625,752.1754150390625,494.4862060546875,784.8068237304688,571.839111328125,752.8889770507812,577.6268310546875
1220,40.666586456278765,773.1109619140625,240.6692657470703,780.61376953125,235.31324768066406,765.253173828125,234.7166290283203,789.3388671875,238.38003540039062,750.5447387695312,235.97067260742188,796.3045043945312,267.1767883300781,740.654541015625,265.1507873535156,814.2843017578125,218.6602783203125,728.510986328125,211.94793701171875,806.6980590820312,168.7041473388672,737.6007690429688,164.15850830078125,793.77294921875,406.02337646484375,755.447998046875,405.8716125488281,791.19482421875,492.6898193359375,751.9627075195312,494.7357482910156,784.8794555664062,572.1521606445312,752.754150390625,577.8575439453125
1221,40.699919723865875,773.56396484375,240.2928009033203,780.9812622070312,235.02247619628906,765.8145751953125,234.35496520996094,789.4566650390625,238.2458038330078,751.1216430664062,235.6314239501953,796.4006958007812,267.1533508300781,740.54296875,264.7697448730469,814.9795532226562,219.30361938476562,727.4819946289062,212.916259765625,808.1591186523438,167.8059539794922,736.8006591796875,165.6505889892578,793.6093139648438,405.23211669921875,755.2274780273438,404.9605407714844,791.39453125,492.1354675292969,752.1110229492188,494.08453369140625,784.8343505859375,571.6195068359375,752.649169921875,577.5730590820312
1222,40.733252991452986,774.56103515625,240.15457153320312,781.80224609375,234.87051391601562,766.7803955078125,234.25765991210938,789.7774658203125,238.39398193359375,751.6489868164062,235.79446411132812,796.666259765625,268.0921325683594,740.3348999023438,265.30743408203125,815.5855102539062,221.8276824951172,727.1515502929688,213.8644561767578,809.0235595703125,171.5730743408203,737.36474609375,166.7671661376953,793.5927124023438,405.69439697265625,754.9820556640625,405.3636474609375,791.4290161132812,491.90234375,752.050048828125,493.86468505859375,784.8076171875,571.6398315429688,752.6634521484375,577.663330078125
1223,40.7665862590401,774.4609375,239.81016540527344,781.7490844726562,234.71438598632812,766.7682495117188,234.01065063476562,789.6998291015625,238.82969665527344,751.90869140625,236.0361785888672,796.31591796875,268.74383544921875,740.6442260742188,265.8819885253906,814.3920288085938,222.16188049316406,727.3383178710938,214.74212646484375,807.5707397460938,170.67137145996094,737.3058471679688,167.25656127929688,793.4698486328125,405.9670104980469,755.2276000976562,405.5876770019531,791.3349609375,492.5502014160156,752.3410034179688,494.4046325683594,784.4340209960938,571.881103515625,752.833740234375,577.9953002929688
1224,40.799919526627214,774.6708984375,239.99815368652344,781.9949951171875,234.84890747070312,767.0225830078125,234.10635375976562,789.9070434570312,238.79043579101562,752.1024169921875,235.84303283691406,796.5213623046875,268.74005126953125,740.2759399414062,265.6753845214844,815.0093383789062,222.8769989013672,726.39599609375,215.2300262451172,808.7116088867188,171.71705627441406,737.50146484375,168.18643188476562,793.5233764648438,406.0888977050781,754.995849609375,405.71856689453125,791.29052734375,492.5730895996094,752.1427001953125,494.5926208496094,784.3203125,571.8905029296875,752.8960571289062,578.256591796875
1225,40.83325279421433,774.653564453125,240.16896057128906,781.998291015625,234.98324584960938,766.9461059570312,234.30113220214844,790.0442504882812,238.8316650390625,752.0997314453125,236.0442352294922,796.7023315429688,268.7033996582031,740.36669921875,265.86956787109375,815.13232421875,222.7185516357422,726.5133056640625,216.0013885498047,809.4403686523438,171.55718994140625,737.6293334960938,169.48240661621094,793.4790649414062,405.8340148925781,754.91943359375,405.5133972167969,791.4358520507812,492.4259033203125,752.3609619140625,494.31884765625,784.238525390625,571.5089111328125,753.049560546875,577.752685546875
1226,40.86658606180144,775.1767578125,239.81195068359375,782.3973999023438,234.7035369873047,767.4678344726562,234.01171875,790.1668701171875,238.8422393798828,752.3382568359375,236.030517578125,796.6533813476562,268.97467041015625,740.7865600585938,265.8688659667969,815.3051147460938,222.76217651367188,727.660400390625,214.857421875,808.4458618164062,170.6562042236328,737.6046142578125,167.60479736328125,793.4606323242188,406.005859375,755.139892578125,405.5600280761719,791.139892578125,492.6727294921875,752.5097045898438,494.6717834472656,784.28662109375,571.4454345703125,753.2139282226562,577.971435546875
1227,40.89991932938856,775.4186401367188,239.69302368164062,782.7001953125,234.64759826660156,767.7810668945312,233.82061767578125,790.4537353515625,238.96771240234375,752.7152709960938,235.80548095703125,796.938232421875,269.3985595703125,740.7689208984375,265.76763916015625,815.7347412109375,223.23129272460938,727.4929809570312,214.67237854003906,808.7940673828125,169.85140991210938,737.6434326171875,166.58717346191406,793.4976806640625,406.0721435546875,755.0224609375,405.3724670410156,791.293701171875,492.8981628417969,752.484130859375,494.3694152832031,784.0216064453125,571.4818725585938,753.3031616210938,577.5805053710938
1228,40.93325259697567,775.38671875,239.79844665527344,782.7202758789062,234.70399475097656,767.7608642578125,233.86219787597656,790.5709838867188,238.82351684570312,752.751220703125,235.58583068847656,797.02392578125,269.1120300292969,740.7007446289062,265.3736877441406,815.7122802734375,222.35475158691406,727.5338745117188,213.51295471191406,808.0531005859375,167.65293884277344,738.5703735351562,164.2672576904297,793.6441650390625,406.34429931640625,754.998291015625,405.68597412109375,791.5440063476562,493.1541748046875,752.562255859375,495.0402526855469,783.7604370117188,571.309814453125,753.1753540039062,578.226318359375
1229,40.96658586456279,774.8549194335938,240.10671997070312,782.3672485351562,235.04052734375,767.3553466796875,234.1732635498047,790.6356811523438,238.97059631347656,753.0496826171875,235.69912719726562,797.335693359375,268.7795104980469,741.1452026367188,265.1231689453125,815.1122436523438,222.4778594970703,727.510498046875,213.83053588867188,807.5380859375,168.4350128173828,737.5780029296875,164.50653076171875,793.6067504882812,406.1706848144531,755.0166625976562,405.3984069824219,791.2948608398438,493.442138671875,752.0509643554688,494.6324157714844,783.99267578125,571.9651489257812,753.2406005859375,577.8682861328125
1230,40.9999191321499,774.8890991210938,240.17724609375,782.4609375,235.09678649902344,767.3309936523438,234.2552032470703,790.897705078125,239.06158447265625,753.0894775390625,235.8765411376953,797.484130859375,268.9694519042969,741.5169677734375,265.3807067871094,814.9550170898438,222.04428100585938,728.1817626953125,213.5070343017578,807.3862915039062,167.70144653320312,737.793701171875,163.8761444091797,793.550537109375,406.0311584472656,755.09521484375,405.24163818359375,791.4440307617188,492.9122619628906,752.2940063476562,494.0124206542969,783.8794555664062,571.3990478515625,753.315673828125,577.348876953125
1231,41.033252399737016,774.8541259765625,240.40109252929688,782.4353637695312,235.2645263671875,767.3419799804688,234.3762664794922,790.85546875,238.94570922851562,753.0942993164062,235.63070678710938,797.4959106445312,268.6678771972656,741.26025390625,264.87396240234375,815.0653686523438,221.73260498046875,727.7981567382812,212.54808044433594,807.5036010742188,167.73020935058594,738.19921875,162.84046936035156,793.5686645507812,406.04669189453125,754.9476318359375,405.2239990234375,791.6356811523438,492.77996826171875,752.1692504882812,493.827392578125,784.1831665039062,571.402587890625,753.2744140625,577.1591186523438
1232,41.06658566732413,775.1524047851562,240.5298614501953,782.69287109375,235.33767700195312,767.623779296875,234.43658447265625,791.0321655273438,238.70623779296875,753.203369140625,235.39283752441406,797.6115112304688,268.06689453125,741.3720092773438,264.50555419921875,815.069580078125,219.84902954101562,728.3687744140625,211.09283447265625,807.0211181640625,165.52439880371094,738.5806274414062,160.44786071777344,793.676025390625,406.3222351074219,755.0211791992188,405.5444030761719,791.6693115234375,493.0581359863281,752.1998901367188,494.02056884765625,783.8765258789062,571.501953125,753.1644287109375,576.9623413085938
1233,41.09991893491124,775.1092529296875,240.26809692382812,782.8416748046875,235.12078857421875,767.6006469726562,234.0859832763672,791.3090209960938,238.77317810058594,753.1242065429688,235.06849670410156,797.9019165039062,268.73583984375,741.0533447265625,264.5841369628906,816.1275024414062,221.68186950683594,728.090576171875,211.1309356689453,809.5036010742188,169.15052795410156,738.962158203125,160.54910278320312,793.9215698242188,406.80133056640625,755.0039672851562,405.859619140625,791.72900390625,493.54681396484375,752.0269775390625,494.2384033203125,783.9188232421875,572.0459594726562,753.7766723632812,577.2032470703125
1234,41.133252202498355,775.1434326171875,240.44993591308594,782.9064331054688,235.2875213623047,767.7521362304688,234.18557739257812,791.4008178710938,238.61029052734375,753.3975830078125,234.7228546142578,798.2936401367188,268.3489685058594,741.1138305664062,263.7704162597656,817.0020751953125,223.1932373046875,727.5814208984375,210.7838897705078,810.2192993164062,172.736083984375,738.0241088867188,160.94500732421875,794.0621337890625,406.4253845214844,755.000244140625,405.33099365234375,791.6968383789062,492.9665222167969,751.711669921875,493.61822509765625,784.1996459960938,572.0164184570312,753.7001953125,577.0947265625
1235,41.166585470085465,774.9306030273438,240.5524444580078,782.7369995117188,235.385498046875,767.5236206054688,234.2938995361328,791.3748168945312,238.63885498046875,753.2424926757812,234.8083038330078,798.2083740234375,268.1721496582031,741.3215942382812,263.6191101074219,816.3170166015625,222.7177734375,728.1224365234375,209.97772216796875,808.319091796875,171.49468994140625,737.9640502929688,159.25709533691406,793.95556640625,406.41552734375,754.995361328125,405.2902526855469,791.4278564453125,492.9642333984375,751.5935668945312,493.62213134765625,784.237060546875,572.1065063476562,753.7716064453125,577.1414794921875
1236,41.19991873767258,774.9115600585938,240.56732177734375,782.8153686523438,235.3772735595703,767.5010375976562,234.26632690429688,791.5960693359375,238.58126831054688,753.3058471679688,234.70535278320312,798.3907470703125,268.12774658203125,741.4927978515625,263.52178955078125,816.6268920898438,222.42178344726562,728.2344970703125,209.31883239746094,808.9385986328125,170.87879943847656,738.3638305664062,157.74378967285156,794.0081176757812,406.5882873535156,755.0277099609375,405.4671936035156,791.4307861328125,493.037841796875,751.3898315429688,493.8081970214844,784.3583984375,572.2377319335938,753.5707397460938,577.3717651367188
1237,41.23325200525969,774.8596801757812,240.52633666992188,782.785888671875,235.38075256347656,767.4805908203125,234.24000549316406,791.6237182617188,238.6562042236328,753.4632568359375,234.80059814453125,798.2205810546875,267.6850280761719,741.7791748046875,263.6424255371094,815.591064453125,218.7437286376953,728.5800170898438,208.13877868652344,806.590576171875,164.18601989746094,738.8212890625,155.38938903808594,793.9141235351562,406.6443176269531,755.09912109375,405.6585388183594,791.5075073242188,493.06158447265625,751.4358520507812,493.87713623046875,784.2369384765625,572.14892578125,753.25048828125,577.2576904296875
1238,41.26658527284681,775.1427001953125,240.571533203125,783.0797119140625,235.48220825195312,767.8121337890625,234.25901794433594,791.8068237304688,238.7900848388672,753.6688232421875,234.79002380371094,798.1104125976562,267.3939514160156,741.7796020507812,263.7485046386719,814.6013793945312,216.5333251953125,728.6962890625,207.7406463623047,803.962158203125,160.14144897460938,738.8175659179688,154.0956573486328,793.9426879882812,406.8334655761719,755.1093139648438,405.9357604980469,791.456298828125,493.3204040527344,751.3040771484375,494.088134765625,784.1451416015625,572.2530517578125,753.35546875,577.1756591796875
1239,41.29991854043392,774.5149536132812,240.64755249023438,782.5233764648438,235.60116577148438,767.197021484375,234.33609008789062,791.4995727539062,238.95880126953125,753.3500366210938,234.97874450683594,797.8646240234375,267.12353515625,741.74951171875,264.0213928222656,813.0076904296875,214.06187438964844,728.4246215820312,207.3066864013672,800.234130859375,154.9020538330078,738.2798461914062,151.90380859375,794.1321411132812,406.9976501464844,755.3193969726562,406.20452880859375,791.5234375,493.5210876464844,751.2930908203125,494.1997985839844,784.0084228515625,572.353759765625,753.1915893554688,576.908203125
1240,41.33325180802104,774.4890747070312,240.63494873046875,782.61474609375,235.6787872314453,767.2708740234375,234.27230834960938,791.5772094726562,239.0694580078125,753.3798217773438,234.9187774658203,797.3170166015625,266.37554931640625,741.8715209960938,264.34857177734375,811.323486328125,210.3019561767578,728.8840942382812,207.02452087402344,796.8873901367188,149.9050750732422,738.1383056640625,150.2783203125,793.6813354492188,406.6891784667969,755.1672973632812,406.248291015625,791.2708740234375,493.3173828125,750.9161376953125,494.364013671875,784.1513671875,572.1376953125,753.1013793945312,576.7101440429688
1241,41.36658507560815,774.3859252929688,240.77532958984375,782.5191040039062,235.83290100097656,767.1878662109375,234.36654663085938,791.4563598632812,239.1415252685547,753.2264404296875,234.86062622070312,797.0846557617188,266.1546325683594,741.904296875,263.9248046875,810.6580200195312,209.32601928710938,730.0399169921875,204.95248413085938,795.175048828125,147.8267059326172,739.9885864257812,145.9759979248047,793.5568237304688,406.54876708984375,755.0846557617188,406.029052734375,791.0772705078125,493.03179931640625,750.640380859375,493.9403381347656,784.3383178710938,572.1952514648438,753.1655883789062,576.3519897460938
1242,41.39991834319527,774.2250366210938,240.8827362060547,782.361328125,235.86402893066406,766.998291015625,234.487060546875,791.4078369140625,238.96697998046875,753.1941528320312,234.91786193847656,797.1344604492188,266.0042724609375,741.9564819335938,264.0701904296875,809.86376953125,210.43209838867188,729.071533203125,206.4344024658203,793.9359741210938,150.7813720703125,738.1813354492188,148.68603515625,793.6234130859375,406.1487731933594,755.218994140625,405.73626708984375,791.10302734375,492.81011962890625,750.8470458984375,493.818359375,784.3366088867188,572.1705932617188,753.2172241210938,576.3845825195312
1243,41.43325161078238,774.5089721679688,240.81236267089844,782.5388793945312,235.79852294921875,767.2232666015625,234.4664306640625,791.3726196289062,238.86521911621094,753.1350708007812,234.92372131347656,796.7669067382812,265.5239562988281,742.1028442382812,263.7135925292969,808.20703125,208.6768798828125,730.34228515625,204.167724609375,791.299072265625,148.22483825683594,739.5,144.08303833007812,793.6153564453125,405.8624267578125,755.3482055664062,405.4906005859375,790.8766479492188,492.6206970214844,750.5783081054688,493.4590148925781,784.4996948242188,572.2009887695312,753.1699829101562,575.858154296875
1244,41.46658487836949,774.1702270507812,240.720947265625,782.218017578125,235.6380157470703,766.7822875976562,234.39329528808594,791.2485961914062,238.582763671875,752.7526245117188,234.866455078125,796.6594848632812,265.2757873535156,742.3572998046875,263.4517822265625,807.58935546875,208.1256866455078,731.4586791992188,202.47886657714844,789.8286743164062,147.72132873535156,740.317138671875,141.26327514648438,793.5050048828125,406.0548400878906,755.3733520507812,405.6737365722656,790.8231811523438,492.7166442871094,750.8114624023438,493.61474609375,784.5443115234375,572.1925659179688,753.3257446289062,575.8472290039062
1245,41.499918145956606,774.1639404296875,240.57186889648438,782.1878051757812,235.53887939453125,766.77294921875,234.26968383789062,791.1723022460938,238.6912078857422,752.7324829101562,234.93724060058594,796.4619750976562,265.5079650878906,742.2806396484375,263.6889343261719,806.832275390625,208.31875610351562,730.9820556640625,202.98794555664062,789.0046997070312,147.3278045654297,739.1442260742188,141.46949768066406,793.5708618164062,405.8756408691406,755.5211791992188,405.4854736328125,790.9885864257812,492.5862731933594,751.0034790039062,493.3685302734375,784.430419921875,571.9769287109375,753.3505249023438,575.584228515625
1246,41.53325141354372,774.5197143554688,240.4772491455078,782.5387573242188,235.4299774169922,767.0033569335938,234.16140747070312,791.3629150390625,238.51046752929688,752.3588256835938,234.76063537597656,795.9807739257812,264.98834228515625,742.5935668945312,263.35479736328125,806.4655151367188,206.2220916748047,734.0167236328125,199.88475036621094,788.7708740234375,145.22084045410156,743.33984375,135.39907836914062,793.5440673828125,406.1983337402344,755.7692260742188,406.0230407714844,790.7609252929688,493.0400695800781,751.037841796875,494.54608154296875,784.3622436523438,572.0582885742188,753.4544067382812,576.3048706054688
1247,41.566584681130834,774.6231079101562,240.45558166503906,782.6668090820312,235.42225646972656,767.08740234375,234.12356567382812,791.522216796875,238.51332092285156,752.3796997070312,234.6886749267578,795.992431640625,264.9620361328125,742.809814453125,263.1045227050781,806.4514770507812,206.25132751464844,734.5961303710938,199.4268035888672,788.9777221679688,145.23179626464844,743.4321899414062,135.2286834716797,793.493896484375,406.20660400390625,755.8115844726562,405.89215087890625,790.572265625,493.1351623535156,750.9081420898438,494.3349609375,784.31494140625,572.1399536132812,753.3836059570312,576.01123046875
1248,41.599917948717945,774.721923828125,240.30865478515625,782.6859130859375,235.33392333984375,767.2406005859375,233.98460388183594,791.3359375,238.56564331054688,752.447021484375,234.61361694335938,795.8349609375,265.103759765625,742.4874877929688,263.155029296875,806.4028930664062,206.60595703125,733.572509765625,200.15972900390625,788.9425659179688,145.43531799316406,742.1986694335938,136.706298828125,793.56689453125,406.17596435546875,755.820068359375,405.8325500488281,790.760498046875,493.21270751953125,750.9544677734375,494.3506774902344,784.3232421875,572.2626953125,753.2229614257812,576.1309814453125
1249,41.63325121630506,774.709228515625,240.32937622070312,782.6712036132812,235.32806396484375,767.2328491210938,233.9569091796875,791.3494873046875,238.39111328125,752.4404296875,234.37606811523438,795.8589477539062,264.7967224121094,742.5987548828125,262.5529479980469,806.5364379882812,206.38595581054688,734.0814208984375,198.69851684570312,789.0867919921875,144.9503631591797,743.0952758789062,134.23316955566406,793.6116333007812,406.2355041503906,755.856201171875,405.7985534667969,790.8065185546875,493.1468200683594,750.899169921875,494.2170104980469,784.3772583007812,572.3539428710938,753.0186767578125,576.0408325195312
1250,41.66658448389217,774.6234741210938,240.25448608398438,782.6674194335938,235.30841064453125,767.2047729492188,233.88671875,791.4743041992188,238.4947509765625,752.5296630859375,234.326171875,796.0237426757812,264.90057373046875,742.4005126953125,262.4851379394531,806.9365234375,206.74114990234375,733.0123901367188,199.17039489746094,789.687255859375,144.9242706298828,742.2745361328125,135.32801818847656,793.89453125,405.62603759765625,755.9601440429688,405.1740417480469,790.9407958984375,492.3802185058594,750.7849731445312,493.65087890625,784.4777221679688,571.6638793945312,753.0818481445312,575.8799438476562
1251,41.69991775147929,774.69140625,240.4164581298828,782.6771850585938,235.45057678222656,767.4700317382812,234.24278259277344,791.5238647460938,238.6783447265625,753.8385620117188,234.8282470703125,796.3714599609375,265.44732666015625,743.1489868164062,262.96490478515625,806.49560546875,209.9263153076172,730.4596557617188,203.01376342773438,788.534912109375,146.38067626953125,739.4336547851562,140.6846466064453,794.2465209960938,405.1029357910156,756.61474609375,404.8683776855469,792.2153930664062,492.1075134277344,752.4534912109375,494.7505187988281,784.5630493164062,570.552978515625,753.3941040039062,578.14013671875
1252,41.7332510190664,774.5950927734375,240.35061645507812,782.5971069335938,235.4261474609375,767.3912353515625,234.16943359375,791.4765014648438,238.80503845214844,753.8017578125,234.84010314941406,796.4104614257812,265.85516357421875,743.1296997070312,263.0344543457031,807.1400756835938,210.83628845214844,730.4373168945312,203.2226104736328,789.3492431640625,146.76199340820312,739.3417358398438,140.90447998046875,794.1157836914062,405.1973571777344,756.5044555664062,404.8210144042969,792.0671997070312,492.3388366699219,752.5420532226562,494.9053649902344,784.3255615234375,570.66259765625,753.434326171875,578.2901611328125
1253,41.76658428665351,774.4674682617188,240.37017822265625,782.5418701171875,235.40782165527344,767.2509155273438,234.18202209472656,791.5686645507812,238.71937561035156,753.779541015625,234.84434509277344,796.4976196289062,265.7716064453125,743.2901611328125,263.19219970703125,807.1918334960938,210.74465942382812,730.5762939453125,203.73202514648438,789.6687622070312,147.24961853027344,739.120361328125,141.97821044921875,794.031005859375,405.4069519042969,756.515380859375,405.09271240234375,791.7782592773438,492.4471435546875,752.4894409179688,495.0392761230469,784.2617797851562,571.3167724609375,753.6465454101562,578.9335327148438
1254,41.79991755424063,774.6751708984375,240.20632934570312,782.7006225585938,235.27435302734375,767.5126342773438,234.02175903320312,791.57373046875,238.62774658203125,753.9471435546875,234.70816040039062,796.5518188476562,265.6348876953125,743.0841674804688,263.30633544921875,807.4644775390625,210.9515838623047,730.0134887695312,205.32083129882812,789.5902709960938,147.65353393554688,737.8004760742188,144.87339782714844,793.9717407226562,405.2098388671875,756.3262939453125,404.9253234863281,791.718505859375,492.36956787109375,752.232177734375,494.8902587890625,784.40185546875,571.30859375,753.5964965820312,578.8815307617188
1255,41.83325082182774,774.9630126953125,240.37550354003906,782.9248657226562,235.36817932128906,767.7625732421875,234.12271118164062,791.611083984375,238.50076293945312,753.8544921875,234.58616638183594,796.6223754882812,265.4952392578125,742.625244140625,263.21624755859375,807.944580078125,210.52926635742188,729.6212158203125,204.74179077148438,789.6443481445312,147.93360900878906,738.20556640625,144.38099670410156,793.87890625,405.2266540527344,755.9627075195312,405.0094299316406,791.765380859375,492.1969299316406,752.20703125,494.86993408203125,784.3379516601562,570.9568481445312,753.7061157226562,578.55078125
1256,41.86658408941486,775.2039794921875,240.3540802001953,783.1165161132812,235.35818481445312,767.995849609375,234.17303466796875,791.697021484375,238.53274536132812,754.0798950195312,234.72793579101562,796.6710815429688,265.36688232421875,742.7194213867188,263.20166015625,807.7393188476562,210.04913330078125,729.8388061523438,204.5011749267578,789.905029296875,147.19613647460938,738.7393188476562,143.55337524414062,793.8427124023438,404.9180908203125,755.8999633789062,404.7443542480469,791.834228515625,491.8274230957031,752.0259399414062,494.38018798828125,784.4482421875,571.0586547851562,753.5711669921875,578.500244140625
1257,41.89991735700197,776.2800903320312,239.90853881835938,784.0368041992188,235.01754760742188,769.1288452148438,233.7158203125,792.0032348632812,238.564208984375,754.688232421875,234.39877319335938,796.7911987304688,265.8977966308594,742.4404296875,263.1775817871094,808.2077026367188,211.2935028076172,729.8409423828125,204.90126037597656,790.79931640625,148.2920379638672,739.4757080078125,143.9001922607422,793.9837646484375,404.947998046875,755.8427734375,404.5613098144531,791.8948364257812,492.0773010253906,751.9628295898438,494.0399475097656,784.4000854492188,571.1304931640625,753.931884765625,577.8674926757812
1258,41.933250624589085,775.9403076171875,240.0233917236328,783.84912109375,235.1997833251953,768.8362426757812,233.82337951660156,792.0805053710938,238.86648559570312,754.6075439453125,234.55946350097656,796.7322998046875,266.0594482421875,742.837646484375,263.393310546875,808.1184692382812,210.6607208251953,730.7898559570312,204.3642120361328,790.6859130859375,147.543212890625,740.0955810546875,142.93040466308594,794.0297241210938,404.9902648925781,756.1356811523438,404.59246826171875,791.63623046875,491.826904296875,751.772705078125,493.8713684082031,784.2862548828125,570.5567626953125,753.9175415039062,577.4248046875
1259,41.966583892176196,777.4915161132812,239.5880889892578,784.998291015625,234.8042755126953,770.4426879882812,233.42291259765625,792.12548828125,238.72006225585938,755.3925170898438,234.21661376953125,796.6238403320312,266.46014404296875,742.2550659179688,263.179443359375,808.76513671875,212.08590698242188,730.238525390625,204.42123413085938,792.0068969726562,148.25161743164062,740.6800537109375,142.2800750732422,794.2109985351562,405.5064392089844,756.0262451171875,405.0028991699219,791.8519897460938,492.4237060546875,751.6801147460938,494.33111572265625,784.4095458984375,571.2328491210938,753.9336547851562,578.1368408203125
1260,41.999917159763314,777.3660888671875,239.72421264648438,784.9902954101562,234.961669921875,770.4613647460938,233.38356018066406,792.2241821289062,238.54054260253906,755.534423828125,233.66172790527344,796.481201171875,265.6577453613281,742.3200073242188,262.59136962890625,808.5062866210938,210.568603515625,730.5860595703125,204.1927947998047,791.353515625,146.22213745117188,740.870849609375,141.6586151123047,794.0677490234375,405.2956237792969,755.9593505859375,404.8287048339844,791.964111328125,492.6341552734375,751.5192260742188,494.5296936035156,784.332275390625,570.9987182617188,753.609130859375,577.751953125
1261,42.033250427350424,776.803466796875,239.58670043945312,784.5369873046875,234.8397674560547,769.9663696289062,233.24258422851562,792.1259155273438,238.3418426513672,755.5626220703125,233.46751403808594,796.8421630859375,265.3525085449219,742.3196411132812,262.4241638183594,808.9644165039062,210.86416625976562,729.6460571289062,205.6128387451172,792.0305786132812,146.35784912109375,739.5814208984375,143.90623474121094,794.1485595703125,404.4551696777344,755.9261474609375,403.934814453125,792.0276489257812,491.8682556152344,751.5386962890625,493.4683837890625,784.0068359375,570.7396850585938,753.5931396484375,577.2808837890625
1262,42.06658369493754,777.403564453125,239.67672729492188,785.101318359375,234.9158935546875,770.5466918945312,233.30035400390625,792.4586791992188,238.4179229736328,755.736572265625,233.5186767578125,796.90185546875,265.446044921875,742.330322265625,262.8658447265625,809.1476440429688,210.9494171142578,729.7923583984375,206.87461853027344,792.0885009765625,147.56982421875,739.3794555664062,146.50799560546875,794.1580200195312,404.8213195800781,755.9176025390625,404.4053649902344,791.7792358398438,491.91546630859375,751.1865844726562,493.61944580078125,784.0419311523438,570.8753051757812,753.4190063476562,577.3568725585938
1263,42.09991696252465,777.8381958007812,239.8387908935547,785.4241333007812,235.0663299560547,770.95361328125,233.43716430664062,792.4844360351562,238.48834228515625,755.7056274414062,233.50506591796875,796.828369140625,265.4193115234375,742.0277099609375,262.5682373046875,809.4312744140625,210.8168182373047,730.1167602539062,205.6106719970703,792.5006713867188,147.81687927246094,740.5096435546875,144.74314880371094,794.1852416992188,404.883056640625,755.7600708007812,404.41754150390625,791.864501953125,491.80364990234375,751.0194702148438,493.4207763671875,784.2220458984375,570.5828247070312,753.3970947265625,576.7653198242188
1264,42.13325023011176,777.698486328125,240.04074096679688,785.4537353515625,235.2261962890625,770.787353515625,233.55584716796875,792.8328857421875,238.61622619628906,755.7131958007812,233.5662841796875,797.1595458984375,265.7376708984375,742.0830078125,262.9063720703125,809.4432373046875,211.2943878173828,729.6946411132812,206.49464416503906,792.2935180664062,148.42779541015625,740.0197143554688,146.0821533203125,794.2640991210938,405.1019287109375,755.7213745117188,404.6187438964844,791.9911499023438,491.95648193359375,751.1436157226562,493.526123046875,783.9832763671875,570.5372314453125,753.519287109375,576.766357421875
1265,42.16658349769888,778.0303344726562,239.79342651367188,785.6785888671875,235.045166015625,771.20751953125,233.30923461914062,792.7467651367188,238.43130493164062,755.9458618164062,233.2682647705078,797.0282592773438,265.18438720703125,741.8369140625,262.6853942871094,809.294677734375,210.4727783203125,729.0569458007812,207.22219848632812,791.737060546875,147.4197998046875,738.87548828125,147.17774963378906,794.232666015625,404.7366027832031,755.61572265625,404.3291931152344,791.9828491210938,491.71044921875,750.8967895507812,493.1991271972656,784.0211181640625,570.7415161132812,753.30224609375,576.6943969726562
1266,42.19991676528599,777.8394165039062,239.89320373535156,785.5079345703125,235.1240692138672,770.983154296875,233.41925048828125,792.7362060546875,238.4896240234375,755.8500366210938,233.4098358154297,797.2171020507812,265.33636474609375,742.0993041992188,262.7016906738281,809.9381713867188,210.7129669189453,729.5333251953125,206.85748291015625,792.4624633789062,147.02748107910156,739.1589965820312,146.36647033691406,794.3690185546875,404.8910827636719,755.81494140625,404.40966796875,791.9027709960938,491.9869079589844,751.1134033203125,493.4830627441406,783.9642333984375,570.4818725585938,753.465576171875,576.4785766601562
1267,42.23325003287311,778.5018920898438,239.66348266601562,786.009033203125,234.84271240234375,771.5709838867188,233.1819305419922,792.8035278320312,238.33340454101562,755.8092651367188,233.39712524414062,797.2421875,265.5125732421875,741.4811401367188,263.5433349609375,810.3794555664062,210.7204132080078,729.0406494140625,208.47286987304688,792.475830078125,148.08888244628906,739.1613159179688,148.26513671875,794.3651733398438,405.071044921875,755.501220703125,404.8885803222656,791.9322509765625,491.8931579589844,751.025634765625,493.799560546875,783.8707275390625,570.3607177734375,753.50146484375,576.522216796875
1268,42.26658330046022,778.5089721679688,239.5955047607422,786.0123901367188,234.79293823242188,771.5975952148438,233.1239776611328,792.8359985351562,238.27162170410156,755.8906860351562,233.31741333007812,797.2843627929688,265.3941345214844,741.596923828125,263.3203125,810.4219970703125,211.03102111816406,728.98828125,208.71888732910156,792.9059448242188,148.91598510742188,738.7215576171875,149.4035186767578,794.3795166015625,404.5529479980469,755.5850219726562,404.2860107421875,791.82275390625,491.3973388671875,750.974609375,493.0672302246094,783.8363037109375,570.2713012695312,753.4359741210938,576.1593627929688
1269,42.29991656804734,777.9708862304688,239.29246520996094,785.5790405273438,234.53314208984375,771.0704956054688,232.86349487304688,792.6992797851562,238.28477478027344,755.77294921875,233.31700134277344,797.4193725585938,265.8858337402344,741.7297973632812,263.4024658203125,810.7056884765625,212.8866729736328,728.4058837890625,209.6322479248047,793.65283203125,150.74786376953125,737.5716552734375,151.1854248046875,794.4061279296875,404.6326599121094,755.6565551757812,404.1832580566406,791.7784423828125,491.8419494628906,750.9624633789062,493.3379821777344,783.9505615234375,570.5245971679688,753.2697143554688,576.4174194335938
1270,42.33324983563445,778.0922241210938,239.3829345703125,785.7373657226562,234.63038635253906,771.227783203125,232.90621948242188,792.8142700195312,238.25424194335938,755.8587646484375,233.14852905273438,797.3681030273438,265.63702392578125,741.7313842773438,263.2598571777344,810.6203002929688,212.75730895996094,728.7857666015625,210.13006591796875,793.8489990234375,150.3878631591797,738.0025634765625,151.4788360595703,794.4512329101562,404.9184875488281,755.6884765625,404.50909423828125,791.7134399414062,492.69305419921875,750.7998046875,494.2052001953125,783.8375854492188,570.8572998046875,753.3030395507812,576.8128662109375
1271,42.366583103221565,778.721923828125,239.3143768310547,786.4667358398438,234.4940948486328,771.7827758789062,232.703369140625,793.5372314453125,238.109619140625,755.9991455078125,232.8536834716797,797.8148803710938,265.8530578613281,741.4027709960938,263.47125244140625,811.1705322265625,213.49114990234375,728.1187133789062,211.01034545898438,794.266357421875,151.38003540039062,737.8364868164062,152.18812561035156,794.498291015625,405.29864501953125,755.312744140625,404.9270324707031,791.7625732421875,492.9775390625,750.5819702148438,494.5632019042969,783.8194580078125,571.3805541992188,753.4725952148438,577.2601928710938
1272,42.399916370808675,778.563720703125,239.09910583496094,786.3397216796875,234.24620056152344,771.5103149414062,232.5837860107422,793.6796264648438,237.89804077148438,755.887451171875,232.8954315185547,798.1355590820312,265.81915283203125,741.8546142578125,263.16998291015625,811.3215942382812,213.31185913085938,728.9769897460938,209.6141357421875,794.4987182617188,151.13113403320312,738.435302734375,151.13677978515625,794.7913208007812,405.4735412597656,755.6343383789062,404.9543762207031,791.6693725585938,493.34881591796875,750.6734008789062,494.7113342285156,783.9290161132812,571.8589477539062,753.6045532226562,577.6344604492188
1273,42.43324963839579,778.8515014648438,239.26516723632812,786.6121215820312,234.4397735595703,771.800048828125,232.72998046875,793.8517456054688,238.0721435546875,756.0474243164062,232.93821716308594,798.2076416015625,265.7098083496094,741.8604125976562,262.8802490234375,810.9913330078125,212.3352813720703,729.3545532226562,208.1952362060547,794.0494384765625,149.6405792236328,739.5474243164062,148.66928100585938,794.945068359375,405.5161437988281,755.6495361328125,404.90350341796875,791.8970947265625,493.511962890625,750.46435546875,494.4410400390625,784.1072998046875,572.3792724609375,753.4603271484375,577.4065551757812
1274,42.466582905982904,778.7576293945312,239.7455596923828,786.5853271484375,234.76199340820312,771.5914306640625,233.16212463378906,794.02490234375,238.23866271972656,755.864501953125,233.3035430908203,798.681640625,266.506591796875,741.6217651367188,263.5003356933594,812.1415405273438,214.43142700195312,728.8707275390625,209.17379760742188,795.990966796875,153.10231018066406,740.1558227539062,150.2837371826172,794.940185546875,406.3778381347656,755.3370971679688,405.77630615234375,791.9054565429688,493.9214172363281,750.5291137695312,495.008056640625,784.0562744140625,572.0098266601562,753.7335815429688,577.2379150390625
1275,42.499916173570014,778.7578735351562,239.8003692626953,786.5875244140625,234.77703857421875,771.5498657226562,233.24855041503906,794.0314331054688,238.06689453125,755.8121337890625,233.2786865234375,798.5924682617188,265.8896789550781,741.7802124023438,263.09320068359375,811.4065551757812,212.84718322753906,730.1218872070312,207.22642517089844,795.2154541015625,151.84463500976562,743.1688842773438,146.6747283935547,794.9254150390625,406.3150634765625,755.3225708007812,405.8595275878906,791.8336181640625,493.8087463378906,750.273681640625,495.0508728027344,784.0929565429688,572.1785278320312,753.5987548828125,577.2733154296875
1276,42.53324944115713,778.5369873046875,239.655517578125,786.3682861328125,234.63125610351562,771.279296875,233.1547088623047,793.9622802734375,237.9641571044922,755.66748046875,233.3304901123047,798.5308227539062,265.9070739746094,742.2576904296875,263.0111389160156,811.1513671875,213.1884765625,730.7986450195312,207.08828735351562,795.331298828125,152.91273498535156,742.2899169921875,147.6583251953125,794.8475341796875,405.98541259765625,755.5648193359375,405.3914794921875,791.7599487304688,493.5021667480469,750.396484375,494.3802490234375,784.342041015625,571.9789428710938,753.49609375,576.6917114257812
1277,42.56658270874424,778.53369140625,239.9276580810547,786.3978271484375,234.92149353027344,771.3344116210938,233.37844848632812,793.9830322265625,238.3169708251953,755.7267456054688,233.46063232421875,798.6577758789062,266.4916076660156,741.7901000976562,263.22625732421875,811.9470825195312,214.434326171875,729.412109375,207.7288818359375,796.00341796875,153.7706298828125,741.6388549804688,148.46170043945312,795.0120849609375,406.1851806640625,755.4501953125,405.5699462890625,792.067138671875,493.3647155761719,750.5845336914062,494.6646423339844,784.1396484375,571.6156005859375,753.6143798828125,577.2266235351562
1278,42.59991597633136,778.6196899414062,239.9187774658203,786.4826049804688,234.90000915527344,771.41357421875,233.31700134277344,794.00341796875,238.2509765625,755.676025390625,233.3144073486328,798.7387084960938,266.439697265625,741.4735107421875,263.2701110839844,812.0921630859375,214.07591247558594,729.4837646484375,207.677001953125,796.4594116210938,154.11383056640625,742.4022216796875,148.29989624023438,795.0240478515625,406.4711608886719,755.2415771484375,405.86181640625,792.1236572265625,493.6174011230469,750.3869018554688,494.563720703125,784.100830078125,571.9631958007812,753.6807861328125,576.8270263671875
1279,42.63324924391847,778.4264526367188,239.9291534423828,786.3469848632812,234.93539428710938,771.2445678710938,233.34857177734375,794.1206665039062,238.44549560546875,755.9277954101562,233.47592163085938,798.9495239257812,267.1239318847656,741.8401489257812,263.374267578125,812.276123046875,215.44500732421875,728.7836303710938,208.23074340820312,797.359619140625,154.95770263671875,740.744140625,150.33514404296875,794.9790649414062,406.2716369628906,755.3892211914062,405.3683166503906,792.0993041992188,493.43994140625,750.5344848632812,493.9302978515625,784.0008544921875,571.5703735351562,753.4271240234375,576.3137817382812
1280,42.66658251150559,778.6836547851562,240.28526306152344,786.5519409179688,235.21258544921875,771.4501953125,233.69140625,794.22119140625,238.52423095703125,755.8856811523438,233.62966918945312,799.1465454101562,267.3739929199219,741.6735229492188,263.45086669921875,813.2315063476562,217.21456909179688,728.7091064453125,208.88217163085938,799.3870239257812,158.4492645263672,740.5869750976562,151.63453674316406,795.1412963867188,406.5954284667969,755.3726806640625,405.6989440917969,792.2001953125,493.6031494140625,750.4224243164062,494.3179016113281,783.8804931640625,571.5775756835938,753.275390625,576.8285522460938
1281,42.6999157790927,778.7034912109375,240.2803192138672,786.5755615234375,235.24664306640625,771.4757080078125,233.6295166015625,794.3160400390625,238.6500701904297,755.9511108398438,233.55101013183594,799.4542846679688,267.8746032714844,741.68798828125,263.42596435546875,814.2385864257812,218.9438934326172,728.2130126953125,209.93397521972656,801.4254150390625,160.3867645263672,739.5609130859375,153.902099609375,795.4076538085938,406.34564208984375,755.5706787109375,405.1734924316406,792.601806640625,493.4530944824219,750.732666015625,493.65130615234375,783.5859985351562,571.52587890625,752.9671020507812,576.3643188476562
1282,42.733249046679816,778.6724853515625,240.38182067871094,786.5888061523438,235.3123779296875,771.3190307617188,233.76925659179688,794.5255126953125,238.82774353027344,755.7583618164062,233.8739776611328,799.742431640625,268.5911560058594,741.9730224609375,263.67181396484375,815.2586059570312,221.50083923339844,728.8582153320312,210.5204315185547,804.195068359375,165.02008056640625,739.1217041015625,155.87152099609375,795.2722778320312,406.661865234375,755.4752197265625,405.280029296875,792.6817016601562,493.76190185546875,750.8359375,493.6144714355469,783.85498046875,571.8807983398438,752.9891357421875,576.4445190429688
1283,42.76658231426693,778.9152221679688,240.7860870361328,787.0126342773438,235.7191925048828,771.6411743164062,234.0922088623047,795.1161499023438,239.0869598388672,756.1935424804688,233.84075927734375,800.12109375,268.8652038574219,742.1319580078125,263.5972900390625,815.9768676757812,223.31121826171875,728.73095703125,211.728759765625,806.5963745117188,168.5503387451172,738.652099609375,158.31027221679688,795.4484252929688,406.9039001464844,755.5897827148438,405.419189453125,792.6658325195312,493.9659729003906,750.6942749023438,493.6527404785156,783.8472900390625,572.2093505859375,753.5299682617188,576.9414672851562
1284,42.799915581854044,778.7662963867188,240.83810424804688,786.8314208984375,235.7674560546875,771.5240478515625,234.14488220214844,794.8512573242188,239.2407989501953,755.9761352539062,233.93370056152344,800.0780029296875,269.6264953613281,741.6806030273438,263.93084716796875,817.9189453125,227.03201293945312,727.6409301757812,213.83624267578125,810.4324951171875,174.62606811523438,737.1494140625,162.1553192138672,795.3341064453125,406.84161376953125,755.4265747070312,405.3429870605469,792.622802734375,493.74310302734375,750.8576049804688,493.99951171875,783.9859619140625,571.93212890625,753.7288818359375,577.6835327148438
1285,42.833248849441155,778.7344970703125,240.73687744140625,786.77001953125,235.65745544433594,771.4715576171875,234.15481567382812,794.841796875,239.19296264648438,756.0867919921875,234.22080993652344,800.1832885742188,269.32965087890625,742.0452880859375,264.33306884765625,818.2030029296875,225.0186309814453,728.0234985351562,213.4990997314453,810.7291259765625,172.16453552246094,737.4219360351562,161.77452087402344,795.2835693359375,407.1771545410156,755.5110473632812,405.9350891113281,792.43701171875,494.1229553222656,750.7556762695312,494.8490905761719,784.1130981445312,572.1085815429688,753.453857421875,578.2710571289062
1286,42.866582117028265,778.3900756835938,240.8289794921875,786.500244140625,235.77951049804688,771.1925659179688,234.2001953125,794.76708984375,239.32664489746094,756.0773315429688,234.2294464111328,800.25341796875,269.40716552734375,742.0824584960938,264.4468078613281,818.7990112304688,224.9067840576172,727.8295288085938,214.2640380859375,811.6732177734375,171.264892578125,736.89599609375,162.82781982421875,795.2601318359375,407.19091796875,755.4740600585938,405.89093017578125,792.626708984375,494.1734313964844,750.7354125976562,494.6893615722656,784.359375,571.9514770507812,753.2705078125,577.8090209960938
1287,42.89991538461538,778.3616333007812,240.92774963378906,786.4752197265625,235.8429412841797,771.113525390625,234.35275268554688,794.8021850585938,239.32333374023438,756.052734375,234.44656372070312,800.3084716796875,269.125732421875,742.275146484375,264.5132141113281,818.0435180664062,224.08438110351562,728.3329467773438,213.63577270507812,810.0303344726562,170.1231689453125,737.8502197265625,160.74424743652344,795.4451293945312,407.301513671875,755.6080322265625,406.1591796875,792.8544311523438,494.1272888183594,750.6595458984375,494.8719177246094,784.6856079101562,572.267822265625,753.18798828125,578.23876953125
1288,42.933248652202494,778.0645751953125,240.97450256347656,786.2191162109375,235.85421752929688,770.7704467773438,234.42649841308594,794.6951904296875,239.35818481445312,755.744140625,234.62330627441406,800.2388916015625,269.1907043457031,742.1695556640625,264.8242492675781,818.3892211914062,223.19424438476562,728.4874267578125,213.42002868652344,810.3751220703125,168.83164978027344,738.49072265625,160.8094940185547,795.4725341796875,407.4292907714844,755.6062622070312,406.4359130859375,792.8817138671875,493.8098449707031,750.6497802734375,495.0538635253906,784.9267578125,572.0490112304688,753.2583618164062,578.7783203125
1289,42.96658191978961,778.3203125,240.9381561279297,786.5139770507812,235.86448669433594,771.068359375,234.37164306640625,794.9175415039062,239.5058135986328,755.9057006835938,234.59605407714844,800.2730712890625,269.4960632324219,742.1103515625,264.9581298828125,818.9254760742188,224.68246459960938,728.1682739257812,214.32334899902344,811.605712890625,171.43881225585938,737.4209594726562,162.17037963867188,795.33349609375,407.2730407714844,755.449462890625,406.2717590332031,793.0370483398438,493.7344055175781,750.6123046875,495.1829833984375,785.1167602539062,571.8093872070312,753.2901611328125,578.9989013671875
1290,42.99991518737672,778.6451416015625,241.1244659423828,786.763671875,235.89710998535156,771.2623901367188,234.59645080566406,795.218017578125,239.1023712158203,756.1048583984375,234.64430236816406,800.6284790039062,268.71343994140625,742.7144165039062,264.5840759277344,818.5706176757812,222.96282958984375,729.6580810546875,212.99131774902344,810.8053588867188,168.787353515625,739.6915283203125,159.34352111816406,795.5870971679688,407.2095947265625,755.7171020507812,406.3390197753906,793.000732421875,494.0185546875,750.6893920898438,495.5338439941406,785.0333251953125,572.1907958984375,753.1243286132812,579.2817993164062
1291,43.03324845496384,778.669677734375,241.25860595703125,786.7675170898438,236.0269012451172,771.3110961914062,234.69842529296875,795.1915283203125,239.06138610839844,756.1296997070312,234.56097412109375,800.706298828125,268.28515625,742.6502075195312,264.35870361328125,818.4498291015625,221.54324340820312,729.7477416992188,212.42921447753906,809.9898071289062,166.48287963867188,740.1709594726562,158.22283935546875,795.8554077148438,407.4374084472656,755.8623046875,406.591064453125,792.9478759765625,494.0068359375,750.564208984375,495.37420654296875,784.803955078125,572.4714965820312,753.1348876953125,579.1923217773438
1292,43.06658172255095,778.34033203125,240.98162841796875,786.472900390625,235.8258514404297,771.0870971679688,234.4581756591797,794.9384765625,239.0534210205078,756.1751708984375,234.46487426757812,800.5126953125,268.30194091796875,742.74169921875,264.3988342285156,818.4674682617188,221.8583221435547,729.5806884765625,212.89804077148438,809.954833984375,166.41128540039062,739.634521484375,158.62864685058594,795.8907470703125,407.2746276855469,756.08251953125,406.4794616699219,792.9913330078125,494.062255859375,750.7396240234375,495.7469482421875,785.118896484375,572.2669677734375,753.3451538085938,579.5262451171875
1293,43.09991499013807,778.6065063476562,241.01548767089844,786.7254638671875,235.81085205078125,771.315673828125,234.4765625,795.2268676757812,238.93368530273438,756.400390625,234.41162109375,800.9205932617188,268.3935241699219,742.8546142578125,264.33941650390625,819.0274658203125,222.9702606201172,729.5281372070312,213.5856475830078,810.7542114257812,167.8824462890625,739.8236083984375,159.78866577148438,795.9820556640625,407.0343017578125,756.033447265625,406.1899108886719,793.3886108398438,493.8388366699219,751.0247192382812,495.52008056640625,785.0570678710938,571.90771484375,753.331298828125,579.4091796875
1294,43.13324825772518,778.7725830078125,241.019287109375,786.9017333984375,235.8291015625,771.510986328125,234.42921447753906,795.3240356445312,238.9931182861328,756.5047607421875,234.28335571289062,801.062255859375,268.7423095703125,742.6880493164062,264.23162841796875,819.5872802734375,224.70468139648438,728.8915405273438,213.69309997558594,811.6786499023438,170.95143127441406,739.32421875,160.09344482421875,796.0177001953125,407.1075744628906,755.967529296875,406.14691162109375,793.411376953125,493.9076232910156,751.0948486328125,495.5378112792969,785.0225219726562,571.5299072265625,753.5012817382812,578.884521484375
1295,43.16658152531229,779.0255126953125,240.94398498535156,787.173828125,235.76025390625,771.7328491210938,234.28016662597656,795.5682983398438,238.996337890625,756.5504760742188,234.09637451171875,801.259521484375,268.98065185546875,742.5294189453125,264.1593017578125,819.6838989257812,224.84474182128906,728.985107421875,213.4759063720703,811.679443359375,170.97052001953125,739.9225463867188,159.99227905273438,796.1199951171875,407.2123107910156,755.8873291015625,406.0848083496094,793.507568359375,493.87451171875,751.1948852539062,495.0315246582031,784.6294555664062,571.736083984375,753.6892700195312,578.5198974609375
1296,43.199914792899406,779.9927368164062,240.36814880371094,787.9898071289062,235.11875915527344,772.5818481445312,233.6387176513672,795.9041748046875,238.4532928466797,756.6688232421875,233.47976684570312,801.2994384765625,269.0644226074219,742.08203125,263.8826599121094,819.7974243164062,225.0621337890625,728.6241455078125,212.3233642578125,811.6354370117188,171.62245178222656,741.015625,158.3354034423828,796.2820434570312,407.7193298339844,755.8324584960938,406.5859375,793.3255615234375,494.17340087890625,751.503173828125,495.4932556152344,783.7706298828125,572.0382080078125,753.9585571289062,578.9014892578125
1297,43.23324806048652,780.4140625,240.45494079589844,788.342529296875,235.24237060546875,773.0801391601562,233.70664978027344,796.0038452148438,238.40093994140625,757.1128540039062,233.3341827392578,801.0235595703125,268.4100646972656,742.2907104492188,263.6684875488281,819.00439453125,222.72134399414062,728.8545532226562,212.26834106445312,811.2591552734375,168.56971740722656,740.8841552734375,158.49819946289062,795.934326171875,407.5986633300781,755.767822265625,406.5423889160156,793.22119140625,494.31451416015625,751.5829467773438,495.3110656738281,783.1226806640625,572.2312622070312,753.70263671875,578.6495971679688
1298,43.266581328073634,780.5079345703125,240.4293670654297,788.4186401367188,235.26815795898438,773.2213745117188,233.69796752929688,795.9974365234375,238.41404724121094,757.1781616210938,233.2702178955078,800.8713989257812,268.0050354003906,742.44287109375,263.4037780761719,818.6895751953125,221.28170776367188,729.1653442382812,211.1991424560547,810.3989868164062,166.71377563476562,740.745849609375,157.1574249267578,796.1085815429688,407.4385986328125,756.01904296875,406.4347839355469,793.35498046875,493.93896484375,751.2876586914062,495.1265869140625,783.3947143554688,571.7293701171875,753.2348022460938,578.4157104492188
1299,43.299914595660745,780.48193359375,240.43621826171875,788.2467041015625,235.30911254882812,773.1937255859375,233.7514190673828,795.6087646484375,238.57594299316406,757.0386352539062,233.4609375,800.6285400390625,268.42254638671875,742.3143920898438,263.5889587402344,818.96875,222.8446807861328,729.3380126953125,211.9130859375,811.0330200195312,168.54513549804688,740.5979614257812,157.85638427734375,795.9110717773438,407.3175048828125,755.9481811523438,406.2242431640625,793.345703125,494.0208740234375,751.698486328125,495.1018981933594,783.0842895507812,571.5291137695312,753.3310546875,578.14208984375
1300,43.33324786324786,780.6213989257812,240.2173614501953,788.58984375,235.11038208007812,773.3313598632812,233.4743194580078,796.2005615234375,238.46798706054688,757.2147216796875,233.15768432617188,800.8526611328125,268.329833984375,742.56884765625,263.4831237792969,819.0103149414062,222.6063232421875,729.7584838867188,212.0795135498047,811.1537475585938,167.72994995117188,740.9552612304688,157.72454833984375,796.0105590820312,407.1346740722656,756.0012817382812,406.0592041015625,793.6835327148438,493.5858459472656,751.7400512695312,494.8376770019531,783.2385864257812,571.2280883789062,753.5121459960938,578.375732421875
1301,43.36658113083497,780.6262817382812,240.04824829101562,788.5792236328125,235.03811645507812,773.4404907226562,233.3195343017578,796.1307373046875,238.56634521484375,757.496826171875,233.11785888671875,800.8231201171875,268.3876647949219,742.7401733398438,263.57867431640625,819.099609375,222.75347900390625,729.2896728515625,213.06362915039062,811.43310546875,167.44154357910156,739.3231811523438,159.24755859375,795.98876953125,406.76904296875,756.171875,405.62982177734375,793.7598876953125,493.470947265625,751.9667358398438,494.4508972167969,783.4071655273438,570.9296264648438,753.676513671875,577.7384033203125
1302,43.39991439842209,780.51318359375,239.96524047851562,788.4556274414062,234.9454803466797,773.2945556640625,233.23573303222656,796.0333862304688,238.4820098876953,757.3515625,233.05221557617188,800.8018188476562,268.4476318359375,742.8126831054688,263.4245910644531,818.8639526367188,223.24708557128906,729.9894409179688,212.58740234375,811.1366577148438,168.2752227783203,739.885498046875,158.47348022460938,795.9056396484375,406.9342346191406,756.0921020507812,405.6589660644531,793.744384765625,493.81817626953125,751.821533203125,494.4044189453125,783.4408569335938,571.04736328125,753.484130859375,577.29345703125
1303,43.4332476660092,780.494873046875,239.98016357421875,788.5060424804688,234.92726135253906,773.2680053710938,233.17459106445312,796.1346435546875,238.5655517578125,757.2334594726562,233.01321411132812,800.9347534179688,269.01214599609375,742.3919067382812,263.8306884765625,819.5845336914062,224.47071838378906,729.0927734375,213.54513549804688,811.8882446289062,169.41720581054688,739.5029907226562,159.59844970703125,795.977783203125,407.67822265625,755.8776245117188,406.42279052734375,793.8264770507812,494.3730163574219,751.6663818359375,495.271240234375,783.6218872070312,571.2926025390625,753.5017700195312,577.97705078125
1304,43.46658093359632,780.554443359375,240.09852600097656,788.44580078125,235.03939819335938,773.3798217773438,233.3199005126953,795.8504028320312,238.47386169433594,757.2401733398438,232.9708709716797,800.764892578125,268.6397399902344,742.2850341796875,263.490234375,819.6679077148438,224.5875244140625,729.125244140625,213.33680725097656,812.063232421875,170.56344604492188,739.1660766601562,159.9068603515625,796.0089111328125,407.2506408691406,755.9690551757812,406.01702880859375,793.7195434570312,494.0494384765625,751.6149291992188,494.919677734375,784.1015014648438,571.157958984375,753.8275756835938,577.685302734375
1305,43.49991420118343,781.0409545898438,240.38270568847656,788.7488403320312,235.24032592773438,773.813720703125,233.61318969726562,795.8540649414062,238.43624877929688,757.381103515625,233.1580352783203,800.786376953125,268.5110778808594,742.3599853515625,263.57275390625,819.5804443359375,224.7138214111328,729.3193969726562,213.6384735107422,812.384033203125,171.80532836914062,738.8671875,160.73382568359375,796.0660400390625,407.3919677734375,756.0909423828125,406.1869812011719,793.5170288085938,494.0133972167969,751.5467529296875,494.58544921875,784.16357421875,571.793212890625,753.752685546875,577.6028442382812
1306,43.53324746877054,781.0130615234375,240.4674072265625,788.6541137695312,235.32252502441406,773.8109130859375,233.73130798339844,795.6881103515625,238.48025512695312,757.44482421875,233.2870635986328,800.9093017578125,268.60504150390625,742.1538696289062,263.6452331542969,820.2109985351562,226.45181274414062,728.3463745117188,215.05950927734375,813.3158569335938,174.6634521484375,737.7633056640625,162.9192657470703,795.9586181640625,406.8949890136719,755.8995361328125,405.7348327636719,793.7545776367188,493.6280822753906,751.9373168945312,494.442138671875,784.1528930664062,571.5038452148438,753.9511108398438,577.6967163085938
1307,43.56658073635766,780.6509399414062,240.5644073486328,788.5550537109375,235.38223266601562,773.3767700195312,233.80406188964844,796.162841796875,238.5814666748047,757.3577880859375,233.42877197265625,801.3460693359375,268.816162109375,742.6264038085938,263.8357849121094,820.1954345703125,225.93429565429688,728.8232421875,214.2830810546875,812.902587890625,173.7220916748047,738.4285278320312,161.75770568847656,796.2050170898438,407.2868347167969,756.1188354492188,406.11639404296875,793.7632446289062,493.7281188964844,751.8927001953125,494.7306823730469,784.0799560546875,571.4805297851562,753.9468383789062,578.0706176757812
1308,43.59991400394477,780.7411499023438,240.7200927734375,788.5606689453125,235.55828857421875,773.4720458984375,233.98130798339844,796.0082397460938,238.72886657714844,757.27001953125,233.58897399902344,801.1825561523438,268.7296447753906,742.4224243164062,263.8818359375,820.3161010742188,225.3641357421875,728.7756958007812,214.1897430419922,812.6863403320312,172.666259765625,738.2540893554688,161.4015655517578,796.0963745117188,406.9624328613281,755.9774169921875,405.842041015625,793.8028564453125,493.57281494140625,751.9691162109375,494.6796569824219,784.036376953125,571.492919921875,753.9998779296875,578.2284545898438
1309,43.633247271531886,780.3510131835938,240.73233032226562,788.4346313476562,235.56130981445312,773.0980224609375,233.9486846923828,796.3692016601562,238.7566680908203,757.3958740234375,233.539794921875,801.5017700195312,268.8377380371094,742.6381225585938,263.9735107421875,820.0291137695312,225.32791137695312,728.4638061523438,214.406005859375,812.5910034179688,172.5358123779297,738.2570190429688,161.52072143554688,796.0060424804688,407.1465148925781,755.81005859375,406.0165100097656,794.0648803710938,493.613525390625,751.8936767578125,494.661376953125,784.1046752929688,571.4495239257812,753.9777221679688,578.3031616210938
1310,43.666580539118996,780.78466796875,240.6802978515625,788.6968994140625,235.533203125,773.5182495117188,233.9012908935547,796.2039184570312,238.8621063232422,757.3134155273438,233.5865478515625,801.209716796875,269.1964416503906,742.4348754882812,264.1272277832031,820.1453247070312,226.41067504882812,728.521240234375,214.38978576660156,813.0368041992188,175.23785400390625,737.7761840820312,162.202880859375,795.9398193359375,407.2357177734375,755.8272705078125,406.0360412597656,793.886474609375,493.3702697753906,751.6295166015625,494.2583312988281,784.3707275390625,571.0830688476562,753.683837890625,577.430908203125
1311,43.699913806706114,780.1263427734375,240.59324645996094,788.1929931640625,235.39244079589844,772.8148193359375,233.85670471191406,796.2530517578125,238.53880310058594,757.34375,233.5300750732422,801.6520385742188,268.6930236816406,742.9765625,263.7628479003906,819.506103515625,225.7553253173828,729.1378173828125,214.17112731933594,812.8977661132812,174.07723999023438,738.6834716796875,161.36761474609375,796.0236206054688,407.0327453613281,755.92919921875,405.731689453125,793.7190551757812,493.6689453125,751.5341796875,493.7867431640625,784.096435546875,571.9082641601562,753.6917114257812,577.1739501953125
1312,43.733247074293224,780.514892578125,240.4018096923828,788.4315185546875,235.1754913330078,773.152587890625,233.71424865722656,796.2366943359375,238.45252990722656,757.4797973632812,233.59768676757812,801.6726684570312,268.97027587890625,743.0501708984375,263.978271484375,819.4178466796875,226.78880310058594,729.6198120117188,214.69110107421875,812.736328125,175.11126708984375,739.3092041015625,161.60159301757812,796.1610717773438,407.07757568359375,756.0540771484375,405.7621154785156,794.0050659179688,493.623779296875,751.7011108398438,493.6372375488281,784.5529174804688,571.8579711914062,753.7058715820312,576.9404907226562
1313,43.76658034188034,780.8777465820312,240.54568481445312,788.7904663085938,235.31642150878906,773.5384521484375,233.8391571044922,796.507080078125,238.40347290039062,757.7392578125,233.51913452148438,801.7354125976562,268.3368225097656,743.2503662109375,263.68048095703125,819.0828247070312,224.41221618652344,730.3896484375,213.3509521484375,811.62939453125,171.90524291992188,740.48876953125,159.46600341796875,796.3048706054688,407.08306884765625,756.1594848632812,405.8825988769531,794.1361083984375,493.6742248535156,751.5469360351562,493.7708740234375,784.7990112304688,571.7803955078125,753.7304077148438,576.8414916992188
1314,43.79991360946745,781.010009765625,240.565673828125,788.7767333984375,235.39938354492188,773.7100830078125,233.8397979736328,796.1629028320312,238.53607177734375,757.5068359375,233.47300720214844,801.3628540039062,268.36956787109375,742.7451171875,263.5545654296875,819.410888671875,224.11611938476562,730.0673217773438,212.67234802246094,811.100830078125,171.1608123779297,740.0628051757812,158.57911682128906,796.1475219726562,407.0370788574219,755.93310546875,405.8022766113281,794.06494140625,493.68585205078125,751.6001586914062,493.9484558105469,784.5946044921875,571.7283325195312,753.6246948242188,576.9102783203125
1315,43.83324687705457,780.7703247070312,240.49664306640625,788.5661010742188,235.36695861816406,773.4334716796875,233.84103393554688,796.1068725585938,238.7725830078125,757.3994140625,233.8125457763672,801.4691772460938,268.870361328125,742.9172973632812,263.9527282714844,819.4757690429688,224.8533172607422,730.0731201171875,212.83982849121094,811.1719970703125,171.9886016845703,739.7864379882812,158.776611328125,796.2294311523438,407.11077880859375,756.0595092773438,405.8160400390625,794.1549072265625,493.6452941894531,751.709716796875,493.81341552734375,784.89208984375,571.808837890625,753.6680297851562,576.8184814453125
1316,43.86658014464168,780.9098510742188,240.45223999023438,788.6936645507812,235.349853515625,773.5318603515625,233.8258056640625,796.1802978515625,238.98191833496094,757.2237548828125,234.01524353027344,801.3884887695312,269.3751525878906,742.7442016601562,264.4243469238281,820.1492919921875,225.77471923828125,729.7408447265625,213.65562438964844,811.899169921875,172.90109252929688,738.6971435546875,160.18019104003906,796.1530151367188,407.3680419921875,755.9581298828125,406.1254577636719,794.0263061523438,493.8068542480469,751.716796875,494.5283508300781,784.7642822265625,571.5577392578125,753.5526733398438,577.5070190429688
1317,43.89991341222879,780.4013671875,240.61807250976562,788.1768188476562,235.47715759277344,773.0399169921875,234.03477478027344,795.87890625,238.8828125,757.1898803710938,234.1258087158203,801.5259399414062,269.0614013671875,742.9765014648438,264.03729248046875,819.8389282226562,226.03826904296875,730.0488891601562,213.0282440185547,811.463134765625,173.6765899658203,739.4287109375,159.1007537841797,796.0989379882812,406.8406982421875,755.9380493164062,405.5239562988281,794.0706787109375,493.39581298828125,751.6915893554688,493.80828857421875,784.9003295898438,571.7297973632812,753.3797607421875,577.150634765625
1318,43.93324667981591,780.3767700195312,240.73040771484375,788.2297973632812,235.58428955078125,772.9840698242188,234.1101837158203,796.0700073242188,239.05474853515625,757.1798095703125,234.22842407226562,801.6617431640625,269.44146728515625,743.0904541015625,264.1968688964844,819.9940795898438,226.46005249023438,730.001220703125,212.79275512695312,811.7550048828125,174.03359985351562,739.349609375,158.58189392089844,796.0968017578125,407.29974365234375,755.9426879882812,405.8938293457031,793.9896850585938,493.7799072265625,751.7335815429688,494.0990295410156,784.625732421875,572.1089477539062,753.2955322265625,577.394287109375
1319,43.96657994740302,780.4879760742188,240.88294982910156,788.351806640625,235.78036499023438,773.1370849609375,234.24635314941406,796.0716552734375,239.2821807861328,757.1422729492188,234.29417419433594,801.4298095703125,269.3738708496094,743.0546875,264.1645812988281,820.0219116210938,225.16751098632812,730.6490478515625,211.58702087402344,811.8067016601562,172.17453002929688,740.3375244140625,156.66244506835938,796.1032104492188,407.48883056640625,755.989013671875,406.1337890625,793.8576049804688,493.68603515625,751.260009765625,494.20184326171875,784.9481811523438,571.826904296875,753.137939453125,577.2908935546875
1320,43.99991321499014,780.74365234375,241.0458526611328,788.5728759765625,235.9097900390625,773.3866577148438,234.4072723388672,796.2406616210938,239.23043823242188,757.374755859375,234.31446838378906,801.55126953125,269.14556884765625,743.1388549804688,263.983642578125,819.8660278320312,224.94622802734375,730.6336059570312,211.5808563232422,811.8584594726562,171.9720001220703,740.4012451171875,156.5723876953125,795.9689331054688,407.2038269042969,755.85205078125,405.8329772949219,793.6651000976562,493.5538330078125,751.2532958984375,493.810546875,784.8046875,572.1395874023438,753.3310546875,577.1806640625
1321,44.03324648257725,780.7512817382812,241.15585327148438,788.616943359375,236.0340118408203,773.412353515625,234.50454711914062,796.3458251953125,239.34912109375,757.5392456054688,234.3775177001953,801.5322265625,269.2325439453125,743.4209594726562,264.0586242675781,819.32275390625,224.53111267089844,731.0877685546875,211.40869140625,811.5515747070312,171.04403686523438,740.7959594726562,155.91433715820312,796.0264282226562,407.16424560546875,756.0769653320312,405.7457580566406,793.665771484375,493.607666015625,751.335693359375,493.58544921875,784.576904296875,571.8541259765625,753.345458984375,576.60791015625
1322,44.066579750164365,780.9468994140625,241.25973510742188,788.7347412109375,236.05581665039062,773.5031127929688,234.6194305419922,796.3722534179688,239.2750701904297,757.3997802734375,234.51771545410156,801.5775146484375,269.2323913574219,743.40966796875,264.1812744140625,819.4109497070312,224.17103576660156,731.3908081054688,210.90939331054688,811.5865478515625,171.19174194335938,741.0645141601562,155.560546875,796.0591430664062,407.5384216308594,756.048828125,406.1609191894531,793.7203369140625,493.90447998046875,751.3361206054688,493.8689880371094,784.7584228515625,572.475341796875,753.209716796875,577.058349609375
1323,44.099913017751476,780.597900390625,241.32936096191406,788.4595947265625,236.09054565429688,773.1380004882812,234.69943237304688,796.3145141601562,239.24168395996094,757.3125610351562,234.57398986816406,801.5811157226562,269.24285888671875,743.7122802734375,264.13079833984375,819.081787109375,224.3639678955078,732.12353515625,210.61578369140625,811.4894409179688,171.1396026611328,742.1494750976562,154.60694885253906,796.1323852539062,407.56689453125,756.2678833007812,406.1693420410156,793.5234985351562,493.9567565917969,751.3052368164062,493.9111633300781,784.6739501953125,572.7463989257812,753.2554321289062,577.4049072265625
1324,44.13324628533859,780.6406860351562,241.22756958007812,788.5708618164062,235.89486694335938,773.1286010742188,234.55258178710938,796.4851684570312,238.87005615234375,757.1974487304688,234.26593017578125,801.6863403320312,268.9134521484375,743.465087890625,263.96002197265625,819.0708618164062,224.38502502441406,731.5466918945312,210.81626892089844,812.0388793945312,172.46937561035156,741.9766845703125,155.55181884765625,796.3682861328125,407.8069763183594,756.3146362304688,406.54827880859375,793.4540405273438,493.90887451171875,751.0527954101562,494.11322021484375,784.830810546875,572.7905883789062,753.4373779296875,577.7041625976562
1325,44.166579552925704,780.5624389648438,241.2991180419922,788.4526977539062,236.04830932617188,773.1137084960938,234.67132568359375,796.2549438476562,239.1560516357422,757.1990966796875,234.45510864257812,801.4282836914062,269.06243896484375,743.3515014648438,264.0524597167969,818.9884033203125,224.4219970703125,731.5390014648438,210.8737335205078,812.0892944335938,172.13868713378906,742.2000122070312,155.25611877441406,796.270751953125,407.407470703125,756.3030395507812,406.159423828125,793.4903564453125,493.630615234375,751.1525268554688,493.9329528808594,784.7079467773438,572.4924926757812,753.5174560546875,577.6600952148438
1326,44.19991282051282,780.29638671875,241.21578979492188,788.2200317382812,235.99375915527344,772.8729248046875,234.58309936523438,796.0856323242188,239.2340087890625,757.09228515625,234.46694946289062,801.3264770507812,269.23193359375,743.3345947265625,264.03302001953125,818.66552734375,224.64903259277344,730.9843139648438,210.4636688232422,811.317626953125,171.92474365234375,741.3021850585938,154.45762634277344,796.3192749023438,407.6622314453125,756.384765625,406.3439025878906,793.4969482421875,493.9371032714844,751.0214233398438,494.1772766113281,785.090576171875,572.8394165039062,753.3731079101562,577.7898559570312
1327,44.23324608809993,780.2327880859375,241.2633514404297,788.1744995117188,236.01699829101562,772.8250122070312,234.64988708496094,796.1177978515625,239.1645965576172,757.12744140625,234.5090789794922,801.302978515625,269.14337158203125,743.4591674804688,264.1422424316406,818.8649291992188,225.0620880126953,730.6512451171875,211.4751434326172,811.8179321289062,173.3643341064453,739.93212890625,157.09597778320312,796.103271484375,407.2942199707031,756.338134765625,406.04998779296875,793.2440795898438,493.5428771972656,751.0570068359375,494.0658264160156,785.0806884765625,572.4080810546875,753.417724609375,577.8984985351562
1328,44.26657935568704,780.4053344726562,241.20654296875,788.2239379882812,236.05859375,773.023193359375,234.64697265625,795.9564819335938,239.4449462890625,757.1957397460938,234.71096801757812,801.1429443359375,269.38897705078125,743.4411010742188,264.31011962890625,818.7713012695312,224.7616424560547,730.7039184570312,211.60711669921875,811.0318603515625,171.04257202148438,739.5882568359375,156.5491180419922,796.2041015625,406.92974853515625,756.5031127929688,405.61114501953125,793.4921264648438,493.2718505859375,751.4590454101562,493.6625671386719,784.9619750976562,571.9629516601562,753.53857421875,577.4378662109375
1329,44.29991262327416,780.2564086914062,240.8056182861328,788.054931640625,235.73599243164062,772.8880004882812,234.33782958984375,795.7230834960938,239.49363708496094,757.133056640625,234.8095245361328,800.869873046875,269.6169738769531,743.4119873046875,264.78558349609375,818.3707275390625,224.75994873046875,730.2421875,212.57644653320312,810.5772705078125,170.28115844726562,738.5619506835938,157.3727569580078,796.1575927734375,407.0523681640625,756.6055297851562,405.8383483886719,793.4500122070312,493.5363464355469,751.5284423828125,494.1858825683594,784.8219604492188,572.0474853515625,753.3912963867188,577.9628295898438
1330,44.33324589086127,780.4733276367188,241.0724334716797,788.2575073242188,235.96768188476562,773.10009765625,234.52664184570312,795.7476806640625,239.67295837402344,756.96240234375,234.83511352539062,800.6746826171875,269.9703369140625,742.920166015625,264.85186767578125,818.76318359375,225.6490020751953,729.3057250976562,212.64418029785156,811.1039428710938,171.95970153808594,737.509765625,158.38377380371094,796.0250244140625,407.417724609375,756.3673095703125,406.1964111328125,793.274169921875,493.6344299316406,751.4060668945312,494.595458984375,785.0354614257812,572.3073120117188,753.6074829101562,578.6621704101562
1331,44.36657915844839,780.3615112304688,240.9431610107422,788.0803833007812,235.84762573242188,772.96142578125,234.4741973876953,795.51123046875,239.60137939453125,756.789306640625,234.94432067871094,800.4783325195312,269.74749755859375,743.0036010742188,264.8807678222656,818.1844482421875,224.93148803710938,729.7183227539062,212.0049591064453,809.7320556640625,171.52943420410156,737.6266479492188,157.4598846435547,795.9888305664062,407.4129333496094,756.4266967773438,406.2660217285156,793.1146850585938,493.6362609863281,751.2136840820312,494.68475341796875,785.2085571289062,572.6204223632812,753.3619995117188,578.8726196289062
1332,44.3999124260355,780.43408203125,240.9213104248047,788.1470947265625,235.83761596679688,773.03125,234.44515991210938,795.51904296875,239.6605682373047,756.7403564453125,234.95718383789062,800.3804931640625,269.8924560546875,742.9400024414062,264.99261474609375,818.2771606445312,224.79742431640625,729.7384033203125,211.9066162109375,809.5777587890625,171.18092346191406,737.3104858398438,157.5958709716797,795.8312377929688,407.7256164550781,756.2941284179688,406.5592956542969,792.8881225585938,494.0832824707031,751.1173706054688,495.1840515136719,785.129638671875,572.6681518554688,753.3438720703125,579.0006103515625
1333,44.43324569362262,780.7922973632812,241.04498291015625,788.3775634765625,235.9864044189453,773.4407348632812,234.5672149658203,795.3780517578125,239.7388916015625,756.845947265625,234.9630126953125,799.99169921875,269.4512939453125,742.8435668945312,264.6386413574219,817.159912109375,222.51458740234375,730.4448852539062,209.41433715820312,806.34765625,167.21322631835938,739.5560302734375,152.8712921142578,795.7978515625,407.943359375,756.2730712890625,406.8858947753906,792.7503662109375,494.1088562011719,750.9415283203125,495.5279846191406,785.36181640625,572.8380126953125,753.4105224609375,579.2202758789062
1334,44.46657896120973,780.8126220703125,241.0933837890625,788.3438110351562,236.04966735839844,773.5093994140625,234.65928649902344,795.2839965820312,239.8096466064453,757.06640625,235.09353637695312,800.0912475585938,269.4453430175781,742.7882690429688,264.8135681152344,817.1994018554688,222.86703491210938,730.0487060546875,210.47792053222656,806.6765747070312,167.37538146972656,739.276611328125,153.77386474609375,796.00244140625,407.5772399902344,756.3792114257812,406.5865478515625,793.024658203125,493.9403381347656,750.912841796875,495.3260803222656,785.5196533203125,572.5890502929688,753.3032836914062,578.984619140625
1335,44.499912228796845,780.739990234375,240.96617126464844,788.2850952148438,235.95799255371094,773.4299926757812,234.55340576171875,795.333740234375,239.86422729492188,757.1730346679688,235.145263671875,800.17724609375,269.69427490234375,743.0521850585938,264.9407043457031,817.2742919921875,223.4636688232422,730.1110229492188,211.230712890625,807.0669555664062,167.12501525878906,739.0784912109375,154.49029541015625,796.0236206054688,407.2473449707031,756.50439453125,406.177490234375,793.4501953125,493.72265625,751.329833984375,495.0021667480469,785.3975830078125,572.45458984375,753.0789794921875,578.9959716796875
1336,44.533245496383955,780.2886352539062,241.0001983642578,788.0340576171875,235.95697021484375,772.9144897460938,234.55906677246094,795.543701171875,239.81829833984375,756.9896850585938,235.11495971679688,800.5700073242188,269.7394104003906,743.205810546875,264.80499267578125,817.5239868164062,223.67349243164062,730.5744018554688,210.42103576660156,807.5619506835938,167.9889373779297,740.446533203125,153.08218383789062,796.03857421875,407.3819580078125,756.3389892578125,406.2543640136719,793.8382568359375,493.8157958984375,751.4804077148438,494.99786376953125,785.248046875,572.375244140625,753.0819091796875,578.8541259765625
1337,44.566578763971066,780.69873046875,241.25732421875,788.474853515625,236.1011962890625,773.2556762695312,234.77235412597656,796.0243530273438,239.71774291992188,757.220947265625,235.1106414794922,801.0826416015625,269.8222351074219,743.2440795898438,264.7705993652344,817.8916015625,224.59481811523438,730.6885986328125,210.48902893066406,808.3883666992188,170.1499786376953,741.1610717773438,153.23963928222656,796.2415771484375,407.7412414550781,756.2808837890625,406.5942687988281,793.7984008789062,493.9151916503906,751.2537841796875,494.9913635253906,785.1930541992188,572.61181640625,753.2661743164062,578.9807739257812
1338,44.59991203155818,781.1412353515625,241.2515106201172,788.6641845703125,236.1337127685547,773.7339477539062,234.810791015625,795.7075805664062,239.66567993164062,757.1620483398438,235.0621795654297,800.7278442382812,269.2686767578125,742.9510498046875,264.3774719238281,818.0348510742188,223.38233947753906,731.098876953125,209.6604766845703,807.138916015625,168.0272216796875,741.9000244140625,152.14120483398438,796.2959594726562,407.22808837890625,756.28125,406.1645812988281,793.5878295898438,493.3540954589844,751.0149536132812,494.8018798828125,785.3062744140625,572.4862060546875,752.9933471679688,579.1600341796875
1339,44.633245299145294,781.3050537109375,241.11245727539062,788.8751831054688,235.93319702148438,773.8736572265625,234.60528564453125,795.9268798828125,239.3089141845703,757.0991821289062,234.69129943847656,800.8816528320312,268.9652099609375,742.7183227539062,264.322265625,818.8444213867188,223.37240600585938,730.7845458984375,210.3411102294922,808.5689086914062,169.051025390625,741.328369140625,153.63259887695312,796.3238525390625,407.4248962402344,756.1488647460938,406.49102783203125,793.560546875,493.6572265625,750.9966430664062,495.3689880371094,785.3591918945312,572.4168090820312,753.3040161132812,579.3809814453125
1340,44.66657856673241,780.8373413085938,241.06784057617188,788.6017456054688,235.94003295898438,773.42919921875,234.5554656982422,796.1412353515625,239.45977783203125,757.2919921875,234.75582885742188,801.2142333984375,269.2770080566406,743.1539916992188,264.38702392578125,818.663330078125,223.9181365966797,730.5472412109375,211.07977294921875,809.2844848632812,168.50241088867188,740.6788940429688,154.2725830078125,796.364990234375,407.0538330078125,756.2725830078125,405.9152526855469,793.865478515625,493.4832458496094,751.1578979492188,494.5319519042969,785.3400268554688,572.2535400390625,753.1992797851562,578.5806274414062
1341,44.69991183431952,781.0648803710938,241.0618133544922,788.7723999023438,235.89356994628906,773.60791015625,234.5924530029297,796.2308959960938,239.4821319580078,757.4848022460938,234.9554901123047,801.4005737304688,269.45550537109375,743.257568359375,264.6650695800781,818.3594360351562,223.58787536621094,730.8194580078125,210.7784423828125,808.6804809570312,167.51284790039062,741.8590698242188,152.9949188232422,796.4839477539062,407.683349609375,756.3123779296875,406.58111572265625,793.745361328125,494.0289611816406,751.1534423828125,494.968505859375,785.1343994140625,572.833251953125,753.2948608398438,578.862060546875
1342,44.73324510190664,781.5391845703125,241.04913330078125,789.1165771484375,235.8930206298828,774.1257934570312,234.52308654785156,796.236572265625,239.53231811523438,757.6804809570312,234.8544921875,801.5419311523438,269.97076416015625,742.7757568359375,264.9645690917969,819.8079223632812,226.45913696289062,729.030517578125,213.58291625976562,811.7987060546875,172.76605224609375,738.564453125,158.34669494628906,796.3661499023438,407.5566101074219,756.0703125,406.33917236328125,793.8143920898438,494.0896301269531,751.321044921875,494.6571960449219,785.1575927734375,572.8695678710938,753.4012451171875,578.3306274414062
1343,44.76657836949375,782.0757446289062,241.04429626464844,789.4796142578125,235.81944274902344,774.6593627929688,234.4717559814453,796.1533813476562,239.1612548828125,757.6065063476562,234.4808349609375,801.282470703125,269.3464660644531,742.2875366210938,264.4883117675781,820.1006469726562,225.74276733398438,729.031982421875,212.74124145507812,811.3924560546875,172.39236450195312,739.2786865234375,157.3026123046875,796.4199829101562,407.5574035644531,755.970458984375,406.5431213378906,793.746826171875,493.9214172363281,751.3209228515625,495.2276611328125,785.2188110351562,572.640869140625,753.5947265625,578.9697875976562
1344,44.79991163708087,781.8116455078125,240.81507873535156,789.3544311523438,235.6083984375,774.4478149414062,234.20379638671875,796.3501586914062,238.8680877685547,757.8751220703125,234.09683227539062,801.6812744140625,269.0092468261719,742.5418701171875,264.1512451171875,820.31787109375,226.1951904296875,728.7901000976562,213.81895446777344,812.212158203125,172.58685302734375,739.012939453125,158.37059020996094,796.5326538085938,407.1767272949219,756.0387573242188,406.09716796875,794.0380859375,493.9819641113281,751.6315307617188,494.976806640625,784.8477783203125,572.7301025390625,753.6757202148438,578.8158569335938
1345,44.83324490466798,781.6929321289062,240.86038208007812,789.2286987304688,235.62457275390625,774.3419799804688,234.2725372314453,796.2518920898438,238.7234344482422,757.8551635742188,234.06349182128906,801.6322631835938,268.54937744140625,742.654541015625,263.90087890625,820.0487060546875,224.9053955078125,729.286376953125,212.7594757080078,811.3572387695312,171.13035583496094,739.7222900390625,156.991455078125,796.6279296875,407.25860595703125,756.14794921875,406.27056884765625,794.1951293945312,493.8011779785156,751.5828247070312,494.94134521484375,785.4279174804688,572.9948120117188,753.8121948242188,579.2188720703125
1346,44.866578172255096,781.8571166992188,240.72731018066406,789.3031005859375,235.50253295898438,774.530517578125,234.0921173095703,796.0428466796875,238.55166625976562,757.6962890625,233.75108337402344,801.3421020507812,268.29718017578125,742.1566772460938,263.7226867675781,820.144287109375,224.60511779785156,728.653076171875,212.8192138671875,811.6878662109375,171.34432983398438,739.0970458984375,157.3654022216797,796.68603515625,407.01104736328125,756.1619262695312,406.0987854003906,794.1412963867188,493.5126037597656,751.680419921875,494.7726745605469,785.1554565429688,572.3549194335938,754.0176391601562,578.6127319335938
1347,44.89991143984221,782.0213623046875,240.75558471679688,789.4393310546875,235.48158264160156,774.6668701171875,234.1147003173828,796.1764526367188,238.3487091064453,757.8488159179688,233.6154327392578,801.4525756835938,267.9838562011719,742.4365844726562,263.34796142578125,820.2985229492188,224.24884033203125,729.4208374023438,211.887451171875,812.07568359375,170.70326232910156,740.7625732421875,155.60609436035156,796.8786010742188,406.99871826171875,756.4042358398438,406.1558532714844,794.599609375,493.2969055175781,752.1839599609375,494.96795654296875,784.8366088867188,572.0963134765625,753.8920288085938,579.1458740234375
1348,44.93324470742932,782.3556518554688,240.75180053710938,789.733154296875,235.4414825439453,774.9617919921875,234.0738525390625,796.4400024414062,238.2192840576172,758.1088256835938,233.54232788085938,801.783935546875,267.93560791015625,742.572021484375,263.40899658203125,820.1947021484375,224.00714111328125,729.2805786132812,212.6449432373047,812.2296752929688,170.27163696289062,739.8234252929688,156.9879608154297,796.9014892578125,407.1094970703125,756.393798828125,406.12890625,794.4163818359375,493.8923645019531,752.2674560546875,494.65753173828125,784.55078125,572.7135620117188,754.1304931640625,578.360595703125
1349,44.966577975016435,782.642822265625,240.8559112548828,790.0548095703125,235.4833984375,775.2518310546875,234.14895629882812,796.71484375,238.09298706054688,758.3033447265625,233.46453857421875,801.8823852539062,267.6714172363281,742.590576171875,263.4664306640625,820.3124389648438,223.73049926757812,729.171630859375,212.77288818359375,812.3900756835938,171.02769470214844,740.3389282226562,157.0519256591797,796.9577026367188,406.9772644042969,756.4072875976562,406.240966796875,794.5390014648438,493.3636474609375,752.2063598632812,494.8254089355469,784.5569458007812,572.1976318359375,754.0890502929688,578.8032836914062
1350,44.999911242603545,782.7745971679688,240.7079315185547,790.2514038085938,235.31982421875,775.4190063476562,233.95852661132812,797.0161743164062,237.8616485595703,758.6583251953125,233.20440673828125,802.1835327148438,267.4543151855469,742.7735595703125,263.4227294921875,820.1015625,223.6448974609375,728.6260986328125,213.90626525878906,812.2167358398438,170.52610778808594,739.3321533203125,158.78941345214844,797.14306640625,406.8136291503906,756.5741577148438,406.06634521484375,794.4920654296875,493.4223327636719,752.148193359375,494.58001708984375,784.6472778320312,572.1509399414062,754.2735595703125,578.3356323242188
1351,45.03324451019066,783.0482177734375,240.6435546875,790.5112915039062,235.26185607910156,775.6635131835938,233.9287567138672,797.2676391601562,237.9616241455078,758.8938598632812,233.38888549804688,802.3916015625,267.8173828125,742.9285888671875,263.8602294921875,820.2473754882812,224.58407592773438,728.3148193359375,215.19317626953125,812.4998168945312,171.39706420898438,738.5582885742188,160.37652587890625,797.1802368164062,407.1023254394531,756.6126708984375,406.37725830078125,794.5039672851562,493.83441162109375,752.3779296875,495.0413513183594,784.527587890625,572.4390258789062,754.3816528320312,578.7140502929688
1352,45.06657777777777,782.6329345703125,240.6608428955078,790.0944213867188,235.3184814453125,775.3021850585938,233.9404296875,796.8955688476562,238.0621795654297,758.714599609375,233.41798400878906,802.2058715820312,267.8599853515625,742.701416015625,263.797119140625,820.0823974609375,224.91796875,727.725830078125,215.26622009277344,812.26611328125,171.77418518066406,737.8682861328125,160.33966064453125,797.0059814453125,406.84637451171875,756.4244995117188,406.0670166015625,794.6939697265625,493.5428466796875,752.3424072265625,494.59375,784.697021484375,572.35400390625,754.1235961914062,578.337890625
1353,45.09991104536489,782.60791015625,240.7514190673828,790.070556640625,235.31434631347656,775.2306518554688,233.9727020263672,796.9962768554688,237.85768127441406,758.7762451171875,233.29339599609375,802.7031860351562,267.9437561035156,742.5965576171875,263.7207946777344,820.60888671875,226.28001403808594,727.4708862304688,215.90223693847656,812.9335327148438,173.6282958984375,738.6864624023438,160.67025756835938,797.294677734375,406.96435546875,756.4074096679688,406.13275146484375,794.9268188476562,493.5771179199219,752.5460205078125,494.4702453613281,784.2699584960938,572.1845092773438,754.095703125,577.9120483398438
1354,45.133244312952,782.9686279296875,240.7222137451172,790.41845703125,235.2205047607422,775.531494140625,233.93858337402344,797.2340698242188,237.61663818359375,758.8314208984375,233.15577697753906,802.6661987304688,267.4529113769531,742.47314453125,263.65643310546875,820.1940307617188,224.535400390625,727.509521484375,215.4523162841797,812.5447387695312,171.8111114501953,739.7743530273438,160.21864318847656,797.4752807617188,407.040283203125,756.4755859375,406.4525146484375,795.0768432617188,493.6728210449219,752.5094604492188,494.95648193359375,784.3221435546875,572.10498046875,754.1624755859375,578.2764282226562
1355,45.16657758053912,782.6510009765625,240.53909301757812,790.313232421875,235.04750061035156,775.28759765625,233.7582244873047,797.5269775390625,237.45947265625,759.2298583984375,233.012939453125,803.0244750976562,267.2946472167969,742.919921875,263.7080383300781,820.0280151367188,225.30397033691406,726.7955932617188,217.14158630371094,813.2883911132812,173.20594787597656,738.3557739257812,162.4875946044922,797.423583984375,406.453857421875,756.55224609375,405.9125061035156,795.1683349609375,493.2613830566406,752.5453491210938,494.4833984375,784.34814453125,571.9401245117188,754.2265014648438,578.2327880859375
1356,45.19991084812623,782.9217529296875,240.47296142578125,790.55224609375,234.9352569580078,775.5408325195312,233.673095703125,797.678466796875,237.1724395751953,759.3234252929688,232.77980041503906,803.0079345703125,266.82537841796875,743.00341796875,263.43438720703125,819.8856201171875,224.11416625976562,727.4271850585938,216.36123657226562,813.2562255859375,171.9847869873047,739.2828369140625,161.52947998046875,797.4661254882812,406.6513977050781,756.6143188476562,406.1977233886719,795.0203247070312,493.1929626464844,752.421630859375,494.4867858886719,784.368896484375,571.7549438476562,754.3079833984375,578.01025390625
1357,45.23324411571335,783.0377197265625,240.7572479248047,790.6572875976562,235.14236450195312,775.5964965820312,233.9755096435547,797.8221435546875,237.25344848632812,759.3565063476562,233.02610778808594,803.2401123046875,267.0403747558594,743.0458374023438,263.4535217285156,819.9056396484375,225.1999053955078,727.4175415039062,216.2213134765625,812.9035034179688,173.4078369140625,739.61376953125,161.1643524169922,797.5389404296875,406.88702392578125,756.5361938476562,406.4095764160156,794.9217529296875,493.4815979003906,752.2294311523438,494.9121398925781,784.665771484375,571.8146362304688,754.3534545898438,578.2588500976562
1358,45.26657738330046,782.9869995117188,240.77410888671875,790.555908203125,235.1253204345703,775.481201171875,234.01426696777344,797.7328491210938,237.10707092285156,759.2079467773438,233.0369110107422,803.1293334960938,266.6941223144531,743.2782592773438,263.2415771484375,819.3757934570312,224.10726928710938,728.5416259765625,215.27993774414062,812.4280395507812,171.89434814453125,740.9920654296875,159.60174560546875,797.5933227539062,406.7854309082031,756.7332763671875,406.3093566894531,794.8842163085938,493.41815185546875,752.398193359375,494.605712890625,784.5424194335938,572.044189453125,754.4141845703125,578.0365600585938
1359,45.29991065088757,783.0231323242188,240.75765991210938,790.5704345703125,235.04232788085938,775.5096435546875,233.92884826660156,797.7012939453125,236.8543243408203,759.1278076171875,232.74832153320312,803.3377685546875,266.6409912109375,743.026611328125,263.01513671875,819.882080078125,224.4752960205078,728.60400390625,214.6942596435547,812.1602172851562,172.77789306640625,741.8276977539062,158.8628692626953,797.7744140625,407.2833251953125,756.641357421875,406.7657775878906,794.91259765625,493.8975830078125,752.224853515625,495.1240234375,784.6757202148438,572.2648315429688,754.44091796875,578.2005004882812
1360,45.333243918474686,783.205078125,240.754150390625,790.6539306640625,235.08200073242188,775.6929931640625,234.0027618408203,797.6043090820312,237.05526733398438,759.1737060546875,233.01072692871094,803.1810302734375,266.8818664550781,743.1124267578125,263.2525939941406,819.8411865234375,225.18658447265625,728.8965454101562,215.1753692626953,812.1102905273438,173.00491333007812,741.7227172851562,158.8794403076172,797.8956298828125,407.25799560546875,756.8582763671875,406.7774658203125,794.9088745117188,494.1833190917969,752.2976684570312,495.66552734375,784.7755737304688,572.2530517578125,754.3826904296875,578.6285400390625
1361,45.3665771860618,782.8930053710938,240.844970703125,790.5489501953125,235.12277221679688,775.3165893554688,234.1053466796875,798.0211791992188,237.0398406982422,759.1995849609375,233.15737915039062,803.6821899414062,266.84417724609375,743.5743408203125,263.25701904296875,819.81494140625,225.21385192871094,729.2183837890625,214.72047424316406,811.8866577148438,173.0980987548828,742.4345092773438,157.88711547851562,797.9998779296875,407.252685546875,756.892578125,406.79986572265625,794.8914794921875,493.9291687011719,752.1663208007812,495.5915222167969,784.8156127929688,571.9814453125,754.2991943359375,578.57568359375
1362,45.399910453648914,782.6661987304688,240.75100708007812,790.3567504882812,235.052490234375,775.1263427734375,234.0146026611328,797.914794921875,236.927001953125,759.1458129882812,233.03549194335938,803.562255859375,266.4800720214844,743.5966186523438,263.1517639160156,819.5360107421875,224.2601318359375,729.3797607421875,214.8320770263672,811.2864379882812,171.47027587890625,742.28955078125,157.9006805419922,797.8723754882812,407.04632568359375,756.8236083984375,406.65283203125,794.8502807617188,493.97943115234375,752.1614990234375,495.6763610839844,784.69921875,572.1699829101562,754.2923583984375,578.8756103515625
1363,45.433243721236025,782.7946166992188,240.71522521972656,790.4472045898438,235.04441833496094,775.2263793945312,234.0013427734375,797.885009765625,237.01942443847656,759.0826416015625,233.1450653076172,803.2498168945312,266.4636535644531,743.67333984375,263.216064453125,818.7598266601562,223.16860961914062,729.63427734375,213.93858337402344,810.4105834960938,170.31158447265625,742.243896484375,156.95816040039062,797.6439819335938,407.10150146484375,756.8328247070312,406.71807861328125,794.5726928710938,494.07464599609375,752.2677001953125,495.6378173828125,784.5269165039062,572.3838500976562,754.4564819335938,578.739013671875
1364,45.46657698882314,781.9102783203125,240.6416778564453,789.8087158203125,234.9983367919922,774.2682495117188,234.02723693847656,797.9762573242188,237.31289672851562,758.8157348632812,233.66448974609375,803.6100463867188,267.11651611328125,744.2002563476562,263.8904724121094,819.0369873046875,224.04051208496094,730.2787475585938,214.5746612548828,811.1183471679688,170.58670043945312,743.1241455078125,157.08914184570312,797.5374145507812,407.0540466308594,756.7981567382812,406.64764404296875,794.6220703125,494.0523376464844,752.4176635742188,495.6885986328125,784.5418701171875,571.7626953125,754.3796997070312,578.3131713867188
1365,45.49991025641025,781.8821411132812,240.6369171142578,789.8781127929688,234.92938232421875,774.1890258789062,233.9858856201172,798.2963256835938,237.18023681640625,758.8751220703125,233.60385131835938,804.1642456054688,267.2158508300781,744.2009887695312,263.9237365722656,819.7245483398438,224.91339111328125,729.579345703125,214.9905548095703,811.850341796875,172.7421112060547,742.4533081054688,158.3456268310547,797.6656494140625,407.1412353515625,756.6484985351562,406.7105712890625,795.0032958984375,494.0061950683594,752.5103149414062,495.6199035644531,784.7489013671875,571.8096923828125,754.3641357421875,578.3141479492188
1366,45.53324352399737,781.2079467773438,240.87374877929688,789.2360229492188,235.16896057128906,773.5661010742188,234.16383361816406,797.8387451171875,237.2432098388672,758.4895629882812,233.56707763671875,803.94189453125,267.10797119140625,744.0591430664062,263.66534423828125,819.7200317382812,224.3385009765625,729.5921630859375,214.2948760986328,811.3298950195312,171.21160888671875,742.466796875,157.56053161621094,797.6287841796875,407.22174072265625,756.6885986328125,406.6947937011719,794.8688354492188,494.1860656738281,752.6937866210938,495.697998046875,784.5716552734375,571.7887573242188,754.509521484375,578.1768188476562
1367,45.56657679158448,781.479736328125,240.92466735839844,789.4186401367188,235.2075653076172,773.8358154296875,234.24647521972656,797.8309936523438,237.168701171875,758.62451171875,233.5859375,803.7831420898438,266.7131042480469,744.3042602539062,263.45391845703125,819.2424926757812,223.31581115722656,730.4306030273438,213.5904541015625,810.9070434570312,170.2076873779297,743.2031860351562,156.65533447265625,797.6841430664062,407.135986328125,756.9019165039062,406.6628723144531,794.806640625,494.0526123046875,752.53759765625,495.51080322265625,784.8615112304688,571.8854370117188,754.400634765625,578.09619140625
1368,45.59991005917159,781.1970825195312,240.9520263671875,789.2930908203125,235.2860107421875,773.5838012695312,234.27487182617188,797.9613037109375,237.3324432373047,758.64453125,233.6317138671875,803.6596069335938,266.794677734375,744.8184204101562,263.2992248535156,818.70751953125,222.88816833496094,731.4965209960938,212.1926727294922,810.5177001953125,169.8046112060547,743.8431396484375,154.6540985107422,797.3976440429688,407.4097595214844,756.9448852539062,406.8185119628906,794.4954223632812,494.1502380371094,752.4263305664062,495.43133544921875,784.8651733398438,572.2327270507812,754.4773559570312,578.27490234375
1369,45.63324332675871,781.578369140625,241.1273193359375,789.6367797851562,235.43309020996094,773.9506225585938,234.42381286621094,798.242919921875,237.29666137695312,758.9017333984375,233.59390258789062,803.9086303710938,266.54931640625,744.7672729492188,263.0433044433594,818.8165283203125,222.69158935546875,730.9976196289062,212.5165252685547,810.3298950195312,168.8613739013672,743.7877807617188,155.21710205078125,797.51123046875,406.9507751464844,756.8790283203125,406.36138916015625,794.7305297851562,493.8507385253906,752.5831909179688,495.171630859375,784.6240844726562,572.1481323242188,754.3922119140625,578.3934936523438
1370,45.66657659434582,782.094482421875,241.03594970703125,790.0692749023438,235.3288116455078,774.4021606445312,234.3767547607422,798.3765869140625,237.3906707763672,758.9930419921875,233.78286743164062,803.6432495117188,266.88470458984375,744.8800048828125,263.5715026855469,818.2315063476562,222.3872528076172,731.628173828125,212.3640899658203,810.1500244140625,169.10153198242188,744.4780883789062,154.8231964111328,797.5178833007812,407.2472229003906,757.0916137695312,406.78253173828125,794.5668334960938,493.74090576171875,752.5503540039062,495.197509765625,784.6636962890625,571.6006469726562,754.4756469726562,577.9130859375
1371,45.69990986193294,781.9324951171875,240.86428833007812,789.9474487304688,235.16415405273438,774.2094116210938,234.26168823242188,798.4703369140625,237.2645721435547,759.0416870117188,233.8009490966797,803.8818359375,266.6822814941406,745.2125854492188,263.45587158203125,818.2328491210938,222.4623260498047,731.8538208007812,212.53732299804688,810.5723876953125,169.05838012695312,744.5147705078125,154.84857177734375,797.7060546875,406.7771911621094,757.266845703125,406.3187255859375,794.9750366210938,493.2847900390625,752.5562133789062,494.6784362792969,784.9967041015625,571.1641845703125,754.0648193359375,577.4190063476562
1372,45.73324312952005,782.1537475585938,240.9700469970703,790.119384765625,235.29283142089844,774.4374389648438,234.34768676757812,798.4843139648438,237.39410400390625,759.0223999023438,233.8105926513672,803.8410034179688,266.79998779296875,745.1371459960938,263.35498046875,818.6732177734375,222.2190704345703,731.9686889648438,211.3349151611328,810.6174926757812,169.30335998535156,744.4904174804688,153.60842895507812,797.6698608398438,407.0625915527344,757.2398681640625,406.540283203125,794.7503662109375,493.3150939941406,752.5421752929688,494.8091735839844,784.5891723632812,570.8880004882812,754.0032958984375,577.2362670898438
1373,45.766576397107166,782.0144653320312,240.8885955810547,790.0342407226562,235.20187377929688,774.2528686523438,234.29689025878906,798.55419921875,237.37574768066406,758.9441528320312,233.90664672851562,803.7942504882812,266.8087463378906,745.3660888671875,263.56915283203125,818.2426147460938,221.81484985351562,732.5579223632812,211.4838409423828,810.20849609375,168.3333282470703,745.2644653320312,153.3243408203125,797.67578125,406.8905029296875,757.3698120117188,406.4591064453125,794.905517578125,493.1401062011719,752.7925415039062,494.815673828125,784.59326171875,570.8264770507812,754.0987548828125,577.5285034179688
1374,45.799909664694276,782.235595703125,241.02301025390625,790.26904296875,235.28932189941406,774.4812622070312,234.40101623535156,798.7044677734375,237.34661865234375,759.0454711914062,233.8746795654297,803.7874145507812,266.7864990234375,745.2659301757812,263.65155029296875,818.2665405273438,221.56622314453125,732.6573486328125,211.4207763671875,810.0505981445312,168.26123046875,745.6254272460938,153.2545928955078,797.5436401367188,407.25177001953125,757.1876831054688,406.90069580078125,794.6098022460938,493.4299621582031,752.5403442382812,495.2994079589844,784.7434692382812,570.8245849609375,754.4183959960938,577.763671875
1375,45.833242932281394,782.02978515625,241.14955139160156,790.16650390625,235.38235473632812,774.259521484375,234.5277557373047,798.90966796875,237.34425354003906,759.124267578125,233.96539306640625,804.1163940429688,266.7599792480469,745.5822143554688,263.6209411621094,818.2787475585938,222.04420471191406,732.9511108398438,211.66668701171875,809.9164428710938,168.48684692382812,746.0396728515625,153.12252807617188,797.6451416015625,407.2729187011719,757.2322998046875,406.91552734375,794.7899169921875,493.360595703125,752.5440063476562,495.3094787597656,784.8433837890625,570.7648315429688,754.3157348632812,577.931640625
1376,45.866576199868504,782.0390014648438,241.0570831298828,790.2064819335938,235.289306640625,774.2161254882812,234.4373779296875,799.0930786132812,237.3033905029297,759.0955200195312,233.95497131347656,804.4644165039062,266.8038635253906,745.6013793945312,263.58709716796875,818.69140625,222.1514892578125,733.0216064453125,211.70352172851562,809.84619140625,167.7196044921875,746.273193359375,152.6843719482422,797.764892578125,406.982666015625,757.162109375,406.546875,794.8552856445312,493.1438293457031,752.669677734375,494.95550537109375,784.537109375,570.6770629882812,754.4036865234375,577.73095703125
1377,45.89990946745562,781.8115844726562,240.9065399169922,789.9593505859375,235.18316650390625,774.0204467773438,234.3106689453125,798.83935546875,237.3554229736328,759.0599365234375,233.98641967773438,804.2955322265625,267.00579833984375,745.6787109375,263.65069580078125,818.6630859375,222.27130126953125,733.0003051757812,211.59866333007812,810.3362426757812,167.56678771972656,745.983154296875,152.5511016845703,797.5791015625,407.1026611328125,757.1497802734375,406.5679016113281,794.7162475585938,493.4936828613281,752.660400390625,494.97918701171875,784.693603515625,571.0084838867188,754.3277587890625,577.5064086914062
1378,45.93324273504273,781.9022827148438,240.99932861328125,790.0701904296875,235.29843139648438,774.1483764648438,234.43592834472656,799.0296630859375,237.39320373535156,759.4559936523438,234.06787109375,804.3775634765625,266.5784606933594,746.2392578125,263.36480712890625,817.939453125,220.7808380126953,733.5855712890625,210.72250366210938,809.7755126953125,164.6932373046875,746.8029174804688,150.6440887451172,797.7288818359375,407.0476379394531,757.5132446289062,406.5277404785156,794.5650024414062,493.5093078613281,752.6675415039062,494.80419921875,784.5204467773438,571.3766479492188,754.2484130859375,577.51904296875
1379,45.96657600262984,782.2147216796875,240.97406005859375,790.2941284179688,235.28953552246094,774.4873657226562,234.38821411132812,799.0055541992188,237.47979736328125,759.4979858398438,234.07330322265625,804.4927368164062,266.98760986328125,745.9661254882812,263.6674499511719,819.002197265625,222.08668518066406,732.4218139648438,211.56610107421875,810.7401123046875,168.1257781982422,744.2122802734375,153.45932006835938,797.6943969726562,407.5483093261719,757.3812255859375,406.9522399902344,794.34326171875,493.94805908203125,752.416748046875,495.20623779296875,784.6131591796875,571.7752075195312,753.9825439453125,577.6800537109375
1380,45.99990927021696,782.6893310546875,240.83755493164062,790.4546508789062,235.1903076171875,774.9680786132812,234.34072875976562,798.5570068359375,237.3927764892578,759.4545288085938,234.08035278320312,804.0164184570312,266.6863708496094,745.7161254882812,263.46771240234375,819.1080322265625,221.7344970703125,732.8390502929688,211.42730712890625,810.7164916992188,167.26124572753906,744.3363647460938,153.21890258789062,797.6859130859375,407.1258239746094,757.4784545898438,406.5875549316406,794.2354125976562,493.4490051269531,752.4976806640625,494.8662109375,784.618408203125,571.5469360351562,753.9366455078125,577.6463012695312
1381,46.03324253780407,782.83349609375,240.93284606933594,790.7450561523438,235.2571258544922,775.0369873046875,234.43002319335938,799.0940551757812,237.42208862304688,759.4902954101562,234.16183471679688,804.23046875,266.5798034667969,746.0700073242188,263.5052795410156,819.040771484375,220.90524291992188,733.3245239257812,210.730224609375,811.0097045898438,167.10443115234375,744.6605224609375,152.8107147216797,797.748291015625,406.88421630859375,757.5877685546875,406.43389892578125,794.4571533203125,492.8362121582031,752.5565185546875,494.4770812988281,784.956787109375,570.9404907226562,754.1007080078125,577.39208984375
1382,46.06657580539119,782.762939453125,240.47337341308594,790.7698974609375,234.83973693847656,774.9485473632812,233.99671936035156,799.2320556640625,237.31260681152344,759.4732055664062,233.99667358398438,804.2888793945312,266.7894592285156,746.1065063476562,263.6422119140625,819.0131225585938,221.5068359375,733.2295532226562,210.98936462402344,811.2498779296875,167.96121215820312,744.8770751953125,152.7639923095703,797.8314819335938,407.0338134765625,757.6351928710938,406.6035461425781,794.5176391601562,493.08294677734375,752.516845703125,494.8755798339844,784.8681640625,571.1360473632812,754.0223999023438,577.8264770507812
1383,46.0999090729783,782.942138671875,240.56809997558594,790.8951416015625,234.90623474121094,775.0633544921875,234.0830535888672,799.3375854492188,237.31605529785156,759.5078125,234.08433532714844,804.4926147460938,266.81292724609375,746.1802978515625,263.64263916015625,819.0577392578125,221.10316467285156,733.57177734375,210.5477294921875,811.0963745117188,167.4562530517578,745.3369140625,152.273193359375,797.8118896484375,407.2046813964844,757.5248413085938,406.6864929199219,794.7218017578125,493.4403991699219,752.7199096679688,494.77899169921875,784.8170166015625,571.362060546875,753.9833374023438,577.28076171875
1384,46.13324234056542,783.0511474609375,240.87269592285156,791.019775390625,235.12339782714844,775.150146484375,234.3689727783203,799.537841796875,237.1428985595703,759.6637573242188,234.07781982421875,804.5611572265625,266.2557678222656,746.3681030273438,263.47894287109375,818.7293701171875,220.604736328125,733.6900634765625,211.3466033935547,811.2243041992188,167.13125610351562,745.2069702148438,153.54461669921875,797.7625122070312,406.97198486328125,757.5502319335938,406.5964660644531,794.66064453125,493.31768798828125,752.8848266601562,494.7716064453125,784.5775146484375,571.4710083007812,754.1473999023438,577.6417236328125
1385,46.16657560815253,782.9158325195312,240.75413513183594,790.9724731445312,235.02407836914062,775.029541015625,234.25387573242188,799.601806640625,237.26492309570312,759.6071166992188,234.13832092285156,804.5737915039062,266.7620544433594,746.3842163085938,263.81732177734375,818.8819580078125,221.5703887939453,733.648681640625,211.66526794433594,811.3417358398438,168.37843322753906,744.930419921875,154.08248901367188,797.6686401367188,407.2292785644531,757.465087890625,406.810546875,794.4432373046875,493.3691711425781,752.4632568359375,494.9524230957031,784.9169311523438,571.1050415039062,754.0562133789062,577.5382080078125
1386,46.199908875739645,782.8533325195312,240.8033447265625,790.8641357421875,235.06829833984375,774.9694213867188,234.277587890625,799.4576416015625,237.22967529296875,759.5283813476562,234.06858825683594,804.6156005859375,266.68719482421875,746.2656860351562,263.5646667480469,819.0377197265625,221.07762145996094,733.7320556640625,210.55615234375,811.1136474609375,167.9209747314453,745.5503540039062,152.7570343017578,797.6702880859375,407.1724548339844,757.3743896484375,406.6523132324219,794.4956665039062,493.0745849609375,752.4476928710938,494.36126708984375,784.930908203125,570.8639526367188,753.9820556640625,576.7117309570312
1387,46.233242143326756,782.6494750976562,240.81114196777344,790.6790161132812,235.08950805664062,774.7689208984375,234.3172149658203,799.327392578125,237.33326721191406,759.477294921875,234.20559692382812,804.3970336914062,266.7996520996094,746.4423217773438,263.63299560546875,818.460693359375,220.95187377929688,734.1223754882812,210.07923889160156,810.6178588867188,167.4169464111328,746.3598022460938,151.7066650390625,797.60546875,407.5809020996094,757.4957885742188,407.08734130859375,794.3895263671875,493.4560241699219,752.5354614257812,494.8785705566406,784.8233642578125,571.0686645507812,753.92919921875,577.0784301757812
1388,46.26657541091387,782.3997802734375,241.0040740966797,790.5708618164062,235.2712860107422,774.5413818359375,234.46376037597656,799.5088500976562,237.3385009765625,759.5233154296875,234.14151000976562,804.6046752929688,266.53582763671875,746.5523071289062,263.3306884765625,818.412841796875,220.6368408203125,733.8615112304688,209.880615234375,810.8687744140625,167.02293395996094,746.1828002929688,151.49993896484375,797.6610107421875,407.3269958496094,757.5026245117188,406.8018798828125,794.4932861328125,493.304443359375,752.54296875,494.5666809082031,784.9639282226562,571.1764526367188,754.138916015625,576.9816284179688
1389,46.299908678500984,782.0885620117188,240.822509765625,790.4359741210938,235.10833740234375,774.2471313476562,234.25357055664062,799.697021484375,237.29212951660156,759.4925537109375,234.02638244628906,804.8916625976562,266.6164855957031,746.5799560546875,263.6154479980469,818.6509399414062,221.12680053710938,733.47998046875,211.29835510253906,811.4698486328125,167.91517639160156,745.0910034179688,153.25701904296875,797.78173828125,407.17236328125,757.5065307617188,406.6652526855469,794.7279052734375,493.309326171875,752.4693603515625,494.430908203125,785.1394653320312,571.2579956054688,754.2893676757812,576.9747314453125
1390,46.333241946088094,782.138916015625,240.78013610839844,790.5965576171875,235.06517028808594,774.2547607421875,234.21835327148438,800.0217895507812,237.33544921875,759.5243530273438,234.08982849121094,804.9913330078125,266.6565856933594,746.777587890625,263.8428039550781,818.4911499023438,220.91172790527344,733.5235595703125,211.9271697998047,811.7552490234375,167.9674072265625,744.7884521484375,154.51605224609375,797.8051147460938,407.04150390625,757.576904296875,406.58856201171875,794.6781616210938,493.1214294433594,752.3330688476562,494.3130798339844,784.99755859375,571.2510986328125,754.1426391601562,577.204833984375
1391,46.36657521367521,782.00390625,241.06924438476562,790.6796264648438,235.2566375732422,774.0796508789062,234.38778686523438,800.4471435546875,237.36903381347656,759.4542846679688,234.03662109375,805.4611206054688,267.07611083984375,746.659912109375,264.1275329589844,819.2002563476562,222.2738800048828,733.0626831054688,212.89788818359375,812.6057739257812,170.6318359375,744.325927734375,156.36610412597656,797.7351684570312,407.92950439453125,757.255126953125,407.4231872558594,794.3849487304688,494.0784912109375,752.0785522460938,495.314208984375,784.5280151367188,572.0235595703125,754.3463134765625,578.2427978515625
1392,46.39990848126232,782.19775390625,241.06809997558594,790.7326049804688,235.2799530029297,774.262939453125,234.4183349609375,800.2705078125,237.46939086914062,759.42822265625,234.1670379638672,805.397705078125,267.2660827636719,746.581787109375,264.2043762207031,819.5228271484375,222.7113494873047,733.0875244140625,212.90396118164062,812.7813110351562,171.6361846923828,743.9310302734375,156.98744201660156,797.6866455078125,407.8589782714844,757.230224609375,407.2682800292969,794.3091430664062,493.8747863769531,752.096435546875,494.9361572265625,784.436279296875,572.023681640625,754.1156616210938,577.9139404296875
1393,46.43324174884944,782.1112060546875,240.88258361816406,790.6240234375,235.200927734375,774.204345703125,234.28074645996094,800.0270385742188,237.7354278564453,759.1621704101562,234.2543487548828,804.8859252929688,267.6325988769531,746.484375,264.2306213378906,819.3126220703125,223.08238220214844,733.4627685546875,212.19082641601562,812.1775512695312,171.46847534179688,744.21044921875,156.0967559814453,797.7127685546875,407.73138427734375,757.419677734375,407.11798095703125,794.4052124023438,493.5801696777344,752.1262817382812,495.12603759765625,784.8978271484375,571.7129516601562,754.08642578125,578.4775390625
1394,46.46657501643655,782.2529907226562,240.91708374023438,790.7605590820312,235.22445678710938,774.3554077148438,234.30718994140625,800.1428833007812,237.67210388183594,759.2942504882812,234.2075958251953,805.025390625,267.40863037109375,746.4378662109375,264.1996765136719,819.31982421875,222.7726287841797,732.9638061523438,212.6582489013672,811.9569091796875,171.0416259765625,743.4637451171875,156.79197692871094,797.8380737304688,407.6573791503906,757.4390258789062,407.1012878417969,794.4302978515625,493.6502380371094,752.0194702148438,495.25390625,784.7839965820312,571.843505859375,753.9540405273438,578.6953735351562
1395,46.49990828402367,782.2784423828125,240.97581481933594,790.7748413085938,235.25082397460938,774.3563842773438,234.34365844726562,800.1347045898438,237.6977081298828,759.2340087890625,234.22586059570312,805.1024780273438,267.7491149902344,746.2437744140625,264.2745056152344,819.6744384765625,223.86561584472656,732.9734497070312,212.72410583496094,811.8134765625,171.9900360107422,743.8533325195312,156.4134521484375,797.5930786132812,408.2220764160156,757.03564453125,407.6013488769531,794.3348388671875,494.2657775878906,752.0643310546875,495.98980712890625,784.4411010742188,571.7915649414062,753.9977416992188,578.9210205078125
1396,46.53324155161078,782.5215454101562,240.8821258544922,790.9404296875,235.1962890625,774.5733642578125,234.33497619628906,800.1510620117188,237.78086853027344,759.33984375,234.4154052734375,804.8535766601562,267.7225646972656,746.6428833007812,264.139892578125,818.900634765625,223.2033233642578,733.8032836914062,211.06857299804688,810.940185546875,171.32376098632812,744.5431518554688,153.97447204589844,797.3844604492188,407.8182678222656,757.1681518554688,407.1570129394531,793.9248657226562,493.583251953125,751.9686889648438,495.20367431640625,784.5610961914062,571.6683959960938,753.946044921875,578.433349609375
1397,46.566574819197896,782.4566650390625,241.00924682617188,790.9502563476562,235.31199645996094,774.5498046875,234.42788696289062,800.2651977539062,237.71435546875,759.415771484375,234.3174591064453,804.8800659179688,267.26007080078125,746.7025756835938,264.03448486328125,818.9124145507812,222.0357208251953,733.6275024414062,211.1722869873047,811.3292236328125,170.48707580566406,744.0193481445312,154.5029754638672,797.4020385742188,407.7457275390625,757.1929321289062,407.2149658203125,794.0946655273438,493.4097900390625,751.8299560546875,495.1962585449219,784.6392211914062,571.5069580078125,753.7527465820312,578.5294189453125
1398,46.59990808678501,782.4892578125,240.93629455566406,791.0347290039062,235.24159240722656,774.6380615234375,234.28659057617188,800.3550415039062,237.6668243408203,759.448486328125,234.08328247070312,805.0537109375,267.5079040527344,746.3657836914062,264.0826110839844,819.8526611328125,223.53550720214844,732.353515625,212.5269012451172,812.5481567382812,173.62156677246094,742.0762329101562,158.0306854248047,797.43310546875,407.5020446777344,757.0746459960938,406.91241455078125,794.15478515625,492.91461181640625,751.8426513671875,494.7749938964844,784.8970336914062,571.2635498046875,754.0836791992188,578.5518188476562
1399,46.633241354372124,782.588134765625,240.87008666992188,791.1473999023438,235.12164306640625,774.6670532226562,234.2120361328125,800.5094604492188,237.50637817382812,759.4552612304688,234.0171356201172,805.2008666992188,267.5494079589844,746.4556884765625,264.1037292480469,819.7130737304688,223.74351501464844,732.6430053710938,212.49099731445312,812.4110717773438,173.878173828125,742.493408203125,157.74159240722656,797.4481201171875,407.9240417480469,757.0547485351562,407.31329345703125,794.0530395507812,493.469970703125,751.9632568359375,495.1986083984375,784.5814819335938,571.5370483398438,754.2520751953125,578.6625366210938
1400,46.666574621959235,782.525146484375,240.7820281982422,791.064697265625,235.0559539794922,774.643798828125,234.14430236816406,800.3935546875,237.39907836914062,759.4510498046875,233.8904266357422,805.0869750976562,267.2748107910156,746.36181640625,263.8783264160156,819.8460693359375,223.52391052246094,732.3623046875,212.62965393066406,812.7332153320312,173.53265380859375,742.200927734375,158.268798828125,797.44970703125,407.3704528808594,757.071533203125,406.8113098144531,794.1419677734375,492.8997802734375,751.9268798828125,494.87103271484375,784.6348266601562,571.024658203125,754.0951538085938,578.6390991210938
1401,46.699907889546346,782.420166015625,240.72344970703125,790.9234619140625,234.98492431640625,774.5025634765625,234.0959930419922,800.2489013671875,237.41510009765625,759.3206176757812,233.98187255859375,804.972412109375,267.55517578125,746.4169311523438,264.1215515136719,819.700439453125,223.77175903320312,732.87646484375,212.75296020507812,812.5587768554688,173.31951904296875,742.8328247070312,158.1042938232422,797.3094482421875,407.7655944824219,757.0354614257812,407.1578369140625,793.9705810546875,493.3856201171875,752.0671997070312,495.1789855957031,784.5076904296875,571.5601806640625,754.1527099609375,578.8558959960938
1402,46.73324115713346,782.7093505859375,240.6959686279297,791.2827758789062,234.98988342285156,774.871337890625,234.00225830078125,800.5370483398438,237.38760375976562,759.632568359375,233.6870880126953,805.1090698242188,267.43731689453125,746.2128295898438,263.85211181640625,819.68505859375,224.40115356445312,731.7160034179688,213.2243194580078,812.6875,174.76136779785156,741.3988647460938,158.92616271972656,797.3543701171875,407.72216796875,756.924072265625,407.0834045410156,793.8814086914062,493.4495849609375,751.7315063476562,495.1810302734375,784.4014892578125,571.6388549804688,754.15625,578.8506469726562
1403,46.766574424720574,782.5618896484375,240.86431884765625,791.1373901367188,235.1519317626953,774.7252807617188,234.16847229003906,800.4373168945312,237.4930877685547,759.56591796875,233.78746032714844,805.0810546875,267.5670166015625,746.2035522460938,263.82330322265625,819.537353515625,225.20291137695312,732.0355224609375,213.64036560058594,812.8323364257812,175.7071075439453,741.9703979492188,159.434326171875,797.293701171875,407.6036682128906,756.8403930664062,406.8807678222656,793.988525390625,493.2479553222656,751.6056518554688,494.7247009277344,784.5037841796875,571.5135498046875,754.021484375,578.4890747070312
1404,46.79990769230769,782.3754272460938,240.86338806152344,790.8942260742188,235.1455535888672,774.5584106445312,234.1801300048828,800.1796875,237.35902404785156,759.5104370117188,233.7018280029297,804.9857788085938,267.3074951171875,746.2564086914062,263.6280517578125,819.4268798828125,224.8992462158203,732.6038208007812,213.60244750976562,812.5971069335938,174.89710998535156,742.7693481445312,159.0528564453125,797.3157958984375,407.49029541015625,756.918701171875,406.7582702636719,794.0703125,493.3309020996094,751.7471313476562,494.73516845703125,784.2178955078125,571.6011352539062,753.847900390625,578.589599609375
1405,46.8332409598948,782.4071044921875,240.79302978515625,791.0203857421875,235.05322265625,774.5469970703125,234.08409118652344,800.4290161132812,237.3121795654297,759.4210205078125,233.6280517578125,805.093017578125,267.345947265625,746.1527099609375,263.64471435546875,819.5069580078125,224.6986541748047,732.4053344726562,213.26748657226562,812.4910888671875,174.39451599121094,742.747314453125,158.49183654785156,797.35791015625,407.5972595214844,756.83251953125,406.91241455078125,794.0699462890625,493.20428466796875,751.6883544921875,494.8735656738281,784.3275756835938,571.5669555664062,754.117919921875,578.99462890625
1406,46.86657422748192,782.5712280273438,240.79135131835938,791.117919921875,235.07461547851562,774.7200927734375,234.12051391601562,800.3956909179688,237.44268798828125,759.5250854492188,233.82119750976562,805.0230712890625,267.5888977050781,746.1611938476562,264.01055908203125,819.6798706054688,225.13894653320312,732.1875610351562,214.0774383544922,813.110595703125,175.47503662109375,741.993408203125,159.93743896484375,797.07373046875,407.4930725097656,756.670166015625,406.8283386230469,793.8323364257812,493.2712707519531,751.7079467773438,494.872802734375,784.2288818359375,571.5358276367188,754.0878295898438,578.7470092773438
1407,46.89990749506903,782.4287719726562,240.7466583251953,791.0144653320312,235.06065368652344,774.5638427734375,234.0980987548828,800.4454956054688,237.5159454345703,759.5363159179688,233.9060821533203,805.2000732421875,267.6088562011719,746.3721313476562,263.9447937011719,819.7039794921875,224.99041748046875,732.4215698242188,213.5698699951172,813.15869140625,174.8709716796875,742.339599609375,158.6892547607422,797.165771484375,407.48291015625,756.7486572265625,406.7435607910156,793.928466796875,493.4756164550781,751.7704467773438,494.8251037597656,784.2091674804688,571.704833984375,753.9996948242188,578.4263916015625
1408,46.93324076265615,782.36376953125,240.6756134033203,790.947021484375,234.9605255126953,774.468017578125,234.03953552246094,800.3735961914062,237.35626220703125,759.4218139648438,233.8284912109375,805.0736694335938,267.3101501464844,746.3554077148438,263.8636474609375,819.263671875,224.2537841796875,732.9417724609375,213.22491455078125,812.5747680664062,173.43753051757812,743.4857177734375,157.1906280517578,797.3049926757812,407.57073974609375,756.8688354492188,406.9537658691406,793.9827270507812,493.801513671875,751.772705078125,495.3487548828125,784.1425170898438,572.2095336914062,754.0109252929688,579.1804809570312
1409,46.96657403024326,782.483642578125,240.67247009277344,791.109375,234.9744110107422,774.6245727539062,234.0391845703125,800.573974609375,237.39414978027344,759.731689453125,233.8332061767578,805.2451171875,267.1838073730469,746.4998779296875,263.8593444824219,818.8684692382812,223.61990356445312,732.7044677734375,213.18258666992188,812.1559448242188,172.33563232421875,743.6735229492188,156.5941925048828,797.451171875,407.46807861328125,756.9589233398438,406.887939453125,794.1419677734375,493.631591796875,751.5768432617188,495.0903625488281,784.1654663085938,572.1782836914062,753.7752685546875,579.0018310546875
1410,46.99990729783037,782.5023803710938,240.60569763183594,791.1010131835938,234.90272521972656,774.6611328125,233.94725036621094,800.5040893554688,237.2887420654297,759.7677001953125,233.69456481933594,805.2440795898438,267.1790466308594,746.388916015625,263.8158264160156,818.7381591796875,223.97215270996094,732.5343017578125,213.50729370117188,812.197265625,173.04421997070312,743.3104858398438,156.98333740234375,797.3515014648438,407.5400085449219,756.8278198242188,406.8879089355469,794.020751953125,493.9115295410156,751.39501953125,494.9771423339844,784.13330078125,572.7147216796875,753.7171630859375,578.8983764648438
1411,47.033240565417486,782.6113891601562,240.6085205078125,791.1732177734375,234.93829345703125,774.7498168945312,233.9446563720703,800.4632568359375,237.49671936035156,759.6627807617188,233.81935119628906,805.1771240234375,267.6376037597656,746.1780395507812,264.12408447265625,819.0471801757812,224.49826049804688,732.3798217773438,213.80322265625,812.4329223632812,173.6067352294922,743.03076171875,157.56134033203125,797.2623291015625,407.8246154785156,756.6815185546875,407.1046447753906,794.1283569335938,494.43218994140625,751.5785522460938,495.3636474609375,784.1712036132812,572.97802734375,753.8671875,578.9559326171875
1412,47.0665738330046,782.5567016601562,240.5398712158203,791.1703491210938,234.88223266601562,774.7213134765625,233.8691864013672,800.5655517578125,237.49314880371094,759.7727661132812,233.75177001953125,805.3349609375,267.72955322265625,746.2103271484375,263.99139404296875,819.071044921875,225.2546844482422,731.7796020507812,214.00811767578125,812.5155639648438,174.8450469970703,742.5077514648438,158.4415283203125,797.4573364257812,407.4573974609375,756.842041015625,406.6854553222656,794.30615234375,493.8827209472656,751.7252197265625,494.83856201171875,784.351806640625,572.6882934570312,754.0346069335938,578.8055419921875
1413,47.099907100591714,782.8179321289062,240.63987731933594,791.3204345703125,234.9360809326172,774.9490966796875,234.00672912597656,800.5780639648438,237.39524841308594,759.9226684570312,233.85546875,805.5054321289062,267.4977722167969,746.1720581054688,264.052490234375,819.03564453125,225.08421325683594,731.8009643554688,214.61526489257812,812.7178344726562,174.8544158935547,742.9053955078125,158.9834442138672,797.5936279296875,407.36102294921875,756.8584594726562,406.6558837890625,794.1853637695312,493.8681945800781,751.5885620117188,494.6010437011719,784.1591796875,572.962890625,753.9744262695312,578.5762329101562
1414,47.133240368178825,782.7504272460938,240.59896850585938,791.2266845703125,234.88780212402344,774.8760375976562,233.9861602783203,800.458251953125,237.325439453125,759.8867797851562,233.84674072265625,805.351318359375,267.3592224121094,746.1278686523438,264.100341796875,818.6820678710938,224.68173217773438,732.1638793945312,215.03016662597656,812.3532104492188,173.2449188232422,743.9580688476562,158.638916015625,797.5823974609375,407.3185729980469,756.8552856445312,406.70086669921875,794.2255859375,494.13690185546875,751.6821899414062,494.9790344238281,783.97119140625,572.9066162109375,753.973876953125,578.7407836914062
1415,47.16657363576594,783.0529174804688,240.6478271484375,791.4254150390625,234.89718627929688,775.1314697265625,234.03353881835938,800.443359375,237.2599334716797,759.8040161132812,233.8478240966797,805.2186279296875,267.271484375,746.0699462890625,264.0528259277344,819.233642578125,224.0287628173828,732.3411865234375,214.33364868164062,812.5119018554688,172.01824951171875,744.1065673828125,157.89955139160156,797.559814453125,407.493896484375,756.8687133789062,406.96685791015625,794.2981567382812,494.0869140625,751.9622192382812,495.4990234375,783.9185791015625,572.4871215820312,753.9271850585938,579.1832275390625
1416,47.19990690335305,782.6094970703125,240.88160705566406,791.1336059570312,235.09002685546875,774.7416381835938,234.19482421875,800.4711303710938,237.16358947753906,759.8253173828125,233.7034149169922,805.277099609375,266.8732604980469,746.1743774414062,263.863037109375,818.88720703125,223.6204833984375,732.0700073242188,214.85508728027344,812.9463500976562,171.81378173828125,743.89208984375,158.5613250732422,797.6107788085938,407.3288879394531,756.982177734375,406.871337890625,794.3711547851562,493.8464660644531,752.0155029296875,495.1802978515625,783.7835693359375,572.14306640625,754.0562744140625,578.7647094726562
1417,47.23324017094017,783.0119018554688,240.89312744140625,791.3741455078125,235.0497589111328,775.1129150390625,234.18064880371094,800.35546875,236.98794555664062,759.782958984375,233.52273559570312,805.1588134765625,266.8772277832031,745.9024047851562,263.5306091308594,818.9412231445312,224.46688842773438,732.3994750976562,214.19480895996094,812.2694702148438,173.25665283203125,744.9213256835938,157.75967407226562,797.633544921875,407.25311279296875,756.8914794921875,406.72515869140625,794.406982421875,493.5442199707031,752.0335693359375,494.91448974609375,783.9515991210938,572.1033935546875,754.1611328125,578.7520141601562
1418,47.26657343852728,783.068603515625,241.00674438476562,791.458740234375,235.13539123535156,775.0908203125,234.37098693847656,800.6155395507812,237.1582794189453,759.9329223632812,233.96035766601562,805.4910278320312,267.02874755859375,746.4459228515625,263.905029296875,818.7702026367188,224.06919860839844,733.0651245117188,214.18649291992188,812.4593505859375,172.2420654296875,745.4829711914062,157.2913360595703,798.0155029296875,407.95257568359375,757.3164672851562,407.45428466796875,794.289794921875,494.5077209472656,751.92041015625,495.6675109863281,784.3570556640625,572.9097900390625,754.213623046875,579.009033203125
1419,47.2999067061144,783.0858764648438,241.05181884765625,791.5087280273438,235.1173095703125,775.080810546875,234.4146270751953,800.7825927734375,237.05445861816406,760.0585327148438,233.9644775390625,805.7862548828125,267.0851745605469,746.4791259765625,263.80767822265625,818.785888671875,224.91322326660156,732.6735229492188,214.2332000732422,811.8926391601562,172.96694946289062,745.7355346679688,157.0555877685547,798.101318359375,407.9103698730469,757.2205810546875,407.429443359375,794.6566772460938,494.5026550292969,752.0816040039062,495.9537658691406,784.70703125,572.8909912109375,754.3060302734375,579.5403442382812
1420,47.33323997370151,783.4510498046875,241.07330322265625,791.9467163085938,235.1201171875,775.4109497070312,234.4359893798828,801.3356323242188,237.03868103027344,760.4572143554688,234.02845764160156,806.1736450195312,266.94537353515625,746.8329467773438,264.01116943359375,818.6026611328125,224.60484313964844,732.4337768554688,215.1060333251953,812.5333251953125,173.35861206054688,744.8914184570312,158.3236083984375,798.1685791015625,407.6463623046875,757.282958984375,407.2464294433594,794.8917236328125,494.46099853515625,752.0678100585938,495.7462158203125,784.5442504882812,572.8232421875,754.0426025390625,579.2450561523438
1421,47.36657324128862,783.4723510742188,241.1875,791.9022827148438,235.20054626464844,775.42138671875,234.5761260986328,801.2281494140625,236.9474639892578,760.4830932617188,234.08396911621094,806.0967407226562,266.7059631347656,747.07080078125,263.85906982421875,818.433349609375,224.16908264160156,732.9234619140625,214.5328369140625,812.515380859375,173.4889373779297,744.975341796875,157.90481567382812,798.0215454101562,407.5538635253906,757.34326171875,407.1419372558594,794.5764770507812,494.2359313964844,752.0576782226562,495.3604736328125,784.4284057617188,572.7487182617188,754.0202026367188,578.8355712890625
1422,47.39990650887574,783.6519775390625,241.11715698242188,792.04736328125,235.1311492919922,775.5581665039062,234.51795959472656,801.292724609375,236.9426727294922,760.4268188476562,234.07325744628906,806.1749267578125,266.7491455078125,746.9086303710938,263.78717041015625,818.4183959960938,224.00746154785156,733.3314819335938,213.72915649414062,811.6436157226562,172.61721801757812,746.583984375,155.9105987548828,798.1377563476562,407.5566101074219,757.2501831054688,407.1454162597656,794.49072265625,494.1771545410156,751.9066772460938,495.4714660644531,784.0291748046875,572.6834106445312,753.8963623046875,578.9849243164062
1423,47.43323977646285,783.5267333984375,241.08534240722656,791.9212646484375,235.0284881591797,775.343505859375,234.4724578857422,801.3115234375,236.77378845214844,760.2314453125,234.04522705078125,806.4724731445312,266.82952880859375,746.85693359375,263.86199951171875,818.9173583984375,224.86727905273438,733.778564453125,214.7333526611328,812.1836547851562,172.97091674804688,747.6038208007812,157.05279541015625,798.3770751953125,407.7939453125,757.2342529296875,407.3448791503906,794.8225708007812,494.50689697265625,752.0277099609375,495.6549987792969,784.1561279296875,572.7794799804688,753.861083984375,578.9429931640625
1424,47.466573044049966,784.122802734375,241.1907196044922,792.2745971679688,235.0819854736328,775.8075561523438,234.6937255859375,801.34130859375,236.75299072265625,760.33251953125,234.50399780273438,806.7052001953125,266.4761657714844,746.7189331054688,264.5374755859375,819.3682250976562,223.18038940429688,733.7615966796875,216.24449157714844,813.4777221679688,171.13352966308594,747.9506225585938,158.74264526367188,798.5452270507812,407.2849426269531,757.2512817382812,407.1276550292969,794.8295288085938,494.3706359863281,752.3011474609375,495.28912353515625,783.73681640625,573.0278930664062,754.0242309570312,578.3661499023438
1425,47.499906311637076,784.2265014648438,241.197265625,792.396240234375,235.14305114746094,775.986572265625,234.71060180664062,801.4749145507812,236.82791137695312,760.6453247070312,234.50074768066406,806.8785400390625,266.3915710449219,746.7545166015625,264.5776672363281,819.8930053710938,223.47203063964844,733.0712280273438,217.73416137695312,814.9002685546875,172.36412048339844,746.7259521484375,161.9925994873047,798.3772583007812,406.7493896484375,757.1123657226562,406.5621643066406,794.6945190429688,494.05291748046875,752.2938842773438,494.6785583496094,783.5299682617188,573.0068969726562,754.0824584960938,577.9620971679688
1426,47.533239579224194,784.4130249023438,241.36253356933594,792.6129760742188,235.24916076660156,776.1209716796875,234.82284545898438,801.6766967773438,236.8492889404297,760.544921875,234.46258544921875,806.8723754882812,266.62750244140625,746.716796875,264.42279052734375,819.6051025390625,224.5262451171875,733.8014526367188,217.15103149414062,813.8274536132812,172.98043823242188,748.0554809570312,160.56723022460938,798.5086669921875,407.26068115234375,757.115234375,407.0178527832031,794.6734619140625,494.5694580078125,752.1044311523438,495.4767150878906,783.8223266601562,573.11962890625,754.2423706054688,578.6461181640625
1427,47.566572846811304,784.907470703125,241.2914276123047,792.9734497070312,235.12158203125,776.5805053710938,234.71328735351562,801.7070922851562,236.64730834960938,760.5801391601562,234.26626586914062,806.8036499023438,266.6695251464844,746.414306640625,264.43499755859375,819.9561767578125,225.2250518798828,733.2379150390625,217.72142028808594,814.0653686523438,173.9037628173828,747.4263305664062,161.43588256835938,798.63427734375,407.3778991699219,757.1610717773438,407.1966857910156,794.650634765625,494.7580261230469,752.308837890625,495.9949645996094,783.5604858398438,572.984130859375,754.2911987304688,578.9817504882812
1428,47.59990611439842,785.1034545898438,241.35879516601562,793.0410766601562,235.1372528076172,776.7767333984375,234.82440185546875,801.5225830078125,236.50437927246094,760.7083129882812,234.28465270996094,806.59130859375,266.5609436035156,746.5580444335938,264.2348327636719,819.2349853515625,225.87582397460938,733.5358276367188,217.3294677734375,812.8616333007812,175.61376953125,747.8593139648438,161.21218872070312,798.600341796875,407.31634521484375,757.3263549804688,407.16387939453125,794.588134765625,494.5384521484375,752.4778442382812,495.97998046875,783.6629638671875,572.966552734375,754.3973999023438,579.3406372070312
1429,47.63323938198553,785.6971435546875,241.28329467773438,793.6460571289062,235.175048828125,777.4636840820312,234.72923278808594,801.97119140625,236.7107391357422,761.1826782226562,234.2463836669922,806.6480102539062,266.38873291015625,746.5463256835938,264.36102294921875,819.9114379882812,224.38951110839844,733.3533935546875,217.4350128173828,814.4819946289062,172.96310424804688,747.5504150390625,160.7361297607422,798.45703125,407.2930908203125,757.1621704101562,407.2690124511719,794.4522705078125,494.7679138183594,752.2572021484375,496.3258361816406,783.8436279296875,573.209228515625,754.5233154296875,579.4254150390625
1430,47.66657264957265,785.1182861328125,241.3519287109375,793.14794921875,235.10858154296875,776.7760009765625,234.75489807128906,801.8082275390625,236.53294372558594,760.7943725585938,234.20960998535156,806.8744506835938,267.0150451660156,746.5235595703125,264.21466064453125,819.4649047851562,227.82821655273438,733.5001831054688,217.6601104736328,813.2219848632812,177.18743896484375,749.1045532226562,160.4980010986328,798.634033203125,407.5457458496094,757.184326171875,407.293212890625,794.433837890625,495.0209045410156,752.4951782226562,496.46307373046875,783.7550659179688,573.2359619140625,754.7821655273438,579.4362182617188
1431,47.69990591715976,785.2081298828125,241.20265197753906,793.1871337890625,234.95933532714844,776.8017578125,234.66627502441406,801.8443603515625,236.31605529785156,760.82421875,234.19869995117188,806.779296875,266.2642822265625,746.9171142578125,264.0367431640625,818.5177001953125,225.0831756591797,735.3646240234375,216.3625946044922,812.1873779296875,172.98638916015625,751.9993286132812,157.23910522460938,798.7565307617188,407.3317565917969,757.4134521484375,407.2546081542969,794.7088012695312,494.81396484375,752.6566772460938,496.1518859863281,783.5798950195312,573.3751831054688,754.5873413085938,579.2103271484375
1432,47.73323918474687,784.9615478515625,241.36447143554688,793.0297241210938,235.24176025390625,776.6873779296875,234.79263305664062,801.7940673828125,236.8594512939453,760.8692626953125,234.4635467529297,806.88623046875,266.8876037597656,746.7513427734375,264.8047790527344,820.0984497070312,225.1833038330078,733.826904296875,218.0991668701172,814.3555908203125,173.36732482910156,748.3204345703125,161.05384826660156,798.51904296875,407.60736083984375,757.249267578125,407.46417236328125,794.4536743164062,495.1363220214844,752.646728515625,496.3385925292969,783.420654296875,573.2484741210938,754.665283203125,578.9114990234375
1433,47.76657245233399,784.8504638671875,241.60214233398438,792.8364868164062,235.38323974609375,776.528076171875,235.1154327392578,801.7218017578125,236.72300720214844,760.9551391601562,234.77284240722656,807.264892578125,266.5905456542969,747.2155151367188,264.6412048339844,820.5843505859375,225.10337829589844,733.7999267578125,217.2970733642578,814.9124755859375,175.47276306152344,747.7371215820312,161.80735778808594,798.530517578125,407.4471740722656,757.3707885742188,407.30926513671875,794.2853393554688,494.4444885253906,752.6320190429688,495.6440734863281,783.7579956054688,572.966064453125,754.3871459960938,578.3480224609375
1434,47.7999057199211,784.7452392578125,241.7950897216797,792.9446411132812,235.580810546875,776.473876953125,235.24977111816406,802.1085815429688,236.80320739746094,761.0983276367188,234.67787170410156,807.342529296875,266.39434814453125,747.4189453125,264.48834228515625,820.3059692382812,224.86561584472656,734.2968139648438,217.53305053710938,814.813232421875,174.46652221679688,748.5052490234375,161.45968627929688,798.5052490234375,407.4706115722656,757.3294067382812,407.3856506347656,794.330810546875,494.7143859863281,752.3020629882812,496.13555908203125,784.039794921875,573.3330688476562,754.5408935546875,579.3135986328125
1435,47.83323898750822,784.979248046875,241.9232940673828,793.1148681640625,235.7479248046875,776.7291870117188,235.4068145751953,802.1178588867188,236.99365234375,761.2189331054688,234.859375,807.1829223632812,266.358154296875,747.5717163085938,264.5961608886719,820.302734375,224.16867065429688,734.624267578125,217.13702392578125,815.0296630859375,173.5218505859375,748.252685546875,160.62855529785156,798.46435546875,407.3894958496094,757.4700927734375,407.37384033203125,794.3580322265625,494.63720703125,752.484130859375,496.2210998535156,783.9696044921875,572.8345947265625,754.573486328125,579.0260620117188
1436,47.86657225509533,784.65234375,241.92776489257812,792.8951416015625,235.77430725097656,776.426513671875,235.44711303710938,802.1887817382812,236.98312377929688,761.3041381835938,234.92689514160156,807.29248046875,265.97332763671875,747.9342651367188,264.5480651855469,820.0581665039062,223.11610412597656,735.2117919921875,217.12701416015625,815.4910278320312,172.0231170654297,748.9888916015625,160.04910278320312,798.5193481445312,407.40716552734375,757.6105346679688,407.4861145019531,794.4429931640625,494.85540771484375,752.4856567382812,496.36669921875,784.0524291992188,573.2512817382812,754.5831909179688,579.2577514648438
1437,47.899905522682445,784.9139404296875,241.68382263183594,793.135498046875,235.58139038085938,776.711181640625,235.24038696289062,802.335205078125,236.99830627441406,761.591796875,234.91883850097656,807.3370971679688,266.0672302246094,748.1705322265625,264.6653747558594,820.0626831054688,223.01019287109375,735.1447143554688,217.2414093017578,816.0253295898438,172.1862335205078,748.4873046875,160.48257446289062,798.6009521484375,407.3033752441406,757.8234252929688,407.37384033203125,794.552978515625,494.6261901855469,752.5733032226562,495.998291015625,784.2548217773438,573.1422119140625,754.5823364257812,578.9132080078125
1438,47.933238790269556,785.1429443359375,241.5018310546875,793.3185424804688,235.30914306640625,776.843017578125,235.04647827148438,802.39794921875,236.61404418945312,761.4644775390625,234.69879150390625,807.3709716796875,265.7684326171875,747.9448852539062,264.704345703125,819.8013916015625,222.65884399414062,735.5515747070312,217.4673614501953,815.1751708984375,171.58047485351562,749.7550048828125,159.63153076171875,798.6829223632812,407.2325744628906,757.6930541992188,407.4700927734375,794.70556640625,494.7691345214844,752.61181640625,496.3765869140625,784.0084228515625,573.1038208007812,754.6237182617188,579.1703491210938
1439,47.96657205785667,785.188720703125,241.57699584960938,793.3294677734375,235.38949584960938,776.9100952148438,235.1278533935547,802.326171875,236.3614501953125,761.4638061523438,234.51600646972656,807.1323852539062,264.50933837890625,748.00927734375,264.212158203125,819.8228149414062,218.7174530029297,735.7564697265625,215.80108642578125,815.7785034179688,167.30474853515625,749.9559326171875,157.44471740722656,798.6326293945312,406.74859619140625,757.8450317382812,407.2849426269531,794.6673583984375,494.2112121582031,752.9336547851562,496.1401062011719,783.5247192382812,573.1710815429688,754.7515258789062,579.3846435546875
1440,47.999905325443784,785.08154296875,241.578125,793.2169189453125,235.39512634277344,776.81298828125,235.13702392578125,802.2177124023438,236.42225646972656,761.4549560546875,234.60301208496094,807.0083618164062,264.61456298828125,748.0817260742188,264.3798828125,819.608642578125,218.42384338378906,735.4863891601562,215.55995178222656,815.7996215820312,166.87042236328125,749.4534912109375,156.87258911132812,798.59423828125,407.0468444824219,757.9404907226562,407.6137390136719,794.607666015625,494.3849182128906,752.943603515625,496.32525634765625,783.5811157226562,573.284423828125,754.58740234375,579.3403930664062
1441,48.033238593030894,785.0685424804688,241.85423278808594,793.30859375,235.58958435058594,776.7657470703125,235.3555145263672,802.5682983398438,236.2318878173828,761.6063842773438,234.47994995117188,807.4420166015625,264.1076965332031,748.4089965820312,263.9217224121094,819.6122436523438,217.9905548095703,735.6038208007812,215.01919555664062,815.975830078125,167.3644561767578,749.3446044921875,156.6555633544922,798.7647094726562,407.25299072265625,758.0257568359375,407.8003845214844,794.8650512695312,494.85552978515625,753.0589599609375,496.6016540527344,783.621337890625,573.3543090820312,754.6188354492188,579.119384765625
1442,48.06657186061801,785.3455810546875,241.64053344726562,793.5387573242188,235.40219116210938,777.0806884765625,235.15625,802.6906127929688,235.9400177001953,761.85888671875,234.18902587890625,807.4986572265625,263.42852783203125,748.5797119140625,263.49261474609375,819.5559692382812,217.169921875,736.0969848632812,214.99925231933594,816.191162109375,166.49583435058594,749.508056640625,156.45372009277344,798.8493041992188,406.6816711425781,758.12060546875,407.2767333984375,795.0115356445312,494.3359069824219,752.87646484375,495.9324951171875,783.9110107421875,573.8238525390625,754.4478759765625,579.3155517578125
1443,48.09990512820512,785.4503784179688,241.70965576171875,793.63525390625,235.3819580078125,777.1185913085938,235.20791625976562,802.8131103515625,235.61358642578125,761.7528076171875,234.02957153320312,807.6390991210938,262.8560485839844,748.4994506835938,263.2826843261719,819.91796875,216.32510375976562,736.3220825195312,215.14385986328125,815.819580078125,165.02511596679688,750.0877685546875,156.53831481933594,798.9937133789062,406.4733581542969,758.1270141601562,407.2503967285156,795.1362915039062,494.5286560058594,753.27734375,496.6519775390625,783.786376953125,573.88623046875,754.9182739257812,580.2225341796875
1444,48.13323839579224,785.1251831054688,241.39666748046875,793.4617919921875,235.07667541503906,776.7744140625,234.84947204589844,802.9456176757812,235.64625549316406,761.6840209960938,233.9790496826172,807.8961181640625,263.48931884765625,748.5661010742188,263.7220764160156,819.997314453125,216.8695068359375,735.9230346679688,215.2256317138672,815.868896484375,165.2988739013672,749.769775390625,156.22166442871094,799.0533447265625,407.2577819824219,758.12060546875,407.9134521484375,795.0860595703125,495.05792236328125,753.25634765625,496.8271789550781,783.791015625,574.186767578125,754.9800415039062,579.8289184570312
1445,48.16657166337935,785.157470703125,241.59765625,793.4357299804688,235.09432983398438,776.6693725585938,235.1246795654297,802.9706420898438,235.1396942138672,761.6611938476562,234.04771423339844,807.7996826171875,262.3063049316406,748.857177734375,263.27325439453125,818.4469604492188,214.3362274169922,737.0908203125,213.71221923828125,814.1222534179688,161.6218719482422,753.0414428710938,152.53045654296875,799.240966796875,406.9979248046875,758.3395385742188,408.06884765625,795.2623291015625,494.59698486328125,753.4037475585938,497.005859375,783.8817138671875,574.3772583007812,755.0338134765625,580.73193359375
1446,48.19990493096647,785.265380859375,241.50347900390625,793.5509643554688,234.9821319580078,776.7280883789062,235.02276611328125,803.2249145507812,235.05712890625,761.6840209960938,234.01034545898438,808.3734130859375,262.6479797363281,748.788818359375,263.3165283203125,819.810546875,216.48841857910156,736.2389526367188,215.2308807373047,815.8024291992188,165.4443817138672,751.1577758789062,156.48936462402344,799.2339477539062,406.77984619140625,758.087158203125,407.6522216796875,795.2760620117188,494.60736083984375,753.4932250976562,496.68426513671875,783.9354248046875,574.2788696289062,755.1101684570312,580.241943359375
1447,48.23323819855358,784.944580078125,241.468994140625,793.3478393554688,234.91943359375,776.4442749023438,234.95620727539062,803.2408447265625,234.81411743164062,761.6395263671875,233.75830078125,808.3892211914062,262.2772521972656,748.7659301757812,263.2083435058594,819.6975708007812,216.303955078125,736.02685546875,216.17935180664062,815.9917602539062,165.62811279296875,750.7462768554688,158.17161560058594,799.1515502929688,406.4761047363281,758.0347900390625,407.4325866699219,795.1283569335938,494.3149108886719,753.4263305664062,496.49462890625,783.6939086914062,574.0322875976562,755.3243408203125,580.3516235351562
1448,48.2665714661407,784.7904052734375,241.29971313476562,793.2822875976562,234.7432098388672,776.2567138671875,234.75050354003906,803.3405151367188,234.8305206298828,761.4552001953125,233.6881561279297,808.4890747070312,262.8502502441406,748.7005004882812,263.4701232910156,820.00390625,217.89764404296875,735.7378540039062,217.08062744140625,816.0191650390625,167.36521911621094,750.246337890625,159.89540100097656,799.2410888671875,406.68505859375,758.0582885742188,407.53656005859375,795.216552734375,494.4443359375,753.5208740234375,496.71099853515625,783.7799682617188,574.1657104492188,755.377197265625,580.8427124023438
1449,48.29990473372781,784.5255126953125,241.37228393554688,793.0371704101562,234.81283569335938,775.9379272460938,234.88455200195312,803.292236328125,235.03245544433594,761.36767578125,234.02586364746094,808.6224975585938,263.1960144042969,749.1723022460938,263.3453063964844,819.7369384765625,217.92010498046875,736.8041381835938,214.822998046875,815.1703491210938,166.67303466796875,751.8577270507812,156.22569274902344,799.2847900390625,407.0668029785156,758.206787109375,407.72796630859375,795.05810546875,494.3277587890625,753.4393920898438,496.3824157714844,784.0075073242188,574.1775512695312,755.2289428710938,580.4490966796875
1450,48.333238001314925,784.4757080078125,241.52825927734375,792.9784545898438,234.8358612060547,775.8055419921875,235.07557678222656,803.4619750976562,234.6380157470703,761.4766235351562,234.0966339111328,809.0255126953125,262.4364318847656,749.5511474609375,263.2554626464844,819.9780883789062,216.7666473388672,737.0449829101562,215.268310546875,815.8272094726562,166.22177124023438,752.0739135742188,157.52964782714844,799.2383422851562,406.88177490234375,758.1839599609375,407.74468994140625,795.044921875,494.4521789550781,753.7800903320312,496.5842590332031,783.9874267578125,574.3760986328125,755.3938598632812,580.4984741210938
1451,48.366571268902035,784.0245971679688,241.87142944335938,792.5830078125,235.2731475830078,775.498291015625,235.39295959472656,803.1338500976562,234.8914794921875,761.4171752929688,234.08119201660156,808.7256469726562,262.0299377441406,749.6115112304688,262.6661682128906,819.533447265625,215.9276580810547,737.2584228515625,213.7202606201172,815.3408813476562,165.28665161132812,751.9334716796875,154.96791076660156,799.2119140625,406.66162109375,758.304931640625,407.4499206542969,795.1381225585938,494.14288330078125,753.4873046875,496.1513977050781,784.2061767578125,573.9547729492188,755.13623046875,579.8944091796875
1452,48.399904536489146,784.6448364257812,242.04412841796875,793.2086791992188,235.36447143554688,775.9766235351562,235.6319580078125,803.7957763671875,235.11634826660156,761.745849609375,234.69577026367188,809.1337280273438,262.46209716796875,750.1002197265625,263.82122802734375,819.475830078125,215.3402862548828,737.5086059570312,215.09117126464844,815.3338012695312,165.378173828125,751.511474609375,157.28692626953125,799.2081298828125,407.0116271972656,758.3826293945312,408.0166015625,795.0635986328125,494.3609619140625,753.6402587890625,496.5021057128906,784.1688842773438,573.889892578125,755.2396240234375,579.8641967773438
1453,48.43323780407626,784.8965454101562,242.04603576660156,793.3468627929688,235.25814819335938,776.110107421875,235.64015197753906,803.828369140625,234.8265838623047,761.6046142578125,234.6731719970703,809.310302734375,262.2596130371094,749.8869018554688,263.90533447265625,819.8699951171875,215.35997009277344,737.7012329101562,215.65040588378906,815.0994873046875,164.4178009033203,752.6649780273438,157.12684631347656,799.4845581054688,406.8681335449219,758.4036254882812,408.0403747558594,795.2518920898438,494.4657287597656,753.9602661132812,497.03985595703125,783.9776611328125,573.5563354492188,755.3673095703125,580.0760498046875
1454,48.466571071663374,785.0695190429688,242.02755737304688,793.42626953125,235.23220825195312,776.2523803710938,235.68064880371094,803.79541015625,234.76361083984375,761.5890502929688,234.75418090820312,809.4620361328125,262.12579345703125,749.9443969726562,263.76446533203125,820.4808959960938,215.19317626953125,737.6277465820312,214.9047393798828,815.348876953125,165.34901428222656,752.13134765625,157.3653564453125,799.6517944335938,406.7867126464844,758.5267944335938,407.9527587890625,795.2281494140625,494.238037109375,753.89111328125,496.9527282714844,784.2621459960938,573.6050415039062,755.2210693359375,580.2234497070312
1455,48.49990433925049,785.3416137695312,241.97482299804688,793.6470336914062,235.2399139404297,776.6041870117188,235.550048828125,803.7473754882812,234.78282165527344,761.6924438476562,234.45396423339844,809.3250732421875,262.1017761230469,749.491943359375,263.6029357910156,820.5989379882812,215.47610473632812,737.1193237304688,215.54388427734375,815.3106079101562,165.34494018554688,751.6400146484375,158.04232788085938,799.6334838867188,406.399169921875,758.3479614257812,407.5047607421875,795.6640014648438,493.8747863769531,753.9662475585938,496.35504150390625,784.492919921875,573.322509765625,755.402099609375,579.6953125
1456,48.5332376068376,785.4447631835938,241.86854553222656,793.7064819335938,235.1773681640625,776.6865844726562,235.49551391601562,803.7323608398438,234.97857666015625,761.6895751953125,234.67437744140625,809.2011108398438,262.4891662597656,749.603515625,263.8672790527344,820.56884765625,215.93675231933594,737.16796875,215.4713592529297,815.5567626953125,166.0361785888672,751.1826782226562,158.13267517089844,799.5856323242188,406.2109069824219,758.4420776367188,407.28741455078125,795.800048828125,493.51849365234375,754.1782836914062,496.0088195800781,784.7760620117188,572.7650756835938,755.4153442382812,579.1260375976562
1457,48.56657087442472,785.1007080078125,241.87730407714844,793.484619140625,235.2481231689453,776.422607421875,235.4630584716797,803.6954956054688,235.22171020507812,761.6284790039062,234.70643615722656,809.2108764648438,262.8589782714844,749.5994262695312,264.1943664550781,821.160888671875,215.94337463378906,736.4805908203125,215.9000244140625,815.9529418945312,166.11672973632812,749.46142578125,159.4470977783203,799.5298461914062,406.5426330566406,758.4794311523438,407.56317138671875,795.7030639648438,493.6766357421875,754.2953491210938,496.23052978515625,784.7003784179688,572.780029296875,755.5913696289062,579.328125
1458,48.59990414201183,785.7549438476562,241.99322509765625,793.968017578125,235.3142852783203,777.0029907226562,235.59817504882812,803.8307495117188,235.1057891845703,761.820556640625,234.7585906982422,809.127197265625,262.4226989746094,749.6524658203125,264.0537109375,820.5333251953125,214.9960479736328,737.1640625,215.6692352294922,815.5578002929688,164.5902557373047,750.9149780273438,158.35374450683594,799.6802368164062,406.559326171875,758.6272583007812,407.6980285644531,795.6145629882812,494.0285339355469,754.2222900390625,496.4759216308594,784.5927734375,573.497802734375,755.4556884765625,579.5869140625
1459,48.63323740959895,785.8951416015625,242.0083770751953,794.0355834960938,235.3391876220703,777.1387939453125,235.6192169189453,803.7383422851562,235.18453979492188,761.7833862304688,234.81752014160156,809.05126953125,262.57916259765625,749.7122192382812,264.08819580078125,820.93212890625,214.786865234375,737.29833984375,214.82986450195312,815.8015747070312,164.40541076660156,750.833251953125,157.48800659179688,799.8339233398438,406.92913818359375,758.88525390625,408.0414123535156,795.3812255859375,494.1851806640625,754.2094116210938,496.8152770996094,784.42626953125,573.215087890625,755.306884765625,579.4785766601562
1460,48.66657067718606,785.77392578125,242.1474151611328,793.9994506835938,235.4551239013672,777.0623168945312,235.70785522460938,803.9282836914062,235.0942840576172,762.0035400390625,234.71798706054688,809.4486083984375,262.3281555175781,750.0164794921875,263.9875793457031,821.3160400390625,214.686767578125,737.12158203125,215.15635681152344,816.1964111328125,164.7243194580078,749.973876953125,158.03713989257812,800.0177612304688,406.9824523925781,759.0464477539062,408.08917236328125,795.6644897460938,494.326171875,754.3373413085938,496.81463623046875,784.6651611328125,573.0869140625,755.325927734375,579.0740356445312
1461,48.699903944773176,785.5950317382812,242.10562133789062,793.8175659179688,235.35064697265625,776.787353515625,235.71653747558594,803.8485107421875,235.04290771484375,761.8353271484375,234.9217071533203,809.5359497070312,262.4217224121094,750.1165161132812,264.2511901855469,820.6029052734375,214.2237091064453,738.0534057617188,214.70692443847656,814.820068359375,163.7082977294922,752.1689453125,156.56643676757812,800.1580200195312,407.3739929199219,759.1016845703125,408.5231018066406,795.690185546875,494.7416687011719,754.3453979492188,497.05810546875,784.6049194335938,573.6296997070312,755.4136352539062,579.27392578125
1462,48.73323721236029,785.4865112304688,242.1053009033203,793.7423706054688,235.32101440429688,776.6212768554688,235.7396697998047,803.9169311523438,235.08169555664062,761.7650756835938,235.08514404296875,809.6322021484375,262.5603332519531,750.2725830078125,264.3948059082031,820.4702758789062,213.90321350097656,738.5245361328125,214.1988525390625,814.1165161132812,162.5695343017578,753.289306640625,155.4123077392578,800.1060791015625,407.4937438964844,759.03271484375,408.6559753417969,795.7305297851562,494.6195983886719,754.4527587890625,497.08050537109375,784.4526977539062,573.6387939453125,755.3125,579.5349731445312
1463,48.7665704799474,785.6725463867188,242.2316131591797,793.8925170898438,235.45411682128906,776.7913818359375,235.8650360107422,803.9865112304688,235.217041015625,761.7927856445312,235.19873046875,809.775390625,262.81683349609375,750.164794921875,264.6140441894531,820.8463134765625,214.58824157714844,738.5260009765625,214.8037109375,814.474609375,163.61566162109375,753.16015625,156.09886169433594,800.1361083984375,407.3349914550781,758.983154296875,408.4486389160156,795.6231689453125,494.5796203613281,754.5582275390625,496.8676452636719,784.0715942382812,573.4847412109375,755.5803833007812,579.1878051757812
1464,48.799903747534515,785.5171508789062,242.34823608398438,793.7958374023438,235.61131286621094,776.7494506835938,235.9344482421875,803.9951782226562,235.16876220703125,762.0458374023438,234.9665069580078,809.815185546875,262.41680908203125,750.3712158203125,264.17926025390625,820.5506591796875,214.74082946777344,738.5208129882812,215.31997680664062,814.476806640625,164.05023193359375,752.8081665039062,156.96731567382812,800.2131958007812,406.9217224121094,759.1436767578125,407.97509765625,795.91796875,494.4295654296875,754.57861328125,496.4527282714844,784.16455078125,573.2515258789062,755.4318237304688,578.72216796875
1465,48.833237015121625,785.792236328125,242.55091857910156,793.9431762695312,235.7445068359375,776.98486328125,236.2154083251953,804.0296630859375,235.0937042236328,762.2796020507812,235.24546813964844,810.0493774414062,262.09307861328125,750.5626220703125,264.212646484375,821.0008544921875,214.2109832763672,738.3815307617188,215.06112670898438,815.021728515625,164.1570587158203,752.6016845703125,156.67544555664062,800.1929931640625,406.86285400390625,759.1141967773438,408.07928466796875,795.90185546875,494.4509582519531,754.7034301757812,496.802734375,784.1436767578125,573.5194091796875,755.244873046875,579.2515258789062
1466,48.86657028270874,786.5010375976562,242.51531982421875,794.43212890625,235.62371826171875,777.5526733398438,236.25279235839844,804.138671875,234.8695068359375,762.304931640625,235.40176391601562,809.9567260742188,261.6399230957031,750.656005859375,264.28533935546875,820.6038818359375,211.91165161132812,739.7691040039062,213.5740509033203,814.0057373046875,160.78677368164062,755.141357421875,154.0039825439453,800.3414306640625,407.00128173828125,759.2681884765625,408.44732666015625,795.5841674804688,494.47760009765625,754.6217651367188,497.0837097167969,784.2019653320312,573.634033203125,755.335693359375,579.2758178710938
1467,48.89990355029585,786.9642944335938,242.54006958007812,794.7750854492188,235.71119689941406,778.1082763671875,236.20297241210938,804.0977783203125,234.6778564453125,762.4650268554688,234.9311065673828,809.7514038085938,260.8201599121094,750.47119140625,263.5899963378906,821.2083129882812,210.61024475097656,739.4810180664062,213.02166748046875,815.4381713867188,160.5595703125,753.9285278320312,154.29884338378906,800.3882446289062,406.7304382324219,759.3944091796875,408.1928405761719,795.5184936523438,494.30010986328125,754.5317993164062,496.79058837890625,783.9437255859375,573.626953125,755.078857421875,578.8592529296875
1468,48.93323681788297,787.0219116210938,242.50990295410156,794.9120483398438,235.79818725585938,778.2274169921875,236.13259887695312,804.1263427734375,235.3282928466797,762.2911987304688,235.1700897216797,809.5204467773438,262.2322998046875,750.0902709960938,264.5181884765625,821.8564453125,212.805908203125,738.2969970703125,214.47569274902344,815.9791870117188,164.11865234375,750.9446411132812,157.93460083007812,800.2208862304688,407.1747131347656,759.276611328125,408.45294189453125,795.4159545898438,494.370849609375,754.3598022460938,496.91162109375,784.2154541015625,573.4060668945312,755.2293090820312,579.0650634765625
1469,48.96657008547008,787.593994140625,242.47564697265625,795.3355712890625,235.6963348388672,778.7036743164062,236.1173858642578,804.3616333007812,235.1568603515625,762.481201171875,235.21194458007812,809.9148559570312,262.2236328125,750.101806640625,264.5456848144531,822.2722778320312,213.25677490234375,738.4755859375,214.89137268066406,816.2713623046875,164.11178588867188,751.3706665039062,158.0369873046875,800.4445190429688,407.0005187988281,759.2667236328125,408.2359924316406,795.37451171875,494.3165283203125,754.2562255859375,496.529296875,784.3307495117188,573.2446899414062,755.1927490234375,578.2050170898438
1470,48.9999033530572,787.7972412109375,242.2998504638672,795.4976806640625,235.48487854003906,778.812255859375,235.9927978515625,804.4758911132812,235.25013732910156,762.448974609375,235.4806365966797,810.1602783203125,262.9742126464844,749.9618530273438,265.2113342285156,822.5718994140625,215.03756713867188,737.5966796875,216.42922973632812,816.0580444335938,166.28915405273438,749.9554443359375,160.64186096191406,800.4916381835938,407.045654296875,759.14892578125,408.24853515625,795.5202026367188,494.2751770019531,754.4378051757812,496.56292724609375,784.4791259765625,573.112060546875,755.320068359375,578.342529296875
1471,49.03323662064431,787.8465576171875,242.26724243164062,795.5813598632812,235.3952178955078,778.7861938476562,235.99520874023438,804.691162109375,235.2054443359375,762.51123046875,235.6018524169922,810.406982421875,263.186767578125,750.1473388671875,265.1802978515625,822.299560546875,215.8826446533203,737.6744995117188,216.12136840820312,815.8419799804688,166.88279724121094,750.4012451171875,159.9019012451172,800.6859130859375,407.14385986328125,759.2272338867188,408.2966613769531,795.7041625976562,494.1794128417969,754.2865600585938,496.4369812011719,785.1011352539062,573.038818359375,755.3001098632812,578.294921875
1472,49.06656988823143,787.1942749023438,242.31483459472656,795.0086669921875,235.487548828125,778.2176513671875,236.03465270996094,804.3888549804688,235.267578125,762.45654296875,235.570068359375,810.4425659179688,263.02783203125,750.2124633789062,264.9371337890625,822.3363647460938,214.99612426757812,738.2387084960938,215.24530029296875,815.8093872070312,164.75637817382812,752.5826416015625,157.76821899414062,800.7135009765625,406.95770263671875,759.2574462890625,408.0574035644531,795.7290649414062,494.0950012207031,754.4360961914062,496.174072265625,784.7125244140625,573.24755859375,755.347900390625,578.2337036132812
1473,49.09990315581854,787.2179565429688,242.44677734375,795.1194458007812,235.60528564453125,778.2734985351562,236.12649536132812,804.659423828125,235.13783264160156,762.6663208007812,235.4178924560547,810.6358642578125,262.48065185546875,750.4638671875,264.6820068359375,822.5122680664062,214.10768127441406,738.344970703125,215.31683349609375,816.0216064453125,163.81813049316406,752.7247314453125,157.7967987060547,800.737548828125,406.650634765625,759.3124389648438,407.8722229003906,795.95263671875,494.0171813964844,754.6442260742188,496.3669738769531,784.6466674804688,572.9603271484375,755.3681030273438,578.33154296875
1474,49.13323642340565,786.7573852539062,242.48989868164062,794.8034057617188,235.70152282714844,777.8524169921875,236.19754028320312,804.6871948242188,235.3546600341797,762.63037109375,235.61630249023438,810.6959838867188,262.6853332519531,750.8446655273438,264.9466552734375,822.6138916015625,214.38916015625,738.235595703125,216.0393524169922,816.771484375,165.51904296875,751.7149658203125,160.475830078125,800.6781005859375,406.7166442871094,759.5006103515625,407.89569091796875,795.8168334960938,494.35894775390625,754.6620483398438,496.6203308105469,784.7015380859375,573.3305053710938,755.2373657226562,578.6184692382812
1475,49.166569690992766,784.9491577148438,242.9602813720703,792.954833984375,236.25949096679688,777.249267578125,235.98390197753906,802.7703247070312,237.04579162597656,764.3568725585938,236.03536987304688,807.2188720703125,266.0496520996094,752.3357543945312,264.77886962890625,823.7728271484375,214.92987060546875,735.5265502929688,214.79483032226562,823.7400512695312,165.08851623535156,751.0235595703125,160.2060546875,795.1805419921875,400.4242248535156,758.1353759765625,399.9158935546875,789.6954956054688,501.2432861328125,750.8253173828125,499.135986328125,790.2053833007812,580.8138427734375,753.918701171875,577.5574951171875
1476,49.19990295857988,787.0762939453125,242.39215087890625,795.0484008789062,235.6714630126953,778.2161254882812,236.0245361328125,804.594482421875,235.4151611328125,762.6298217773438,235.32435607910156,810.4644165039062,262.74395751953125,750.3883056640625,264.7843322753906,822.7249755859375,214.20025634765625,738.7010498046875,215.59999084472656,816.2510375976562,163.60418701171875,753.3794555664062,157.8880615234375,800.6622314453125,406.8214416503906,759.2770385742188,407.9702453613281,796.2275390625,494.6375427246094,754.8350219726562,496.9324645996094,784.2695922851562,572.88330078125,755.2576293945312,578.3182373046875
1477,49.233236226166994,787.3113403320312,242.4178009033203,795.1923828125,235.69476318359375,778.4542846679688,236.04324340820312,804.5196533203125,235.32720947265625,762.6644287109375,235.1973114013672,810.4337158203125,262.4340515136719,750.2938842773438,264.4398193359375,822.5741577148438,213.6986846923828,739.0230102539062,214.90992736816406,816.011962890625,163.11143493652344,754.125,156.8090362548828,800.9580078125,406.7574157714844,759.4750366210938,407.87713623046875,796.21826171875,494.6351318359375,754.529296875,496.70965576171875,784.3120727539062,573.1612548828125,755.0443725585938,578.176513671875
1478,49.266569493754105,787.2861328125,242.55795288085938,795.1365356445312,235.82765197753906,778.4187622070312,236.2056427001953,804.5104370117188,235.38392639160156,762.80078125,235.36471557617188,810.4530639648438,262.3271179199219,750.5078735351562,264.41864013671875,822.1694946289062,213.08157348632812,739.2775268554688,214.67295837402344,815.4873657226562,162.14239501953125,754.8494873046875,156.41665649414062,800.63623046875,406.2283630371094,759.2716064453125,407.3349609375,796.3196411132812,494.1125793457031,754.78369140625,495.9881896972656,783.9365234375,572.7435302734375,754.8013916015625,577.4794921875
1479,49.29990276134122,786.8565063476562,242.60281372070312,794.9423828125,235.86825561523438,778.0367431640625,236.2340087890625,804.8037109375,235.376220703125,762.9662475585938,235.35226440429688,810.6806030273438,262.178466796875,750.9083862304688,264.46197509765625,821.7393188476562,213.11231994628906,739.537109375,215.3211669921875,815.324462890625,161.53427124023438,755.2421875,156.37307739257812,800.6104736328125,406.09979248046875,759.2796630859375,407.3033447265625,796.5370483398438,494.0235900878906,754.6461791992188,496.1575622558594,784.1295776367188,572.0929565429688,754.681396484375,577.4063110351562
1480,49.33323602892833,786.6575927734375,242.63040161132812,794.7828369140625,235.91159057617188,777.86279296875,236.27638244628906,804.7334594726562,235.44049072265625,762.9579467773438,235.42149353027344,810.5925903320312,262.14923095703125,751.0118408203125,264.47430419921875,821.3458251953125,212.56761169433594,739.656494140625,214.78848266601562,815.304931640625,160.81222534179688,755.3609619140625,155.2701873779297,800.557373046875,406.2273864746094,759.3097534179688,407.4237976074219,796.3377075195312,493.9871520996094,754.2756958007812,495.93804931640625,784.2776489257812,572.2351684570312,754.4571533203125,577.1532592773438
1481,49.36656929651545,786.8086547851562,242.5745086669922,794.9476928710938,235.8527374267578,778.0081176757812,236.23065185546875,804.8631591796875,235.3949737548828,762.97802734375,235.38534545898438,810.5158081054688,261.96075439453125,751.0171508789062,264.42742919921875,821.4090576171875,212.02377319335938,739.89013671875,214.61138916015625,815.023681640625,159.64198303222656,756.046630859375,154.74977111816406,800.5850830078125,405.9063720703125,759.3464965820312,407.2390441894531,796.3704223632812,493.5414733886719,754.3417358398438,496.0248718261719,784.4406127929688,572.1561279296875,754.6388549804688,577.8872680664062
1482,49.39990256410256,787.0687866210938,242.53143310546875,795.1092529296875,235.810302734375,778.2935791015625,236.17251586914062,804.7562255859375,235.22750854492188,763.0284423828125,235.1750030517578,810.2669067382812,261.6590881347656,750.927978515625,264.2269287109375,821.224609375,211.86117553710938,739.9440307617188,214.83311462402344,815.13818359375,160.56784057617188,755.5288696289062,155.8878173828125,800.5284423828125,405.72589111328125,759.4108276367188,407.0816345214844,796.3443603515625,493.5602722167969,754.4049072265625,495.92950439453125,784.48486328125,572.290283203125,754.7221069335938,577.8238525390625
1483,49.43323583168967,786.9247436523438,242.50698852539062,795.0382690429688,235.7957000732422,778.1715698242188,236.1974334716797,804.87451171875,235.22850036621094,763.225830078125,235.27635192871094,810.3428344726562,261.4553527832031,751.3442993164062,264.17315673828125,820.7586059570312,211.2078094482422,740.5693969726562,214.23019409179688,814.9525756835938,159.31394958496094,756.351806640625,154.11521911621094,800.5181274414062,405.7660827636719,759.5250244140625,407.1947937011719,796.3248901367188,493.4501647949219,754.310546875,495.8986511230469,784.6690063476562,572.0971069335938,754.7025756835938,577.6970825195312
1484,49.46656909927679,787.1566772460938,242.412353515625,795.2196044921875,235.62831115722656,778.2970581054688,236.06849670410156,804.9522705078125,235.1270751953125,763.002685546875,235.24732971191406,810.422607421875,261.9773864746094,751.0671997070312,264.52996826171875,821.4510498046875,213.0204620361328,740.0560302734375,215.74896240234375,815.6139526367188,162.24143981933594,755.2501831054688,157.59564208984375,800.4060668945312,406.3187255859375,759.293212890625,407.6697998046875,796.1380615234375,494.1189880371094,754.4487915039062,496.5633850097656,784.4994506835938,572.4413452148438,754.81591796875,578.10009765625
1485,49.4999023668639,786.8321533203125,242.66725158691406,794.9622192382812,235.85203552246094,777.976806640625,236.3343048095703,804.9288940429688,235.15960693359375,762.9678344726562,235.40423583984375,810.370361328125,261.71002197265625,751.4380493164062,264.46661376953125,821.1351318359375,212.32749938964844,740.4872436523438,215.35873413085938,815.472900390625,161.56687927246094,755.3222045898438,157.09939575195312,800.3338012695312,406.4335021972656,759.4320678710938,407.8699951171875,796.1541137695312,494.26397705078125,754.56884765625,496.94354248046875,784.526123046875,572.4104614257812,754.6587524414062,578.4284057617188
1486,49.53323563445102,786.814697265625,242.39134216308594,794.9133911132812,235.6381072998047,778.0137329101562,236.05130004882812,804.8369140625,235.24703979492188,762.9969482421875,235.35342407226562,810.52587890625,262.452392578125,751.1229858398438,264.8888854980469,822.26806640625,214.9022674560547,738.5308227539062,217.9674530029297,816.9390258789062,165.38633728027344,751.7260131835938,162.81114196777344,800.2722778320312,406.3363037109375,759.3076782226562,407.5811767578125,796.122314453125,494.2117919921875,754.7241821289062,496.6539611816406,784.69140625,572.355224609375,754.7064819335938,578.163818359375
1487,49.56656890203813,786.1574096679688,242.59207153320312,794.3701171875,235.87796020507812,777.4637451171875,236.189208984375,804.4927368164062,235.21958923339844,762.6908569335938,235.0787353515625,810.4269409179688,261.9061279296875,750.797119140625,264.176025390625,822.4668579101562,214.24880981445312,738.2412719726562,216.9746551513672,816.9801025390625,164.7664337158203,751.4736328125,161.57664489746094,800.3047485351562,405.9596252441406,759.2108154296875,407.1260986328125,796.04833984375,493.9197692871094,754.3900146484375,496.23974609375,784.7728881835938,572.227294921875,754.900390625,577.9467163085938
1488,49.599902169625246,786.2732543945312,242.35877990722656,794.49560546875,235.73629760742188,777.64697265625,235.9164581298828,804.528076171875,235.32647705078125,762.7752685546875,234.87562561035156,810.5272216796875,262.3189697265625,750.519775390625,264.1761779785156,823.0938720703125,215.57032775878906,737.396728515625,217.77151489257812,817.5654296875,166.41583251953125,750.1103515625,163.30577087402344,800.3167114257812,405.8848571777344,759.0588989257812,406.8533935546875,796.1334838867188,494.1224365234375,754.2315063476562,496.1516418457031,784.773681640625,572.097412109375,754.7342529296875,577.5294189453125
1489,49.633235437212356,785.7528686523438,242.5939178466797,794.0361938476562,235.89369201660156,777.092041015625,236.19223022460938,804.40869140625,235.1273651123047,762.7693481445312,235.02012634277344,810.4360961914062,261.3756408691406,751.005615234375,263.7596130371094,821.5489501953125,212.33389282226562,738.5070190429688,215.23382568359375,816.30908203125,161.2832489013672,752.8810424804688,157.4004364013672,800.231689453125,405.8089294433594,759.1851806640625,406.9930419921875,796.0899047851562,493.9358825683594,754.3448486328125,495.8843078613281,784.6505126953125,572.3865966796875,754.7398681640625,577.2261962890625
1490,49.666568704799474,785.9661865234375,242.78269958496094,794.1875610351562,236.07289123535156,777.2722778320312,236.341064453125,804.4442749023438,235.34402465820312,762.7525024414062,235.16184997558594,810.3978881835938,261.9882507324219,750.9057006835938,263.9701232910156,821.7876586914062,214.2034149169922,738.220703125,216.3405303955078,817.0820922851562,163.7361297607422,752.3203125,159.8255615234375,800.1044921875,406.1004943847656,759.0900268554688,407.11444091796875,795.9603881835938,494.46868896484375,754.468017578125,496.1498107910156,784.4136352539062,572.7506713867188,754.5845947265625,577.2860107421875
1491,49.699901972386584,786.2943725585938,242.61355590820312,794.4147338867188,235.94204711914062,777.573486328125,236.18971252441406,804.5272827148438,235.5164337158203,762.8460083007812,235.24505615234375,810.6640625,262.899169921875,750.7319946289062,264.057861328125,822.6278686523438,216.62657165527344,736.8060302734375,217.04209899902344,817.711669921875,166.48419189453125,749.9129638671875,162.87481689453125,800.2176513671875,406.2604675292969,759.0786743164062,406.9091491699219,795.744384765625,494.478759765625,754.5286865234375,495.7426452636719,784.4613037109375,572.6953735351562,754.5553588867188,576.8331909179688
1492,49.7332352399737,786.7844848632812,242.60118103027344,794.8251342773438,235.92391967773438,778.013916015625,236.13401794433594,804.7892456054688,235.65191650390625,762.94091796875,235.26165771484375,810.894775390625,263.5801696777344,750.5587768554688,264.08099365234375,823.456787109375,217.8949432373047,736.2952880859375,216.80136108398438,817.9891967773438,167.30044555664062,749.6890258789062,163.4667510986328,800.2442626953125,406.5038146972656,758.9267578125,406.92608642578125,795.5872192382812,494.499755859375,754.6195678710938,495.77520751953125,784.1382446289062,572.340576171875,754.4136352539062,576.6243286132812
1493,49.76656850756081,786.6179809570312,242.4797821044922,794.6625366210938,235.8135528564453,777.8170166015625,235.9208984375,804.6282958984375,235.7399139404297,762.552978515625,235.110107421875,810.983154296875,264.4494323730469,750.00390625,264.22332763671875,824.2390747070312,220.41932678222656,735.3250122070312,217.8595733642578,818.598388671875,170.13177490234375,748.1471557617188,165.86224365234375,800.2133178710938,406.8140563964844,758.64013671875,406.87359619140625,795.4724731445312,494.6794128417969,754.5418701171875,495.29193115234375,784.1018676757812,572.4580078125,754.5552978515625,575.9151000976562
1494,49.79990177514792,786.86865234375,242.61378479003906,794.820556640625,236.04295349121094,778.1688842773438,235.99850463867188,804.4922485351562,236.19244384765625,762.7518310546875,235.18780517578125,810.7526245117188,265.01666259765625,749.5892944335938,264.2320251464844,823.8629150390625,221.5462188720703,735.1727905273438,218.1434783935547,817.614501953125,168.2796173095703,749.2672729492188,163.79049682617188,800.3313598632812,406.7686462402344,758.5490112304688,406.6921081542969,795.98779296875,494.6668395996094,754.5775146484375,495.1843566894531,784.4015502929688,572.2990112304688,754.5447387695312,575.7783813476562
1495,49.83323504273504,786.7281494140625,242.9886932373047,794.5775146484375,236.3635711669922,777.997314453125,236.38677978515625,804.1224975585938,236.22537231445312,762.6627197265625,235.37213134765625,810.1752319335938,264.2801818847656,749.6615600585938,263.76611328125,821.7545776367188,217.76708984375,737.3118286132812,214.6024932861328,815.1996459960938,159.882568359375,755.5158081054688,154.55453491210938,800.564208984375,406.9520263671875,758.8991088867188,407.1388244628906,796.1460571289062,494.6456604003906,754.7548217773438,495.4230651855469,784.1486206054688,572.641357421875,754.6055297851562,576.1256103515625
1496,49.86656831032215,786.312255859375,243.14492797851562,794.228759765625,236.54144287109375,777.6281127929688,236.58111572265625,804.0831298828125,236.54847717285156,762.6592407226562,235.7689666748047,810.578369140625,264.83453369140625,749.8543090820312,264.2255554199219,823.052978515625,219.361328125,736.784912109375,216.0606231689453,816.4618530273438,161.9570770263672,754.3977661132812,157.61216735839844,800.671630859375,407.07086181640625,758.9597778320312,407.18377685546875,795.9872436523438,494.4862365722656,754.6446533203125,495.4820861816406,784.3905639648438,572.5572509765625,754.4776611328125,576.421630859375
1497,49.89990157790927,786.3082275390625,243.10269165039062,794.1767578125,236.49237060546875,777.6199340820312,236.54586791992188,804.0123291015625,236.6541290283203,762.6458129882812,235.9250030517578,810.82958984375,265.18731689453125,749.4617309570312,264.5885314941406,823.5930786132812,220.1301727294922,736.3694458007812,217.2041015625,816.9697875976562,161.98338317871094,754.8494262695312,158.60585021972656,800.710205078125,407.08734130859375,758.6294555664062,407.18377685546875,795.9810791015625,494.5159912109375,754.3700561523438,495.34130859375,784.5253295898438,572.48193359375,754.5213623046875,575.97607421875
1498,49.93323484549638,785.076171875,242.9844970703125,793.08984375,236.43983459472656,776.3922729492188,236.5913848876953,803.7081909179688,236.99147033691406,762.356201171875,236.53395080566406,811.4039306640625,265.0868835449219,749.6438598632812,264.49127197265625,823.4562377929688,217.67178344726562,737.63916015625,213.73280334472656,816.4252319335938,157.72726440429688,761.1045532226562,152.1565704345703,801.591796875,407.42913818359375,759.0151977539062,407.6382751464844,796.1461181640625,493.9814147949219,753.9864501953125,495.14453125,784.384033203125,572.6402587890625,754.0601806640625,576.020263671875
1499,49.9665681130835,784.81298828125,242.50611877441406,792.7047119140625,236.0562286376953,775.9133911132812,236.4876251220703,803.3477172851562,237.57522583007812,761.6304321289062,237.8883056640625,811.9353637695312,265.64715576171875,749.0572509765625,266.6495056152344,824.8816528320312,214.2848358154297,737.6144409179688,212.82411193847656,816.0582885742188,157.8398895263672,763.0770263671875,152.2122039794922,802.1898193359375,407.9451904296875,758.9208984375,408.79150390625,796.3380737304688,493.8161315917969,753.7548217773438,495.9565124511719,784.389892578125,572.6976928710938,754.0210571289062,576.28466796875
1500,49.99990138067061,785.3004150390625,241.81301879882812,793.0355224609375,235.43417358398438,776.28466796875,235.9880828857422,803.5346069335938,237.9511260986328,761.7750244140625,238.39964294433594,812.94189453125,267.57940673828125,748.5592651367188,267.1239318847656,827.7000732421875,217.9055938720703,737.0118408203125,211.56256103515625,816.9363403320312,161.2825927734375,767.5081176757812,152.14749145507812,802.7459716796875,408.2042541503906,758.5765991210938,408.78143310546875,796.632568359375,493.15618896484375,753.8798217773438,496.2994689941406,784.8776245117188,572.3798217773438,754.0361938476562,577.5641479492188
1501,50.033234648257725,783.6531372070312,241.74903869628906,791.5502319335938,235.4720458984375,774.8260498046875,235.8802490234375,802.498046875,238.73655700683594,761.08154296875,238.7504425048828,813.750244140625,270.1217041015625,746.7592163085938,268.15478515625,832.4616088867188,223.74041748046875,732.9508666992188,214.0822296142578,819.03466796875,166.6659393310547,770.264892578125,157.26702880859375,803.3155517578125,408.9850769042969,757.8034057617188,409.2674865722656,797.5805053710938,492.5635986328125,754.0094604492188,496.8929443359375,785.7036743164062,571.2942504882812,754.0565795898438,578.2088623046875
1502,50.066567915844836,782.7077026367188,241.40357971191406,790.3493041992188,235.3185577392578,773.9281005859375,235.83377075195312,801.072021484375,239.5665740966797,760.4734497070312,239.8640594482422,814.1226196289062,271.6715393066406,744.9036865234375,269.7429504394531,835.2221069335938,227.18418884277344,728.899169921875,217.98095703125,818.820068359375,170.98927307128906,771.2410278320312,164.29043579101562,803.6468505859375,408.8822021484375,756.9312744140625,409.36572265625,798.2349243164062,492.3633117675781,754.2184448242188,497.87786865234375,786.0783081054688,571.3810424804688,753.8220825195312,579.3517456054688
1503,50.09990118343195,782.1476440429688,241.55596923828125,789.7618408203125,235.53668212890625,773.37939453125,236.068115234375,800.5943603515625,240.8443603515625,760.6427001953125,241.07704162597656,814.65576171875,275.2032165527344,743.9901123046875,271.7454833984375,837.2254028320312,234.4971160888672,725.0217895507812,222.51292419433594,820.6234741210938,177.4969940185547,775.6976318359375,172.03134155273438,804.1239624023438,408.86041259765625,756.8110961914062,409.166259765625,798.6388549804688,491.6109619140625,754.7686157226562,498.15118408203125,786.7579956054688,570.190185546875,753.154052734375,579.33154296875
1504,50.133234451019064,781.5588989257812,241.4702911376953,789.1942138671875,235.58642578125,773.0406494140625,236.09153747558594,800.3603515625,241.825439453125,761.4317016601562,242.13392639160156,816.7412719726562,277.2432556152344,742.7565307617188,273.1645812988281,841.1857299804688,238.67247009277344,719.0315551757812,225.6949920654297,818.3759765625,182.46900939941406,773.8157348632812,179.40335083007812,803.7410278320312,408.7528991699219,754.832763671875,408.7779235839844,798.3673706054688,490.9723815917969,754.2057495117188,498.1153869628906,786.4673461914062,570.2294311523438,752.6781616210938,579.8157348632812
1505,50.166567718606174,781.1430053710938,239.62107849121094,788.8910522460938,233.75083923339844,773.0812377929688,233.6407928466797,799.6648559570312,240.30191040039062,761.1795654296875,239.08575439453125,817.2626342773438,278.2345886230469,739.8174438476562,271.47320556640625,846.157470703125,246.00340270996094,710.5985717773438,228.8048858642578,817.8231811523438,191.64122009277344,762.874267578125,191.1294403076172,803.0969848632812,409.3645324707031,752.8298950195312,408.23016357421875,796.9326171875,491.8042297363281,752.988525390625,498.5562438964844,786.5029907226562,570.282470703125,753.0795288085938,580.041015625
1506,50.19990098619329,778.7158813476562,241.350341796875,785.9135131835938,235.5436553955078,771.927978515625,235.48011779785156,796.3659057617188,243.38027954101562,762.0507202148438,241.27630615234375,816.3826904296875,278.20501708984375,738.6094970703125,273.21142578125,850.284912109375,247.99813842773438,707.8012084960938,242.11996459960938,820.9017944335938,205.99713134765625,761.8056640625,208.29296875,801.99072265625,408.76239013671875,750.0228881835938,408.4239501953125,795.7032470703125,491.8009948730469,752.941650390625,500.2486877441406,788.4474487304688,567.5195922851562,757.0109252929688,576.414794921875
1507,50.2332342537804,786.336181640625,239.264892578125,791.0990600585938,233.26104736328125,779.7046508789062,232.26512145996094,793.7119750976562,240.03355407714844,761.56201171875,235.69488525390625,811.7081909179688,277.06903076171875,730.8956298828125,273.3980712890625,855.9793701171875,260.00054931640625,698.9108276367188,263.60003662109375,828.9500122070312,221.44790649414062,743.1961669921875,240.12733459472656,802.1525268554688,408.0680236816406,749.8259887695312,408.55657958984375,793.8026733398438,493.5806884765625,753.4111938476562,502.8889465332031,785.9420776367188,566.4844970703125,757.8848266601562,576.2177124023438
1508,50.26656752136752,778.8642578125,242.79949951171875,785.3809814453125,235.783447265625,771.7410888671875,235.29510498046875,792.9304809570312,238.98678588867188,758.170166015625,237.15293884277344,816.6690063476562,279.12261962890625,730.7445068359375,276.0955505371094,860.228759765625,281.23876953125,696.1788940429688,277.0029602050781,829.0393676757812,242.47488403320312,745.9807739257812,251.4371337890625,802.7332763671875,408.3345031738281,749.4426879882812,408.4723815917969,795.5088500976562,493.6507873535156,751.6981811523438,502.32427978515625,784.8238525390625,567.66943359375,754.6143798828125,578.3252563476562
1509,50.29990078895463,775.9039306640625,243.7732391357422,783.6109619140625,236.60446166992188,768.5686645507812,236.16014099121094,793.919677734375,239.7841796875,757.268798828125,238.0602569580078,818.0232543945312,281.97723388671875,731.2192993164062,278.5134582519531,860.8853149414062,298.973388671875,696.0482788085938,292.2725524902344,846.0253295898438,269.678955078125,750.6531372070312,266.649658203125,802.9754028320312,407.34625244140625,749.5086059570312,407.7144775390625,795.2950439453125,493.3816223144531,750.9443359375,501.8496398925781,784.094970703125,568.1763916015625,753.8400268554688,578.122802734375
1510,50.33323405654175,777.9447631835938,243.58221435546875,785.3689575195312,236.41014099121094,770.1544189453125,235.99221801757812,794.4105834960938,239.24830627441406,756.4457397460938,237.28936767578125,814.654296875,281.2168884277344,729.3065795898438,279.3149719238281,848.6253051757812,311.8662414550781,697.8733520507812,307.94586181640625,845.8094482421875,300.3021545410156,748.9716186523438,286.6218566894531,803.22607421875,406.098876953125,750.0556030273438,407.7496643066406,798.454833984375,494.182373046875,751.3807983398438,501.7305908203125,785.3731689453125,570.8997802734375,754.21142578125,579.1784057617188
1511,50.36656732412886,776.4942626953125,242.425537109375,783.6588134765625,235.38034057617188,769.1669921875,234.85166931152344,792.1424560546875,238.81130981445312,756.078125,237.0654296875,814.2142333984375,282.729736328125,729.0320434570312,282.0293273925781,848.1514282226562,324.580078125,697.940673828125,322.23675537109375,832.3314819335938,312.3172912597656,740.7805786132812,304.2991638183594,801.1322631835938,406.74737548828125,748.4481201171875,408.2040100097656,795.5670166015625,493.2015380859375,751.10888671875,500.8304443359375,783.7208862304688,569.2201538085938,754.7543334960938,578.0170288085938
1512,50.399900591715976,776.3052978515625,242.16920471191406,783.2669677734375,235.1052703857422,768.659912109375,234.796875,791.6438598632812,239.20071411132812,755.3688354492188,237.99325561523438,812.6819458007812,286.2829284667969,730.03857421875,285.59796142578125,842.8806762695312,335.0118713378906,700.05078125,334.7045593261719,832.6041259765625,330.5997009277344,733.2506713867188,333.79034423828125,800.7709350585938,409.174560546875,749.84619140625,410.38531494140625,795.0736694335938,493.8452453613281,752.41796875,499.7441101074219,783.3116455078125,568.8590087890625,754.99755859375,577.3211059570312
1513,50.43323385930309,774.7222290039062,242.41824340820312,782.7306518554688,234.51608276367188,766.740478515625,234.76783752441406,794.411865234375,239.41233825683594,753.0353393554688,239.32598876953125,811.166015625,284.475830078125,728.93408203125,286.4935302734375,837.7843627929688,334.6697082519531,707.809814453125,338.2640075683594,833.8814086914062,354.43536376953125,747.6228637695312,351.6045227050781,803.84716796875,407.99725341796875,750.2402954101562,410.1007385253906,800.2993774414062,495.1658935546875,749.538330078125,496.88922119140625,787.0255126953125,573.67578125,752.8705444335938,575.8839111328125
1514,50.4665671268902,774.2368774414062,241.99383544921875,781.666259765625,234.67800903320312,767.1930541992188,234.48831176757812,793.2251586914062,240.0472869873047,754.3250732421875,238.96519470214844,808.8938598632812,285.2050476074219,733.6563110351562,286.8681640625,830.8873901367188,336.4336853027344,714.7280883789062,343.33782958984375,836.7533569335938,363.96246337890625,736.1507568359375,372.9101257324219,800.9058227539062,409.10186767578125,752.3814697265625,410.6687316894531,795.3948364257812,497.7958984375,750.14892578125,499.2423400878906,789.4317016601562,576.2156372070312,750.67041015625,577.57275390625
1515,50.499900394477315,774.3411865234375,241.33255004882812,781.5464477539062,234.13864135742188,767.2455444335938,233.9955291748047,792.763916015625,240.0901641845703,754.6119384765625,239.08993530273438,807.5298461914062,286.6995849609375,735.2517700195312,288.04241943359375,825.5125732421875,340.26104736328125,715.8255004882812,346.7171325683594,834.884521484375,376.6293640136719,732.145263671875,387.12200927734375,799.85791015625,409.3139343261719,753.355224609375,410.6176452636719,795.9357299804688,498.0324401855469,751.3878173828125,499.1262512207031,790.1631469726562,577.0185546875,750.0806274414062,577.8468017578125
1516,50.533233662064426,773.41748046875,241.18788146972656,780.5225830078125,233.856201171875,766.0641479492188,233.85427856445312,791.8290405273438,239.4652862548828,753.1488647460938,238.8894500732422,806.675048828125,285.9391784667969,734.8756103515625,287.7989807128906,821.4853515625,340.9112854003906,715.9468994140625,348.50115966796875,827.2857666015625,378.8231506347656,730.355712890625,392.2425231933594,798.9689331054688,408.32208251953125,752.7858276367188,409.70294189453125,794.8018798828125,497.2634582519531,750.5355224609375,498.4248352050781,788.7649536132812,576.951171875,749.1754760742188,577.794189453125
1517,50.56656692965154,771.3169555664062,241.54092407226562,778.6724853515625,234.07452392578125,764.0223388671875,234.07997131347656,790.7830200195312,239.21055603027344,751.6113891601562,238.75868225097656,806.470703125,285.55303955078125,733.9710693359375,287.16925048828125,820.2219848632812,342.4220275878906,715.8696899414062,348.1799011230469,820.7227783203125,381.62994384765625,730.0054321289062,391.35430908203125,797.9359130859375,408.40618896484375,751.1239624023438,409.57562255859375,794.0865478515625,497.5859375,748.6842651367188,498.5460205078125,789.5650634765625,577.78173828125,748.6766357421875,578.2180786132812
1518,50.599900197238654,770.5961303710938,241.93482971191406,778.220703125,234.4250030517578,763.3900756835938,234.30125427246094,790.727783203125,239.29225158691406,751.090576171875,238.5648956298828,807.0404052734375,285.46820068359375,732.65283203125,286.5416564941406,819.8621215820312,343.8966979980469,714.4354858398438,348.2086181640625,816.5933837890625,384.7471618652344,729.5150756835938,393.2628479003906,797.1998901367188,407.94488525390625,749.21630859375,408.7949523925781,793.3446655273438,497.0167541503906,747.5791015625,497.6130676269531,788.6041259765625,577.4757690429688,749.6644287109375,577.3631591796875
1519,50.63323346482577,770.9278564453125,242.81253051757812,778.1400146484375,235.22190856933594,763.5260009765625,235.2408905029297,789.9603271484375,239.68048095703125,750.562255859375,239.32586669921875,806.5894165039062,285.5087585449219,732.0745849609375,287.099853515625,820.2090454101562,343.399169921875,714.2673950195312,348.778564453125,816.3370361328125,385.0388488769531,729.2529296875,395.0127868652344,797.3060302734375,409.0350646972656,749.2816772460938,410.1221923828125,793.4927368164062,497.8556213378906,747.5172729492188,498.68896484375,788.7432861328125,577.9955444335938,749.8780517578125,578.3445434570312
1520,50.66656673241288,768.6722412109375,243.51205444335938,776.2100219726562,235.8857879638672,761.3414306640625,236.04559326171875,788.8914184570312,240.30564880371094,749.2738037109375,240.45022583007812,806.1044921875,286.0038757324219,731.656494140625,288.2773742675781,820.3385620117188,343.55767822265625,713.66064453125,349.40557861328125,816.6993408203125,386.0751953125,728.3409423828125,394.98291015625,796.748779296875,408.8292541503906,748.7266235351562,410.15625,793.2611694335938,498.1929626464844,747.0770874023438,499.2459716796875,788.524169921875,578.4146118164062,749.3603515625,578.9088745117188
1521,50.6999,767.4366455078125,244.2424774169922,775.0371704101562,236.62832641601562,760.0956420898438,236.7277374267578,787.7994384765625,241.04324340820312,747.9801025390625,241.04348754882812,805.66064453125,286.56488037109375,729.96044921875,288.6438903808594,820.9248657226562,343.805908203125,711.1372680664062,349.29107666015625,817.6190185546875,386.0965270996094,725.6458740234375,394.4175720214844,796.1478881835938,408.9715270996094,747.4008178710938,410.1921081542969,793.2139892578125,498.38531494140625,746.3557739257812,499.3350524902344,788.4659423828125,578.5488891601562,748.8270263671875,578.8435668945312
