frame,time_s,nose_x,nose_y,l_eye_x,l_eye_y,r_eye_x,r_eye_y,l_ear_x,l_ear_y,r_ear_x,r_ear_y,l_shoulder_x,l_shoulder_y,r_shoulder_x,r_shoulder_y,l_elbow_x,l_elbow_y,r_elbow_x,r_elbow_y,l_wrist_x,l_wrist_y,r_wrist_x,r_wrist_y,l_hip_x,l_hip_y,r_hip_x,r_hip_y,l_knee_x,l_knee_y,r_knee_x,r_knee_y,l_ankle_x,l_ankle_y,r_ankle_x,r_ankle_y
1,0.03333322528363047,648.7967529296875,239.6944122314453,659.3209228515625,231.79043579101562,638.481689453125,231.33981323242188,673.5390625,240.4601287841797,621.6685791015625,239.44175720214844,687.4835815429688,304.75872802734375,604.1166381835938,304.766845703125,707.5343017578125,382.81622314453125,581.1400146484375,383.7861633300781,708.9949951171875,454.4039611816406,578.4588623046875,453.4521789550781,671.3063354492188,447.57464599609375,619.5736083984375,447.210205078125,661.7359008789062,562.184326171875,623.0487670898438,561.5005493164062,648.5238647460938,667.1347045898438,626.1608276367188,669.8189086914062
2,0.06666645056726093,648.3265991210938,239.53115844726562,658.9231567382812,231.65664672851562,637.946533203125,231.23036193847656,673.3618774414062,240.5363006591797,621.1687622070312,239.56658935546875,687.2716064453125,304.7477722167969,604.035400390625,304.6627197265625,707.064453125,382.3267517089844,581.8857421875,382.57470703125,708.4338989257812,453.96527099609375,580.5501708984375,451.11785888671875,671.18701171875,446.8162536621094,619.3883666992188,446.45233154296875,662.0592651367188,562.0313110351562,622.8355712890625,561.4556274414062,648.7626953125,666.8015747070312,625.5715942382812,669.5789184570312
3,0.09999967585089141,648.1613159179688,239.55447387695312,658.79833984375,231.7877655029297,637.8204345703125,231.29441833496094,673.2784423828125,240.94769287109375,621.0361938476562,239.75564575195312,687.2135620117188,304.9816589355469,604.2440795898438,304.7200012207031,706.5868530273438,382.0807800292969,582.898681640625,382.6492614746094,707.6975708007812,453.27313232421875,582.9682006835938,451.87603759765625,672.31396484375,446.31414794921875,620.50927734375,445.8170166015625,662.0036010742188,561.7723999023438,622.2754516601562,560.7160034179688,649.2113037109375,666.5673217773438,625.6302490234375,668.6620483398438
4,0.13333290113452187,648.1710815429688,239.45628356933594,658.6924438476562,231.6038818359375,637.7164916992188,231.27191162109375,673.0860595703125,240.68846130371094,620.826171875,239.8645477294922,687.1392211914062,304.9629821777344,604.1342163085938,304.85980224609375,705.7535400390625,383.01873779296875,582.6600341796875,383.2900085449219,706.34765625,455.7419738769531,582.6546630859375,453.75634765625,672.3353881835938,446.41961669921875,620.5064697265625,445.9881896972656,661.8436279296875,561.8963012695312,622.3265991210938,560.8196411132812,649.0159301757812,666.6818237304688,625.572021484375,668.6576538085938
5,0.16666612641815234,648.2373657226562,239.2823028564453,658.6790161132812,231.3429412841797,637.740966796875,231.16082763671875,672.9273071289062,240.37814331054688,620.77880859375,239.85374450683594,686.8829345703125,304.8954772949219,603.8846435546875,304.9219970703125,705.631103515625,383.4870300292969,581.935302734375,383.7821350097656,705.7440185546875,454.9945068359375,581.244873046875,454.0450744628906,671.8200073242188,446.49639892578125,619.946044921875,446.2140808105469,661.7529296875,561.474853515625,622.1539916992188,560.9522705078125,649.7362060546875,666.41162109375,625.6321411132812,669.3770141601562
6,0.19999935170178282,648.1304931640625,239.14808654785156,658.6196899414062,231.25396728515625,637.6202392578125,231.03269958496094,672.9033203125,240.4780731201172,620.60498046875,239.82833862304688,686.8121948242188,305.11114501953125,603.8346557617188,304.93121337890625,705.5139770507812,383.4959716796875,582.2947998046875,383.46588134765625,705.5660400390625,454.36346435546875,581.6829223632812,453.5308532714844,672.0750122070312,446.6412658691406,620.1649169921875,446.2701721191406,661.7008666992188,561.5635986328125,621.9367065429688,560.9194946289062,649.8486938476562,666.1598510742188,625.66357421875,669.0886840820312
7,0.2333325769854133,648.1853637695312,239.17938232421875,658.5548706054688,231.20245361328125,637.5934448242188,231.10585021972656,672.7491455078125,240.32955932617188,620.5711059570312,239.97312927246094,686.9273071289062,305.0955810546875,603.9237060546875,305.00067138671875,705.6046142578125,383.5495910644531,582.3638305664062,383.38232421875,705.4719848632812,454.5064697265625,581.5692138671875,453.6402587890625,672.1165161132812,446.9146423339844,620.168212890625,446.52838134765625,661.807861328125,561.8529052734375,621.922607421875,561.013916015625,650.0703735351562,666.5787353515625,625.31298828125,669.1235961914062
8,0.26666580226904374,648.0235595703125,240.11155700683594,658.457763671875,232.2280731201172,637.9220581054688,231.9261474609375,672.926513671875,241.03895568847656,621.7860107421875,240.24420166015625,688.1519165039062,305.2097473144531,604.1685180664062,304.7950134277344,707.2283325195312,382.92962646484375,581.1257934570312,383.4069519042969,702.2869262695312,450.2839660644531,581.4595336914062,454.057861328125,672.5444946289062,447.7126770019531,620.1614379882812,446.9757080078125,660.5068969726562,562.0426025390625,621.0831298828125,560.7841796875,650.0909423828125,667.1206665039062,626.79931640625,669.023681640625
9,0.2999990275526742,647.8547973632812,240.03240966796875,658.0741577148438,231.94285583496094,637.658447265625,231.77154541015625,672.5488891601562,240.66285705566406,621.703369140625,240.30050659179688,689.224853515625,306.4343566894531,603.799072265625,305.19482421875,708.3438720703125,387.0694580078125,580.3783569335938,383.0499267578125,697.04638671875,454.752197265625,582.708740234375,453.05108642578125,672.1813354492188,450.2886657714844,619.1011352539062,449.17889404296875,660.7702026367188,563.495361328125,622.14306640625,562.3265380859375,650.060791015625,667.8258666992188,627.2007446289062,669.3269653320312
10,0.3333322528363047,648.048095703125,240.33001708984375,658.071533203125,232.1368865966797,637.8045043945312,232.0682373046875,672.3077392578125,240.7394561767578,621.5206909179688,240.69471740722656,690.0708618164062,306.5810241699219,603.0344848632812,305.4958801269531,709.2186279296875,387.1544494628906,579.6170043945312,383.24969482421875,689.38671875,449.9532470703125,585.36328125,451.7599792480469,672.9514770507812,450.3799743652344,618.676513671875,449.28564453125,661.3502197265625,563.9307250976562,621.9871215820312,563.5816650390625,651.1810302734375,667.853759765625,627.364501953125,670.2811279296875
11,0.36666547811993516,647.851806640625,240.65054321289062,657.7703857421875,232.2247314453125,637.3983154296875,232.40313720703125,672.1802368164062,240.55929565429688,620.8595581054688,241.25572204589844,691.1097412109375,306.39599609375,602.1030883789062,305.71868896484375,710.017333984375,386.7062683105469,578.5475463867188,382.52655029296875,681.8613891601562,444.5741882324219,588.9141845703125,447.5444030761719,673.2021484375,450.3633117675781,617.4996337890625,449.4006652832031,661.60302734375,563.3242797851562,621.8097534179688,564.0130615234375,651.5498657226562,667.7550659179688,627.2975463867188,670.9405517578125
12,0.39999870340356564,647.468017578125,240.7442169189453,657.319580078125,232.33860778808594,637.1383666992188,232.58436584472656,671.7760620117188,240.62596130371094,620.8550415039062,241.52294921875,691.5673217773438,305.488525390625,601.5910034179688,305.27532958984375,710.9777221679688,384.771240234375,576.4197387695312,381.6710205078125,678.3760375976562,437.5164794921875,591.7943725585938,441.6517333984375,674.1246337890625,447.10699462890625,617.8568115234375,446.45867919921875,661.3968505859375,561.7889404296875,622.4901733398438,563.7183227539062,650.7963256835938,666.87548828125,628.4813232421875,671.1610107421875
13,0.4333319286871961,646.9488525390625,240.7058563232422,656.7418823242188,232.29689025878906,636.7628173828125,232.53948974609375,671.3295288085938,240.5645751953125,620.9950561523438,241.5745086669922,692.3355712890625,304.6535949707031,600.8333740234375,304.3827819824219,711.376220703125,383.73553466796875,574.2366943359375,379.6770324707031,673.9938354492188,432.0185546875,595.8639526367188,432.18389892578125,674.2078247070312,444.5390625,616.8592529296875,443.8448181152344,661.80078125,561.6329345703125,622.3887329101562,563.308349609375,650.5025024414062,667.4841918945312,628.4500732421875,670.1589965820312
14,0.4666651539708266,646.9526977539062,240.91932678222656,656.8330688476562,232.52294921875,636.9239501953125,232.65383911132812,671.4251708984375,240.82394409179688,621.2693481445312,241.5358428955078,692.869384765625,304.6575622558594,599.8279418945312,304.3287353515625,710.6513061523438,383.60247802734375,574.5536499023438,379.8549499511719,667.4076538085938,430.438720703125,604.2484130859375,430.97119140625,674.1318359375,444.49346923828125,615.700927734375,443.8865966796875,661.894775390625,561.837158203125,622.4456787109375,563.96142578125,649.8065795898438,667.66015625,629.650390625,670.541015625
15,0.499998379254457,647.09716796875,241.39788818359375,656.9798583984375,232.92520141601562,637.1691284179688,232.9993896484375,671.440673828125,241.0708465576172,621.6376342773438,241.62002563476562,693.5263671875,304.89154052734375,599.4746704101562,304.11865234375,709.9639282226562,383.593994140625,573.7330322265625,377.17303466796875,661.324951171875,426.5743713378906,604.7948608398438,421.2956848144531,674.567138671875,445.5504150390625,615.3785400390625,444.7496643066406,662.1703491210938,562.1930541992188,621.8031616210938,564.2673950195312,649.5953369140625,667.8054809570312,629.5044555664062,670.5399169921875
16,0.5333316045380875,646.6723022460938,241.29025268554688,656.484130859375,232.74441528320312,636.8020629882812,232.93533325195312,670.8946533203125,240.91891479492188,621.6419067382812,241.70738220214844,693.7186279296875,304.7275390625,599.0082397460938,304.1300354003906,709.9196166992188,382.4365539550781,572.6340942382812,375.5300598144531,659.6724853515625,424.5902404785156,606.2557373046875,417.3768310546875,674.787109375,446.2304992675781,615.1478271484375,445.5898742675781,662.546630859375,562.2809448242188,621.6101684570312,564.6676025390625,650.2116088867188,668.2222900390625,629.3588256835938,670.9158935546875
17,0.566664829821718,646.7537231445312,241.4413299560547,656.5862426757812,232.86158752441406,636.9417114257812,233.04449462890625,670.9990844726562,240.93824768066406,622.0068969726562,241.55946350097656,694.2559814453125,304.547607421875,598.49365234375,303.5980529785156,709.7327270507812,381.5555725097656,572.2448120117188,375.0251770019531,658.0103759765625,420.8203125,612.2210083007812,416.5063781738281,675.7941284179688,446.1916809082031,615.3773193359375,445.5679931640625,663.0850219726562,562.2206420898438,621.4431762695312,564.8433227539062,650.16064453125,667.5155639648438,629.3538208007812,670.6578369140625
18,0.5999980551053484,647.1135864257812,241.6373291015625,657.04150390625,232.99916076660156,637.1116943359375,233.2227783203125,671.6661376953125,240.85455322265625,622.0894165039062,241.37290954589844,694.681884765625,303.9246520996094,598.2879028320312,302.40399169921875,711.8251953125,378.98590087890625,571.2600708007812,373.0260925292969,667.720947265625,413.17279052734375,615.6681518554688,411.9651184082031,677.1388549804688,445.03857421875,616.376953125,444.4744873046875,663.3257446289062,562.06787109375,621.1615600585938,564.655517578125,650.002197265625,667.505615234375,628.972412109375,670.66015625
19,0.6333312803889789,647.003662109375,241.13063049316406,656.8505249023438,232.4684295654297,636.9706420898438,232.72897338867188,671.3651733398438,240.2827911376953,622.0230102539062,240.8745880126953,694.8258056640625,303.2135009765625,597.6749267578125,301.8643493652344,712.798583984375,377.46221923828125,570.171875,372.2700500488281,670.5215454101562,411.3065490722656,617.6077880859375,410.5437927246094,677.3474731445312,444.7296447753906,616.2418212890625,444.3629455566406,663.6716918945312,562.0043334960938,621.4943237304688,564.8001098632812,649.4302978515625,667.4365844726562,628.7805786132812,670.48828125
20,0.6666645056726094,647.0032958984375,241.4976806640625,656.9564819335938,232.93551635742188,637.0452270507812,233.0917205810547,671.5944213867188,240.85044860839844,622.142333984375,241.16539001464844,695.249755859375,303.5421142578125,597.5386962890625,301.5558166503906,714.7891845703125,376.5170593261719,568.671142578125,369.4288635253906,672.7050170898438,409.43084716796875,614.35205078125,406.5479736328125,677.3048706054688,444.40625,615.999755859375,443.782470703125,663.7611694335938,561.4886474609375,621.45751953125,564.1874389648438,649.5610961914062,666.8856811523438,629.2032470703125,670.0847778320312
21,0.6999977309562398,647.538330078125,241.9515380859375,657.0697631835938,233.42518615722656,637.5289916992188,233.66587829589844,670.7024536132812,240.56883239746094,622.3594360351562,240.983154296875,693.8714599609375,302.7048034667969,597.421875,301.0860595703125,715.7892456054688,372.6961975097656,569.9130249023438,367.22698974609375,675.4423828125,404.70684814453125,612.6632080078125,403.9778137207031,674.972900390625,444.89129638671875,614.9825439453125,444.35736083984375,664.0934448242188,559.5625610351562,622.5159912109375,562.675537109375,648.7723388671875,665.874755859375,630.6109619140625,671.6025390625
22,0.7333309562398703,647.443359375,242.0830535888672,657.004638671875,233.6343994140625,637.4814453125,233.7820281982422,670.7119750976562,240.69744873046875,622.22412109375,240.99046325683594,694.4564208984375,302.2257080078125,597.1700439453125,300.564453125,717.3236694335938,370.2537536621094,569.0430908203125,364.6432800292969,674.5675659179688,402.0592041015625,609.9619750976562,401.736328125,675.052734375,444.6000671386719,614.6171875,443.7972106933594,664.0335083007812,559.417724609375,622.1778564453125,561.8685302734375,648.7220458984375,666.207763671875,630.8853149414062,670.9050903320312
23,0.7666641815235008,647.09033203125,241.99957275390625,657.2000122070312,233.3844451904297,637.5611572265625,233.0556640625,670.806884765625,240.69004821777344,622.5037231445312,240.8663787841797,696.3449096679688,300.67041015625,597.029296875,299.53521728515625,718.39306640625,368.3262023925781,569.457275390625,361.8773498535156,674.8340454101562,398.89276123046875,609.93603515625,399.59051513671875,678.9100952148438,442.1643371582031,615.3740234375,440.7382507324219,663.7915649414062,563.3803100585938,620.5570678710938,563.9088745117188,647.4246215820312,668.4599609375,627.8997802734375,671.3630981445312
24,0.7999974068071313,646.8760986328125,242.1372833251953,657.0155029296875,233.5702667236328,637.353759765625,233.27833557128906,670.8244018554688,240.9333953857422,622.396484375,241.1829071044922,696.099609375,300.40966796875,597.2874145507812,299.2770080566406,718.5231323242188,365.86724853515625,569.34033203125,359.34136962890625,676.0244140625,395.953369140625,609.2799072265625,396.6415710449219,678.6624755859375,441.4548645019531,615.390625,440.07794189453125,663.5971069335938,562.77685546875,620.5131225585938,563.5797119140625,647.6729736328125,668.62890625,627.6483154296875,671.803955078125
25,0.8333306320907617,646.531982421875,242.05233764648438,656.787841796875,233.51597595214844,636.9759521484375,233.2739715576172,671.0612182617188,241.0956268310547,622.217529296875,241.4912567138672,696.2591552734375,300.16357421875,597.5270385742188,299.52734375,718.5852661132812,363.5837097167969,569.8563232421875,358.9776306152344,677.4822387695312,392.9573059082031,611.3198852539062,396.5108642578125,678.9381103515625,440.7890625,615.6156616210938,439.6305847167969,663.8505859375,562.2487182617188,620.6023559570312,563.3941650390625,647.5242309570312,668.9205932617188,627.3392333984375,672.4949340820312
26,0.8666638573743922,646.1541137695312,241.99560546875,656.444580078125,233.5157470703125,636.6012573242188,233.22198486328125,670.6287231445312,241.03640747070312,621.7879028320312,241.31727600097656,695.31103515625,299.6239929199219,597.6906127929688,299.2469482421875,717.0673217773438,362.4106140136719,571.480712890625,357.7859802246094,676.8375244140625,391.180908203125,612.375244140625,392.44415283203125,678.7647094726562,440.3304138183594,616.0064697265625,439.3652648925781,663.7999267578125,561.8518676757812,620.7864379882812,563.329345703125,647.1940307617188,668.3948364257812,627.339111328125,672.5088500976562
27,0.8999970826580227,646.3828735351562,241.92910766601562,656.6527709960938,233.49374389648438,636.7916870117188,233.19261169433594,670.78662109375,240.891357421875,621.868896484375,241.22042846679688,695.2489624023438,299.0765686035156,598.2166137695312,298.4819030761719,716.8412475585938,360.3688049316406,572.2235107421875,354.80255126953125,674.1480102539062,387.4923400878906,609.77294921875,388.8341369628906,677.9755249023438,440.25244140625,615.5474243164062,438.9969177246094,663.2258911132812,561.8763427734375,620.4815673828125,562.8526611328125,647.2801513671875,668.036865234375,627.3790893554688,671.6262817382812
28,0.9333303079416532,646.4810180664062,242.2750701904297,656.9047241210938,234.02088928222656,636.6826171875,233.30862426757812,669.9213256835938,241.2828826904297,619.98046875,240.5823211669922,693.1084594726562,298.2814636230469,596.0535888671875,298.2125549316406,716.040771484375,357.8173522949219,574.1895751953125,354.8924865722656,674.4159545898438,384.9988098144531,612.740966796875,387.9130554199219,678.4059448242188,439.6997375488281,615.6284790039062,438.83673095703125,663.8148193359375,561.889892578125,619.3951416015625,563.261474609375,647.5888061523438,667.7901611328125,627.7487182617188,672.3158569335938
29,0.9666635332252835,647.2465209960938,242.01771545410156,657.0159301757812,234.30313110351562,637.3077392578125,233.73565673828125,670.4264526367188,241.3454132080078,620.726318359375,240.09786987304688,690.9685668945312,299.2535095214844,596.3966064453125,297.9643249511719,712.1948852539062,356.98370361328125,573.4955444335938,354.33740234375,673.2010498046875,384.9410095214844,611.375244140625,388.3388366699219,673.2763671875,442.24462890625,614.6769409179688,441.9731140136719,662.5385131835938,558.2237548828125,621.731201171875,561.7435302734375,646.2871704101562,664.6950073242188,631.9313354492188,671.2317504882812
30,0.999996758508914,646.960205078125,242.1131134033203,656.685302734375,234.36782836914062,637.0006713867188,233.86224365234375,670.0176391601562,241.2173309326172,620.4613037109375,240.03501892089844,689.7959594726562,298.53521728515625,596.3020629882812,297.7293395996094,709.8395385742188,354.4130554199219,574.386474609375,353.2229919433594,673.9237670898438,383.7630310058594,614.8488159179688,386.55999755859375,672.9498901367188,441.8538513183594,614.9249267578125,441.98956298828125,662.50048828125,558.0775146484375,622.0514526367188,561.9540405273438,645.9334716796875,664.7913818359375,631.6406860351562,671.4179077148438
31,1.0333299837925445,646.8546142578125,241.6354522705078,656.4690551757812,233.8726348876953,636.59033203125,233.487548828125,670.0173950195312,240.543701171875,620.2246704101562,239.64144897460938,690.6942749023438,297.6918029785156,595.69775390625,297.2630615234375,705.73095703125,354.736328125,577.6380004882812,355.10491943359375,667.2559204101562,383.49200439453125,625.0428466796875,386.63531494140625,674.221435546875,442.1436767578125,615.2721557617188,442.73358154296875,665.0863037109375,560.3092041015625,622.5974731445312,564.3198852539062,645.2291259765625,666.7900390625,630.7344360351562,673.0805053710938
32,1.066663209076175,646.4329833984375,241.4951629638672,656.2525024414062,233.8447265625,636.2398071289062,233.41773986816406,669.9094848632812,241.1078643798828,620.1724243164062,240.0530548095703,690.5820922851562,298.7332763671875,595.8585815429688,299.0904541015625,702.248046875,355.2470397949219,582.866943359375,357.6415100097656,658.1854248046875,380.99420166015625,633.5908203125,383.4653625488281,674.2138061523438,443.1891174316406,615.06591796875,443.8453063964844,665.7048950195312,560.6397705078125,622.2420043945312,563.9515991210938,645.5225830078125,667.2966918945312,631.9918212890625,673.25048828125
33,1.0999964343598054,646.1408081054688,240.98492431640625,656.0479736328125,233.8552703857422,636.2162475585938,233.1677703857422,669.4635620117188,241.53652954101562,620.018310546875,239.96853637695312,687.8209838867188,297.3453063964844,597.1764526367188,298.7103271484375,702.224609375,348.31829833984375,584.7366333007812,353.686767578125,669.2340698242188,375.0548400878906,622.8141479492188,378.3020935058594,672.0377807617188,441.1461181640625,615.4428100585938,442.1099548339844,665.2067260742188,559.963623046875,621.9772338867188,562.7656860351562,647.654052734375,666.3566284179688,631.4766235351562,671.818603515625
34,1.133329659643436,645.5064697265625,241.22093200683594,655.5809936523438,234.1013641357422,635.5952758789062,233.45263671875,669.2703857421875,241.66354370117188,619.5194702148438,240.24343872070312,687.1401977539062,296.19781494140625,597.7042846679688,299.2975158691406,700.86474609375,346.3240051269531,589.0010986328125,356.1278991699219,667.3643798828125,369.1585388183594,625.770751953125,375.0716552734375,671.5765380859375,440.21728515625,615.3915405273438,441.62432861328125,665.274658203125,559.318359375,621.7591552734375,561.7760009765625,647.95166015625,666.3714599609375,632.1569213867188,671.18017578125
35,1.1666628849270664,645.1282348632812,241.2062530517578,655.3316650390625,234.0528564453125,635.2523193359375,233.47378540039062,669.1798095703125,241.35169982910156,619.3936767578125,240.02944946289062,686.2701416015625,294.7404479980469,598.4403686523438,299.0754699707031,698.8431396484375,343.36798095703125,592.3016967773438,356.6305847167969,666.8818969726562,362.5518493652344,627.6694946289062,370.7097473144531,671.4049682617188,439.48236083984375,615.9033813476562,441.2695007324219,665.3622436523438,558.5324096679688,621.6505126953125,560.7254028320312,648.23681640625,666.3203735351562,632.4959106445312,671.0293579101562
36,1.1999961102106969,644.71875,241.1668701171875,655.0196533203125,234.03289794921875,634.8997192382812,233.454833984375,669.0944213867188,241.36204528808594,619.3812866210938,239.95965576171875,686.5639038085938,294.4246520996094,598.7198486328125,298.0432434082031,695.4484252929688,344.00616455078125,594.4061279296875,355.10784912109375,654.323486328125,356.7923278808594,632.7860107421875,363.112548828125,671.604736328125,439.39324951171875,615.6077880859375,440.6374206542969,665.0523681640625,557.9160766601562,621.3314208984375,559.3341674804688,647.5892333984375,666.2051391601562,633.2839965820312,670.4105224609375
37,1.2333293354943273,644.5016479492188,241.21983337402344,654.8424682617188,234.13787841796875,634.7388916015625,233.44451904296875,669.0052490234375,241.20179748535156,619.3162231445312,239.5477294921875,686.053955078125,293.5359191894531,599.20751953125,296.525146484375,694.0989379882812,342.2516174316406,593.6047973632812,352.5697021484375,652.9197998046875,351.6259460449219,628.6439819335938,360.88116455078125,671.476806640625,439.2313537597656,615.9609375,440.12921142578125,664.8080444335938,557.9059448242188,621.344482421875,558.77880859375,647.5119018554688,666.2620849609375,632.6190795898438,670.192138671875
38,1.2666625607779578,644.21630859375,241.18270874023438,654.580810546875,234.381591796875,634.6679077148438,233.49481201171875,668.5598754882812,241.53627014160156,619.2506103515625,239.43861389160156,684.8965454101562,292.34002685546875,599.3524169921875,295.53424072265625,691.0438842773438,337.7165222167969,592.6527099609375,348.7735900878906,646.3717041015625,345.46136474609375,622.5301513671875,355.63372802734375,671.0530395507812,438.15350341796875,616.0733032226562,438.99212646484375,664.8804931640625,557.0443725585938,620.9288940429688,557.7344970703125,647.57080078125,665.4091796875,631.9822998046875,669.4896850585938
39,1.2999957860615883,644.2800903320312,241.07305908203125,654.6014404296875,234.2086944580078,634.6597900390625,233.4164276123047,668.727783203125,241.12063598632812,619.4568481445312,239.40834045410156,684.7583618164062,291.3246154785156,600.3648681640625,294.6882629394531,689.0720825195312,334.06512451171875,592.8681640625,345.47479248046875,641.8115234375,336.2364196777344,620.9044799804688,349.31878662109375,670.2713012695312,437.9700012207031,615.8386840820312,438.6758117675781,664.2457885742188,556.650634765625,620.970703125,556.8922119140625,647.8446044921875,665.1307983398438,631.3797607421875,668.185546875
40,1.3333290113452188,643.9095458984375,241.32408142089844,654.1555786132812,234.6279754638672,634.446533203125,233.8582000732422,668.2894287109375,241.28033447265625,620.062255859375,239.47166442871094,684.0933837890625,290.29632568359375,600.9561767578125,291.6692810058594,687.7733764648438,322.9775695800781,587.8465576171875,329.9285888671875,643.6094360351562,321.9642028808594,617.3816528320312,334.001220703125,670.0624389648438,437.96832275390625,616.6521606445312,438.18157958984375,663.59521484375,555.3678588867188,621.6111450195312,555.736328125,647.4563598632812,663.7239990234375,630.7772827148438,667.5311279296875
41,1.3666622366288492,643.5382080078125,241.10610961914062,653.8197631835938,234.30148315429688,633.9632568359375,233.69696044921875,667.8111572265625,240.65771484375,619.5485229492188,239.0692901611328,684.1261596679688,288.1421813964844,600.4230346679688,291.1045227050781,691.0384521484375,312.8968505859375,590.6451416015625,326.3578796386719,651.2604370117188,302.2950134277344,627.417236328125,323.21075439453125,670.8780517578125,438.0064392089844,617.0531005859375,438.9157409667969,664.4420776367188,555.13134765625,621.7066040039062,556.1206665039062,646.4039916992188,664.1256103515625,631.0046997070312,669.1995849609375
42,1.3999954619124797,643.6660766601562,240.92332458496094,653.8775634765625,234.24325561523438,633.7415161132812,233.76699829101562,667.4788818359375,241.07400512695312,618.3716430664062,239.5595703125,683.0372924804688,288.54248046875,600.7991333007812,290.8200988769531,690.9373168945312,308.5461730957031,599.4970092773438,319.1462707519531,652.0382690429688,295.89959716796875,646.0115966796875,309.45953369140625,670.7744140625,438.7103271484375,617.2832641601562,439.5516662597656,664.2679443359375,554.5901489257812,621.7684326171875,556.3253173828125,645.4777221679688,664.1549072265625,631.1072387695312,670.8269653320312
43,1.4333286871961102,644.5933837890625,241.37759399414062,655.3082275390625,234.59707641601562,634.6098022460938,233.86865234375,668.962158203125,242.70591735839844,619.0162353515625,240.79713439941406,683.3007202148438,289.47039794921875,603.519775390625,291.205810546875,693.6502685546875,300.448486328125,599.1927490234375,307.4898681640625,663.1199340820312,273.4750061035156,642.4591064453125,282.8848571777344,672.9498291015625,440.09307861328125,619.234130859375,440.6939392089844,664.2979125976562,559.2972412109375,621.3262939453125,560.0609741210938,644.6616821289062,666.5692138671875,627.43896484375,670.2403564453125
44,1.4666619124797406,646.2686157226562,239.9257354736328,656.1536254882812,233.3584442138672,636.4356079101562,232.7039337158203,668.2376708984375,239.3889923095703,620.0008544921875,236.9320068359375,681.2132568359375,283.2696838378906,601.32958984375,284.6580505371094,691.4730834960938,300.0777893066406,603.6898803710938,312.8392028808594,671.3703002929688,277.6094970703125,659.9091796875,292.6546325683594,670.8045043945312,436.1971740722656,618.0587768554688,437.1731872558594,664.6890869140625,554.7198486328125,620.9673461914062,555.0582275390625,644.8590698242188,667.1017456054688,629.1251220703125,671.6591796875
45,1.4999951377633711,647.1685791015625,240.58677673339844,656.420654296875,233.54373168945312,637.4969482421875,232.53720092773438,667.1978759765625,236.8009490966797,618.5242919921875,233.33287048339844,680.0635986328125,278.5338439941406,599.3463134765625,277.1273498535156,693.1593017578125,299.9734191894531,604.1389770507812,305.8544921875,662.3250122070312,264.1547546386719,660.03271484375,279.12164306640625,671.4020385742188,434.2179870605469,617.4232177734375,434.08258056640625,663.5936889648438,555.233642578125,620.3426513671875,556.0239868164062,645.345703125,666.7888793945312,629.5551147460938,672.5947265625
46,1.5333283630470016,639.8118286132812,243.37557983398438,651.0960693359375,235.65243530273438,630.180908203125,234.6940155029297,666.4244995117188,237.47793579101562,616.1571655273438,235.59136962890625,680.8443603515625,277.4448547363281,599.7906494140625,283.1527404785156,692.765869140625,293.12969970703125,588.283447265625,313.0636291503906,668.2745971679688,245.15199279785156,613.1338500976562,257.01800537109375,668.7547607421875,438.3306884765625,615.3131103515625,440.0199890136719,663.66650390625,557.092041015625,618.9090576171875,558.11865234375,644.274658203125,667.9745483398438,629.0836181640625,672.2836303710938
47,1.566661588330632,646.728271484375,246.09657287597656,654.8375244140625,237.66476440429688,637.0474243164062,236.82713317871094,665.284912109375,227.1548309326172,618.2035522460938,225.81239318847656,683.5443115234375,257.8331604003906,594.1582641601562,262.81378173828125,692.37646484375,301.4601745605469,587.4526977539062,319.3245544433594,656.0675048828125,268.1914978027344,616.6978759765625,281.70501708984375,671.8233642578125,429.0592041015625,613.4541625976562,430.8392028808594,664.8807373046875,556.6234130859375,619.7147827148438,558.8368530273438,642.76220703125,667.4034423828125,631.0245361328125,674.030029296875
48,1.5999948136142625,641.5454711914062,241.5035400390625,652.5001220703125,233.3595428466797,629.8169555664062,233.46607971191406,667.8989868164062,239.27796936035156,613.2031860351562,239.8623504638672,681.1992797851562,287.4482727050781,601.5712280273438,289.71148681640625,694.3185424804688,289.3550720214844,587.8067016601562,293.5152282714844,675.0489501953125,235.07044982910156,600.0802001953125,234.23260498046875,669.0514526367188,442.93316650390625,617.9439086914062,443.63604736328125,663.8720092773438,560.7491455078125,622.2019653320312,561.751708984375,649.8330078125,668.8945922851562,628.8001708984375,674.0492553710938
49,1.633328038897893,642.911865234375,239.48220825195312,653.8954467773438,232.70753479003906,631.4052734375,231.76077270507812,668.034423828125,241.8063507080078,614.2355346679688,240.12171936035156,679.5078125,291.62689208984375,600.9788208007812,293.5521545410156,688.4114379882812,258.0073547363281,590.5548706054688,268.60845947265625,663.9716796875,190.25717163085938,606.7000122070312,202.35946655273438,669.955322265625,450.3151550292969,619.8052368164062,450.5704345703125,665.5377197265625,564.2706909179688,622.9572143554688,562.5137329101562,649.0690307617188,670.162109375,630.9638061523438,672.8187866210938
50,1.6666612641815235,642.734130859375,238.7989044189453,653.9230346679688,231.8179473876953,631.0078735351562,231.0354766845703,668.308837890625,240.5849609375,613.8817749023438,239.21080017089844,679.2728881835938,290.446044921875,601.1227416992188,293.388671875,688.327392578125,251.43690490722656,588.4020385742188,265.8405456542969,670.18603515625,190.4117889404297,598.8298950195312,207.1881866455078,669.8621215820312,450.4659118652344,620.4008178710938,450.93609619140625,666.214111328125,563.4429931640625,623.1867065429688,560.5105590820312,649.5276489257812,669.8253784179688,631.1432495117188,671.5204467773438
51,1.699994489465154,642.727783203125,238.57669067382812,653.441162109375,231.36805725097656,631.4005126953125,230.4288330078125,667.5692138671875,239.1042022705078,614.3419799804688,237.09278869628906,678.3456420898438,289.91357421875,602.2711791992188,287.4046936035156,690.5844116210938,255.76670837402344,587.9466552734375,254.4612274169922,667.2174682617188,185.24058532714844,601.6831665039062,193.96669006347656,669.922119140625,449.81011962890625,621.2736206054688,448.69097900390625,664.64501953125,562.3590087890625,624.5333862304688,561.1149291992188,651.0901489257812,667.115478515625,630.7671508789062,671.7681274414062
52,1.7333277147487844,643.1864013671875,236.5178985595703,653.4422607421875,229.6102752685547,631.7164916992188,228.66241455078125,666.7711181640625,238.35684204101562,614.1112670898438,236.04908752441406,677.5950927734375,290.95648193359375,602.2420043945312,285.10015869140625,689.5045166015625,247.9658966064453,589.0518798828125,236.51512145996094,663.8179931640625,174.9681396484375,608.9681396484375,175.94520568847656,670.9083862304688,451.1561584472656,622.7611694335938,449.03155517578125,663.6376342773438,562.2310791015625,624.5269165039062,560.40966796875,651.76416015625,666.430908203125,630.9512329101562,670.3816528320312
53,1.766660940032415,643.3355102539062,236.20074462890625,653.2783203125,229.01699829101562,631.62255859375,228.510986328125,666.4540405273438,237.2770233154297,613.6966552734375,235.92880249023438,677.578125,289.5421142578125,603.0651245117188,283.4659118652344,690.0703735351562,244.373291015625,590.6763916015625,228.62159729003906,663.3919677734375,170.33958435058594,608.572509765625,164.7566680908203,671.0651245117188,450.86492919921875,623.2677612304688,448.65179443359375,662.2981567382812,561.446044921875,623.8367919921875,559.8201904296875,652.6322631835938,665.5838623046875,630.6980590820312,669.1098022460938
54,1.7999941653160454,642.9563598632812,235.1881866455078,653.0743408203125,228.49107360839844,631.6649169921875,227.70281982421875,666.5228271484375,237.15704345703125,614.9816284179688,235.0440673828125,676.6838989257812,288.1708984375,603.8386840820312,281.4555358886719,688.00927734375,234.31170654296875,588.7229614257812,217.67849731445312,665.9569091796875,164.30125427246094,608.7900390625,155.71676635742188,671.0823364257812,450.29034423828125,624.4441528320312,448.1754455566406,662.681884765625,560.7639770507812,624.7819213867188,559.1835327148438,651.9230346679688,665.70947265625,630.5697021484375,669.1163330078125
55,1.8333273905996759,643.417236328125,234.59938049316406,653.466064453125,228.0815887451172,632.1495971679688,227.23605346679688,666.7681884765625,236.85812377929688,615.4486083984375,234.5131378173828,675.852294921875,286.7811279296875,604.65380859375,278.9476318359375,686.8965454101562,231.9521942138672,590.9154052734375,211.39395141601562,668.31298828125,160.7540740966797,615.2526245117188,146.22085571289062,670.3804321289062,448.6716613769531,624.4999389648438,446.552978515625,662.6727905273438,560.0611572265625,625.8720703125,559.3555908203125,650.8528442382812,666.1029052734375,630.053955078125,670.6203002929688
56,1.8666606158833063,642.9613647460938,234.2451934814453,653.2243041992188,227.8198699951172,631.860595703125,226.9846954345703,666.6323852539062,236.59823608398438,615.3428344726562,234.37815856933594,675.9454345703125,285.7911071777344,604.5614013671875,280.4752197265625,687.0872192382812,229.69744873046875,591.7484741210938,216.3326873779297,665.9075317382812,157.30540466308594,610.2516479492188,149.3578643798828,670.5846557617188,448.7879943847656,624.4821166992188,447.3077087402344,662.8123168945312,559.4285278320312,624.406982421875,559.1083374023438,651.9013671875,665.5087280273438,630.6641235351562,671.0765380859375
57,1.8999938411669366,642.2421264648438,233.09439086914062,652.614990234375,226.94265747070312,631.5128784179688,225.94459533691406,666.1321411132812,235.7727813720703,615.8665771484375,233.14913940429688,675.8223876953125,283.44403076171875,604.0850219726562,278.5711975097656,685.6731567382812,219.7322998046875,589.7891235351562,207.22805786132812,661.4163208007812,148.10675048828125,611.05810546875,138.44322204589844,670.8421020507812,447.47210693359375,624.50830078125,446.2761535644531,663.65869140625,558.2523193359375,624.39306640625,558.2208251953125,651.7232055664062,665.1697387695312,631.0169677734375,670.8653564453125
58,1.933327066450567,642.6913452148438,232.3344268798828,653.2865600585938,226.3291778564453,632.0662231445312,225.23995971679688,666.9450073242188,235.06715393066406,616.7205810546875,232.40362548828125,676.4902954101562,280.6584167480469,604.3375244140625,277.3385314941406,683.9854125976562,213.54808044433594,591.811279296875,203.3866424560547,659.9169921875,141.95086669921875,616.6829833984375,126.56229400634766,670.47509765625,446.4542541503906,623.5076293945312,445.7756042480469,663.9990844726562,558.7828979492188,622.6463012695312,557.9500732421875,652.3441162109375,667.10546875,630.5436401367188,669.7283325195312
59,1.9666602917341975,642.5868530273438,231.6623992919922,653.3597412109375,225.5294189453125,631.6673583984375,224.602783203125,667.4279174804688,234.1782684326172,615.9476928710938,231.86636352539062,676.9065551757812,279.5715637207031,604.464111328125,276.2210998535156,684.5076293945312,212.97406005859375,591.9511108398438,202.94068908691406,657.8359375,136.88912963867188,613.6563110351562,125.8514175415039,670.6708374023438,445.5217590332031,623.3350219726562,444.7065124511719,663.8778686523438,558.1051025390625,622.4134521484375,557.7266845703125,652.54931640625,666.8937377929688,630.6549072265625,671.12548828125
60,1.999993517017828,642.4464721679688,230.52796936035156,653.4395141601562,224.2514190673828,631.6156005859375,223.27371215820312,667.5625,232.50279235839844,615.9647216796875,230.350830078125,677.1220092773438,276.7437438964844,604.501708984375,276.2325744628906,684.7570190429688,207.6792755126953,594.506591796875,204.99989318847656,658.1661987304688,133.0162353515625,614.7403564453125,124.71554565429688,669.6715698242188,445.31732177734375,622.1517944335938,445.2223815917969,664.3098754882812,559.2459106445312,621.4683837890625,558.2514038085938,653.2021484375,668.909423828125,630.8552856445312,671.2144165039062
61,2.0333267423014587,642.25341796875,230.17047119140625,653.533447265625,223.3961639404297,631.11181640625,222.6628875732422,668.3921508789062,230.884033203125,615.2740478515625,229.2671356201172,677.7172241210938,275.0150451660156,604.5211791992188,275.05657958984375,684.7991333007812,202.5428466796875,593.6426391601562,200.22195434570312,658.1401977539062,129.24652099609375,610.8759765625,121.18772888183594,670.3296508789062,446.1678771972656,622.3796997070312,446.2187194824219,663.993408203125,558.6459350585938,620.5404663085938,557.6102905273438,654.1719360351562,668.9656372070312,631.040771484375,671.0333862304688
62,2.066659967585089,641.7913818359375,227.7952880859375,653.7728271484375,222.40525817871094,631.6971435546875,220.85934448242188,667.5026245117188,231.96218872070312,615.0296020507812,228.2849578857422,676.3661499023438,268.5534362792969,603.0687866210938,272.4944763183594,691.19580078125,206.38905334472656,594.9371948242188,218.5592498779297,666.8882446289062,134.20950317382812,603.3052368164062,149.07456970214844,667.1783447265625,437.9704284667969,617.5563354492188,439.0841064453125,664.0565795898438,556.1583251953125,619.3660888671875,557.7396240234375,649.2501220703125,664.5364990234375,629.8999633789062,671.7952270507812
63,2.0999931928687197,639.4359130859375,227.73446655273438,650.9583129882812,221.44171142578125,629.4572143554688,220.3058624267578,666.153076171875,229.15040588378906,616.5891723632812,227.014892578125,677.4552001953125,271.5202941894531,604.6893310546875,274.55780029296875,688.0357055664062,202.05850219726562,594.9341430664062,212.7576446533203,665.2490844726562,126.12730407714844,616.066650390625,132.59352111816406,667.142578125,442.8944091796875,619.634521484375,443.5291442871094,664.370361328125,557.7266235351562,620.1114501953125,555.5916137695312,654.4874267578125,668.7586059570312,631.1392822265625,668.5568237304688
64,2.13332641815235,640.1246948242188,226.64306640625,651.70849609375,220.04954528808594,630.075439453125,218.84384155273438,666.9005737304688,227.18563842773438,616.7454833984375,224.8531494140625,677.4976196289062,269.7835693359375,605.1219482421875,271.9547119140625,687.4320068359375,202.06222534179688,595.383544921875,210.0800018310547,664.156494140625,125.18389129638672,614.83251953125,129.58876037597656,667.0892944335938,442.28802490234375,619.6976318359375,442.5665283203125,663.99609375,557.7994384765625,619.8555908203125,555.2864379882812,655.1765747070312,669.9879760742188,630.7453002929688,669.225830078125
65,2.1666596434359806,639.810791015625,225.8795623779297,651.3946533203125,219.35841369628906,629.93408203125,218.13180541992188,666.48974609375,226.4898223876953,616.8434448242188,224.01809692382812,678.248291015625,268.87054443359375,604.1527099609375,270.77923583984375,689.6160888671875,208.5294189453125,591.8162231445312,218.88685607910156,664.1271362304688,129.56826782226562,610.9539184570312,143.8023223876953,666.8321533203125,440.7734069824219,618.3262939453125,440.77130126953125,664.6864013671875,557.75390625,619.0524291992188,555.3036499023438,655.2037353515625,670.1318969726562,629.3956909179688,670.615478515625
66,2.199992868719611,639.4019165039062,224.41896057128906,652.04931640625,219.2835693359375,630.1672973632812,216.90203857421875,666.9017333984375,228.5814666748047,615.6700439453125,223.04518127441406,674.13037109375,264.88525390625,604.4242553710938,267.0865173339844,688.087646484375,206.36753845214844,595.7273559570312,221.0057373046875,668.5533447265625,128.50173950195312,604.3107299804688,155.6509246826172,664.7516479492188,433.82562255859375,617.14892578125,434.0669250488281,662.611328125,555.1531982421875,618.5386352539062,554.928466796875,650.7728271484375,664.8715209960938,628.707275390625,670.134033203125
67,2.2333260940032416,640.058837890625,223.55763244628906,652.336181640625,217.9891357421875,630.7831420898438,215.79556274414062,666.4655151367188,226.02276611328125,615.6608276367188,221.14076232910156,674.3175048828125,262.12481689453125,603.3798828125,267.2195739746094,689.087890625,209.20962524414062,595.0159912109375,233.84002685546875,668.9678344726562,131.49786376953125,603.9327392578125,170.59210205078125,664.8756103515625,431.9925537109375,616.5679321289062,433.1841735839844,663.5344848632812,553.9170532226562,618.7107543945312,554.34130859375,650.8516845703125,663.6854858398438,628.5223388671875,669.3441162109375
68,2.266659319286872,639.6188354492188,223.3075408935547,651.8931274414062,217.63156127929688,630.477294921875,215.3853759765625,665.7365112304688,225.16049194335938,615.1401977539062,220.62429809570312,673.8757934570312,260.01934814453125,602.7645263671875,270.15673828125,690.220703125,211.17132568359375,600.0563354492188,254.38433837890625,670.5070190429688,134.28915405273438,614.5385131835938,194.78196716308594,664.1575927734375,429.80908203125,615.573486328125,432.54150390625,664.0652465820312,552.1376953125,618.4945678710938,553.3352661132812,650.1674194335938,662.8555908203125,628.8302612304688,668.5235595703125
69,2.2999925445705025,639.8583374023438,223.1096954345703,652.0092163085938,217.15692138671875,630.5512084960938,215.0640106201172,665.7499389648438,224.14047241210938,614.8375854492188,220.04766845703125,674.2894287109375,259.55078125,602.6249389648438,270.8772888183594,691.6251831054688,215.22720336914062,602.4366455078125,264.52996826171875,671.7023315429688,140.58905029296875,620.529541015625,212.86404418945312,664.2139892578125,429.7345275878906,615.2609252929688,432.7138671875,664.0816650390625,552.127197265625,618.5648193359375,553.3743286132812,650.0780639648438,662.9091186523438,628.6707153320312,668.638671875
70,2.3333257698541328,639.4332885742188,223.8355712890625,651.15380859375,217.52777099609375,630.2493896484375,215.8704071044922,664.7595825195312,223.576416015625,615.42236328125,220.82264709472656,674.1529541015625,258.2978210449219,601.7328491210938,275.5993957519531,690.7500610351562,212.84410095214844,605.1985473632812,291.4288024902344,669.0902099609375,135.5738983154297,633.8081665039062,257.6227722167969,663.3294677734375,430.8926696777344,614.2615966796875,435.46343994140625,665.1463623046875,550.6296997070312,618.4513549804688,552.0192260742188,650.764404296875,664.184326171875,628.5949096679688,670.7172241210938
71,2.3666589951377635,638.8472290039062,222.9420623779297,650.6509399414062,217.111572265625,630.0225219726562,215.20928955078125,664.3199462890625,223.6580047607422,615.9965209960938,220.03240966796875,673.2098999023438,257.52392578125,602.6128540039062,269.65045166015625,688.6666870117188,204.45748901367188,600.9359741210938,256.9208984375,667.8290405273438,126.2043228149414,623.4410400390625,200.32997131347656,662.7382202148438,430.3993225097656,614.808837890625,433.8155822753906,664.4794921875,549.5938110351562,618.4453125,551.2891845703125,651.6531372070312,663.8744506835938,628.7779541015625,670.1390991210938
72,2.3999922204213937,638.0774536132812,222.18223571777344,649.7141723632812,215.9775390625,628.9966430664062,214.4245147705078,664.4972534179688,222.29727172851562,616.5231323242188,219.46542358398438,675.0692749023438,259.29071044921875,604.0099487304688,266.9122009277344,687.2385864257812,201.06600952148438,599.0006103515625,235.5336151123047,664.1046142578125,120.30950164794922,622.93896484375,167.6119842529297,663.4087524414062,431.2086181640625,615.8896484375,432.87945556640625,664.3233032226562,551.6783447265625,617.5042724609375,549.9150390625,655.889892578125,668.2466430664062,627.9740600585938,668.621826171875
73,2.4333254457050244,637.573486328125,221.87745666503906,649.3856201171875,215.67172241210938,628.6270141601562,213.970703125,664.3541259765625,221.85150146484375,616.3164672851562,218.73831176757812,673.93017578125,258.1470947265625,603.99853515625,266.9238586425781,685.5714111328125,198.6579132080078,599.685546875,239.86502075195312,664.724609375,118.79164123535156,624.7586059570312,177.82472229003906,662.7455444335938,430.1743469238281,615.8324584960938,432.2557067871094,664.279052734375,550.6369018554688,617.2801513671875,549.1533813476562,656.2304077148438,668.1338500976562,627.3018798828125,668.9417114257812
74,2.4666586709886547,637.2678833007812,222.01219177246094,649.378173828125,215.80528259277344,628.280029296875,213.99359130859375,664.6397705078125,221.92735290527344,615.8864135742188,218.58860778808594,673.5092163085938,257.3212890625,604.283447265625,266.1017150878906,683.7682495117188,194.1923065185547,602.4851684570312,231.5338592529297,662.435546875,113.56472778320312,629.1212158203125,159.32814025878906,662.5571899414062,430.5176086425781,615.697998046875,432.8276672363281,664.3409423828125,551.008544921875,616.5653076171875,550.0121459960938,656.4818115234375,668.0892333984375,627.2562866210938,668.6670532226562
75,2.499991896272285,637.4254760742188,221.6176300048828,649.5891723632812,215.44564819335938,628.35009765625,213.53131103515625,664.6392211914062,221.74908447265625,615.4769897460938,218.2622528076172,672.718017578125,256.84796142578125,604.541015625,266.87481689453125,683.0584716796875,193.36297607421875,608.4696655273438,236.52926635742188,663.4349975585938,112.29778289794922,637.6759643554688,166.4591827392578,662.0403442382812,431.21722412109375,615.3878784179688,433.79071044921875,664.569091796875,551.0708618164062,615.9525146484375,549.4057006835938,657.3335571289062,669.2180786132812,627.04638671875,668.7373657226562
76,2.5333251215559156,637.1197509765625,220.91188049316406,649.5035400390625,214.665771484375,627.9130859375,212.70237731933594,664.9736938476562,221.2734832763672,615.1512451171875,217.84176635742188,672.6654663085938,256.9533386230469,605.1580200195312,267.2272644042969,682.0269775390625,192.48410034179688,610.083740234375,234.89959716796875,662.551025390625,110.47779846191406,638.422607421875,160.7314453125,661.8624877929688,431.6502685546875,615.5990600585938,434.29693603515625,664.104736328125,551.4281616210938,615.7528686523438,549.7808837890625,657.268310546875,669.5844116210938,626.7632446289062,668.5607299804688
77,2.566658346839546,637.131591796875,219.98861694335938,649.6046752929688,213.71461486816406,627.9486083984375,211.55435180664062,665.0421752929688,220.44549560546875,614.8580322265625,216.786376953125,672.5943603515625,256.40069580078125,603.4357299804688,268.9320068359375,681.85693359375,193.01429748535156,605.719970703125,248.5452880859375,662.349853515625,110.62383270263672,634.1716918945312,184.96389770507812,661.9126586914062,431.32806396484375,614.960205078125,434.54693603515625,664.265380859375,550.9507446289062,615.4682006835938,549.1297607421875,656.634033203125,669.8668823242188,626.4736328125,668.4498901367188
78,2.5999915721231766,637.173583984375,218.68788146972656,649.8494873046875,212.29833984375,627.9453735351562,210.07521057128906,665.5741577148438,219.10171508789062,614.4965209960938,215.68739318847656,672.3351440429688,254.80807495117188,602.4612426757812,272.4555358886719,681.6849365234375,192.3947296142578,603.579833984375,274.85614013671875,661.5468139648438,109.70085906982422,629.4143676757812,236.72406005859375,661.5575561523438,429.22076416015625,614.558837890625,433.66082763671875,663.5396728515625,549.267578125,615.3395385742188,547.5865478515625,656.4326171875,669.0543212890625,626.8502197265625,668.3508911132812
79,2.633324797406807,638.2736206054688,218.45758056640625,650.8928833007812,211.8479461669922,628.8777465820312,209.60122680664062,666.156982421875,218.3245849609375,614.2066040039062,214.9090118408203,672.0238647460938,253.6464080810547,600.9149169921875,274.6092834472656,682.062255859375,194.01913452148438,603.60498046875,295.36932373046875,661.8670654296875,110.6894760131836,630.7050170898438,278.59228515625,661.626953125,427.3183288574219,613.9384765625,432.7337341308594,663.4347534179688,547.7266235351562,615.182373046875,546.2679443359375,656.1869506835938,668.8167114257812,627.2623901367188,669.1364135742188
80,2.6666580226904375,637.8775634765625,217.9124298095703,650.5608520507812,211.4415740966797,628.4423828125,209.09825134277344,666.02099609375,218.46102905273438,613.89892578125,214.8211212158203,672.03759765625,254.5397186279297,601.6600341796875,273.1566162109375,682.2862548828125,195.61195373535156,603.830078125,286.9414367675781,659.5416870117188,109.41328430175781,628.8423461914062,260.9027099609375,661.34423828125,426.8625793457031,614.0875854492188,431.4453125,662.9103393554688,547.5260009765625,615.4734497070312,546.2068481445312,655.9103393554688,668.986572265625,626.9985961914062,669.8119506835938
81,2.6999912479740678,637.3945922851562,217.4391632080078,650.052490234375,211.00343322753906,628.0531616210938,208.68309020996094,665.63134765625,218.0587921142578,613.9495239257812,214.45535278320312,672.2695922851562,254.37026977539062,601.8070678710938,272.090087890625,682.6963500976562,195.69810485839844,602.5598754882812,282.33087158203125,659.5206298828125,109.14915466308594,626.6885986328125,251.71401977539062,661.4912109375,426.73870849609375,614.2033081054688,431.042236328125,663.2321166992188,547.5790405273438,615.378173828125,546.255615234375,656.58837890625,668.35546875,626.7261962890625,669.0743408203125
82,2.7333244732576985,637.20556640625,216.85098266601562,649.92919921875,210.3971405029297,627.834228515625,208.1385955810547,665.7137451171875,217.5397491455078,613.9212646484375,214.26515197753906,672.1558837890625,253.64132690429688,601.6966552734375,273.867431640625,681.7932739257812,193.15316772460938,601.615234375,290.37353515625,659.9075927734375,108.49085998535156,623.9868774414062,269.5498352050781,661.5025634765625,426.99761962890625,614.4387817382812,432.03253173828125,662.8713989257812,547.9002685546875,615.4564819335938,546.4761962890625,656.2150268554688,668.5562133789062,627.0128784179688,668.799560546875
83,2.7666576985413287,639.5653686523438,215.52798461914062,652.1256103515625,209.1907501220703,630.0377197265625,206.6060333251953,666.3389892578125,216.5778045654297,613.8238525390625,212.34112548828125,671.2669677734375,252.64820861816406,600.1332397460938,272.80670166015625,681.7222900390625,188.20217895507812,600.84375,286.3590393066406,661.651611328125,105.18861389160156,623.6283569335938,265.1189270019531,662.9833374023438,427.52789306640625,615.5513305664062,432.7800598144531,662.9672241210938,548.34326171875,614.93798828125,547.051025390625,656.2884521484375,668.7266845703125,627.9388427734375,668.9745483398438
84,2.7999909238249594,640.1613159179688,215.6063232421875,652.5510864257812,209.06546020507812,630.7160034179688,206.63758850097656,666.5487060546875,215.90383911132812,614.4978637695312,211.99952697753906,672.0005493164062,251.91355895996094,598.9404907226562,274.1555480957031,682.7230224609375,190.2345428466797,597.1271362304688,298.70233154296875,662.0631713867188,107.77778625488281,619.5429077148438,290.2226257324219,663.25927734375,426.8899230957031,614.912841796875,432.8702697753906,663.5736083984375,548.0552978515625,615.27294921875,547.085205078125,655.8717651367188,668.0528564453125,628.4359741210938,669.1902465820312
85,2.8333241491085897,640.544921875,215.38307189941406,652.9276123046875,208.8332061767578,630.9866333007812,206.4179229736328,666.8944091796875,215.67921447753906,614.5618286132812,211.7442169189453,672.160888671875,251.90933227539062,600.0966796875,272.34295654296875,682.784912109375,190.0142059326172,600.2620239257812,289.317138671875,661.9791870117188,107.74894714355469,623.725830078125,270.9178771972656,663.4160766601562,426.977294921875,615.4556274414062,432.33636474609375,663.4181518554688,548.0989379882812,615.3807373046875,546.8545532226562,656.2352294921875,667.9519653320312,628.3927001953125,668.4386596679688
86,2.8666573743922203,640.5126342773438,215.63418579101562,652.98388671875,209.18606567382812,631.0032958984375,206.68785095214844,666.9774169921875,216.13282775878906,614.6578979492188,211.90283203125,672.43310546875,252.1744384765625,600.2883911132812,270.9145202636719,682.8624267578125,189.48590087890625,600.4797973632812,279.4866943359375,662.031494140625,107.3220443725586,624.7537841796875,249.15638732910156,663.6555786132812,427.4665222167969,615.490234375,432.3819580078125,663.8486938476562,548.5413208007812,614.9971923828125,547.1805419921875,656.430419921875,668.1764526367188,628.28076171875,668.1659545898438
87,2.8999905996758506,640.8702392578125,215.41726684570312,653.31884765625,208.9256591796875,631.3369140625,206.4716033935547,667.3572998046875,215.74020385742188,614.9525146484375,211.6621856689453,672.4986572265625,251.5338592529297,600.5247802734375,271.2298583984375,683.2357788085938,189.1912841796875,600.0060424804688,285.8936767578125,662.895751953125,106.99781799316406,623.4246215820312,266.11767578125,663.45361328125,426.6083984375,615.4849853515625,431.72900390625,663.5906982421875,548.0449829101562,615.3670654296875,546.7733154296875,656.2551879882812,668.7182006835938,628.1036376953125,669.3563232421875
88,2.9333238249594813,641.010498046875,215.22325134277344,653.474365234375,208.81788635253906,631.5186767578125,206.30747985839844,667.5614624023438,215.89205932617188,615.289794921875,211.58694458007812,672.9560546875,252.46653747558594,600.6561279296875,270.66845703125,684.2572631835938,191.3114776611328,599.360595703125,283.8992919921875,664.1715698242188,109.65096282958984,623.7994995117188,265.7350769042969,663.4004516601562,427.06884765625,615.3198852539062,431.6697998046875,663.5048217773438,548.1026000976562,615.2689819335938,546.5558471679688,656.3603515625,668.5195922851562,627.8741455078125,669.2503051757812
89,2.9666570502431115,640.9887084960938,214.7922821044922,653.49365234375,208.56723022460938,631.6085815429688,205.92433166503906,667.5778198242188,216.0145721435547,615.598388671875,211.463623046875,672.7755737304688,252.5775909423828,601.1567993164062,270.58209228515625,684.2459716796875,190.4164581298828,599.6155395507812,281.54559326171875,665.0490112304688,108.46623992919922,623.4830322265625,259.5948791503906,663.4471435546875,426.3136291503906,615.855224609375,430.91046142578125,663.50244140625,547.7681884765625,615.6000366210938,546.4801025390625,656.00390625,668.0556030273438,627.7362060546875,668.9972534179688
90,2.9999902755267422,640.8090209960938,214.7173309326172,653.5228271484375,208.45094299316406,631.3668212890625,205.80491638183594,667.9808349609375,215.99139404296875,615.5302734375,211.39102172851562,672.872802734375,252.74864196777344,601.9960327148438,269.6168212890625,683.99609375,189.80120849609375,600.8709106445312,274.547119140625,664.8568115234375,107.04766082763672,624.67724609375,245.32513427734375,663.65283203125,426.3129577636719,616.369873046875,430.68798828125,663.7496948242188,547.0012817382812,615.6656494140625,546.284912109375,656.9738159179688,667.4221801757812,627.8228759765625,669.159423828125
91,3.0333235008103725,641.1676025390625,214.3459930419922,653.7353515625,208.1367645263672,631.7918701171875,205.4246368408203,667.8526611328125,215.7000732421875,615.7467651367188,211.06576538085938,672.5589599609375,252.2548065185547,601.6184692382812,270.8412170410156,683.8219604492188,188.83033752441406,599.5955200195312,282.3109436035156,665.3719482421875,106.60221099853516,621.29541015625,261.3413391113281,663.91064453125,425.9881286621094,616.774169921875,430.8184814453125,664.0106811523438,547.2830810546875,616.1522827148438,546.3613891601562,656.5968017578125,668.2772827148438,627.8187255859375,669.8402709960938
92,3.066656726094003,641.4146728515625,214.10174560546875,653.954345703125,207.90074157714844,632.07763671875,205.21690368652344,668.0476684570312,215.42527770996094,616.1095581054688,210.8928985595703,672.9306640625,251.71981811523438,601.691650390625,270.8561096191406,684.0828857421875,188.65345764160156,599.499755859375,283.5015869140625,665.1210327148438,106.3699722290039,621.333984375,261.4886474609375,664.04052734375,425.2220153808594,616.7374267578125,430.2275695800781,664.1480712890625,546.9379272460938,616.3145751953125,546.0585327148438,656.248779296875,667.9885864257812,628.062744140625,669.3685302734375
93,3.0999899513776334,641.5382690429688,213.96250915527344,654.0555419921875,207.76129150390625,632.302001953125,205.143798828125,668.002197265625,215.291259765625,616.3294067382812,210.8411102294922,673.39306640625,251.4322509765625,600.4998168945312,271.6989440917969,684.7623291015625,189.5230255126953,596.3366088867188,289.0804748535156,664.5973510742188,109.0793685913086,618.1829223632812,273.0413818359375,664.2377319335938,424.3599853515625,616.0851440429688,429.8646240234375,664.9803466796875,546.0028076171875,616.0487060546875,545.8283081054688,656.5535278320312,667.690673828125,628.2337646484375,670.4473266601562
94,3.133323176661264,641.9244384765625,213.7183074951172,654.3636474609375,207.52056884765625,632.6864013671875,204.9193115234375,668.2266235351562,214.8581085205078,616.6539306640625,210.62879943847656,673.3673095703125,250.05018615722656,600.5255737304688,272.3025207519531,684.0293579101562,185.5506591796875,595.9185791015625,293.6055908203125,664.6654663085938,105.53267669677734,616.7029418945312,284.3858947753906,664.2711791992188,423.4943542480469,616.2327880859375,429.5294494628906,664.65283203125,545.6466064453125,616.140380859375,544.9880981445312,656.0618286132812,668.1882934570312,628.340576171875,669.6828002929688
95,3.1666564019448944,641.7984619140625,213.3229522705078,654.2554931640625,207.19912719726562,632.6355590820312,204.61544799804688,668.2128295898438,214.63897705078125,616.898193359375,210.4280548095703,673.5352172851562,249.70558166503906,600.6781616210938,272.2272644042969,684.3203125,186.7906036376953,596.996337890625,296.2838439941406,664.9653930664062,106.86090087890625,618.7225341796875,289.1815490722656,664.1473388671875,422.7142639160156,615.9869384765625,428.84246826171875,665.0995483398438,544.9473266601562,616.2899169921875,544.3572387695312,656.2106323242188,667.23583984375,628.4147338867188,669.144287109375
96,3.199989627228525,641.8623046875,213.04193115234375,654.4660034179688,206.9628448486328,632.6316528320312,204.18695068359375,668.47265625,214.45925903320312,616.5039672851562,209.8901824951172,672.7630004882812,248.90333557128906,601.4100341796875,271.2962341308594,683.4360961914062,183.74378967285156,600.4563598632812,293.1058654785156,665.0001831054688,102.44493865966797,622.6900024414062,282.8225402832031,663.9086303710938,422.2633361816406,616.4301147460938,428.2503967285156,664.2785034179688,544.7726440429688,616.0294799804688,543.9026489257812,655.9139404296875,667.3623657226562,628.0843505859375,668.4551391601562
97,3.2333228525121553,642.0680541992188,212.868896484375,654.6603393554688,206.97344970703125,632.8215942382812,204.2152862548828,668.677001953125,214.82757568359375,616.840087890625,210.1362762451172,673.0987548828125,249.53297424316406,602.4563598632812,269.25994873046875,683.7592163085938,185.09130859375,602.4911499023438,282.9041748046875,665.2208251953125,103.3670425415039,626.9883422851562,262.7485656738281,663.8087768554688,422.195068359375,616.5206909179688,427.3310241699219,664.2149047851562,544.5189819335938,615.7721557617188,543.4994506835938,656.2683715820312,667.1873779296875,627.56494140625,668.2611694335938
98,3.266656077795786,642.2437133789062,212.99313354492188,654.7503662109375,207.08126831054688,632.9642944335938,204.36001586914062,668.6915283203125,214.88943481445312,616.9500732421875,210.25543212890625,673.4139404296875,249.71754455566406,602.56298828125,269.0893859863281,684.1104125976562,186.30429077148438,602.4414672851562,282.9488830566406,665.2471313476562,104.6850357055664,626.456298828125,262.7981872558594,664.0025024414062,422.17767333984375,616.5671997070312,427.0968017578125,664.458740234375,544.8792724609375,615.7926025390625,543.3858642578125,656.1903076171875,667.5090942382812,627.2119750976562,668.058349609375
99,3.2999893030794163,643.1015625,212.30044555664062,654.6818237304688,206.52293395996094,633.7977294921875,204.3320770263672,667.6458129882812,214.53477478027344,617.9358520507812,210.9700164794922,673.66943359375,250.30767822265625,602.9534912109375,268.2330627441406,685.744384765625,192.79275512695312,601.572265625,284.8099670410156,666.85546875,109.49494934082031,625.7171020507812,268.1038513183594,663.19189453125,421.0940246582031,615.7303466796875,425.5323181152344,664.9871826171875,543.7990112304688,616.3804321289062,542.265869140625,657.3790283203125,665.8504028320312,625.8831787109375,667.1395874023438
100,3.333322528363047,643.3380126953125,212.53024291992188,654.9105834960938,206.9582061767578,634.2039184570312,204.7606964111328,667.1063842773438,215.02528381347656,617.3380126953125,211.20423889160156,672.9052124023438,248.99009704589844,601.9627685546875,267.1496887207031,688.1842041015625,197.68572998046875,599.5637817382812,286.6965637207031,669.097900390625,117.73775482177734,622.1127319335938,264.4731140136719,663.3931274414062,421.1252746582031,614.7840576171875,426.0536804199219,666.220703125,542.8335571289062,616.7405395507812,544.8194580078125,654.9277954101562,661.335693359375,625.1421508789062,668.5011596679688
101,3.3666557536466772,643.6997680664062,211.95277404785156,655.380859375,206.30715942382812,634.1353149414062,204.29598999023438,667.7616577148438,214.33245849609375,616.27490234375,210.58401489257812,674.15966796875,248.3096923828125,603.4027099609375,263.1788024902344,692.5839233398438,199.9165802001953,604.4441528320312,268.7110290527344,674.472412109375,124.93013763427734,625.1409301757812,237.1313018798828,665.754638671875,418.973388671875,616.5535888671875,423.1186218261719,665.796630859375,543.0584716796875,617.5431518554688,545.64208984375,653.6565551757812,659.8235473632812,625.8915405273438,667.3611450195312
102,3.399988978930308,643.3276977539062,211.8971710205078,654.8807983398438,206.06069946289062,633.9694213867188,204.04833984375,667.7715454101562,214.12620544433594,618.0960083007812,210.844482421875,674.6973266601562,250.3553466796875,602.33642578125,267.4311828613281,687.1205444335938,194.6104736328125,598.6314697265625,279.9376220703125,665.9232788085938,112.28561401367188,624.1610717773438,255.79885864257812,663.5943603515625,421.4775695800781,615.2057495117188,425.922119140625,665.64306640625,543.5314331054688,616.2020263671875,543.2657470703125,657.2739868164062,666.271240234375,625.7327880859375,669.2078247070312
103,3.433322204213938,642.41796875,210.87643432617188,654.4526977539062,205.29576110839844,632.9143676757812,203.2898712158203,667.6513671875,213.8606719970703,616.0987548828125,210.22254943847656,674.46533203125,248.31021118164062,603.5365600585938,263.24993896484375,692.0852661132812,198.78744506835938,602.0929565429688,266.52978515625,673.5119018554688,122.3775863647461,622.2387084960938,231.54161071777344,665.4985961914062,419.1405334472656,616.3958129882812,423.4084167480469,665.5425415039062,543.229248046875,617.6831665039062,546.5075073242188,653.1870727539062,659.6337280273438,625.87939453125,667.9526977539062
104,3.466655429497569,642.3312377929688,211.14047241210938,654.2743530273438,205.12367248535156,632.974365234375,203.1326904296875,668.0223388671875,213.11618041992188,617.793212890625,210.0694122314453,675.3707885742188,249.32907104492188,601.6768798828125,268.7305603027344,687.31298828125,193.37440490722656,597.2244873046875,287.87994384765625,666.007568359375,110.68456268310547,624.3568725585938,268.77435302734375,663.9081420898438,420.95751953125,614.8504028320312,426.1943664550781,665.9673461914062,543.3817138671875,616.0430297851562,543.564453125,657.255126953125,666.1099243164062,626.2681884765625,669.2686157226562
105,3.499988654781199,642.4376220703125,211.2833251953125,654.3671264648438,205.27952575683594,633.0400390625,203.2919158935547,668.1469116210938,213.16766357421875,617.896484375,210.22935485839844,675.20263671875,248.89083862304688,601.9880981445312,269.1285095214844,686.8366088867188,190.100830078125,597.645751953125,288.05511474609375,667.4540405273438,107.44295501708984,624.4920043945312,270.3757019042969,663.9083862304688,421.2258605957031,615.2193603515625,426.6957702636719,665.849365234375,543.8949584960938,616.5335693359375,543.7578735351562,656.614501953125,666.3323974609375,626.4033813476562,668.7200927734375
106,3.53332188006483,642.0783081054688,210.91799926757812,654.1928100585938,204.9915771484375,632.6132202148438,202.89990234375,668.3602905273438,213.16624450683594,617.60595703125,210.15261840820312,674.7031860351562,248.91998291015625,602.6896362304688,269.2728271484375,685.8626098632812,187.43502807617188,599.0149536132812,286.2453918457031,667.8657836914062,104.17599487304688,625.0586547851562,268.829345703125,663.447021484375,421.22552490234375,615.5410766601562,426.7064514160156,665.5000610351562,543.8862915039062,617.1104125976562,543.7692260742188,656.7658081054688,666.3699340820312,626.6693115234375,668.5978393554688
107,3.56665510534846,641.8942260742188,210.556396484375,654.0569458007812,204.7696990966797,632.4531860351562,202.636962890625,668.3080444335938,213.2008056640625,617.5825805664062,210.0752716064453,674.8246459960938,248.97068786621094,602.9568481445312,268.5923767089844,685.92041015625,187.3930206298828,599.5371704101562,282.8719482421875,667.530029296875,105.14965057373047,625.2615966796875,263.4616394042969,663.3497924804688,420.927001953125,615.5191040039062,426.09368896484375,665.2438354492188,543.5635375976562,616.9150390625,543.079833984375,656.7511596679688,666.042236328125,626.7841186523438,667.742919921875
108,3.599988330632091,642.1052856445312,210.43362426757812,654.2107543945312,204.64703369140625,632.6080322265625,202.63229370117188,668.4328002929688,213.1064453125,617.7852172851562,210.17764282226562,675.2363891601562,249.0672149658203,603.6759033203125,267.9705505371094,686.4552001953125,188.45802307128906,601.571533203125,279.6655578613281,667.4992065429688,106.99849700927734,628.1248168945312,257.1007385253906,663.560546875,420.747802734375,615.822021484375,425.6842041015625,665.435546875,543.2551879882812,617.2052001953125,542.8171997070312,656.9843139648438,666.1575927734375,627.0309448242188,668.1055297851562
109,3.633321555915721,642.2412109375,210.56919860839844,654.3646850585938,204.72764587402344,632.772216796875,202.6962432861328,668.6035766601562,213.0591278076172,617.9673461914062,210.1549072265625,675.5558471679688,248.78472900390625,603.0454711914062,269.1671447753906,686.4471435546875,188.75393676757812,600.8508911132812,286.5622253417969,667.594482421875,107.40426635742188,628.6618041992188,268.29290771484375,663.8451538085938,420.5277404785156,615.6327514648438,425.93292236328125,665.6785888671875,543.4619140625,617.5038452148438,542.8511352539062,656.0390625,666.031005859375,627.6332397460938,667.5633544921875
110,3.6666547811993517,642.216064453125,210.95986938476562,654.3297729492188,204.9444580078125,632.7987060546875,202.9989776611328,668.6016235351562,212.96705627441406,618.17138671875,210.06272888183594,676.0431518554688,249.2198944091797,602.492919921875,269.1660461425781,687.162109375,194.1958770751953,599.5952758789062,291.039306640625,666.9939575195312,112.0770492553711,628.822509765625,273.75433349609375,664.1820068359375,420.4248962402344,615.292236328125,425.81298828125,666.3904418945312,543.5308227539062,617.7935791015625,543.39990234375,655.6553955078125,665.9064331054688,627.7328491210938,668.965087890625
111,3.699988006482982,642.0130615234375,210.73484802246094,654.314453125,204.85374450683594,632.6202392578125,202.75535583496094,668.8680419921875,213.26296997070312,618.1328125,210.09214782714844,676.0271606445312,249.8055419921875,602.9970703125,269.247314453125,687.0126342773438,193.37472534179688,599.9219970703125,288.135986328125,666.8101196289062,111.02095031738281,627.7855224609375,268.5521545410156,664.0855712890625,420.9576721191406,615.5487670898438,426.1283264160156,666.121826171875,543.802734375,617.5633544921875,543.6810913085938,655.8980712890625,665.8600463867188,627.4461669921875,668.853515625
112,3.7333212317666127,641.7381591796875,210.8357696533203,654.1300659179688,204.92849731445312,632.3312377929688,202.8196258544922,668.956787109375,213.2572021484375,618.0750122070312,210.1792449951172,676.0873413085938,249.5126495361328,603.3837890625,269.5672302246094,686.5311889648438,191.21575927734375,600.5946655273438,287.8191833496094,666.858154296875,109.03577423095703,627.3935546875,267.8609313964844,664.0652465820312,421.16357421875,615.7698364257812,426.3992614746094,665.90234375,543.990966796875,617.5916748046875,543.2959594726562,655.7137451171875,666.224365234375,627.5799560546875,668.0322265625
113,3.766654457050243,642.4498901367188,210.7647705078125,654.6790771484375,204.91397094726562,633.0244140625,202.7198944091797,669.0322875976562,213.34022521972656,618.2744140625,210.10260009765625,675.9221801757812,249.52920532226562,603.1179809570312,270.1407165527344,686.54541015625,191.42872619628906,600.9691162109375,291.2487487792969,666.7852172851562,108.44241333007812,627.9525756835938,273.1779479980469,664.2317504882812,420.6636657714844,615.91357421875,426.0566101074219,666.2310791015625,543.9456176757812,618.1939697265625,543.0518188476562,655.0748901367188,666.3126220703125,627.8135986328125,667.85986328125
114,3.799987682333873,642.3064575195312,211.0243682861328,654.6407470703125,205.14353942871094,632.8541259765625,202.95985412597656,669.2279052734375,213.41104125976562,618.2642822265625,210.2144775390625,676.0147094726562,249.4147491455078,604.2775268554688,268.898681640625,686.2068481445312,189.30445861816406,602.942626953125,282.3057556152344,666.5501708984375,106.52374267578125,628.40380859375,256.2784423828125,664.2138671875,421.5349426269531,616.427978515625,426.46148681640625,665.89794921875,543.9588623046875,617.8614501953125,542.5250244140625,656.3175659179688,666.3433227539062,628.169921875,666.6622924804688
115,3.833320907617504,642.752197265625,211.1478729248047,655.0977172851562,205.22438049316406,633.2432861328125,202.98692321777344,669.5477294921875,213.49954223632812,618.2348022460938,210.16561889648438,675.9622802734375,249.62765502929688,604.037841796875,269.2128601074219,686.7904052734375,189.385009765625,602.4443969726562,283.654296875,667.3871459960938,106.2842025756836,628.073486328125,259.593505859375,664.3458862304688,421.5075988769531,616.5164184570312,426.5609130859375,665.9785766601562,544.06103515625,618.0804443359375,543.200439453125,656.186279296875,666.6305541992188,628.0867309570312,667.90673828125
116,3.866654132901134,642.9692993164062,211.22137451171875,655.2198486328125,205.21481323242188,633.4285278320312,203.10902404785156,669.5848388671875,213.26014709472656,618.4140014648438,210.2125244140625,675.8663940429688,249.10435485839844,604.4532470703125,269.5624694824219,686.722900390625,189.12278747558594,604.7940673828125,287.2042541503906,667.650634765625,105.85481262207031,631.336669921875,266.8172607421875,664.3250732421875,421.4032287597656,616.6469116210938,426.71282958984375,666.0940551757812,543.8511962890625,618.3777465820312,543.0590209960938,656.190185546875,666.6539306640625,628.18359375,668.3297729492188
117,3.899987358184765,642.8890991210938,211.54183959960938,655.1009521484375,205.3321990966797,633.3994750976562,203.36741638183594,669.4791259765625,213.03759765625,618.5492553710938,210.26014709472656,676.139892578125,248.968017578125,603.7836303710938,270.52880859375,686.9069213867188,191.32737731933594,602.826171875,293.06158447265625,667.3675537109375,108.01807403564453,629.2429809570312,274.48828125,664.8009033203125,421.0684509277344,616.5785522460938,426.8813171386719,666.7156982421875,543.7127075195312,618.234375,543.55859375,656.448486328125,666.3237915039062,628.072021484375,668.9930419921875
118,3.933320583468395,642.9349975585938,211.5123748779297,655.0651245117188,205.28504943847656,633.453857421875,203.35617065429688,669.3110961914062,213.01539611816406,618.5830688476562,210.30421447753906,676.3317260742188,249.13223266601562,603.1077880859375,270.8761291503906,687.1253051757812,191.7037353515625,600.9152221679688,293.9584655761719,667.52001953125,108.73902893066406,627.783935546875,275.54736328125,665.04296875,421.2411193847656,616.3861694335938,427.18414306640625,666.9553833007812,543.7637939453125,618.1102905273438,543.667724609375,656.3663940429688,666.0770874023438,628.024658203125,668.6121215820312
119,3.966653808752026,643.0652465820312,211.6162567138672,654.9735717773438,205.34022521972656,633.525634765625,203.61514282226562,668.9513549804688,212.92066955566406,618.5867919921875,210.53680419921875,676.5835571289062,249.17727661132812,603.091552734375,270.1191711425781,687.8204345703125,193.4890594482422,601.2031860351562,291.7961120605469,668.1082153320312,111.69540405273438,629.3627319335938,272.50177001953125,665.3278198242188,421.317138671875,616.3871459960938,427.03863525390625,667.329833984375,543.5029907226562,617.96826171875,543.321044921875,657.2093505859375,665.7881469726562,627.9688110351562,668.3230590820312
120,3.999987034035656,643.0852661132812,211.68966674804688,654.998046875,205.37744140625,633.57421875,203.62884521484375,668.9937133789062,212.8800048828125,618.7235107421875,210.36141967773438,676.7191772460938,249.38433837890625,603.0476684570312,269.5297546386719,687.7108154296875,195.95101928710938,600.4328002929688,291.4383239746094,667.6786499023438,114.54454803466797,629.1461791992188,271.3786926269531,665.4700927734375,421.4305725097656,616.2659301757812,426.9545593261719,668.1265869140625,543.5441284179688,617.6849365234375,543.51806640625,657.6517944335938,665.0327758789062,626.7007446289062,668.0189208984375
121,4.033320259319287,642.8722534179688,211.67625427246094,654.89208984375,205.3008270263672,633.3340454101562,203.51524353027344,669.1427612304688,212.78639221191406,618.5791625976562,210.21902465820312,676.92431640625,249.55421447753906,603.2389526367188,269.4973449707031,688.3794555664062,196.35995483398438,600.7741088867188,291.7407531738281,668.7652587890625,114.98615264892578,629.5208740234375,273.2521667480469,665.3911743164062,421.70745849609375,616.2206420898438,427.08111572265625,667.8206787109375,543.56591796875,617.3681030273438,543.3660278320312,657.5677490234375,665.7490844726562,626.1773071289062,668.536865234375
122,4.066653484602917,642.6105346679688,211.4427032470703,654.7933349609375,205.14328002929688,633.0182495117188,203.1951904296875,669.2579956054688,212.7609405517578,618.14453125,209.92474365234375,676.7001342773438,249.3121337890625,603.6976928710938,268.4221496582031,688.0538330078125,192.10667419433594,601.6719970703125,283.9373779296875,668.2764892578125,110.36849975585938,629.6287231445312,261.3599548339844,665.2041015625,422.3939514160156,616.3988647460938,427.3726501464844,667.6380615234375,543.5462646484375,617.0615234375,542.9202270507812,658.1961059570312,667.1326904296875,625.8525390625,668.9541625976562
123,4.099986709886547,642.6068115234375,211.28065490722656,654.7487182617188,205.0631103515625,632.9661865234375,203.17730712890625,669.2132568359375,212.81300354003906,618.1297607421875,210.06455993652344,676.7235107421875,249.39263916015625,604.6656494140625,267.32281494140625,688.4100952148438,192.24240112304688,604.1030883789062,278.1690368652344,668.2595825195312,111.36651611328125,632.6104736328125,252.2104949951172,665.0728759765625,422.17144775390625,616.70361328125,426.7654113769531,667.3978881835938,543.2356567382812,617.1455078125,542.8134155273438,658.2498779296875,666.9537963867188,625.4174194335938,669.194091796875
124,4.133319935170178,642.5820922851562,211.21731567382812,654.819580078125,205.00567626953125,632.9617309570312,203.06483459472656,669.3954467773438,212.74685668945312,618.1296997070312,209.86009216308594,676.8983764648438,249.4075927734375,604.6698608398438,266.635986328125,688.7269287109375,191.86170959472656,602.4125366210938,274.1009216308594,668.2470092773438,111.1319808959961,629.7998657226562,244.89669799804688,665.2059936523438,422.423583984375,616.8794555664062,426.8868103027344,667.0859375,543.677490234375,617.2499389648438,543.6845092773438,658.1724243164062,666.706298828125,625.8425903320312,669.3275146484375
125,4.166653160453809,642.2763671875,210.9718780517578,654.5257568359375,204.79530334472656,632.6607666015625,202.90036010742188,669.1910400390625,212.5274200439453,618.0781860351562,209.72601318359375,676.9927978515625,249.09060668945312,604.9691162109375,265.5621337890625,688.5203247070312,190.19224548339844,601.7783813476562,267.240966796875,667.9766845703125,110.6664810180664,628.1176147460938,233.1592254638672,665.2559204101562,422.90667724609375,617.104248046875,427.1952209472656,667.1685791015625,543.7898559570312,617.44677734375,543.8933715820312,658.2330322265625,667.0217895507812,625.9666748046875,669.5305786132812
126,4.199986385737439,642.6888427734375,210.76829528808594,654.9854736328125,204.64222717285156,632.951416015625,202.673095703125,669.6304931640625,212.7998504638672,617.9959716796875,209.79534912109375,677.0262451171875,250.21377563476562,605.2868041992188,265.9742431640625,688.8875122070312,193.41615295410156,603.3917236328125,269.5879821777344,667.7859497070312,112.18185424804688,629.5458374023438,237.2425079345703,665.3460693359375,423.0679626464844,617.3153686523438,427.0621337890625,666.9384155273438,543.7666625976562,617.741455078125,543.9014892578125,658.1129760742188,666.694091796875,626.180908203125,669.9326782226562
127,4.233319611021069,642.9338989257812,210.59304809570312,655.1730346679688,204.3979949951172,633.1954956054688,202.4737091064453,669.7186279296875,212.3810577392578,618.126708984375,209.48550415039062,677.0150756835938,249.67149353027344,605.3549194335938,265.58251953125,689.0094604492188,192.58009338378906,602.598388671875,268.676025390625,668.0738525390625,111.77903747558594,628.05517578125,236.07337951660156,665.3924560546875,422.4412536621094,617.507080078125,426.5459289550781,666.5658569335938,543.1503295898438,617.7335205078125,543.6435546875,657.9813232421875,666.3311157226562,626.1556396484375,669.8394165039062
128,4.2666528363047,643.116455078125,210.60789489746094,655.3375244140625,204.47872924804688,633.3773193359375,202.47412109375,669.8164672851562,212.63528442382812,618.24609375,209.57472229003906,676.99365234375,250.15902709960938,605.4519653320312,265.7374572753906,688.7772216796875,192.1713104248047,602.2755737304688,267.8294677734375,668.2239379882812,110.5556869506836,627.1207275390625,235.0006103515625,665.6063232421875,422.9718933105469,617.8468627929688,426.8988037109375,666.3397827148438,543.63818359375,617.677001953125,543.67578125,657.8291015625,666.7261352539062,626.04541015625,669.5529174804688
129,4.2999860615883305,643.062744140625,210.66140747070312,655.3199462890625,204.51129150390625,633.3306274414062,202.4507293701172,669.8668823242188,212.6413116455078,618.2412719726562,209.5115203857422,677.0216674804688,250.19944763183594,605.3417358398438,266.1671447753906,688.7428588867188,192.7030029296875,602.1053466796875,270.7367248535156,668.4424438476562,111.70476531982422,627.037841796875,240.64666748046875,665.49169921875,423.2375183105469,617.6951904296875,427.2316589355469,666.570556640625,543.7596435546875,617.915771484375,543.5684814453125,657.5840454101562,666.9644775390625,625.9471435546875,669.4293823242188
130,4.333319286871961,643.1210327148438,210.6616973876953,655.3594360351562,204.50433349609375,633.3671264648438,202.4681396484375,669.9432373046875,212.6212158203125,618.3358154296875,209.56307983398438,677.193359375,250.19863891601562,605.5928344726562,266.04425048828125,688.9319458007812,191.98214721679688,602.9166259765625,269.2125244140625,668.545166015625,110.42640686035156,628.5652465820312,237.6957244873047,665.593994140625,423.0740966796875,617.8260498046875,427.0154724121094,666.730712890625,543.63037109375,618.20263671875,543.3043212890625,657.7566528320312,666.730224609375,626.2327880859375,668.9119873046875
131,4.366652512155591,644.9014282226562,211.47802734375,656.9999389648438,205.3567352294922,635.2935791015625,203.3330841064453,670.7369995117188,213.03965759277344,619.4954833984375,209.84121704101562,677.3474731445312,249.24777221679688,605.4845581054688,266.41925048828125,688.1742553710938,187.73623657226562,603.52978515625,266.11090087890625,667.4954833984375,110.34380340576172,630.1258544921875,230.0155487060547,666.7767944335938,423.6220397949219,618.7731323242188,428.34234619140625,666.9722900390625,543.4855346679688,617.9655151367188,544.1476440429688,657.2538452148438,666.888427734375,627.4471435546875,669.7727661132812
132,4.399985737439222,645.193115234375,211.35008239746094,657.1879272460938,205.22232055664062,635.51806640625,203.28977966308594,670.809814453125,212.8258056640625,619.622314453125,209.92999267578125,677.486572265625,248.5775604248047,605.4759521484375,267.0905456542969,688.1270141601562,185.8953857421875,603.7708129882812,269.64471435546875,668.33984375,109.6424789428711,631.0525512695312,237.63902282714844,667.0241088867188,423.50518798828125,618.94677734375,428.6135559082031,667.2845458984375,543.3328247070312,618.1851806640625,543.8358154296875,657.065185546875,667.0491943359375,627.335693359375,669.3839721679688
133,4.433318962722852,645.3324584960938,211.2698211669922,657.3182983398438,205.27268981933594,635.6557006835938,203.36985778808594,670.9308471679688,213.0570068359375,619.805908203125,210.2144317626953,677.296875,248.44029235839844,606.2607421875,267.05548095703125,687.6968994140625,186.52249145507812,605.8436279296875,270.5365295410156,667.841552734375,110.02934265136719,632.713134765625,238.780029296875,666.9264526367188,422.7314453125,619.2454223632812,427.860595703125,667.1923217773438,543.2890625,618.2921752929688,544.0928344726562,656.712158203125,666.473876953125,626.862060546875,669.62451171875
134,4.466652188006483,645.0195922851562,211.00025939941406,657.0843505859375,205.1224822998047,635.4412231445312,203.14373779296875,670.8502807617188,213.10691833496094,620.0360107421875,209.89820861816406,677.5655517578125,248.97120666503906,607.0772705078125,264.1828308105469,687.9414672851562,186.2146759033203,606.2655639648438,253.70516967773438,667.6422119140625,109.4365234375,633.3065795898438,208.25267028808594,667.1075439453125,423.7474060058594,619.5823974609375,427.99664306640625,667.6057739257812,543.2896728515625,618.11572265625,544.2349853515625,657.9395141601562,666.2089233398438,626.6969604492188,669.4270629882812
135,4.499985413290113,644.828369140625,210.9083251953125,656.9075317382812,205.0086212158203,635.1734619140625,203.2369384765625,670.9595947265625,212.9812469482422,620.2127075195312,210.21568298339844,677.8607788085938,248.80075073242188,608.6781005859375,263.2453918457031,688.1565551757812,186.20391845703125,609.6417236328125,246.92617797851562,667.7428588867188,109.08488464355469,635.7772827148438,193.92010498046875,667.1092529296875,423.23004150390625,620.18212890625,427.3155822753906,667.5077514648438,543.122314453125,618.5343627929688,544.572509765625,658.17529296875,665.8229370117188,626.6985473632812,669.812255859375
136,4.533318638573744,645.2904052734375,210.99288940429688,657.3480224609375,204.98260498046875,635.552490234375,203.21351623535156,671.2997436523438,212.8397979736328,620.1654052734375,210.28460693359375,678.0840454101562,248.50942993164062,607.68017578125,265.7148132324219,688.5117797851562,185.9312744140625,606.846435546875,260.303466796875,668.3945922851562,109.80009460449219,632.128173828125,218.9845428466797,667.312255859375,423.3263244628906,619.9729614257812,428.1280822753906,667.3651733398438,543.67138671875,618.6638793945312,545.0205078125,657.2962036132812,666.6823120117188,626.8401489257812,670.3057250976562
137,4.566651863857374,645.7928466796875,211.14950561523438,657.6199951171875,205.0765838623047,635.9561157226562,203.48162841796875,671.318115234375,212.60601806640625,620.42822265625,210.34307861328125,678.0401000976562,247.94122314453125,608.9826049804688,263.64874267578125,688.4828491210938,184.22654724121094,609.866943359375,249.9445343017578,668.8079223632812,108.30084228515625,635.6795043945312,201.79017639160156,667.3174438476562,422.93621826171875,620.550048828125,427.3497314453125,667.32177734375,543.0272216796875,618.9619750976562,544.4265747070312,657.623046875,666.3902587890625,626.27490234375,669.8626708984375
138,4.599985089141005,646.2198486328125,211.34791564941406,657.888427734375,205.09544372558594,636.2633666992188,203.69325256347656,671.4470825195312,212.27088928222656,620.5633544921875,210.2821502685547,678.6182861328125,248.01690673828125,609.5061645507812,261.93829345703125,689.3684692382812,185.32479858398438,610.091796875,241.5212860107422,668.7297973632812,109.5955810546875,635.179443359375,187.26759338378906,667.7294921875,423.8706970214844,620.8425903320312,427.7982482910156,667.2203369140625,543.39013671875,618.8841552734375,544.9169311523438,657.9241943359375,666.7814331054688,626.0875244140625,670.4269409179688
139,4.633318314424635,646.396240234375,211.44688415527344,657.9921264648438,205.057861328125,636.4661865234375,203.79974365234375,671.4237060546875,212.04087829589844,620.7092895507812,210.33494567871094,679.4682006835938,248.0099639892578,608.0963745117188,262.91693115234375,690.5122680664062,187.64161682128906,605.753173828125,247.7812042236328,667.921142578125,113.71525573730469,630.939453125,197.92567443847656,668.1751708984375,423.9688415527344,620.1357421875,428.281494140625,668.0464477539062,543.4781494140625,618.7713623046875,545.516845703125,658.190673828125,666.926025390625,626.5306396484375,671.44287109375
140,4.6666515397082655,646.79638671875,211.72239685058594,658.5252075195312,205.19699096679688,636.869140625,203.747802734375,672.0484008789062,211.91595458984375,620.7958984375,209.89834594726562,679.2288818359375,247.80198669433594,607.9904174804688,263.361328125,690.0361938476562,184.76840209960938,605.162353515625,248.92144775390625,668.134521484375,109.38182067871094,630.1825561523438,200.53594970703125,668.2660522460938,424.2921142578125,620.3718872070312,428.8080139160156,667.7660522460938,543.6441650390625,618.6734008789062,545.6300659179688,658.434326171875,666.6952514648438,626.5403442382812,670.57666015625
141,4.699984764991896,646.7813720703125,211.78372192382812,658.4970092773438,205.1791229248047,636.8358764648438,203.83189392089844,672.0347900390625,211.7633056640625,620.8388671875,209.9825897216797,679.2413940429688,247.5909881591797,608.2275390625,263.48846435546875,689.9346313476562,183.98046875,605.1480102539062,248.15785217285156,668.2964477539062,109.37220001220703,629.4053344726562,199.23544311523438,668.3925170898438,424.2378234863281,620.6551513671875,428.92974853515625,667.9572143554688,543.3570556640625,618.7448120117188,545.6417236328125,659.1898803710938,666.552001953125,626.747802734375,670.7296142578125
142,4.733317990275527,646.7664184570312,211.74269104003906,658.4617309570312,205.23928833007812,636.8637084960938,203.81216430664062,672.0352172851562,211.99668884277344,621.0455322265625,210.02508544921875,679.6768798828125,248.00726318359375,608.1359252929688,262.865234375,689.9337158203125,184.6117706298828,604.2489013671875,245.29356384277344,667.7173461914062,109.71735382080078,628.4821166992188,194.71168518066406,668.5049438476562,424.3470153808594,620.3901977539062,428.5725402832031,668.4832763671875,543.7871704101562,618.335205078125,545.070556640625,659.8399658203125,666.9161376953125,626.2003784179688,669.6110229492188
143,4.766651215559157,646.9721069335938,211.87689208984375,658.6973876953125,205.42945861816406,637.0753173828125,204.00656127929688,672.3729248046875,212.218505859375,621.572509765625,210.02720642089844,679.7898559570312,248.53477478027344,609.6652221679688,260.0357666015625,689.2753295898438,183.2261962890625,606.5662231445312,227.12718200683594,667.6547241210938,107.69182586669922,629.978271484375,162.77432250976562,668.4879150390625,425.342529296875,621.000732421875,428.6765441894531,668.1102905273438,544.3955688476562,618.2017822265625,545.4481811523438,660.18603515625,667.3408203125,625.9207153320312,669.7007446289062
144,4.799984440842787,647.345947265625,211.9607391357422,658.9517211914062,205.46710205078125,637.35498046875,204.12826538085938,672.531982421875,212.26560974121094,621.7047119140625,210.08175659179688,680.18115234375,249.34326171875,609.5238037109375,258.75042724609375,689.7870483398438,185.19288635253906,604.466796875,220.54490661621094,667.5276489257812,109.07941436767578,627.353271484375,152.4374542236328,668.7389526367188,425.3271484375,621.007568359375,428.1286926269531,668.2255859375,544.2584838867188,618.5587768554688,545.4895629882812,660.0607299804688,666.5322875976562,625.8992919921875,669.5679931640625
145,4.833317666126418,647.1163940429688,212.01544189453125,658.6926879882812,205.54151916503906,637.1708374023438,204.2799835205078,672.333984375,212.24290466308594,621.8684692382812,210.2349395751953,680.2286987304688,249.04891967773438,609.9699096679688,258.7539367675781,689.4342651367188,184.5086212158203,605.22998046875,220.2857208251953,667.4816284179688,109.68534088134766,627.7103881835938,152.58151245117188,668.7997436523438,425.4476318359375,621.305419921875,428.2725830078125,668.0556030273438,544.6165161132812,618.6182861328125,545.5130004882812,659.763427734375,666.58984375,625.9335327148438,669.120849609375
146,4.866650891410049,647.245849609375,211.8616485595703,658.9046630859375,205.43443298339844,637.3157348632812,204.0718994140625,672.5588989257812,212.3422393798828,621.9207153320312,210.21640014648438,680.5348510742188,249.19586181640625,609.3516235351562,260.0887451171875,689.676025390625,185.98106384277344,604.3820190429688,228.02919006347656,667.5663452148438,111.37376403808594,627.619384765625,164.40225219726562,668.7972412109375,425.27032470703125,620.8524169921875,428.3673095703125,668.3350830078125,544.9276123046875,618.5957641601562,545.5701904296875,659.3359375,667.1522827148438,626.1758422851562,669.2824096679688
147,4.899984116693679,645.705810546875,211.08599853515625,657.5084838867188,204.637939453125,635.963623046875,203.28128051757812,672.04931640625,211.59632873535156,622.0325927734375,209.85145568847656,680.61572265625,248.93545532226562,609.7902221679688,261.8354187011719,690.0908813476562,190.41055297851562,602.9730834960938,245.88548278808594,668.4420776367188,112.45808410644531,624.71142578125,195.00318908691406,667.4461059570312,424.2729187011719,619.9303588867188,427.50634765625,667.997314453125,545.0836791992188,619.06201171875,545.0106811523438,659.1170654296875,667.59228515625,625.228759765625,669.3572998046875
148,4.933317341977309,645.819580078125,211.3116455078125,657.7232666015625,204.68310546875,636.0834350585938,203.34051513671875,672.302001953125,211.36773681640625,621.890625,209.74073791503906,680.512939453125,248.4145965576172,608.6884765625,263.4037170410156,689.91455078125,189.90855407714844,600.0047607421875,254.7025909423828,667.8294067382812,112.33881378173828,621.94580078125,210.49124145507812,667.4382934570312,423.66192626953125,619.5094604492188,427.68328857421875,668.0110473632812,544.3551025390625,618.9453125,545.23876953125,659.3468017578125,666.8527221679688,625.759765625,669.725830078125
149,4.96665056726094,645.8973388671875,211.25198364257812,657.7000122070312,204.67555236816406,636.1166381835938,203.43409729003906,672.1832885742188,211.37985229492188,622.01318359375,209.90550231933594,680.8790893554688,248.33627319335938,609.3375854492188,262.4204406738281,690.283935546875,190.58982849121094,602.0006713867188,250.2478790283203,667.7642211914062,114.09165954589844,624.2340698242188,202.83726501464844,667.6017456054688,424.03338623046875,619.6705932617188,427.71405029296875,668.4415893554688,544.7352905273438,619.0795288085938,545.2255859375,659.4537353515625,667.69140625,625.5494384765625,670.1652221679688
150,4.99998379254457,646.0138549804688,211.27264404296875,657.8577880859375,204.68319702148438,636.2265014648438,203.3783416748047,672.3773193359375,211.3637237548828,621.988525390625,209.7696533203125,680.6829833984375,248.2968292236328,609.4260864257812,262.3361511230469,690.0806884765625,189.7999725341797,601.6375122070312,249.8577423095703,667.8792724609375,112.41694641113281,623.1456909179688,202.65252685546875,667.7000732421875,423.69830322265625,619.9830932617188,427.384765625,668.1648559570312,544.5142822265625,619.149658203125,545.1624755859375,659.525390625,667.3502197265625,625.630126953125,670.0066528320312
151,5.0333170178282005,645.9862060546875,211.93386840820312,657.8040771484375,205.22665405273438,636.2120971679688,204.02200317382812,672.5447387695312,211.5800018310547,622.3369750976562,210.30982971191406,680.9298095703125,248.21517944335938,609.8240966796875,262.7577819824219,689.5807495117188,190.2105712890625,600.8159790039062,251.45999145507812,667.863525390625,111.71631622314453,621.072509765625,202.6464080810547,667.6080322265625,423.310302734375,619.9943237304688,427.1123046875,668.0540161132812,544.0713500976562,619.1513061523438,544.4718017578125,659.5462036132812,666.72119140625,625.3687744140625,668.5912475585938
152,5.066650243111831,645.8970947265625,211.90065002441406,657.74658203125,205.22613525390625,636.1460571289062,204.09344482421875,672.5823364257812,211.64239501953125,622.4468994140625,210.55406188964844,681.1968383789062,248.10594177246094,609.8208618164062,263.6806945800781,690.1898193359375,191.46617126464844,600.991943359375,257.8968811035156,668.212158203125,114.5588607788086,621.831298828125,215.757080078125,667.4948120117188,423.0750732421875,619.7731323242188,427.13751220703125,668.27294921875,543.7662353515625,619.4229736328125,544.3984985351562,659.2301025390625,667.0377197265625,625.5343017578125,669.7034912109375
153,5.099983468395462,646.0531005859375,212.04388427734375,657.8941650390625,205.27352905273438,636.2346801757812,204.11813354492188,672.658203125,211.5541534423828,622.1390380859375,210.46908569335938,680.8758544921875,247.8542022705078,609.5140991210938,264.2747802734375,690.0977783203125,191.34085083007812,600.9789428710938,262.8231506347656,668.5770263671875,113.78038787841797,622.2350463867188,225.52777099609375,667.6397705078125,422.4099426269531,619.9432373046875,426.69940185546875,667.92626953125,543.0305786132812,619.1896362304688,543.71728515625,659.4020385742188,667.060302734375,625.4342041015625,669.701171875
154,5.133316693679092,645.869873046875,212.0644989013672,657.8297119140625,205.4082794189453,636.1102905273438,204.083984375,672.6986083984375,211.87353515625,622.01025390625,210.5061492919922,680.5859375,247.8247833251953,609.4483032226562,264.9276123046875,689.7154541015625,190.29872131347656,601.2953491210938,265.75006103515625,668.424560546875,111.83039855957031,622.176513671875,230.44866943359375,667.5347290039062,422.33685302734375,619.9529418945312,426.7411804199219,667.7362670898438,543.2131958007812,618.8953857421875,543.6658325195312,659.06787109375,667.0167236328125,625.13623046875,669.2384643554688
155,5.166649918962722,645.8025512695312,212.08413696289062,657.7615356445312,205.39112854003906,636.0336303710938,204.06240844726562,672.6592407226562,211.832763671875,621.9456787109375,210.45936584472656,680.6078491210938,247.9898681640625,609.327880859375,264.8964538574219,690.1611938476562,190.6044158935547,601.0882568359375,265.345947265625,668.5330810546875,111.89859771728516,622.6862182617188,229.81869506835938,667.3036499023438,422.478759765625,619.6640014648438,426.8853759765625,668.0467529296875,543.5719604492188,619.2809448242188,544.429931640625,658.9234619140625,667.5897216796875,624.902587890625,670.4994506835938
156,5.199983144246353,645.5291748046875,211.9198455810547,657.5457763671875,205.2659912109375,635.8511352539062,203.8843994140625,672.5318603515625,211.75503540039062,621.931396484375,210.31869506835938,680.6598510742188,247.791015625,609.17529296875,265.4659423828125,690.3524780273438,190.57150268554688,601.17431640625,268.97491455078125,668.7221069335938,112.36624145507812,622.4368896484375,236.4556121826172,667.3352661132812,422.2744445800781,619.6468505859375,426.7942810058594,667.667724609375,543.5872192382812,618.8823852539062,544.0173950195312,658.9214477539062,667.4889526367188,625.2381591796875,669.6797485351562
157,5.233316369529984,645.5706787109375,211.80105590820312,657.6043701171875,205.1763153076172,635.9010009765625,203.76657104492188,672.6151733398438,211.7233428955078,622.0724487304688,210.22105407714844,680.7863159179688,247.80856323242188,609.1665649414062,265.0951232910156,690.2281494140625,189.88150024414062,600.6728515625,266.24176025390625,668.6112060546875,111.32461547851562,621.7027587890625,230.70999145507812,667.2258911132812,422.4642028808594,619.4801635742188,426.8800964355469,667.9114990234375,543.62841796875,619.1199951171875,543.9068603515625,658.6856079101562,667.4352416992188,625.3723754882812,669.3679809570312
158,5.266649594813614,645.6919555664062,211.86599731445312,657.7783813476562,205.17922973632812,635.9822998046875,203.728271484375,672.8148803710938,211.73052978515625,621.8748168945312,210.2581787109375,680.7040405273438,247.72750854492188,608.62451171875,266.86376953125,690.1980590820312,191.0144500732422,599.8152465820312,276.99066162109375,668.47119140625,112.12831115722656,620.1044311523438,250.4246826171875,667.3242797851562,422.0806884765625,619.4002685546875,426.97552490234375,667.6240844726562,543.7469482421875,618.8673095703125,544.065673828125,658.3524780273438,667.6996459960938,625.2433471679688,669.73876953125
159,5.299982820097244,645.7083129882812,211.85267639160156,657.79296875,205.15086364746094,636.016357421875,203.74343872070312,672.8333129882812,211.65419006347656,621.9614868164062,210.22998046875,680.6744995117188,247.66859436035156,608.9376220703125,266.4167175292969,690.460205078125,190.87353515625,600.4721069335938,274.9751281738281,668.5404663085938,112.52079010009766,621.1314697265625,248.20596313476562,667.107177734375,422.0151672363281,619.368408203125,426.8321838378906,667.4182739257812,543.263671875,618.8425903320312,543.91943359375,658.6494140625,667.6134033203125,625.265380859375,670.2378540039062
160,5.333316045380875,645.7039794921875,211.6860809326172,657.6942749023438,205.012451171875,635.9727783203125,203.65306091308594,672.7011108398438,211.56161499023438,622.0870971679688,210.17384338378906,680.760009765625,248.0477752685547,609.4951782226562,265.0712585449219,690.426025390625,192.03057861328125,601.3751831054688,268.3111267089844,668.784912109375,113.66106414794922,622.417724609375,235.7510528564453,666.7955932617188,422.53424072265625,619.2696533203125,426.7993469238281,667.4158935546875,543.50390625,619.1416015625,543.7716674804688,658.44091796875,667.7136840820312,624.9744262695312,669.8455810546875
161,5.366649270664506,645.4466552734375,211.49693298339844,657.50439453125,204.9290313720703,635.7393798828125,203.49627685546875,672.6506958007812,211.675048828125,622.0255737304688,210.12843322753906,680.7981567382812,248.23277282714844,609.8082885742188,264.4851989746094,690.4833374023438,191.58963012695312,601.8684692382812,264.51043701171875,668.8323974609375,113.36970520019531,622.3630981445312,229.58096313476562,666.6395263671875,422.877685546875,619.2921142578125,426.8320617675781,667.1708374023438,544.1893920898438,619.1422119140625,544.1006469726562,658.3178100585938,668.2678833007812,625.0408325195312,669.84326171875
162,5.3999824959481355,645.462890625,211.28475952148438,657.4832763671875,204.7124481201172,635.7792358398438,203.31744384765625,672.528076171875,211.5349884033203,622.043212890625,210.00437927246094,680.7501831054688,248.4287872314453,609.6006469726562,264.35406494140625,690.930908203125,192.62351989746094,601.0855712890625,264.0533142089844,669.0945434570312,114.40131378173828,622.000732421875,228.7293701171875,666.6649169921875,422.5286560058594,619.2705688476562,426.528076171875,667.3126831054688,543.3121337890625,619.2235717773438,543.9743041992188,658.5218505859375,667.390625,625.0009765625,670.3009643554688
163,5.433315721231766,645.5687255859375,211.48048400878906,657.6153564453125,204.83383178710938,635.8869018554688,203.42410278320312,672.6687622070312,211.4956512451172,622.0108642578125,209.96798706054688,680.6663208007812,248.28741455078125,609.1743774414062,265.2254333496094,690.9375610351562,193.21408081054688,599.911376953125,270.4907531738281,669.4933471679688,115.53633880615234,620.4183349609375,241.87289428710938,666.6279907226562,422.23760986328125,619.1432495117188,426.5108642578125,667.1325073242188,543.2952880859375,619.1856689453125,543.9682006835938,658.3090209960938,667.4705810546875,625.0789184570312,670.5511474609375
164,5.466648946515397,645.5737915039062,211.50836181640625,657.5635986328125,204.8346710205078,635.876953125,203.5496368408203,672.579345703125,211.37545776367188,622.0066528320312,210.16680908203125,680.7901000976562,247.7069854736328,608.9512329101562,265.8977966308594,691.190185546875,192.90341186523438,600.22314453125,274.1815185546875,669.65283203125,115.62445068359375,621.0458374023438,246.74998474121094,666.7675170898438,421.26318359375,619.1127319335938,425.968017578125,667.2752075195312,543.0606079101562,619.6648559570312,543.9444580078125,658.052001953125,667.5643310546875,626.0995483398438,670.8563842773438
165,5.499982171799028,645.505859375,211.5980987548828,657.5421142578125,204.92269897460938,635.77978515625,203.5846405029297,672.6622314453125,211.49322509765625,621.9561767578125,210.13388061523438,680.9140014648438,248.1484832763672,609.314208984375,264.8872375488281,691.0952758789062,192.64999389648438,600.3737182617188,268.09893798828125,669.4534301757812,115.21116638183594,621.043212890625,237.43280029296875,666.700927734375,422.2994079589844,619.1769409179688,426.4790954589844,667.042724609375,543.280517578125,619.479248046875,543.6026000976562,658.6423950195312,667.9778442382812,626.1248168945312,670.272216796875
166,5.533315397082657,645.5126953125,211.63101196289062,657.5537109375,204.93780517578125,635.7827758789062,203.61082458496094,672.6573486328125,211.4908447265625,621.8843383789062,210.128662109375,680.8074340820312,248.3050079345703,609.2206420898438,265.2735595703125,691.3560180664062,193.8389892578125,600.3211059570312,271.2587890625,669.9805908203125,117.3044204711914,621.02490234375,245.01541137695312,666.6395263671875,422.4242248535156,619.1576538085938,426.6800537109375,666.88720703125,543.0172729492188,619.3917236328125,543.6055908203125,658.476806640625,667.4456176757812,625.90673828125,670.4623413085938
167,5.566648622366288,645.695068359375,211.68260192871094,657.7732543945312,204.95298767089844,635.9441528320312,203.60423278808594,672.8807373046875,211.45895385742188,621.8427734375,210.1403045654297,680.8419189453125,247.9334259033203,608.7721557617188,266.4761657714844,691.53369140625,193.78173828125,599.6177368164062,278.760986328125,670.47509765625,117.3565673828125,619.7345581054688,259.0481262207031,666.6605834960938,421.8359680175781,618.949462890625,426.5321960449219,666.841552734375,542.9014282226562,619.1521606445312,543.498046875,658.2183227539062,667.3975219726562,625.7679443359375,670.3870849609375
168,5.599981847649919,645.6228637695312,211.6404571533203,657.7531127929688,204.88990783691406,635.8775024414062,203.51039123535156,672.9381103515625,211.4051513671875,621.8202514648438,210.0156707763672,680.8323364257812,247.99221801757812,608.7672119140625,266.3098449707031,691.3800048828125,193.46847534179688,599.5514526367188,277.7508544921875,670.3170166015625,116.62496185302734,619.7744140625,257.30438232421875,666.6558227539062,422.239501953125,618.9112548828125,426.8638000488281,667.0259399414062,543.2291259765625,619.0889892578125,543.71533203125,658.8070678710938,668.085205078125,625.8389282226562,670.883056640625
169,5.6333150729335495,645.4990844726562,211.65362548828125,657.6303100585938,204.9031524658203,635.774658203125,203.54107666015625,672.8164672851562,211.36192321777344,621.7890014648438,209.9709014892578,680.7857666015625,247.81289672851562,609.0814208984375,265.4731750488281,691.2971801757812,192.39385986328125,600.3392333984375,272.39495849609375,670.0592041015625,115.5157241821289,620.5899658203125,246.5793914794922,666.7402954101562,422.40704345703125,619.0933837890625,426.8631896972656,667.0245361328125,543.3368530273438,618.7167358398438,543.8778686523438,659.3705444335938,668.2196044921875,625.5923461914062,670.8530883789062
170,5.666648298217179,646.1209716796875,211.7232208251953,658.2094116210938,204.9429931640625,636.27197265625,203.57655334472656,673.1836547851562,211.4834442138672,621.805908203125,209.98126220703125,680.8692016601562,248.34291076660156,608.7737426757812,265.0876770019531,691.3602294921875,192.85792541503906,599.5805053710938,269.4899597167969,670.3956909179688,115.00867462158203,620.0098266601562,240.91795349121094,666.931884765625,422.4755859375,619.0435791015625,426.733154296875,667.125732421875,543.1063232421875,618.7083129882812,543.7041015625,659.2777709960938,667.4169311523438,625.6122436523438,670.3162231445312
171,5.69998152350081,647.2225952148438,211.55523681640625,659.12890625,204.83984375,637.1688232421875,203.44935607910156,673.0887451171875,211.4434051513672,621.0791015625,209.76223754882812,680.461669921875,247.5100860595703,607.2118530273438,265.14129638671875,691.0637817382812,188.1551055908203,600.3689575195312,264.11956787109375,670.1669311523438,114.89541625976562,622.2105102539062,230.0829315185547,668.0548706054688,423.1111145019531,619.3892211914062,427.9396057128906,667.5536499023438,543.3995361328125,618.1597900390625,544.41357421875,658.4481811523438,667.7116088867188,626.4406127929688,670.2887573242188
172,5.733314748784441,647.3265380859375,211.61671447753906,659.2528076171875,204.95071411132812,637.2980346679688,203.5322723388672,673.2702026367188,211.60675048828125,621.3850708007812,209.82125854492188,680.4507446289062,247.8407745361328,608.0519409179688,264.3087158203125,690.59912109375,187.28302001953125,601.7607421875,257.3096618652344,669.7586669921875,113.42739868164062,623.2035522460938,217.37911987304688,668.0700073242188,423.8036804199219,619.83544921875,428.3074645996094,667.3739013671875,543.86279296875,618.3919067382812,544.7882080078125,658.667236328125,667.7890014648438,626.67236328125,670.1287231445312
173,5.766647974068071,647.4076538085938,211.6958770751953,659.3594360351562,204.9419708251953,637.358154296875,203.54269409179688,673.3302612304688,211.4705352783203,621.1849365234375,209.9051055908203,680.3919677734375,247.14637756347656,607.0977172851562,266.65838623046875,690.647216796875,187.03939819335938,600.0712280273438,270.4967041015625,669.9226684570312,114.1534423828125,620.9342651367188,240.4857940673828,668.1729125976562,422.9908142089844,619.5745849609375,428.4139099121094,667.6364135742188,543.6361694335938,618.4161987304688,544.9308471679688,658.2019653320312,668.0504150390625,626.7572021484375,670.787109375
174,5.799981199351701,647.5274047851562,211.77346801757812,659.524658203125,204.91038513183594,637.4818115234375,203.49853515625,673.4757690429688,211.2834930419922,621.0323486328125,209.89505004882812,680.2120971679688,246.3579864501953,606.0625,269.4738464355469,690.5359497070312,186.7056121826172,598.0601196289062,286.66552734375,669.8214111328125,114.17626953125,617.916748046875,270.8973388671875,668.3518676757812,421.86163330078125,619.4375,428.4219970703125,667.7303466796875,543.0838623046875,618.3607177734375,544.975830078125,657.8328247070312,667.8201293945312,626.7944946289062,671.3115844726562
175,5.833314424635332,647.422607421875,211.65823364257812,659.3528442382812,204.80557250976562,637.29345703125,203.46888732910156,673.3076171875,211.2096710205078,620.8670043945312,210.06634521484375,680.0597534179688,246.2395782470703,606.3878173828125,269.72991943359375,690.0320434570312,186.26785278320312,599.1061401367188,287.6684265136719,669.8600463867188,114.30252075195312,618.2230834960938,274.04217529296875,668.161376953125,422.099365234375,619.5205078125,428.65838623046875,667.468505859375,543.3419799804688,618.4564819335938,544.6968383789062,657.82666015625,668.26708984375,626.790283203125,670.8598022460938
176,5.866647649918963,647.4172973632812,211.65504455566406,659.356201171875,204.91493225097656,637.3736572265625,203.4522247314453,673.2147827148438,211.4521484375,620.9542236328125,210.00033569335938,679.8801879882812,246.33958435058594,606.528076171875,269.2091369628906,689.7499389648438,185.4486083984375,599.8204345703125,283.7485656738281,669.7095336914062,112.72730255126953,619.3990478515625,264.1815185546875,668.4168701171875,422.02374267578125,619.8855590820312,428.3997497558594,667.689208984375,543.2260131835938,618.4806518554688,544.3910522460938,657.8735961914062,667.92529296875,626.8817138671875,670.056396484375
177,5.899980875202593,647.6007690429688,211.69017028808594,659.3984985351562,204.84678649902344,637.5122680664062,203.4957733154297,673.0819091796875,211.13265991210938,621.0010986328125,209.8434295654297,680.0853881835938,246.21713256835938,606.4791870117188,268.07440185546875,690.0970458984375,185.52525329589844,599.760009765625,279.0351867675781,670.1123657226562,113.416748046875,620.5004272460938,256.3753662109375,668.372802734375,422.5265808105469,619.6461181640625,428.5885925292969,667.6993408203125,543.4154663085938,618.2940673828125,544.2210693359375,658.4046020507812,668.8638305664062,626.8876953125,670.2962646484375
178,5.933314100486223,647.4679565429688,211.72377014160156,659.2557983398438,204.87725830078125,637.3607177734375,203.6099853515625,673.048828125,211.0928955078125,621.0198364257812,210.01385498046875,680.1552124023438,245.82911682128906,606.5015258789062,268.2305603027344,689.9415893554688,185.4638214111328,600.42431640625,280.9064025878906,670.2041015625,113.01445770263672,622.4439086914062,258.61724853515625,668.3373413085938,421.9524841308594,619.4763793945312,428.2041320800781,667.90625,543.1759643554688,618.4235229492188,543.9942626953125,658.2765502929688,668.5574340820312,626.9754028320312,669.9368896484375
179,5.966647325769854,647.4603271484375,211.49276733398438,659.2797241210938,204.71096801757812,637.3477783203125,203.41961669921875,673.104736328125,211.07704162597656,621.030029296875,209.92149353027344,679.899169921875,245.7600555419922,606.9087524414062,267.5555419921875,689.371337890625,184.44081115722656,600.8779296875,276.91131591796875,669.9081420898438,111.5202407836914,622.6346435546875,251.3061981201172,668.2815551757812,421.6776123046875,619.7259521484375,427.79998779296875,667.7824096679688,543.0363159179688,618.296875,544.1143798828125,658.4618530273438,668.2910766601562,626.4953002929688,670.00439453125
180,5.9999805510534845,647.4016723632812,211.38487243652344,659.1965942382812,204.63970947265625,637.33642578125,203.36526489257812,672.9154663085938,211.0137176513672,620.9830322265625,209.91111755371094,679.9808349609375,245.25302124023438,606.2214965820312,268.05731201171875,689.5763549804688,183.87574768066406,599.9888305664062,279.91961669921875,669.4678344726562,111.34373474121094,622.6793823242188,255.63168334960938,668.4956665039062,421.3516845703125,619.476806640625,427.8744812011719,668.1768188476562,542.8633422851562,618.2482299804688,544.3153076171875,658.2507934570312,668.20458984375,626.780029296875,670.2852172851562
181,6.033313776337115,647.2821655273438,211.3402557373047,659.0319213867188,204.68624877929688,637.2281494140625,203.43173217773438,672.7151489257812,211.17527770996094,621.0194091796875,210.0911407470703,679.931396484375,245.39051818847656,606.771484375,267.6143493652344,689.5573120117188,183.6383819580078,602.4954223632812,276.1934509277344,669.1764526367188,111.10363006591797,626.1676025390625,247.6265411376953,668.3667602539062,421.7039489746094,619.5448608398438,428.02056884765625,668.3718872070312,543.02685546875,618.5261840820312,544.3018798828125,658.188720703125,668.15673828125,626.90771484375,670.0383911132812
182,6.066647001620745,647.0850219726562,211.3286590576172,658.9628295898438,204.6835174560547,637.0550537109375,203.34002685546875,672.790771484375,211.30905151367188,620.8137817382812,210.06846618652344,679.9210815429688,245.65908813476562,606.137451171875,268.75341796875,689.8764038085938,184.74452209472656,601.1852416992188,282.75445556640625,669.12548828125,111.91219329833984,624.4426879882812,260.57293701171875,668.2984619140625,421.6046142578125,619.222900390625,428.1737976074219,668.4226684570312,543.1435546875,618.4942626953125,544.6531372070312,658.0554809570312,667.9140625,627.0806884765625,670.466796875
183,6.099980226904376,646.9391479492188,211.19815063476562,658.9014282226562,204.66741943359375,636.9739379882812,203.17327880859375,672.6991577148438,211.50662231445312,620.6951293945312,209.9866943359375,679.3507080078125,245.59353637695312,606.176025390625,269.2351379394531,688.8529663085938,182.36318969726562,602.2120971679688,282.5971984863281,668.7765502929688,108.94754791259766,625.0219116210938,259.27496337890625,668.3215942382812,421.52557373046875,619.59521484375,428.2458801269531,668.274169921875,542.860107421875,618.3693237304688,544.1340942382812,658.081298828125,667.7616577148438,627.3555297851562,669.7911987304688
184,6.133313452188006,646.5342407226562,211.1637725830078,658.4331665039062,204.73635864257812,636.6257934570312,203.209228515625,672.0939331054688,211.81124877929688,620.37451171875,210.07308959960938,679.1028442382812,246.43438720703125,605.9666748046875,268.54254150390625,689.5444946289062,184.72406005859375,602.7188720703125,279.4570617675781,668.2147827148438,110.85508728027344,626.5631103515625,254.23651123046875,668.0624389648438,422.12359619140625,619.2406616210938,428.38616943359375,668.5922241210938,543.0401611328125,618.3312377929688,544.5513916015625,658.504150390625,667.5460815429688,627.092041015625,670.5494384765625
185,6.166646677471637,646.691162109375,211.1536407470703,658.5364990234375,204.65977478027344,636.755615234375,203.1915740966797,672.1739501953125,211.49539184570312,620.5673828125,209.9389190673828,679.3672485351562,245.67803955078125,605.962158203125,268.3788146972656,689.2425537109375,183.33103942871094,603.39453125,279.41650390625,668.4466552734375,109.8404312133789,628.5321044921875,252.42640686035156,668.123046875,422.03802490234375,619.0537719726562,428.4449462890625,668.8418579101562,543.5808715820312,618.3139038085938,544.4939575195312,658.1361083984375,668.2451171875,627.0267944335938,669.8629760742188
186,6.199979902755267,646.463134765625,211.3118438720703,658.30029296875,204.63438415527344,636.5494995117188,203.26541137695312,671.9066772460938,211.22752380371094,620.3633422851562,209.9414520263672,679.5125732421875,245.2584991455078,604.2474365234375,270.3131408691406,689.5362548828125,185.16407775878906,599.8286743164062,290.488525390625,668.6751708984375,112.44026947021484,625.7889404296875,269.4344787597656,668.2642211914062,421.0326232910156,618.3015747070312,428.37884521484375,669.4855346679688,543.1898803710938,618.3677368164062,544.8213500976562,657.5782470703125,668.0842895507812,627.3984375,670.5260620117188
187,6.233313128038898,644.7113647460938,210.4770050048828,656.7503662109375,203.78428649902344,634.9205322265625,202.38206481933594,671.5112915039062,210.54586791992188,620.4402465820312,209.21795654296875,679.6719970703125,246.35513305664062,605.8987426757812,268.3040771484375,689.9471435546875,188.32296752929688,600.9121704101562,285.80291748046875,669.0687866210938,110.91203308105469,627.4437255859375,265.7474365234375,666.8014526367188,421.3987731933594,617.7835693359375,427.4308776855469,668.927490234375,543.74072265625,619.4191284179688,544.4271240234375,658.0341796875,668.1983032226562,626.8134155273438,670.6373901367188
188,6.266646353322528,644.5350952148438,210.53431701660156,656.611083984375,203.9179229736328,634.68994140625,202.4958953857422,671.5134887695312,210.96853637695312,620.2932739257812,209.53692626953125,679.54931640625,247.43185424804688,606.3096313476562,267.8026428222656,689.8766479492188,190.22079467773438,601.4180908203125,282.2860107421875,669.1376342773438,112.25707244873047,627.2603149414062,260.5205383300781,666.2808837890625,421.9742431640625,617.5703125,427.4348449707031,668.5301513671875,543.8978271484375,619.4697265625,544.2928466796875,658.093017578125,668.4426879882812,626.6762084960938,670.95947265625
189,6.299979578606158,644.3074340820312,210.32266235351562,656.4034423828125,203.8356170654297,634.5199584960938,202.345947265625,671.3526000976562,211.0669403076172,620.2456665039062,209.38841247558594,679.1973876953125,247.76300048828125,606.5556640625,267.1658630371094,690.0840454101562,191.08839416503906,602.2689819335938,281.4093933105469,669.6961669921875,113.0193099975586,628.865478515625,262.82855224609375,665.99365234375,422.0231018066406,617.5718383789062,427.18658447265625,668.519287109375,543.568603515625,619.7202758789062,544.2035522460938,658.058349609375,668.0850830078125,626.3651733398438,671.7764892578125
190,6.333312803889789,644.2579345703125,210.26446533203125,656.3886108398438,203.84716796875,634.48779296875,202.351318359375,671.3568725585938,211.39013671875,620.3157348632812,209.53973388671875,679.4761352539062,248.70181274414062,606.2977294921875,267.30108642578125,690.297607421875,195.51768493652344,602.6202392578125,283.5349426269531,670.07373046875,116.97112274169922,630.5037231445312,264.2345275878906,666.3712158203125,421.8925476074219,617.5318603515625,426.8128356933594,668.7695922851562,543.625732421875,619.5006103515625,543.9568481445312,658.0699462890625,667.5509643554688,626.7009887695312,671.4152221679688
191,6.3666460291734195,643.7222900390625,210.37879943847656,655.8050537109375,204.1631622314453,634.1316528320312,202.5471954345703,670.5267333984375,211.89341735839844,619.9860229492188,209.87533569335938,678.4566040039062,248.35752868652344,605.8800659179688,268.11700439453125,689.64697265625,190.71112060546875,601.9005126953125,283.39337158203125,669.5003662109375,110.911865234375,628.3031616210938,264.88348388671875,666.1998901367188,422.1971130371094,617.7910766601562,427.4895935058594,668.3833618164062,543.3028564453125,619.08154296875,543.8469848632812,658.6270141601562,667.1300048828125,626.9854125976562,670.8811645507812
192,6.39997925445705,643.8984375,210.44967651367188,655.7733154296875,204.1571502685547,634.2114868164062,202.72715759277344,670.18115234375,211.78611755371094,619.8637084960938,210.1172332763672,678.6653442382812,248.3379669189453,605.1172485351562,268.5850830078125,690.3110961914062,193.3706817626953,601.6279907226562,287.4836730957031,670.1386108398438,114.00183868408203,629.8959350585938,270.2351989746094,666.2478637695312,421.591796875,617.2124633789062,427.1238708496094,668.8953857421875,543.2682495117188,619.2653198242188,543.904052734375,658.0654907226562,666.564208984375,626.9989013671875,670.5549926757812
193,6.43331247974068,644.2416381835938,210.55992126464844,655.951904296875,204.209228515625,634.4658813476562,202.79061889648438,670.010986328125,211.97352600097656,619.71484375,210.1383514404297,678.597412109375,249.85243225097656,604.68701171875,268.17864990234375,691.3861694335938,199.57008361816406,600.0200805664062,288.0064392089844,671.86669921875,119.42979431152344,627.4675903320312,271.29632568359375,666.18505859375,421.8974609375,617.0572509765625,426.8565368652344,668.6355590820312,543.48974609375,619.3772583007812,544.1259155273438,657.7657470703125,666.231201171875,626.6285400390625,671.0598754882812
194,6.466645705024311,644.265869140625,210.61708068847656,655.9827880859375,204.29595947265625,634.4968872070312,202.90277099609375,669.9891967773438,211.94195556640625,619.6968383789062,210.1491241455078,678.4898681640625,249.03990173339844,604.74267578125,267.7800598144531,691.0543823242188,197.12289428710938,601.7184448242188,286.4944152832031,671.31689453125,117.27154541015625,631.5178833007812,268.5021667480469,666.130859375,421.7737121582031,616.9012451171875,426.8966979980469,668.8286743164062,543.3889770507812,619.2532348632812,544.078125,657.8339233398438,666.4962158203125,626.7965087890625,671.13916015625
195,6.499978930307941,644.0051879882812,210.5710906982422,655.7474975585938,204.1909942626953,634.2056884765625,202.79847717285156,669.7862548828125,211.91078186035156,619.3741455078125,210.16970825195312,678.597900390625,249.18505859375,604.1103515625,268.3036193847656,691.4183959960938,197.68450927734375,600.3939819335938,288.2366027832031,671.734619140625,117.71491241455078,630.5258178710938,270.0732421875,666.1558837890625,421.859619140625,616.5935668945312,427.1251220703125,668.8857421875,543.1928100585938,618.994384765625,543.8816528320312,657.909423828125,666.9624633789062,626.8410034179688,671.2386474609375
196,6.533312155591572,643.607177734375,210.70054626464844,655.4598388671875,204.236328125,633.8746948242188,202.7212371826172,669.6082153320312,211.61883544921875,618.9642944335938,209.7063751220703,678.1162109375,248.30007934570312,603.4820556640625,268.5342102050781,690.4107055664062,194.73001098632812,598.6336059570312,289.5495910644531,670.0303955078125,114.37032318115234,627.345947265625,272.0981140136719,666.3418579101562,421.7495422363281,616.7659912109375,427.3974304199219,668.8638305664062,543.2034912109375,618.9221801757812,544.1119384765625,657.8674926757812,666.6155395507812,627.0894165039062,670.7221069335938
197,6.566645380875202,643.0342407226562,210.83584594726562,654.7521362304688,204.31846618652344,633.337158203125,203.10250854492188,668.9282836914062,211.4552459716797,618.9375610351562,210.179931640625,678.363037109375,247.5575408935547,603.5118408203125,268.52227783203125,691.135498046875,195.0406951904297,599.5645141601562,289.9903259277344,670.8851928710938,117.09183502197266,631.04296875,271.8554382324219,666.1710205078125,420.8692626953125,616.3665161132812,426.8741760253906,669.1030883789062,542.56005859375,618.6769409179688,544.0819091796875,657.7246704101562,666.2553100585938,626.5691528320312,670.9921264648438
198,6.599978606158833,642.9501342773438,210.78916931152344,654.538330078125,204.3663330078125,633.2968139648438,203.21290588378906,668.577392578125,211.5411376953125,619.1207885742188,210.36878967285156,678.1590576171875,247.4266357421875,603.897705078125,268.2354431152344,690.7674560546875,194.11940002441406,602.160888671875,288.380615234375,671.0681762695312,115.55752563476562,636.262451171875,268.5101318359375,666.0597534179688,421.2303466796875,616.3968505859375,427.1469421386719,669.0055541992188,543.0963134765625,618.6708374023438,544.1760864257812,657.6328125,666.1506958007812,626.5623168945312,670.2091064453125
199,6.633311831442463,642.3214111328125,210.9033203125,654.1945190429688,204.56256103515625,632.7587280273438,203.17864990234375,668.6732177734375,211.89862060546875,618.7820434570312,210.25172424316406,677.89697265625,247.82044982910156,603.9791870117188,267.8406066894531,690.302734375,192.6091766357422,601.133544921875,284.71728515625,670.1878051757812,113.7011489868164,633.199951171875,263.80902099609375,665.7426147460938,421.2998352050781,616.4092407226562,426.8656311035156,668.60595703125,542.9405517578125,618.4127807617188,543.8011474609375,658.0100708007812,666.484619140625,626.7369384765625,670.3594360351562
200,6.666645056726094,642.0927734375,210.96170043945312,654.065185546875,204.52865600585938,632.630615234375,203.11886596679688,668.6567993164062,211.6190948486328,618.7598876953125,209.97976684570312,677.7740478515625,247.018798828125,603.3486938476562,268.4783935546875,690.1431884765625,191.6634979248047,599.1300048828125,288.9581604003906,670.4512329101562,112.63482666015625,630.2843627929688,269.4595642089844,665.664794921875,420.4808654785156,616.1309204101562,426.6007995605469,668.5390014648438,542.6231079101562,617.9766845703125,543.927734375,658.00732421875,666.1103515625,626.7459716796875,670.1975708007812
201,6.699978282009724,641.9776000976562,210.76502990722656,653.9119873046875,204.33692932128906,632.5385131835938,202.96829223632812,668.471435546875,211.4000244140625,618.8446044921875,209.82545471191406,677.6712036132812,246.7584686279297,603.271240234375,268.4540710449219,689.6923828125,191.3002471923828,599.6837158203125,289.6158142089844,671.1988525390625,112.61375427246094,631.998779296875,270.4346923828125,665.6914672851562,420.6864013671875,616.1315307617188,426.8841552734375,668.54736328125,542.6190795898438,617.9525146484375,543.5219116210938,657.8582153320312,666.373779296875,626.9515380859375,669.8348388671875
202,6.7333115072933545,641.5164794921875,210.80740356445312,653.6776123046875,204.35174560546875,632.1871337890625,202.75196838378906,668.461669921875,211.27186584472656,618.4921875,209.25657653808594,677.0675659179688,246.40345764160156,602.9786376953125,268.75177001953125,688.9956665039062,188.16127014160156,599.6492309570312,289.6214904785156,670.7064819335938,109.29360961914062,631.0940551757812,271.00958251953125,665.5169677734375,421.23028564453125,616.1775512695312,427.6275329589844,668.4937133789062,542.9619140625,617.688232421875,543.9590454101562,657.89404296875,666.7306518554688,626.837890625,670.1989135742188
203,6.766644732576985,641.2430419921875,210.80712890625,653.4842529296875,204.42596435546875,631.9603881835938,202.73455810546875,668.3630981445312,211.4528045654297,618.3793334960938,209.22975158691406,676.8716430664062,246.55215454101562,603.3248901367188,268.1818542480469,688.7332153320312,186.66358947753906,601.112548828125,285.0972595214844,670.2392578125,107.41574096679688,632.7805786132812,262.84796142578125,665.20947265625,421.7641906738281,616.0950927734375,427.8349609375,668.3488159179688,542.9409790039062,617.3457641601562,543.5032958984375,658.254150390625,666.953125,626.7136840820312,669.7832641601562
204,6.799977957860616,641.0944213867188,210.65679931640625,653.4676513671875,204.343994140625,631.7942504882812,202.4180908203125,668.37890625,211.77171325683594,617.9273681640625,209.03482055664062,676.560791015625,247.78289794921875,603.1117553710938,268.2308349609375,688.44873046875,188.78822326660156,600.1273193359375,283.9893493652344,669.0870361328125,108.47312927246094,628.783203125,260.70623779296875,665.0012817382812,422.4436950683594,616.0051879882812,427.9888000488281,668.0406494140625,543.49658203125,616.71484375,543.5552978515625,658.8515625,667.096435546875,626.2058715820312,669.4802856445312
205,6.833311183144246,640.7222900390625,210.21932983398438,653.3203735351562,204.2070770263672,631.2821044921875,202.40711975097656,668.1504516601562,211.8931884765625,616.1445922851562,208.7744903564453,676.38671875,246.26251220703125,604.5604248046875,262.6668395996094,693.5489501953125,199.46487426757812,604.8834838867188,269.3012390136719,676.10888671875,128.8365936279297,631.134521484375,235.79066467285156,667.6183471679688,418.528076171875,617.7198486328125,423.5287170410156,668.4124145507812,541.2455444335938,618.1484375,545.8603515625,654.6760864257812,659.450439453125,624.9824829101562,669.4116821289062
206,6.866644408427876,640.466796875,210.52362060546875,652.9876708984375,204.472900390625,631.0389404296875,202.73683166503906,667.805908203125,211.8822021484375,616.0138549804688,208.86883544921875,676.4463500976562,246.09371948242188,604.5067138671875,262.3717041015625,693.6559448242188,200.02072143554688,605.6080932617188,268.7347717285156,676.1580810546875,130.47840881347656,632.7276000976562,234.7301025390625,667.7488403320312,418.4990539550781,617.7847290039062,423.4179992675781,668.1163940429688,541.2321166992188,618.1764526367188,545.4733276367188,654.0439453125,659.5834350585938,625.3043823242188,668.936767578125
207,6.899977633711507,640.34375,210.51416015625,652.9382934570312,204.4840087890625,630.9664306640625,202.78146362304688,667.9476928710938,212.02146911621094,616.2696533203125,208.95321655273438,676.53271484375,246.60568237304688,604.73828125,261.9901428222656,693.5111083984375,201.0475616455078,605.209228515625,266.4352722167969,676.8275756835938,132.2440185546875,632.7415771484375,232.1853790283203,667.6699829101562,418.8574523925781,617.8036499023438,423.57464599609375,667.9047241210938,540.8446044921875,618.0640258789062,545.1509399414062,654.1383056640625,659.2462158203125,625.3619995117188,668.98681640625
208,6.933310858995138,640.2247924804688,210.49868774414062,652.8592529296875,204.4495849609375,630.8369140625,202.78231811523438,667.9421997070312,212.00514221191406,616.1948852539062,208.99844360351562,676.3477172851562,246.61007690429688,604.9412841796875,262.03533935546875,693.431396484375,201.4225311279297,606.3121337890625,266.8125915527344,676.7203369140625,131.46121215820312,634.5424194335938,231.60142517089844,667.3794555664062,418.6709899902344,617.6922607421875,423.4452819824219,667.4209594726562,540.775146484375,618.0341796875,545.3959350585938,653.8497314453125,659.466552734375,625.6085815429688,669.7693481445312
209,6.966644084278768,639.9814453125,210.19223022460938,652.6085815429688,204.2571258544922,630.649658203125,202.53558349609375,667.7152709960938,211.85482788085938,616.1835327148438,208.8297882080078,676.0990600585938,245.62696838378906,604.8695678710938,261.86761474609375,692.3479614257812,196.65931701660156,606.5526733398438,265.1825866699219,675.7125244140625,125.83441925048828,634.6889038085938,229.83334350585938,667.2205200195312,418.4783630371094,617.5742797851562,423.4035949707031,667.67431640625,541.7302856445312,617.8674926757812,545.71826171875,653.759521484375,660.141357421875,625.1580810546875,669.23193359375
210,6.999977309562398,640.1279296875,210.22238159179688,652.7399291992188,204.2757110595703,630.7763671875,202.5533905029297,667.7001342773438,211.74642944335938,616.1451416015625,208.75262451171875,676.1370849609375,245.04576110839844,604.776123046875,261.741455078125,692.4744262695312,194.97500610351562,607.7346801757812,264.1748352050781,675.73486328125,123.51651763916016,636.2257080078125,226.3484649658203,667.1161499023438,418.57000732421875,617.2735595703125,423.6346130371094,668.0467529296875,541.8255615234375,617.6116333007812,545.6869506835938,654.0580444335938,659.9559936523438,625.1350708007812,668.631591796875
211,7.033310534846029,640.0924072265625,210.37890625,652.7533569335938,204.4283905029297,630.7704467773438,202.6639862060547,667.8528442382812,211.95968627929688,616.2540893554688,208.808349609375,676.224853515625,245.748046875,604.8286743164062,261.5078430175781,692.6524658203125,197.41336059570312,606.599609375,264.2333984375,676.2650146484375,126.42181396484375,634.92919921875,227.59092712402344,667.0634765625,418.5572814941406,617.2055053710938,423.2924499511719,667.9356079101562,541.722412109375,617.2468872070312,545.3324584960938,654.5146484375,660.2034301757812,624.6860961914062,668.713134765625
212,7.06664376012966,640.33837890625,210.5135955810547,652.8973999023438,204.47438049316406,630.9805908203125,202.77345275878906,667.8360595703125,211.88922119140625,616.2744140625,208.74034118652344,676.31689453125,246.5050811767578,604.6430053710938,260.9963073730469,693.2958374023438,201.75942993164062,605.6453857421875,264.0079040527344,676.7803344726562,133.3408203125,634.219482421875,228.8128204345703,666.8796997070312,418.43756103515625,616.9180908203125,422.8226013183594,667.6405029296875,541.259765625,617.117919921875,544.986572265625,654.666748046875,659.6783447265625,624.5114135742188,668.5912475585938
213,7.0999769854132895,640.1448974609375,210.53854370117188,652.6776123046875,204.39898681640625,630.8222045898438,202.73924255371094,667.6725463867188,211.6435546875,616.2584838867188,208.55841064453125,676.6162109375,246.61895751953125,603.994384765625,261.32763671875,693.6728515625,204.5931396484375,604.564453125,268.6866149902344,676.99609375,136.96238708496094,635.6730346679688,235.98733520507812,667.1270751953125,418.02923583984375,616.6248168945312,422.4883728027344,667.9014282226562,541.0404663085938,617.03955078125,544.6279296875,654.4800415039062,659.6808471679688,624.5947875976562,668.4105224609375
214,7.13331021069692,639.8059692382812,210.5255126953125,652.3948974609375,204.400146484375,630.564697265625,202.72872924804688,667.5069580078125,211.65060424804688,616.2552490234375,208.5676727294922,676.4207153320312,246.57777404785156,603.8506469726562,261.7467041015625,693.580322265625,204.15289306640625,603.4756469726562,270.32281494140625,677.089111328125,135.57464599609375,634.162109375,238.28700256347656,666.9115600585938,418.0872497558594,616.5596923828125,422.7673034667969,667.8820190429688,541.0604248046875,617.3197631835938,545.2413940429688,654.2142333984375,659.2125854492188,624.6990356445312,668.9638671875
215,7.166643435980551,641.082275390625,211.43728637695312,653.8373413085938,205.3636474609375,631.3978881835938,203.52322387695312,668.2814331054688,212.93283081054688,615.0258178710938,209.45196533203125,675.7167358398438,246.71994018554688,602.4805908203125,262.6097717285156,692.3013916015625,197.2748260498047,602.8541259765625,263.8369445800781,675.4176025390625,129.13328552246094,628.2443237304688,227.16099548339844,667.12109375,419.1824645996094,616.3516235351562,424.1660461425781,667.8418579101562,541.5529174804688,616.5032348632812,545.759521484375,653.780517578125,659.5365600585938,625.3323974609375,669.1104736328125
216,7.199976661264182,641.0691528320312,211.41610717773438,653.8257446289062,205.395751953125,631.4197998046875,203.51051330566406,668.211669921875,213.02354431152344,615.0396728515625,209.44406127929688,675.53857421875,246.73646545410156,602.5332641601562,262.5921936035156,692.2271728515625,197.13259887695312,603.7578735351562,263.6974182128906,675.192626953125,129.12564086914062,629.3800048828125,227.09542846679688,666.6991577148438,419.4710998535156,615.9949951171875,424.4208984375,667.893798828125,541.924072265625,616.41845703125,546.1033935546875,653.7100219726562,659.7877197265625,625.0233764648438,669.4177856445312
217,7.233309886547811,641.0122680664062,211.5858612060547,653.8048706054688,205.6360321044922,631.390380859375,203.7339324951172,668.2171630859375,213.27928161621094,615.0709228515625,209.71914672851562,675.5009155273438,246.30857849121094,602.7583618164062,262.8297424316406,691.9183349609375,193.94630432128906,605.0137329101562,262.3735656738281,674.7230224609375,125.35234832763672,630.8839111328125,224.87596130371094,666.7945556640625,419.6380615234375,616.1995239257812,424.7700500488281,667.7117919921875,541.8478393554688,616.2900390625,545.977294921875,653.4826049804688,659.6265869140625,625.2329711914062,668.9524536132812
218,7.266643111831442,640.9768676757812,211.2564697265625,653.76904296875,205.31533813476562,631.3610229492188,203.42420959472656,668.1122436523438,213.0545196533203,614.9816284179688,209.52711486816406,675.350830078125,246.0328826904297,602.778076171875,262.6941223144531,691.9047241210938,193.56884765625,605.476806640625,261.37005615234375,674.380615234375,124.94280242919922,631.0701293945312,221.90576171875,666.7103881835938,419.4844970703125,616.123291015625,424.7402038574219,667.976806640625,541.5736083984375,616.1177978515625,546.1114501953125,654.0513916015625,659.6570434570312,625.0567626953125,669.4335327148438
219,7.299976337115073,640.83447265625,211.25961303710938,653.7353515625,205.4217071533203,631.3043212890625,203.4362335205078,668.12744140625,213.2901611328125,614.9569702148438,209.4799346923828,674.900146484375,246.05453491210938,603.1823120117188,261.71795654296875,691.7266235351562,191.75038146972656,605.4153442382812,255.5587615966797,673.9019165039062,123.06597900390625,628.5528564453125,214.74789428710938,666.1063232421875,419.677490234375,616.0294189453125,424.61993408203125,667.412353515625,541.553955078125,615.753173828125,546.2396850585938,655.07470703125,659.7655639648438,625.2194213867188,669.9009399414062
220,7.3333095623987035,640.6273803710938,211.3055419921875,653.5751953125,205.6020050048828,631.1588134765625,203.5257568359375,667.9732055664062,213.7022247314453,614.8916625976562,209.66624450683594,674.51806640625,246.174072265625,603.322265625,261.23944091796875,691.2742309570312,189.6063690185547,604.9340209960938,250.61273193359375,673.4935913085938,120.29805755615234,626.613037109375,207.24856567382812,665.9576416015625,419.8006896972656,616.2088012695312,424.62078857421875,667.560302734375,541.2892456054688,615.99951171875,546.1593627929688,655.5034790039062,659.234619140625,625.318359375,669.6207275390625
221,7.366642787682333,640.70166015625,211.17568969726562,653.5519409179688,205.4367218017578,631.22021484375,203.42678833007812,667.8154907226562,213.46267700195312,614.838134765625,209.69993591308594,674.3909301757812,245.69627380371094,602.872314453125,262.2018127441406,691.0193481445312,189.3155975341797,604.2805786132812,256.1316833496094,673.1697387695312,119.66399383544922,626.3568115234375,215.17617797851562,665.867431640625,419.25543212890625,615.9170532226562,424.50958251953125,667.638671875,541.413818359375,615.8073120117188,546.3391723632812,655.6567993164062,659.7097778320312,625.2470092773438,669.8123168945312
222,7.399976012965964,640.6859741210938,211.00811767578125,653.56494140625,205.21017456054688,631.1553955078125,203.24534606933594,667.9151000976562,213.18836975097656,614.7640991210938,209.63327026367188,674.578125,245.14920043945312,602.5498046875,262.85809326171875,690.8743286132812,188.41551208496094,603.9642944335938,259.5457763671875,673.0780639648438,118.54084777832031,626.3101196289062,219.37014770507812,666.0249633789062,418.8274230957031,615.7183227539062,424.47039794921875,668.3117065429688,541.0889892578125,615.8615112304688,546.0609741210938,655.96630859375,659.7144165039062,625.2640380859375,669.6314697265625
223,7.433309238249595,640.8062744140625,211.0382080078125,653.7525634765625,205.2848663330078,631.3037719726562,203.26205444335938,668.0914306640625,213.33279418945312,614.8570556640625,209.5443572998047,674.6024169921875,245.33360290527344,602.5731201171875,262.6076965332031,691.0150756835938,188.67294311523438,605.0310668945312,258.38421630859375,673.0918579101562,118.46783447265625,629.0848388671875,217.49456787109375,666.249755859375,419.1168212890625,615.87255859375,424.72808837890625,668.4480590820312,541.2561645507812,616.0111694335938,546.658447265625,655.6177368164062,659.4094848632812,625.4426879882812,670.3193969726562
224,7.466642463533225,640.8590698242188,211.0928497314453,653.7240600585938,205.27078247070312,631.2484741210938,203.33770751953125,668.1312866210938,213.31712341308594,614.7962646484375,209.71961975097656,674.9520874023438,245.9062042236328,602.6661987304688,262.51544189453125,691.4515380859375,191.22561645507812,604.8777465820312,258.53277587890625,673.7294921875,122.416015625,628.8709106445312,218.62181091308594,666.2410888671875,418.9954528808594,615.758544921875,424.2943420410156,668.41015625,541.2413330078125,616.2979736328125,545.9613037109375,655.5467529296875,659.69091796875,625.588134765625,669.5950927734375
225,7.499975688816855,640.9028930664062,211.09097290039062,653.748779296875,205.33653259277344,631.314208984375,203.3577423095703,668.0643920898438,213.5492706298828,614.8463134765625,209.756591796875,674.8905029296875,246.4589080810547,602.95361328125,262.10528564453125,691.43408203125,192.1798858642578,605.67431640625,255.57046508789062,673.7779541015625,123.92462921142578,629.431640625,214.16448974609375,666.5302124023438,419.6623840332031,616.2086791992188,424.6691589355469,668.5401611328125,541.65869140625,616.4215087890625,546.2084350585938,655.900146484375,659.7330322265625,625.7320556640625,669.5691528320312
226,7.533308914100486,640.6934204101562,210.8103485107422,653.5780029296875,205.01402282714844,631.0718383789062,203.10012817382812,668.0761108398438,213.19224548339844,614.7598266601562,209.58151245117188,675.13916015625,246.17762756347656,602.9906005859375,262.1440124511719,691.3093872070312,192.3001251220703,606.0160522460938,256.6693115234375,673.3817138671875,124.86734008789062,630.4541625976562,216.4235382080078,666.6018676757812,419.6246032714844,616.1528930664062,424.67071533203125,668.2861938476562,541.791748046875,616.316650390625,546.0654907226562,655.7304077148438,659.943603515625,626.0347290039062,669.220703125
227,7.566642139384117,640.6286010742188,210.76431274414062,653.5643310546875,204.95086669921875,631.0127563476562,203.0162811279297,668.077880859375,212.9822540283203,614.6682739257812,209.423828125,674.9812622070312,245.27993774414062,602.9763793945312,262.3730773925781,691.0130615234375,189.6455841064453,606.8475952148438,257.491943359375,672.714111328125,120.79735565185547,631.5155639648438,215.81192016601562,666.623046875,419.28363037109375,616.2353515625,424.7491455078125,668.4436645507812,541.677978515625,616.6721801757812,546.4388427734375,655.3814697265625,660.1019287109375,626.427978515625,669.8466186523438
228,7.599975364667746,640.5751953125,211.60086059570312,653.3610229492188,205.2598419189453,631.2489013671875,203.13629150390625,668.2232666015625,212.5999755859375,616.6170654296875,209.0478973388672,675.5867919921875,248.2591094970703,601.2503051757812,267.4794006347656,687.4981689453125,187.0387725830078,601.173583984375,275.3073425292969,668.8015747070312,110.72216033935547,633.0761108398438,244.58316040039062,664.4854125976562,423.5194091796875,614.7084350585938,429.0224914550781,668.0413818359375,543.546875,614.9268188476562,544.102294921875,659.0341186523438,667.0983276367188,626.8964233398438,670.5030517578125
229,7.633308589951377,640.6709594726562,211.47657775878906,653.4116821289062,205.11976623535156,631.3404541015625,203.07945251464844,668.2511596679688,212.43199157714844,616.7557983398438,209.0116424560547,675.6524658203125,248.2060546875,601.3085327148438,267.5140380859375,687.7086181640625,188.57640075683594,601.2880249023438,277.5760803222656,669.6069946289062,112.87100982666016,633.4058227539062,249.15756225585938,664.5405883789062,422.9984130859375,614.7763671875,428.5489196777344,667.8213500976562,543.1480102539062,614.9267578125,543.8200073242188,658.7957153320312,666.744384765625,626.961181640625,670.619873046875
230,7.666641815235008,640.8861694335938,210.66436767578125,653.8638916015625,204.84678649902344,631.2186889648438,202.9655303955078,668.4754638671875,212.7523193359375,614.9514770507812,209.24264526367188,675.1307373046875,244.95974731445312,604.1770629882812,261.4277648925781,691.0997314453125,189.02438354492188,610.8381958007812,253.11968994140625,673.2493896484375,121.80175018310547,636.0464477539062,209.86654663085938,666.3104248046875,419.39483642578125,616.46630859375,424.6435546875,667.7424926757812,541.5691528320312,617.0357666015625,546.279052734375,654.3887329101562,659.8052978515625,626.7432250976562,669.7366943359375
231,7.6999750405186385,640.7037963867188,210.7066650390625,653.6941528320312,204.83462524414062,631.05224609375,202.96734619140625,668.3992309570312,212.66683959960938,614.8438720703125,209.19705200195312,675.2131958007812,245.17672729492188,603.7899780273438,261.7895202636719,691.478271484375,191.0144500732422,608.861572265625,256.29803466796875,673.699462890625,124.58106994628906,634.0491943359375,215.27047729492188,666.4566650390625,418.929931640625,616.501708984375,424.2679443359375,667.6589965820312,541.1768188476562,617.2698364257812,546.2515258789062,653.9373779296875,659.6984252929688,626.8474731445312,670.2390747070312
232,7.733308265802268,640.7027587890625,210.012451171875,653.2291259765625,203.98643493652344,631.045654296875,202.37037658691406,667.8053588867188,211.56797790527344,615.2890014648438,208.5787811279297,675.7843627929688,246.0628662109375,604.9058227539062,260.4737548828125,693.8307495117188,200.87704467773438,611.7493286132812,259.0418701171875,675.9151611328125,134.58969116210938,640.7651977539062,219.59046936035156,666.2750244140625,418.51019287109375,616.5182495117188,423.0135803222656,667.1615600585938,541.1416015625,617.7893676757812,545.733642578125,654.056884765625,659.85595703125,626.1065063476562,669.9949951171875
233,7.766641491085899,641.1029052734375,209.862548828125,653.5260620117188,203.9058380126953,631.3890991210938,202.27301025390625,667.8054809570312,211.6103057861328,615.2777709960938,208.64877319335938,675.4165649414062,245.68319702148438,604.9638061523438,260.39776611328125,693.27294921875,197.88442993164062,611.607421875,257.56536865234375,674.8262329101562,128.05567932128906,638.8280639648438,216.57742309570312,666.1240844726562,418.5006408691406,616.6190795898438,423.0262756347656,666.6536254882812,541.462158203125,617.6856079101562,545.8496704101562,654.0961303710938,659.8372802734375,626.30859375,669.533203125
234,7.79997471636953,640.9077758789062,209.95408630371094,653.3876342773438,204.036376953125,631.2735595703125,202.32667541503906,667.7874755859375,211.81265258789062,615.4148559570312,208.72750854492188,675.51416015625,246.0374755859375,604.9452514648438,260.75604248046875,693.31640625,198.29847717285156,610.6115112304688,258.4878234863281,675.0444946289062,129.48001098632812,637.0743408203125,218.7474822998047,665.8426513671875,418.9035339355469,616.414794921875,423.36419677734375,666.6907348632812,541.5697021484375,617.8021850585938,545.7423095703125,653.8192138671875,659.62890625,626.1297607421875,668.9878540039062
235,7.83330794165316,640.2890014648438,209.99490356445312,653.1250610351562,204.24826049804688,630.794677734375,202.32501220703125,668.0241088867188,212.3815460205078,615.5106201171875,208.84767150878906,675.1437377929688,246.1250762939453,605.8082275390625,260.812744140625,692.2456665039062,195.5332794189453,612.9710083007812,255.60816955566406,674.4468383789062,124.974853515625,638.6385498046875,212.9850616455078,665.2840576171875,419.2738952636719,616.5017700195312,423.6892395019531,666.5868530273438,541.4688110351562,617.83544921875,545.5650024414062,653.669189453125,659.5913696289062,626.3180541992188,669.130126953125
236,7.86664116693679,639.971923828125,209.9884033203125,652.8217163085938,204.16917419433594,630.4979248046875,202.3101043701172,667.8972778320312,212.10183715820312,615.4691772460938,208.69984436035156,675.3243408203125,245.78085327148438,605.8010864257812,260.5097351074219,692.4728393554688,195.3518524169922,612.5115966796875,255.29818725585938,674.8760986328125,125.11173248291016,638.6567993164062,212.9418182373047,665.5087890625,419.18853759765625,616.6138916015625,423.6426086425781,666.7520751953125,541.4837036132812,617.7211303710938,545.7051391601562,653.8737182617188,659.7969970703125,625.9671630859375,669.472900390625
237,7.899974392220421,640.4140014648438,210.15847778320312,653.1114501953125,204.2483367919922,630.8560791015625,202.47695922851562,667.9166870117188,212.05007934570312,615.4502563476562,208.81541442871094,675.5698852539062,246.1393280029297,605.1965942382812,260.7879943847656,692.9699096679688,197.8085174560547,611.0562744140625,257.6392822265625,675.3801879882812,128.8690643310547,638.1768798828125,217.05870056152344,665.7980346679688,419.15594482421875,616.4517211914062,423.64404296875,666.9204711914062,541.6317749023438,617.6576538085938,545.9412841796875,654.1528930664062,659.5099487304688,625.9866943359375,669.15234375
238,7.933307617504052,640.3639526367188,210.16859436035156,653.0736083984375,204.27491760253906,630.841552734375,202.4851837158203,667.9451293945312,212.1619873046875,615.5759887695312,208.84971618652344,675.7471923828125,246.58602905273438,605.3604125976562,260.79736328125,693.21240234375,199.9973602294922,611.5686645507812,258.47186279296875,675.4036254882812,131.73641967773438,639.92626953125,218.30091857910156,665.9166870117188,419.2486877441406,616.4994506835938,423.59356689453125,667.1002197265625,541.683837890625,617.6514282226562,545.9801025390625,654.0479736328125,659.553955078125,625.6300048828125,669.3243408203125
239,7.966640842787682,640.4746704101562,210.1502685546875,653.2100830078125,204.26748657226562,630.9141235351562,202.4563751220703,668.1012573242188,212.21133422851562,615.6170654296875,208.84564208984375,675.9854736328125,246.57907104492188,605.748046875,260.79083251953125,693.4243774414062,200.119384765625,614.1954956054688,258.7870788574219,675.4959106445312,131.59767150878906,643.8338012695312,218.4174041748047,666.1591796875,419.4025573730469,616.6199951171875,423.6260681152344,667.4539794921875,541.7268676757812,617.3892211914062,545.4495239257812,654.1456298828125,659.7046508789062,625.3080444335938,668.8140869140625
240,7.999974068071312,640.5737915039062,209.94117736816406,653.1740112304688,204.03286743164062,631.0554809570312,202.25827026367188,667.8600463867188,211.8671112060547,615.64306640625,208.6067657470703,676.1802368164062,246.39991760253906,605.2816162109375,261.00146484375,694.2649536132812,202.01368713378906,613.5057983398438,262.53155517578125,675.7431030273438,134.919189453125,644.0374755859375,224.81056213378906,666.2697143554688,418.730224609375,616.39013671875,423.037353515625,667.4860229492188,541.4325561523438,617.2525634765625,545.1150512695312,654.2086181640625,659.1972045898438,625.4077758789062,668.0964965820312
241,8.033307293354943,640.656005859375,210.0187530517578,653.189208984375,204.08192443847656,631.110107421875,202.34544372558594,667.7789916992188,211.80368041992188,615.6321411132812,208.61831665039062,676.1935424804688,246.31768798828125,605.3155517578125,260.9156799316406,694.339599609375,202.07284545898438,614.0718383789062,262.1495056152344,675.9434204101562,135.24639892578125,644.5125122070312,223.89303588867188,666.30810546875,418.7926330566406,616.4224243164062,423.0909118652344,667.5713500976562,541.3673095703125,617.3727416992188,544.9247436523438,654.1129760742188,659.1104125976562,625.4618530273438,667.84375
242,8.066640518638573,640.89111328125,210.01669311523438,653.4273071289062,203.99398803710938,631.2750244140625,202.34010314941406,668.0345458984375,211.70794677734375,615.6845092773438,208.6166534423828,676.5835571289062,246.7820281982422,605.2127685546875,260.9839172363281,694.8851318359375,204.68736267089844,614.318115234375,262.8694152832031,676.7411499023438,139.98963928222656,646.5142211914062,225.3218231201172,666.6171875,419.01348876953125,616.4114990234375,423.2644348144531,667.6398315429688,541.5323486328125,617.404296875,545.1842651367188,654.0545043945312,659.810546875,625.7968139648438,668.747802734375
243,8.099973743922204,640.5599975585938,210.58367919921875,653.1160888671875,204.47007751464844,631.30859375,202.408447265625,668.1227416992188,212.1658477783203,617.4776000976562,208.89898681640625,675.8610229492188,248.07835388183594,603.7373657226562,266.6648864746094,688.4498901367188,189.86276245117188,607.72998046875,278.57470703125,670.093017578125,109.50105285644531,641.0010986328125,251.20831298828125,663.6597290039062,422.8348388671875,614.9091796875,427.65203857421875,667.4327392578125,543.7809448242188,615.7056884765625,542.9945678710938,658.7236938476562,667.4081420898438,626.0436401367188,669.5497436523438
244,8.133306969205835,640.6512451171875,210.51986694335938,653.1365966796875,204.41207885742188,631.3704833984375,202.40150451660156,668.0147094726562,212.05296325683594,617.4600219726562,208.89356994628906,675.857666015625,247.7466583251953,603.6425170898438,266.53521728515625,688.2427368164062,189.22325134277344,607.9768676757812,278.2251892089844,669.9193725585938,109.1322250366211,641.839111328125,250.2432861328125,663.7444458007812,422.6889953613281,614.9400024414062,427.5729064941406,667.2922973632812,543.8211059570312,615.8681030273438,542.8614501953125,658.2937622070312,667.2141723632812,626.4869995117188,668.9196166992188
245,8.166640194489466,640.6558227539062,210.49285888671875,653.1998291015625,204.49293518066406,631.428466796875,202.4158935546875,668.1240234375,212.38990783691406,617.5816650390625,209.06065368652344,675.7345581054688,248.21322631835938,603.9125366210938,266.65887451171875,688.1729736328125,189.42483520507812,608.2686767578125,277.7369384765625,669.6524658203125,109.1269760131836,642.0091552734375,250.572021484375,663.7042236328125,422.6852111816406,615.1309814453125,427.48919677734375,667.2171020507812,543.5782470703125,615.8633422851562,542.9483032226562,658.5645751953125,667.5514526367188,626.4127197265625,670.0516967773438
246,8.199973419773094,640.6954956054688,210.53488159179688,653.2789306640625,204.55059814453125,631.44873046875,202.43191528320312,668.2113647460938,212.56365966796875,617.513427734375,209.0908203125,675.6253051757812,248.61172485351562,603.8889770507812,266.4284973144531,687.9566040039062,190.55592346191406,607.7760009765625,276.6927795410156,669.4071044921875,109.56961059570312,641.0826416015625,248.1051025390625,663.7077026367188,422.5841979980469,615.1565551757812,427.2374572753906,667.2846069335938,543.2379760742188,615.778564453125,542.802490234375,658.662109375,666.6383056640625,626.1416625976562,669.629150390625
247,8.233306645056725,640.6705932617188,210.6883087158203,653.230712890625,204.70559692382812,631.4306640625,202.5895233154297,668.11572265625,212.73060607910156,617.4583129882812,209.27142333984375,675.6614990234375,248.86563110351562,603.6229858398438,266.65692138671875,688.1898193359375,190.9445343017578,606.6204223632812,276.6967468261719,669.4528198242188,110.60564422607422,639.44873046875,248.229736328125,663.6513671875,422.509033203125,615.0277099609375,427.1805725097656,667.2860107421875,543.014892578125,615.7689208984375,542.7011108398438,658.6353149414062,666.3319091796875,626.1719970703125,669.4044189453125
248,8.266639870340356,640.6975708007812,210.52847290039062,653.2512817382812,204.59133911132812,631.4671020507812,202.42466735839844,668.0938720703125,212.72340393066406,617.4609375,209.19261169433594,675.5016479492188,248.91490173339844,603.6956176757812,266.56317138671875,687.7708740234375,189.6239471435547,605.7745361328125,274.8630676269531,669.2482299804688,109.2546615600586,637.067138671875,245.95030212402344,663.6073608398438,422.735107421875,615.24267578125,427.3066711425781,666.711181640625,543.3030395507812,615.5902709960938,542.7047119140625,658.5935668945312,666.5733032226562,626.217041015625,668.9658813476562
249,8.299973095623987,640.9348754882812,209.97451782226562,653.7069702148438,204.32205200195312,631.4447021484375,202.25881958007812,668.2313232421875,212.8182830810547,615.6397094726562,208.98367309570312,675.3489379882812,246.67031860351562,604.9175415039062,261.5294494628906,692.5396728515625,195.20474243164062,610.0472412109375,258.0835266113281,674.3380737304688,123.10681915283203,635.440673828125,217.52679443359375,666.0482177734375,419.3955078125,616.7085571289062,423.8063049316406,666.963134765625,541.9705200195312,617.3383178710938,545.74560546875,654.2310180664062,659.4912109375,626.1192626953125,668.4707641601562
250,8.333306320907617,641.0021362304688,209.91690063476562,653.737548828125,204.31565856933594,631.5054931640625,202.2436065673828,668.1849975585938,212.9282989501953,615.6679077148438,209.0498046875,675.1702270507812,246.76756286621094,605.2770385742188,261.4307556152344,692.5038452148438,195.34181213378906,611.1868286132812,257.6233215332031,674.5685424804688,122.67649841308594,636.6914672851562,216.43788146972656,666.1122436523438,419.08221435546875,617.0225219726562,423.4123229980469,666.8512573242188,541.7382202148438,617.3922119140625,545.4669799804688,653.9484252929688,659.3972778320312,625.8779296875,668.4632568359375
251,8.366639546191248,641.5910034179688,210.05953979492188,654.1412353515625,204.41693115234375,631.9309692382812,202.35865783691406,668.0570678710938,212.9969940185547,615.2600708007812,209.15745544433594,674.7196044921875,246.9787139892578,604.5588989257812,261.76092529296875,692.1080932617188,195.66310119628906,611.0975341796875,257.8288879394531,674.7527465820312,125.51522064208984,635.6320190429688,217.54434204101562,665.7448120117188,419.8014831542969,616.51708984375,424.1708984375,666.801513671875,541.9161376953125,617.369140625,545.2499389648438,653.8958740234375,659.7708740234375,625.9462890625,667.869384765625
252,8.399972771474879,641.5883178710938,210.0861358642578,654.0557250976562,204.4411163330078,631.9593505859375,202.42660522460938,667.904541015625,212.9040985107422,615.3594360351562,209.19259643554688,674.801513671875,246.6915740966797,604.3902587890625,261.92138671875,692.1326904296875,195.54656982421875,610.843994140625,259.40704345703125,675.0089721679688,126.05066680908203,636.21240234375,220.16122436523438,665.8163452148438,419.4765625,616.4403076171875,423.96051025390625,666.89111328125,541.97021484375,617.2722778320312,545.069091796875,653.820068359375,659.8121948242188,625.8419799804688,667.3551025390625
253,8.43330599675851,641.6175537109375,210.116455078125,654.0481567382812,204.45704650878906,631.9945678710938,202.4345245361328,667.833740234375,212.83062744140625,615.3447265625,209.1028289794922,674.663330078125,246.69190979003906,604.284423828125,261.8059997558594,691.9743041992188,195.858154296875,610.0419311523438,259.5843200683594,674.7841796875,126.19810485839844,635.0576171875,220.58750915527344,665.7249145507812,419.4343566894531,616.4423828125,423.89691162109375,666.7472534179688,542.1984252929688,617.5069580078125,545.3800048828125,653.603759765625,660.0581665039062,625.98486328125,667.7496337890625
254,8.466639222042138,641.3123168945312,210.83978271484375,653.6210327148438,204.859375,631.98388671875,202.64971923828125,667.8112182617188,212.88165283203125,617.1088256835938,209.3048858642578,674.9331665039062,249.00677490234375,602.2128295898438,267.83416748046875,687.3406372070312,191.7067108154297,602.95361328125,283.1783142089844,669.5311279296875,111.9931869506836,632.99169921875,259.9466247558594,663.4774169921875,422.51214599609375,614.7020263671875,427.4381408691406,666.4913940429688,543.5833740234375,615.3147583007812,542.6539916992188,657.2974243164062,667.0142822265625,625.5276489257812,668.6749877929688
255,8.499972447325769,642.3599243164062,211.32095336914062,654.8330078125,205.2373046875,632.570556640625,203.435302734375,668.4196166992188,212.58779907226562,615.0852661132812,209.5228729248047,675.46142578125,244.8224639892578,601.4517211914062,264.251708984375,691.78369140625,191.0193328857422,602.0311279296875,269.0422058105469,674.1663818359375,122.80133056640625,626.2340698242188,233.00917053222656,667.0150756835938,418.94256591796875,615.8702392578125,425.1092224121094,667.9615478515625,541.4609375,616.6134033203125,546.1929321289062,653.42138671875,659.9261474609375,626.046630859375,668.7445068359375
256,8.5333056726094,641.9328002929688,211.8169403076172,654.4567260742188,205.39437866210938,632.4437866210938,203.2491912841797,668.5840454101562,212.7048797607422,616.69091796875,209.2084197998047,675.6990966796875,248.4006805419922,599.6386108398438,269.42901611328125,687.315673828125,189.56752014160156,596.2522583007812,286.29107666015625,669.0730590820312,113.75785064697266,625.7108154296875,262.0989685058594,664.989501953125,422.89892578125,614.5430908203125,428.9654846191406,667.5242919921875,543.0513305664062,614.5277099609375,543.3662719726562,657.041748046875,666.5997314453125,626.4207763671875,669.0640869140625
257,8.56663889789303,642.0357055664062,211.28854370117188,654.648681640625,205.15711975097656,632.1701049804688,203.3379669189453,668.47216796875,212.5315399169922,614.6948852539062,209.4893798828125,675.6449584960938,244.57887268066406,600.987548828125,264.71014404296875,691.4215087890625,189.5962371826172,601.844482421875,269.9311218261719,673.860595703125,120.6686782836914,625.7935791015625,232.89932250976562,667.33740234375,418.8392639160156,615.8291015625,425.1858825683594,668.121337890625,541.4061279296875,616.5453491210938,545.7514038085938,653.2581787109375,659.3579711914062,626.6552734375,667.4190673828125
258,8.599972123176661,642.0723266601562,211.256103515625,654.6878051757812,205.17930603027344,632.26416015625,203.31698608398438,668.4755249023438,212.5196533203125,614.81884765625,209.3539581298828,675.6489868164062,244.24241638183594,601.2991943359375,264.0863952636719,691.7015380859375,188.79904174804688,602.8751831054688,267.69537353515625,673.7905883789062,119.93720245361328,626.8839111328125,229.48492431640625,667.403076171875,418.5256042480469,615.9693603515625,424.7670593261719,668.4892578125,541.497802734375,616.6292114257812,545.7787475585938,653.7051391601562,659.8095092773438,626.664306640625,667.8687133789062
259,8.633305348460292,642.1101684570312,211.29661560058594,654.751953125,205.21075439453125,632.3202514648438,203.3229217529297,668.554931640625,212.52703857421875,614.882080078125,209.3151397705078,675.6610107421875,244.25904846191406,601.2334594726562,264.1407775878906,691.8090209960938,188.65029907226562,602.4431762695312,268.1675720214844,673.8242797851562,118.6987075805664,626.4578857421875,229.8723907470703,667.3529052734375,418.6748352050781,615.9092407226562,424.93341064453125,668.4185180664062,541.476806640625,616.7125244140625,545.8007202148438,653.8600463867188,659.9844970703125,627.0765380859375,668.106689453125
260,8.666638573743922,641.691650390625,211.83663940429688,654.3012084960938,205.3994598388672,632.2277221679688,203.22499084472656,668.6091918945312,212.5691680908203,616.643310546875,208.9083709716797,676.0361328125,248.3863525390625,600.1826782226562,267.7188415527344,688.133544921875,188.95445251464844,598.1647338867188,278.5796813964844,669.4795532226562,113.44187927246094,628.376220703125,249.9847869873047,664.9251098632812,423.76629638671875,614.4898681640625,429.1771240234375,667.56640625,543.4144897460938,614.5003051757812,543.0156860351562,658.1312255859375,667.5496826171875,627.2636108398438,669.1341552734375
261,8.699971799027553,641.6017456054688,211.76498413085938,654.1669921875,205.37388610839844,632.150146484375,203.2444305419922,668.45458984375,212.55767822265625,616.6734619140625,208.94610595703125,675.857421875,248.28546142578125,600.764892578125,266.8379211425781,688.05078125,188.3594512939453,599.0288696289062,273.927978515625,669.2640380859375,112.9223403930664,628.8623657226562,242.38999938964844,664.836181640625,423.7089538574219,614.7330322265625,428.9192199707031,667.5582885742188,543.10888671875,614.4243774414062,543.059814453125,658.3606567382812,666.962890625,626.5716552734375,669.181396484375
262,8.733305024311182,641.6092529296875,211.82130432128906,654.1487426757812,205.42677307128906,632.1722412109375,203.2763214111328,668.3569946289062,212.63079833984375,616.6337890625,208.98635864257812,675.8861083984375,248.4587860107422,600.240234375,267.314208984375,688.1701049804688,188.326904296875,597.5037231445312,275.6443176269531,669.28515625,113.09493255615234,627.5556640625,245.95498657226562,664.925537109375,423.912841796875,614.6091918945312,429.2452392578125,667.6503295898438,543.294677734375,614.4134521484375,543.3201293945312,658.2015991210938,667.0880737304688,626.5856323242188,669.336181640625
263,8.766638249594813,641.9242553710938,211.39710998535156,654.5869140625,205.54367065429688,632.2765502929688,203.47097778320312,668.3203125,213.2200469970703,614.9535522460938,209.26034545898438,675.216064453125,245.80630493164062,601.816162109375,261.7643127441406,692.3082885742188,190.37669372558594,602.7131958007812,255.41488647460938,674.18408203125,122.28746795654297,625.8825073242188,214.49510192871094,666.7322387695312,420.0589599609375,615.9307861328125,425.1531066894531,667.96923828125,542.2944946289062,616.8711547851562,546.7169799804688,654.0489501953125,659.6307983398438,626.520263671875,668.8346557617188
264,8.799971474878443,641.7482299804688,211.95376586914062,654.2630004882812,205.57994079589844,632.2863159179688,203.48695373535156,668.4569702148438,212.7410888671875,616.7738647460938,209.18504333496094,675.8560180664062,248.40650939941406,600.6516723632812,266.98175048828125,687.96484375,187.38426208496094,599.0413208007812,273.0716552734375,669.0323486328125,111.81281280517578,629.7626953125,241.4209747314453,664.7236938476562,424.2973937988281,614.5438232421875,429.5505676269531,667.5150756835938,543.800537109375,614.5142822265625,543.8404541015625,657.95654296875,667.4566650390625,626.650390625,669.8685913085938
265,8.833304700162074,641.7017211914062,211.9593963623047,654.2058715820312,205.6214141845703,632.24951171875,203.47723388671875,668.3969116210938,212.78981018066406,616.7329711914062,209.17874145507812,675.6177368164062,248.3008270263672,600.8006591796875,266.7628479003906,687.33642578125,185.6562042236328,597.9481811523438,270.8754577636719,668.6500854492188,109.90286254882812,626.9124145507812,238.70985412597656,664.8109130859375,424.4189147949219,614.931640625,429.6030578613281,667.286376953125,543.6372680664062,614.4390258789062,543.5145874023438,658.157470703125,667.3847045898438,626.3827514648438,669.2775268554688
266,8.866637925445705,641.7579956054688,211.94400024414062,654.260498046875,205.6624755859375,632.3314208984375,203.49325561523438,668.4214477539062,212.86415100097656,616.7987060546875,209.2178192138672,675.4441528320312,248.04171752929688,601.2365112304688,266.4180908203125,687.0855102539062,184.22601318359375,599.451171875,268.5870361328125,668.2098388671875,107.95174407958984,628.7852783203125,234.6094512939453,664.723876953125,424.1557922363281,615.099609375,429.3012390136719,667.0099487304688,543.521240234375,614.3115234375,543.39208984375,658.42822265625,667.2606201171875,626.4310913085938,668.9210205078125
267,8.899971150729336,641.8900756835938,212.01834106445312,654.2774047851562,205.63743591308594,632.3911743164062,203.62457275390625,668.3331909179688,212.7644500732422,616.7993774414062,209.45431518554688,675.8572387695312,248.29571533203125,600.61376953125,267.5679626464844,687.9024658203125,187.28115844726562,598.4168090820312,275.54266357421875,669.1865844726562,112.03800201416016,628.5945434570312,245.99459838867188,664.98828125,423.9796142578125,614.880859375,429.4460754394531,667.4346313476562,543.7282104492188,614.83349609375,543.764404296875,657.9116821289062,667.0601196289062,626.93798828125,669.1716918945312
268,8.933304376012966,642.1065063476562,212.04312133789062,654.5238647460938,205.6494903564453,632.5881958007812,203.5453338623047,668.5630493164062,212.8354949951172,616.8064575195312,209.35018920898438,675.6318359375,248.59228515625,600.5807495117188,267.72393798828125,687.5202026367188,187.85316467285156,597.3521118164062,276.7969055175781,668.8018188476562,111.88810729980469,626.5645141601562,248.9104766845703,664.897705078125,423.739990234375,615.0114135742188,429.17718505859375,667.3123779296875,543.4169311523438,615.1702270507812,543.6310424804688,657.7537841796875,667.2112426757812,626.869873046875,669.6881103515625
269,8.966637601296595,642.0247802734375,212.0623779296875,654.44189453125,205.7267303466797,632.5388793945312,203.63088989257812,668.5099487304688,212.98117065429688,616.8999633789062,209.48439025878906,675.629150390625,248.61192321777344,600.9380493164062,267.66552734375,687.5795288085938,188.13742065429688,598.6941528320312,276.65643310546875,669.1213989257812,112.35820770263672,628.3969116210938,248.39743041992188,665.04931640625,423.4903564453125,615.302734375,428.8894348144531,667.3887329101562,543.3920288085938,615.3078002929688,543.5681762695312,657.6583251953125,667.3526611328125,626.9091186523438,669.9678344726562
270,8.999970826580226,642.2224731445312,212.10650634765625,654.595947265625,205.78929138183594,632.716552734375,203.68089294433594,668.5737915039062,213.03460693359375,617.0206909179688,209.45445251464844,675.6854858398438,248.79371643066406,601.3375854492188,266.8432922363281,687.6171875,187.5028076171875,600.0142822265625,272.1353759765625,669.4474487304688,111.61474609375,630.176513671875,241.62026977539062,664.9769287109375,424.2658996582031,615.3496704101562,429.2724609375,667.400390625,543.664306640625,615.3307495117188,543.1910400390625,658.2086181640625,667.5601196289062,627.1829223632812,669.2367553710938
271,9.033304051863857,642.17578125,211.03854370117188,654.61376953125,205.4200439453125,632.6253662109375,203.2168731689453,668.2305297851562,213.7150115966797,615.7239990234375,209.49771118164062,674.5908203125,247.56056213378906,603.8700561523438,261.627685546875,691.9737548828125,195.00086975097656,605.1380615234375,257.27044677734375,675.5153198242188,124.1606216430664,626.9085693359375,219.98046875,666.1741333007812,420.03106689453125,617.0014038085938,424.215576171875,667.1029052734375,542.2256469726562,617.9742431640625,545.5424194335938,654.3751831054688,659.4842529296875,626.107177734375,667.7069091796875
272,9.066637277147487,641.855224609375,211.07269287109375,654.4255981445312,205.39395141601562,632.3865966796875,203.21046447753906,668.3515014648438,213.53517150878906,615.8966064453125,209.4056396484375,674.9019165039062,247.31979370117188,603.7534790039062,262.1562194824219,692.1353149414062,195.62307739257812,604.599609375,260.8575439453125,675.7860717773438,125.12876892089844,627.016845703125,225.01634216308594,666.1314086914062,419.84075927734375,616.7542114257812,424.3061218261719,667.3231201171875,541.8829956054688,617.9595947265625,545.5061645507812,654.4112548828125,658.8838500976562,626.3018798828125,667.5673217773438
273,9.099970502431118,642.5517578125,211.65525817871094,654.9819946289062,206.02011108398438,633.0758056640625,203.85459899902344,668.4922485351562,214.03952026367188,616.15478515625,209.79014587402344,674.8424072265625,247.6400909423828,604.4151000976562,261.22821044921875,692.4688720703125,196.19473266601562,606.7830200195312,255.00657653808594,675.1694946289062,126.19865417480469,628.234130859375,215.01588439941406,666.2433471679688,419.9599914550781,617.1636962890625,424.0560607910156,666.951416015625,541.9767456054688,617.8489379882812,545.6554565429688,654.4325561523438,658.67333984375,626.552490234375,667.7233276367188
274,9.133303727714749,642.6764526367188,211.77035522460938,655.102294921875,206.14398193359375,633.2261962890625,203.9476318359375,668.5946044921875,214.1234893798828,616.2982788085938,209.8494110107422,674.8002319335938,247.4645233154297,604.3176879882812,261.4198303222656,692.1754760742188,195.0547637939453,605.6050415039062,255.71011352539062,674.8601684570312,124.81745147705078,626.7301635742188,216.76039123535156,666.3372192382812,419.6993408203125,617.3111572265625,423.9442443847656,667.0618286132812,541.595947265625,618.134033203125,545.4793701171875,654.3438110351562,658.5772705078125,626.6065673828125,667.7918701171875
275,9.16663695299838,642.876953125,211.19996643066406,655.2910766601562,204.77627563476562,632.9393310546875,203.1912841796875,669.4182739257812,211.62974548339844,615.977294921875,208.857421875,676.885986328125,246.1514892578125,603.1376953125,262.53759765625,693.6371459960938,201.99014282226562,602.5890502929688,271.9563293457031,676.2535400390625,134.26718139648438,629.4125366210938,241.8525390625,667.6506958007812,418.5615234375,616.6705322265625,423.69952392578125,668.1197509765625,541.3438720703125,617.804443359375,546.0873413085938,654.3206787109375,659.3131103515625,625.5284423828125,669.3483276367188
276,9.19997017828201,643.3541259765625,211.0081787109375,655.751953125,204.6620330810547,633.3265991210938,203.07086181640625,669.7086791992188,211.66717529296875,615.9851684570312,208.89120483398438,676.7586669921875,245.7631378173828,603.58642578125,262.10540771484375,693.4619140625,199.16477966308594,604.6238403320312,268.0746765136719,675.677490234375,130.56195068359375,630.1844482421875,235.84136962890625,667.4190673828125,418.5526123046875,616.6607055664062,423.6292419433594,667.9204711914062,541.2825317382812,617.8455200195312,545.8701782226562,654.393310546875,659.1438598632812,625.8772583007812,668.9722290039062
277,9.233303403565639,643.3384399414062,211.0264129638672,655.7103271484375,204.5717315673828,633.2860717773438,203.05316162109375,669.7656860351562,211.40867614746094,616.0872802734375,208.88143920898438,677.0819702148438,245.4900665283203,603.1741333007812,262.5616149902344,693.2645874023438,199.52243041992188,601.900390625,271.659423828125,675.528076171875,130.1126708984375,627.3705444335938,240.4405975341797,667.7122192382812,417.8820495605469,616.6054077148438,423.1815490722656,668.2750244140625,540.9525756835938,617.7211303710938,545.4571533203125,654.5571899414062,659.156982421875,625.5169677734375,668.5562744140625
278,9.26663662884927,643.111572265625,211.0769805908203,655.568115234375,204.6699981689453,633.1704711914062,203.1182861328125,669.7791748046875,211.3932647705078,616.2769775390625,208.8410186767578,676.85302734375,244.8590850830078,603.5869750976562,262.55609130859375,692.9200439453125,197.2568817138672,602.3208618164062,272.06787109375,675.6309204101562,127.93502044677734,627.1762084960938,242.4422607421875,667.428955078125,417.5018005371094,616.7274780273438,422.9701843261719,668.0165405273438,540.9586791992188,617.7171020507812,545.59033203125,654.6537475585938,659.4935302734375,625.56591796875,669.0980224609375
279,9.2999698541329,642.6197509765625,211.58480834960938,654.7293090820312,205.13699340820312,632.9341430664062,203.596435546875,668.6619873046875,211.5443572998047,616.6279296875,208.8895721435547,676.9447631835938,245.94175720214844,603.3300170898438,262.0688171386719,694.6678466796875,203.67266845703125,601.557373046875,274.2919921875,676.8529663085938,131.7178192138672,629.5946655273438,243.1874542236328,667.5850830078125,417.3840026855469,616.7079467773438,422.32208251953125,668.1783447265625,540.7708740234375,617.9016723632812,545.02978515625,654.6131591796875,659.2118530273438,625.1687622070312,668.6143798828125
280,9.333303079416531,642.5208740234375,211.62437438964844,654.6782836914062,205.2610321044922,632.8740234375,203.67489624023438,668.6742553710938,211.78953552246094,616.6602783203125,209.06614685058594,676.6665649414062,245.88597106933594,603.5953979492188,261.8453369140625,694.3114624023438,201.358154296875,600.8356323242188,270.62420654296875,676.9863891601562,129.74534606933594,626.3218994140625,238.2728729248047,667.1319580078125,417.4774169921875,616.6923828125,422.36846923828125,667.8366088867188,540.913818359375,618.0606689453125,545.209716796875,654.713134765625,659.356201171875,625.295654296875,668.63671875
281,9.366636304700162,641.9566040039062,211.50592041015625,654.2315673828125,205.0716094970703,632.3402099609375,203.5445098876953,668.6201782226562,211.54583740234375,616.6535034179688,208.93605041503906,676.96435546875,246.04835510253906,603.9978637695312,261.7363586425781,694.44970703125,202.91383361816406,601.2093505859375,270.45611572265625,677.1454467773438,131.71023559570312,627.1199951171875,237.3406982421875,667.3087158203125,417.8719482421875,616.9362182617188,422.7063293457031,667.82861328125,540.8043823242188,618.0818481445312,545.3478393554688,654.6552734375,659.2003173828125,625.1278076171875,668.9888916015625
282,9.399969529983792,642.8069458007812,211.85357666015625,654.9041137695312,205.35260009765625,633.1043090820312,203.8583984375,668.8159790039062,211.5935516357422,616.7445068359375,209.2154541015625,676.7973022460938,245.50433349609375,603.3327026367188,263.110595703125,694.208251953125,201.07046508789062,599.4571533203125,276.93792724609375,676.5761108398438,128.47694396972656,624.1281127929688,247.41290283203125,667.3901977539062,417.4248962402344,616.8370971679688,422.8529968261719,668.0209350585938,540.7130737304688,618.3147583007812,545.5547485351562,654.5502319335938,659.2385864257812,625.372802734375,669.2045288085938
283,9.433302755267423,642.9675903320312,211.9932098388672,655.0847778320312,205.54043579101562,633.2706298828125,204.0162811279297,669.0914306640625,211.7918243408203,617.1192626953125,209.17330932617188,677.1892700195312,245.97865295410156,604.1693725585938,261.45556640625,694.2601928710938,202.2213592529297,601.67333984375,269.1809997558594,676.90234375,131.07470703125,627.6048583984375,235.86277770996094,667.4406127929688,417.9364318847656,616.9765014648438,422.6502380371094,668.1331787109375,540.9736328125,618.2025756835938,544.9795532226562,654.7156982421875,659.2249755859375,625.0481567382812,668.1771850585938
284,9.466635980551054,643.3074951171875,212.0625,655.3323364257812,205.5711669921875,633.6243286132812,204.07315063476562,669.1544189453125,211.6876220703125,617.3574829101562,209.12074279785156,677.3843383789062,245.9624481201172,604.0349731445312,261.5789489746094,694.5325317382812,203.502197265625,601.2816772460938,270.8707580566406,676.853515625,131.75006103515625,627.38037109375,236.7353515625,667.6965942382812,417.72998046875,617.0431518554688,422.50811767578125,668.1276245117188,540.9852294921875,618.1583862304688,545.0616455078125,654.5242919921875,659.0416870117188,625.1839599609375,668.0840454101562
285,9.499969205834683,643.3993530273438,211.990234375,655.4910278320312,205.61251831054688,633.7166748046875,204.05697631835938,669.2647094726562,211.7753448486328,617.319091796875,209.19497680664062,677.121337890625,244.94149780273438,604.1477661132812,261.4881591796875,693.5869140625,196.71533203125,601.21484375,265.31414794921875,675.9426879882812,124.38139343261719,623.7392578125,227.35557556152344,667.5270385742188,418.1509094238281,617.189697265625,423.2358703613281,667.9194946289062,541.7288818359375,618.3196411132812,545.841064453125,654.23095703125,659.5580444335938,625.8054809570312,668.1966552734375
286,9.533302431118313,643.5718994140625,212.02818298339844,655.6213989257812,205.57913208007812,633.8289794921875,204.0966796875,669.3896484375,211.7394561767578,617.3351440429688,209.2337188720703,677.4893798828125,245.5050811767578,604.0186157226562,261.4527587890625,694.1307373046875,199.98316955566406,601.3953857421875,266.60528564453125,676.1112060546875,129.1817169189453,625.9448852539062,230.1136016845703,667.8046875,418.2062683105469,617.1196899414062,423.1278991699219,667.9086303710938,541.252197265625,618.200439453125,545.3629760742188,654.1613159179688,659.3976440429688,625.8074951171875,668.1517333984375
287,9.566635656401944,643.6767578125,211.97775268554688,655.57177734375,205.41232299804688,633.860107421875,204.08016967773438,669.216552734375,211.50360107421875,617.3709716796875,209.3265380859375,677.7879028320312,245.80453491210938,603.9104614257812,261.80352783203125,694.5302734375,203.00927734375,601.0655517578125,269.46087646484375,676.3251953125,132.1412353515625,626.6681518554688,232.69879150390625,668.12255859375,418.0082702636719,617.1751708984375,422.96343994140625,668.2326049804688,540.9462280273438,618.3179931640625,545.0555419921875,654.0878295898438,659.0919799804688,625.5645751953125,667.8096923828125
288,9.599968881685575,643.5654907226562,211.86984252929688,655.5557250976562,205.30712890625,633.7635498046875,203.9705352783203,669.4320678710938,211.47213745117188,617.4780883789062,209.38412475585938,678.1485595703125,245.53863525390625,603.9400634765625,262.37451171875,694.4964599609375,202.0325469970703,600.6524047851562,271.41607666015625,676.1672973632812,130.84066772460938,625.8255615234375,234.69448852539062,668.43798828125,417.6435852050781,617.2853393554688,422.81524658203125,668.50732421875,540.9481201171875,618.1683349609375,544.957275390625,654.2871704101562,659.1824951171875,625.5618286132812,667.5081176757812
289,9.633302106969206,643.689208984375,211.75096130371094,655.7516479492188,205.28683471679688,633.869140625,203.87725830078125,669.6543579101562,211.62606811523438,617.4603881835938,209.42491149902344,677.9909057617188,245.29544067382812,604.1898193359375,262.3170166015625,694.2327270507812,198.80068969726562,601.3133544921875,268.9748229980469,675.7862548828125,127.21122741699219,625.4381713867188,232.62399291992188,668.186767578125,418.0967712402344,617.2703857421875,423.28399658203125,668.4400634765625,541.1011352539062,618.2762451171875,545.1011352539062,654.257080078125,659.4049682617188,625.58740234375,667.7174682617188
290,9.666635332252836,643.86669921875,212.09555053710938,655.44287109375,205.22576904296875,634.1968994140625,204.0962371826172,669.1964721679688,211.567138671875,619.4805908203125,210.22605895996094,678.7363891601562,248.19869995117188,602.4927978515625,267.1739501953125,690.502197265625,200.6915740966797,595.1179809570312,287.06951904296875,669.0448608398438,122.63998413085938,625.318603515625,261.45001220703125,665.2605590820312,421.4692077636719,614.6417846679688,426.8362731933594,668.2664184570312,542.8438720703125,617.0205688476562,543.479248046875,657.4114379882812,666.0474853515625,625.809326171875,669.3889770507812
291,9.699968557536467,643.6661987304688,211.8880615234375,655.7879028320312,205.45236206054688,633.9053344726562,203.94337463378906,669.7643432617188,211.9409942626953,617.6075439453125,209.45204162597656,678.0690307617188,246.48779296875,604.5077514648438,262.33782958984375,694.7662353515625,202.3431854248047,601.0045166015625,269.5898132324219,676.5916137695312,131.51785278320312,623.8343505859375,235.00257873535156,667.9959716796875,418.7878112792969,617.4120483398438,423.4859313964844,667.746826171875,541.4241333007812,618.4685668945312,545.0159301757812,654.12548828125,659.0429077148438,626.13623046875,667.201416015625
292,9.733301782820098,643.9268188476562,211.8345184326172,655.9833984375,205.37457275390625,634.0840454101562,203.92933654785156,669.7989501953125,211.68777465820312,617.51416015625,209.36846923828125,678.0357666015625,245.5259246826172,604.5928344726562,262.0340881347656,694.8267211914062,199.26112365722656,602.5570678710938,268.1249694824219,676.686767578125,127.63900756835938,626.1961669921875,232.42071533203125,668.2061767578125,418.6483459472656,617.54541015625,423.585205078125,668.0751953125,541.4403686523438,618.4910888671875,545.1588134765625,654.2418212890625,659.704833984375,626.1509399414062,667.8726196289062
293,9.766635008103727,643.8411254882812,211.77769470214844,655.9332275390625,205.4047393798828,634.05810546875,203.87966918945312,669.6895141601562,211.92919921875,617.4551391601562,209.42095947265625,677.7509155273438,245.8258819580078,604.6080932617188,261.9386291503906,694.8777465820312,198.5402374267578,601.5984497070312,265.6387634277344,676.4529418945312,127.08444213867188,623.0877685546875,229.11183166503906,667.8568725585938,419.1103210449219,617.4481201171875,423.927001953125,667.8287353515625,541.7623291015625,618.2227783203125,545.7359619140625,654.2958374023438,659.983642578125,625.6773681640625,668.6268920898438
294,9.799968233387357,643.7413330078125,211.66664123535156,655.8927001953125,205.4683074951172,634.0467529296875,203.8525390625,669.711181640625,212.23536682128906,617.6475830078125,209.4386444091797,677.4498291015625,245.9308319091797,605.3295288085938,260.9010009765625,694.483642578125,196.95571899414062,602.6015014648438,259.4169616699219,676.2098999023438,125.46150970458984,622.9072265625,220.7023162841797,667.5670776367188,419.0923156738281,617.7281494140625,423.5506896972656,667.5309448242188,541.7413330078125,618.361328125,545.6737060546875,654.29443359375,659.48583984375,625.6010131835938,668.3482666015625
295,9.833301458670988,643.8173828125,211.63845825195312,655.9509887695312,205.43431091308594,634.0962524414062,203.85870361328125,669.7604370117188,212.21536254882812,617.7098999023438,209.51358032226562,677.696044921875,245.84170532226562,605.4364624023438,260.9041748046875,694.5794067382812,196.53338623046875,603.4490356445312,258.5005798339844,676.1575927734375,124.9686279296875,623.9800415039062,218.2777557373047,667.7782592773438,419.34521484375,617.7654418945312,423.802978515625,667.8003540039062,541.8646850585938,618.2288818359375,545.4924926757812,654.5557250976562,659.5879516601562,625.66748046875,667.8746337890625
296,9.866634683954619,643.8397827148438,212.08380126953125,655.5147705078125,205.332763671875,634.13525390625,204.06961059570312,669.4358520507812,211.6817169189453,619.3282470703125,210.3027801513672,678.357421875,247.5459442138672,603.71435546875,266.9198913574219,689.613525390625,191.45936584472656,597.1087036132812,277.436767578125,668.496337890625,114.26654815673828,623.3739624023438,248.28514099121094,665.1099853515625,422.8631591796875,615.4791259765625,428.1368408203125,667.9834594726562,543.4014892578125,616.9873046875,543.3802490234375,658.3318481445312,667.12890625,625.6701049804688,668.6853637695312
297,9.89996790923825,643.7887573242188,212.18170166015625,655.4573364257812,205.37144470214844,634.0499877929688,204.15467834472656,669.4768676757812,211.5780487060547,619.2720947265625,210.35202026367188,678.55322265625,247.27284240722656,603.7402954101562,267.0653381347656,689.7081909179688,192.2886962890625,597.0446166992188,279.93267822265625,668.2332763671875,115.11886596679688,622.8690795898438,252.2775421142578,665.150146484375,422.2389831542969,615.4088745117188,427.57135009765625,667.984375,543.5330200195312,617.0005493164062,543.3302612304688,658.23193359375,666.9508666992188,625.5785522460938,668.1666259765625
298,9.93330113452188,643.7542724609375,211.98971557617188,655.4848022460938,205.35952758789062,634.0663452148438,204.04251098632812,669.5451049804688,211.77398681640625,619.3801879882812,210.28102111816406,678.185546875,247.22654724121094,605.0016479492188,265.6142578125,689.2344360351562,189.72885131835938,600.7012939453125,270.70166015625,667.7329711914062,112.1996841430664,626.769775390625,236.80551147460938,664.8826904296875,422.5658264160156,615.8666381835938,427.4240417480469,667.7154541015625,543.5457763671875,616.880615234375,543.2431030273438,658.7750244140625,666.9325561523438,625.3414306640625,668.0306396484375
299,9.96663435980551,643.4926147460938,212.1581268310547,655.2471923828125,205.41307067871094,633.8480834960938,204.14974975585938,669.4483642578125,211.6462860107422,619.3604125976562,210.37893676757812,678.326171875,246.9515380859375,604.1737060546875,267.3272705078125,689.44091796875,190.8130340576172,597.94580078125,280.9874267578125,668.2313232421875,113.66032409667969,623.602783203125,255.18882751464844,664.9832763671875,422.0223083496094,615.6007080078125,427.5165710449219,667.8798217773438,543.1096801757812,616.9409790039062,543.0853881835938,658.4144287109375,666.5978393554688,625.3804931640625,668.04052734375
300,9.99996758508914,643.5827026367188,212.1516876220703,655.3875122070312,205.45074462890625,633.9366455078125,204.10064697265625,669.6141967773438,211.7946319580078,619.3587646484375,210.34451293945312,678.0758666992188,247.1799774169922,604.4957885742188,267.3601989746094,689.2522583007812,190.22616577148438,598.7661743164062,280.4137268066406,668.2942504882812,112.56734466552734,623.9420166015625,255.22328186035156,664.8822631835938,422.26397705078125,615.8321533203125,427.676025390625,667.71435546875,543.0243530273438,617.0846557617188,543.0870361328125,658.2296142578125,666.8955688476562,625.17626953125,668.6827392578125
301,10.03330081037277,643.5270385742188,211.71417236328125,655.7880249023438,205.489013671875,633.8034057617188,203.8647003173828,669.9843139648438,212.3289337158203,617.744873046875,209.66909790039062,677.8433227539062,246.09869384765625,606.2229614257812,261.7840576171875,694.8216552734375,197.7391815185547,604.8551635742188,263.5163269042969,677.0003662109375,126.64884185791016,625.0736694335938,227.61837768554688,667.6455688476562,419.1733093261719,618.0445556640625,423.6388854980469,667.6063842773438,541.8404541015625,618.3516845703125,545.226806640625,654.386962890625,660.0924072265625,625.0411987304688,668.0919189453125
302,10.066634035656401,643.1969604492188,211.68040466308594,655.587646484375,205.40721130371094,633.4351196289062,203.798095703125,670.1593627929688,212.25531005859375,617.62744140625,209.67515563964844,678.0988159179688,246.12303161621094,606.566162109375,261.8592834472656,694.9526977539062,197.87351989746094,605.6902465820312,263.9022521972656,676.85498046875,126.00536346435547,626.025390625,228.02362060546875,667.7109375,419.0164489746094,618.1362915039062,423.4394226074219,667.5330810546875,541.5044555664062,618.475830078125,544.8021850585938,654.3959350585938,659.9481201171875,625.2492065429688,667.877685546875
303,10.099967260940032,643.3704833984375,211.83168029785156,655.70166015625,205.56594848632812,633.612548828125,203.97067260742188,670.2195434570312,212.37425231933594,617.8256225585938,209.6748504638672,678.494140625,246.63699340820312,606.7982788085938,260.9016418457031,695.4568481445312,200.18617248535156,607.0936889648438,260.48614501953125,676.9768676757812,129.5260009765625,629.22607421875,223.21624755859375,668.0239868164062,419.4111328125,618.1737060546875,423.3247985839844,667.911376953125,541.8878784179688,618.3223266601562,544.472900390625,655.0958862304688,660.3125,625.4273681640625,667.4130249023438
304,10.133300486223662,643.5658569335938,212.15614318847656,655.8912353515625,205.79942321777344,633.7628784179688,204.25596618652344,670.3952026367188,212.40557861328125,617.8165893554688,209.8561248779297,678.9237670898438,246.5220489501953,606.2838745117188,261.5555725097656,696.17919921875,200.37294006347656,606.4144287109375,264.01202392578125,677.0137939453125,129.05519104003906,630.4470825195312,228.53355407714844,668.4177856445312,419.4410400390625,618.0098266601562,423.6533508300781,668.3358764648438,541.932861328125,618.347900390625,544.9818115234375,655.01953125,660.375732421875,625.4798583984375,668.1161499023438
305,10.166633711507293,643.8003540039062,212.51873779296875,655.534912109375,205.7067413330078,634.0802001953125,204.55050659179688,669.8849487304688,212.0403594970703,619.78271484375,210.8321990966797,679.6913452148438,248.3215789794922,604.5096435546875,266.920654296875,690.97216796875,198.00146484375,599.39453125,281.9724426269531,668.3761596679688,121.03754425048828,628.0391235351562,255.54153442382812,665.6044921875,422.78045654296875,615.370849609375,427.604736328125,668.687744140625,544.2284545898438,616.8726806640625,543.497802734375,659.0471801757812,668.0358276367188,625.3038330078125,669.0843505859375
306,10.199966936790924,643.762939453125,212.31399536132812,655.5022583007812,205.52293395996094,634.0476684570312,204.37109375,669.8228149414062,212.01144409179688,619.7315063476562,210.8788299560547,679.6592407226562,248.39608764648438,604.2515258789062,267.679443359375,690.7892456054688,197.71961975097656,597.53515625,283.7163391113281,668.211669921875,121.34407806396484,623.771728515625,258.2591552734375,665.8297119140625,422.9549255371094,615.5631713867188,428.0315856933594,668.8895874023438,543.9800415039062,616.5578002929688,543.5247192382812,659.5775146484375,667.416259765625,624.9720458984375,668.64453125
307,10.233300162074555,643.9368896484375,212.44876098632812,655.6434326171875,205.62933349609375,634.2113647460938,204.44093322753906,669.922119140625,212.0222625732422,619.794189453125,210.8795928955078,679.6116333007812,248.30116271972656,604.5065307617188,267.7175598144531,690.6884155273438,197.306396484375,598.2803955078125,284.2977600097656,667.8436279296875,120.22184753417969,624.1289672851562,259.5204162597656,665.704345703125,423.0637512207031,615.5921630859375,428.078369140625,668.83642578125,544.5745849609375,616.7122802734375,543.7222290039062,659.8895874023438,668.7637329101562,625.0365600585938,669.2510986328125
308,10.266633387358183,643.6388549804688,212.32778930664062,655.5219116210938,205.59658813476562,633.94091796875,204.25466918945312,670.1673583984375,212.11390686035156,619.7376708984375,210.6805877685547,679.4981079101562,248.48321533203125,605.51025390625,266.90411376953125,690.52734375,195.22732543945312,600.0650024414062,278.6717834472656,667.7711181640625,117.81373596191406,625.1351318359375,252.01885986328125,665.6005249023438,423.3908386230469,616.1123046875,427.97723388671875,668.6265869140625,544.6488647460938,616.8082275390625,543.56982421875,660.3876342773438,668.3055419921875,624.7999267578125,668.5220947265625
309,10.299966612641814,643.9450073242188,212.33116149902344,655.6746215820312,205.5448760986328,634.2001342773438,204.34397888183594,670.0603637695312,212.04205322265625,619.8396606445312,210.80564880371094,679.7322998046875,248.69400024414062,605.0775756835938,267.2292785644531,691.0447387695312,198.8131103515625,600.0999755859375,283.01922607421875,668.2471313476562,122.43850708007812,627.0849609375,259.2115783691406,665.9130859375,422.8652648925781,615.9716796875,427.59075927734375,669.149169921875,544.5383911132812,617.0790405273438,543.733154296875,660.3162231445312,668.0209350585938,624.9801635742188,669.0086669921875
310,10.333299837925445,643.9803466796875,212.36248779296875,655.63330078125,205.5926055908203,634.2080688476562,204.46136474609375,669.8861083984375,212.20811462402344,619.8182373046875,211.05006408691406,680.1257934570312,249.1220703125,604.9900512695312,266.91986083984375,691.6504516601562,201.1964569091797,600.0441284179688,281.3223571777344,668.4121704101562,125.60702514648438,627.3402709960938,254.23556518554688,666.2822875976562,422.9983825683594,616.017822265625,427.4809265136719,669.3763427734375,544.3941650390625,616.8576049804688,543.3090209960938,660.6381225585938,668.3805541992188,625.181640625,668.9235229492188
311,10.366633063209076,644.1033325195312,212.45095825195312,655.6971435546875,205.65130615234375,634.2969360351562,204.59219360351562,669.913330078125,212.16256713867188,619.9127197265625,211.13990783691406,680.247802734375,248.99655151367188,605.19189453125,266.5047607421875,691.8238525390625,200.47947692871094,599.65234375,278.65252685546875,668.15966796875,124.40507507324219,627.4519653320312,249.3991241455078,666.5693969726562,422.9383239746094,616.3735961914062,427.4499206542969,669.5849609375,544.0533447265625,617.4149780273438,543.6104736328125,660.2417602539062,667.838623046875,625.1500244140625,669.3430786132812
312,10.399966288492706,644.0025024414062,212.55682373046875,655.8292236328125,205.77935791015625,634.279296875,204.50588989257812,670.3114013671875,212.3492431640625,619.8665161132812,210.89410400390625,679.9149780273438,249.33551025390625,605.0164794921875,267.1668701171875,691.606201171875,199.14947509765625,598.8603515625,280.2663879394531,668.4558715820312,122.65531158447266,626.0420532226562,254.07301330566406,666.4067993164062,423.07568359375,616.5086059570312,427.745849609375,668.9700317382812,544.1764526367188,617.5828857421875,544.2210693359375,659.7091064453125,667.8018798828125,625.6087646484375,670.1487426757812
313,10.433299513776337,644.3107299804688,212.5233917236328,656.1383056640625,205.67269897460938,634.528076171875,204.45729064941406,670.6356201171875,212.0397491455078,620.0308227539062,210.82273864746094,680.075439453125,248.5330352783203,605.34716796875,267.1515808105469,691.1240234375,195.5814971923828,598.9403686523438,277.8249206542969,667.5894775390625,118.99430847167969,624.7300415039062,248.6024169921875,666.4853515625,422.98992919921875,616.7311401367188,427.9076843261719,668.9712524414062,543.8974609375,617.8218994140625,543.9627685546875,659.6892700195312,667.9227905273438,626.0252685546875,669.732177734375
314,10.466632739059968,644.5289306640625,212.2599639892578,656.3218383789062,205.39962768554688,634.7288818359375,204.1346893310547,670.6835327148438,211.90257263183594,620.012939453125,210.61456298828125,679.9913940429688,248.68226623535156,604.6405639648438,268.3160095214844,691.0899047851562,197.36117553710938,597.9865112304688,285.5991516113281,667.6962280273438,119.95397186279297,623.95068359375,261.99017333984375,666.5918579101562,422.9364929199219,616.5498657226562,428.17181396484375,669.0469970703125,544.2109985351562,618.095703125,544.2520141601562,659.0610961914062,668.6633911132812,626.2552490234375,670.6219482421875
315,10.499965964343598,644.6787109375,212.1475067138672,656.4066772460938,205.3437957763672,634.8596801757812,204.0581817626953,670.7244873046875,211.8904571533203,620.1915283203125,210.53053283691406,680.1580200195312,248.89024353027344,605.2364501953125,267.5535583496094,691.2632446289062,197.76010131835938,599.1901245117188,282.4320983886719,667.611572265625,120.42543029785156,625.3595581054688,257.2895812988281,666.6228637695312,423.1397705078125,616.7938232421875,427.9739074707031,669.22265625,544.669921875,618.598876953125,544.3524169921875,658.5140380859375,668.70458984375,625.87353515625,670.4682006835938
316,10.533299189627227,644.9351196289062,212.18263244628906,656.5324096679688,205.2628631591797,635.0885009765625,204.11410522460938,670.67578125,211.46896362304688,620.31494140625,210.55308532714844,679.9295043945312,247.68177795410156,604.9920043945312,268.5362854003906,690.705322265625,193.95420837402344,597.9564819335938,286.7524108886719,667.7496337890625,115.65176391601562,623.3453369140625,265.1092224121094,666.8438720703125,422.8817443847656,617.0748901367188,428.48907470703125,669.1487426757812,544.2032470703125,618.6505126953125,544.3004760742188,658.6181030273438,668.186767578125,625.9692993164062,669.8873291015625
317,10.566632414910858,644.9651489257812,212.0657958984375,656.5537109375,205.20449829101562,634.9930419921875,204.1497344970703,670.7423706054688,211.66021728515625,620.2249755859375,210.89450073242188,680.5208129882812,248.28488159179688,605.5862426757812,267.3734436035156,691.13818359375,194.80072021484375,597.7211303710938,277.8772277832031,667.4913330078125,118.2604751586914,621.3743286132812,248.60150146484375,667.1743774414062,423.52520751953125,617.4021606445312,428.5440673828125,669.355712890625,544.4647827148438,618.5401611328125,544.3594970703125,659.0831298828125,668.76318359375,625.7606811523438,670.10107421875
318,10.599965640194489,644.851318359375,211.896484375,656.2770385742188,205.00900268554688,634.7987060546875,204.2129364013672,670.4848022460938,211.62765502929688,620.414306640625,211.2798614501953,681.4578247070312,249.1290740966797,605.7647094726562,266.80517578125,692.4690551757812,201.21099853515625,596.8794555664062,278.64410400390625,668.2997436523438,125.61671447753906,621.7116088867188,249.7826690673828,667.654052734375,423.0550842285156,617.4223022460938,427.6212463378906,669.9539794921875,544.4498291015625,618.905517578125,544.2295532226562,659.2685546875,668.486083984375,625.5601806640625,670.341796875
319,10.63329886547812,645.013427734375,211.8111114501953,656.9615478515625,204.97024536132812,635.1192626953125,203.78480529785156,671.808837890625,211.46372985839844,620.7630615234375,210.470947265625,680.8997192382812,248.01495361328125,606.2901000976562,267.4170837402344,690.9360961914062,193.23585510253906,597.9564819335938,279.37060546875,668.0410766601562,118.0138168334961,622.015625,256.1614990234375,666.7677612304688,422.8397216796875,617.2821044921875,427.9454345703125,669.07470703125,543.7530517578125,618.5277099609375,543.9405517578125,659.1900634765625,668.3776245117188,625.6724853515625,670.397705078125
320,10.66663209076175,645.2716674804688,211.93699645996094,657.1715087890625,205.10308837890625,635.3692016601562,203.88790893554688,671.9019775390625,211.59144592285156,620.8341064453125,210.5941619873047,680.7496337890625,247.97390747070312,606.0234375,268.3142395019531,690.9365234375,192.39303588867188,597.5115966796875,283.42529296875,668.7988891601562,116.8572006225586,621.7146606445312,264.5382080078125,666.90478515625,422.5668640136719,617.4368896484375,427.9966125488281,669.19091796875,544.0440673828125,618.9569091796875,544.3231811523438,659.1053466796875,668.0913696289062,626.0044555664062,670.1441650390625
321,10.69996531604538,645.4345092773438,212.09828186035156,657.2612915039062,205.25450134277344,635.5540771484375,204.0583953857422,671.8829956054688,211.54940795898438,621.025390625,210.63111877441406,680.8292846679688,247.38865661621094,606.2520141601562,267.9283447265625,690.5286865234375,190.0598907470703,597.4217529296875,280.69561767578125,668.1129760742188,114.91996002197266,621.5581665039062,259.3307189941406,667.267578125,422.6423034667969,617.8580322265625,428.1221923828125,669.336669921875,544.4036254882812,618.945556640625,544.5247802734375,659.1609497070312,669.1729736328125,625.7868041992188,670.5172119140625
322,10.733298541329011,645.4579467773438,212.06710815429688,657.4170532226562,205.17620849609375,635.6126708984375,203.90150451660156,672.29931640625,211.4921875,621.1983642578125,210.48202514648438,681.0508422851562,247.6002960205078,606.1892700195312,269.19244384765625,690.865966796875,191.47068786621094,596.212646484375,288.1418151855469,669.0280151367188,115.61738586425781,618.720703125,273.3021545410156,667.493408203125,422.1146240234375,618.1342163085938,427.8751220703125,668.9197387695312,544.5072631835938,619.0702514648438,544.715087890625,658.5732421875,668.4996948242188,625.9659423828125,670.1744384765625
323,10.766631766612642,646.0451049804688,211.9297332763672,657.9564819335938,205.197998046875,636.18798828125,203.87205505371094,672.5470581054688,211.78443908691406,621.4719848632812,210.5728759765625,680.6917114257812,247.8702850341797,607.0140380859375,268.1877136230469,690.5431518554688,189.67652893066406,597.7658081054688,280.0939636230469,668.9196166992188,114.33171844482422,620.0372924804688,259.3160400390625,667.4182739257812,422.2466735839844,618.6676635742188,427.7171325683594,668.8665771484375,544.2222900390625,619.2583618164062,544.9661254882812,658.7955322265625,667.9129638671875,625.666748046875,670.4222412109375
324,10.799964991896271,645.63671875,211.98635864257812,657.6447143554688,205.26246643066406,635.807373046875,203.89686584472656,672.4865112304688,211.82855224609375,621.3111572265625,210.5895538330078,680.8981323242188,247.7025604248047,606.9110717773438,268.5478210449219,690.3865966796875,190.92897033691406,597.0899047851562,283.7344665527344,669.11328125,116.28838348388672,617.9041137695312,265.3215026855469,667.7261352539062,421.9191589355469,618.8295288085938,427.4166259765625,668.7777709960938,544.3157958984375,618.8936767578125,544.4104614257812,658.7002563476562,668.0361938476562,625.6217651367188,669.468994140625
325,10.833298217179902,645.6339111328125,212.13613891601562,657.7220458984375,205.37185668945312,635.8067016601562,204.0169219970703,672.7991333007812,211.76007080078125,621.548583984375,210.6864776611328,681.0420532226562,247.17135620117188,607.3886108398438,268.918701171875,689.9055786132812,187.4988250732422,597.5185546875,283.0564270019531,669.644775390625,112.92280578613281,617.8531494140625,264.1894836425781,667.6510009765625,422.4069519042969,618.9863891601562,428.1311340332031,668.712890625,544.6591186523438,618.8828735351562,544.4202270507812,658.93994140625,668.5142211914062,625.7076416015625,668.8746337890625
326,10.866631442463532,645.8286743164062,211.9566650390625,657.7745361328125,205.23452758789062,635.9965209960938,203.9907989501953,672.6635131835938,211.65179443359375,621.7931518554688,210.7047119140625,681.3828125,247.27597045898438,607.7025146484375,268.000732421875,690.5308837890625,189.07691955566406,598.5076904296875,280.1372985839844,669.8906860351562,115.6025161743164,620.2623901367188,259.8566589355469,667.7860717773438,422.2752685546875,619.0418701171875,427.6633605957031,668.7300415039062,544.2717895507812,618.956298828125,543.8646240234375,658.8840942382812,668.402587890625,625.8280029296875,668.8264770507812
327,10.899964667747163,645.7681884765625,211.82846069335938,657.8368530273438,205.18063354492188,635.981689453125,203.86778259277344,672.9284057617188,211.62374877929688,621.9649658203125,210.51123046875,681.6995849609375,246.98666381835938,608.4315795898438,266.8324279785156,690.5992431640625,187.0486602783203,599.4974365234375,273.42010498046875,669.3153076171875,114.5484390258789,620.7279052734375,249.1341094970703,667.9306030273438,422.6885986328125,619.3958129882812,427.73529052734375,668.5919799804688,544.4804077148438,618.8966064453125,543.8631591796875,659.0276489257812,668.9310913085938,625.9920654296875,668.9043579101562
328,10.933297893030794,646.2958984375,211.9431610107422,658.2965698242188,205.30172729492188,636.4714965820312,203.9975128173828,673.2155151367188,211.66793823242188,622.1669921875,210.60369873046875,681.61328125,246.66619873046875,608.6734619140625,267.1368103027344,690.6824340820312,186.52296447753906,600.4359130859375,276.0357666015625,670.18896484375,113.98793029785156,621.5321655273438,254.65806579589844,668.0270385742188,422.3377990722656,619.6211547851562,427.5585632324219,668.5660400390625,544.5206909179688,618.8882446289062,543.8961791992188,659.163818359375,668.938232421875,625.8093872070312,668.8614501953125
329,10.966631118314424,646.7138061523438,211.95330810546875,658.7191772460938,205.36685180664062,636.844482421875,204.00363159179688,673.55712890625,211.91152954101562,622.3561401367188,210.6732177734375,681.8722534179688,247.0056915283203,608.609619140625,266.7893981933594,690.2998046875,187.4102783203125,600.1953125,273.9356689453125,669.5927124023438,114.73897552490234,621.3447875976562,248.93896484375,668.1786499023438,422.0506591796875,619.5121459960938,427.0456848144531,668.8712158203125,544.4415893554688,618.8128662109375,543.41162109375,658.8291015625,668.9523315429688,625.6041259765625,668.2766723632812
330,10.999964343598055,646.7339477539062,212.04678344726562,658.7576293945312,205.41717529296875,636.8670043945312,204.0186309814453,673.62060546875,211.91995239257812,622.3505859375,210.598876953125,681.8330078125,247.2860107421875,608.3645629882812,267.17352294921875,690.7303466796875,186.7733917236328,600.238037109375,274.64813232421875,670.8941040039062,113.15667724609375,622.587890625,250.43495178222656,668.319580078125,422.53717041015625,619.588134765625,427.62091064453125,669.101806640625,544.0891723632812,619.1802978515625,543.1427612304688,658.9072875976562,669.0227661132812,626.115966796875,668.594970703125
331,11.033297568881686,646.7821044921875,211.75164794921875,658.7677612304688,205.20411682128906,636.93408203125,203.92230224609375,673.6256103515625,211.8241729736328,622.73974609375,210.62037658691406,682.2584228515625,247.2366943359375,608.9867553710938,265.5619812011719,690.4738159179688,186.99058532714844,600.425537109375,265.9090270996094,669.99462890625,114.47996520996094,622.9674072265625,233.77005004882812,668.4848022460938,422.6940612792969,619.7460327148438,427.38958740234375,669.2582397460938,544.2526245117188,619.0175170898438,543.4305419921875,659.1069946289062,668.596923828125,625.94140625,668.3073120117188
332,11.066630794165315,646.9459228515625,211.72906494140625,658.7694702148438,205.11669921875,637.0189819335938,203.99464416503906,673.4671020507812,211.6866455078125,622.7484130859375,210.86378479003906,682.552490234375,247.32489013671875,608.567138671875,266.64654541015625,691.3289184570312,188.79177856445312,599.421630859375,272.43780517578125,671.3280639648438,117.35552215576172,622.243896484375,246.5172119140625,668.7451782226562,422.6483154296875,619.7077026367188,427.6474609375,669.5389404296875,544.4738159179688,619.3557739257812,543.7865600585938,658.58349609375,668.9241943359375,625.7700805664062,669.0989990234375
333,11.099964019448946,646.7635498046875,211.7247772216797,658.6920166015625,205.1273193359375,636.8582763671875,203.9664306640625,673.5786743164062,211.6849822998047,622.7156372070312,210.74298095703125,682.5096435546875,247.39007568359375,609.0809936523438,265.7164306640625,690.9933471679688,187.9796600341797,599.6079711914062,266.9322814941406,670.5302124023438,117.03887939453125,621.54931640625,238.25552368164062,668.6747436523438,423.10345458984375,619.9786376953125,427.8048400878906,669.1746826171875,544.5249633789062,619.3311767578125,543.9608154296875,658.990478515625,668.8652954101562,625.9747924804688,669.1636352539062
334,11.133297244732576,646.7948608398438,211.69790649414062,658.751220703125,205.1713104248047,636.879150390625,203.96754455566406,673.6534423828125,211.83924865722656,622.68310546875,210.7719268798828,682.477783203125,247.49122619628906,609.3175659179688,265.3219299316406,691.0238647460938,187.946044921875,600.0206909179688,265.1043395996094,670.4146118164062,116.88978576660156,621.8463134765625,235.79931640625,668.8526611328125,423.1873474121094,620.231201171875,427.7531433105469,669.5062255859375,544.5028076171875,619.428955078125,544.1322631835938,659.1822509765625,668.87451171875,625.669677734375,669.6983032226562
335,11.166630470016207,647.5126342773438,212.0467071533203,659.4088134765625,205.12680053710938,637.5780029296875,204.2385711669922,674.477783203125,210.92718505859375,623.7039794921875,210.6688690185547,683.4462890625,246.01609802246094,609.622314453125,266.398193359375,690.9522705078125,187.15463256835938,599.8771362304688,272.9096984863281,670.352783203125,115.51223754882812,622.0877685546875,245.80043029785156,669.087890625,422.21929931640625,620.0418701171875,427.62310791015625,670.0455322265625,543.91162109375,619.7669677734375,543.7259521484375,659.2128295898438,667.9124755859375,626.2244262695312,668.6849975585938
336,11.199963695299838,647.5944213867188,212.09263610839844,659.4298095703125,205.13526916503906,637.655029296875,204.2893829345703,674.3560180664062,210.94619750976562,623.633056640625,210.8130645751953,683.6376953125,245.98048400878906,608.9210205078125,267.4540710449219,691.4302368164062,188.93833923339844,598.6024169921875,279.24322509765625,670.2498779296875,117.64259338378906,620.7554931640625,255.9757080078125,669.41796875,421.57568359375,619.8804321289062,427.3626403808594,670.6764526367188,543.4230346679688,619.7444458007812,543.5166015625,659.4332885742188,667.9832153320312,626.2241821289062,669.2150268554688
337,11.233296920583468,647.5245361328125,212.1249237060547,659.4639282226562,205.25942993164062,637.6520385742188,204.25048828125,674.4478149414062,211.17681884765625,623.5910034179688,210.61289978027344,683.1932983398438,246.2386932373047,609.4926147460938,266.5750427246094,691.5157470703125,187.44700622558594,600.3658447265625,274.2654113769531,670.84912109375,114.81017303466797,622.7880249023438,248.73448181152344,669.3490600585938,422.2256774902344,620.2592163085938,427.648193359375,670.5266723632812,543.3645629882812,619.4364624023438,543.5595703125,660.1512451171875,667.8434448242188,625.7936401367188,669.493896484375
338,11.266630145867099,647.6002807617188,212.20440673828125,659.46533203125,205.20974731445312,637.6943359375,204.28436279296875,674.3621215820312,210.9753875732422,623.5565185546875,210.71868896484375,683.6283569335938,245.71145629882812,608.4139404296875,268.20562744140625,691.7081298828125,188.5997314453125,597.9608154296875,283.5540771484375,670.2927856445312,116.17509460449219,620.8596801757812,262.22528076171875,669.8687133789062,421.515380859375,619.9619750976562,427.69476318359375,671.4468994140625,543.7161865234375,619.64794921875,544.2352294921875,659.6455078125,668.6870727539062,625.6064453125,670.35986328125
339,11.299963371150728,647.4047241210938,212.38180541992188,659.3595581054688,205.39613342285156,637.486572265625,204.3595733642578,674.430419921875,211.1822967529297,623.3478393554688,210.66709899902344,683.3818359375,246.14306640625,608.7367553710938,267.7451477050781,691.3463134765625,188.38540649414062,598.4208984375,281.0556335449219,670.5713500976562,115.78367614746094,620.219482421875,259.86181640625,669.826416015625,421.4937438964844,620.20361328125,427.2785949707031,671.7060546875,543.4998168945312,619.5092163085938,543.4705200195312,660.575439453125,668.470947265625,625.0977172851562,669.6533203125
340,11.333296596434359,647.310791015625,212.50411987304688,659.2631225585938,205.42916870117188,637.4344482421875,204.48654174804688,674.3448486328125,210.92080688476562,623.3402709960938,210.7075958251953,683.2774658203125,245.1782989501953,608.57666015625,268.5722351074219,691.0494384765625,186.65968322753906,598.0595092773438,285.0421447753906,669.84375,114.64775848388672,618.701904296875,266.29437255859375,669.8720703125,421.1142578125,620.2247924804688,427.524169921875,671.587890625,543.8108520507812,619.2732543945312,544.328369140625,660.7642822265625,669.1923828125,625.1922607421875,670.78564453125
341,11.36662982171799,647.3576049804688,212.2236785888672,659.1686401367188,205.23216247558594,637.4934692382812,204.26113891601562,674.0977172851562,210.86094665527344,623.5252685546875,210.6215362548828,683.411376953125,245.33316040039062,608.9127197265625,267.849365234375,690.9440307617188,186.15020751953125,598.1522827148438,281.12713623046875,669.5867919921875,113.76392364501953,618.2254638671875,259.5055847167969,669.9500122070312,421.63958740234375,620.3529052734375,427.6062927246094,672.205810546875,543.8557739257812,619.28759765625,543.4118041992188,661.4554443359375,669.7398071289062,624.5425415039062,669.8527221679688
342,11.39996304700162,647.4466552734375,212.45211791992188,659.2127075195312,205.2965545654297,637.5109252929688,204.3784637451172,674.093505859375,210.81619262695312,623.2608032226562,210.70823669433594,683.3299560546875,245.68954467773438,608.3602905273438,269.0030212402344,691.3280029296875,188.76626586914062,597.2070922851562,288.8397521972656,669.5689697265625,115.8567123413086,617.0485229492188,275.4757385253906,670.0332641601562,420.8734130859375,620.2348022460938,427.106201171875,672.0056762695312,543.3359375,619.17138671875,543.1878051757812,661.8216552734375,669.3977661132812,624.4794921875,670.1979370117188
343,11.43329627228525,647.0774536132812,212.4206085205078,658.93603515625,205.2661895751953,637.2103271484375,204.34725952148438,674.0645141601562,210.75982666015625,623.3402709960938,210.70016479492188,683.1754150390625,245.558837890625,608.99658203125,268.7658996582031,690.4785766601562,186.74148559570312,598.0935668945312,285.3069152832031,668.6087646484375,114.20683288574219,616.810546875,269.1758728027344,669.7389526367188,421.1989440917969,620.3543701171875,427.3313293457031,672.0463256835938,542.9166870117188,618.8839111328125,542.5491943359375,662.9110717773438,669.4859008789062,624.3248901367188,669.8034057617188
344,11.466629497568881,647.1262817382812,212.42332458496094,659.0107421875,205.28488159179688,637.2686767578125,204.31060791015625,674.1464233398438,210.89048767089844,623.3460693359375,210.75015258789062,682.9857177734375,245.64979553222656,608.9807739257812,269.5068664550781,690.64208984375,187.07681274414062,598.6821899414062,288.9811096191406,669.0969848632812,113.66527557373047,617.69775390625,275.12408447265625,669.6036987304688,420.7692565917969,620.2758178710938,427.1539306640625,672.4541015625,542.5324096679688,619.0455322265625,542.5951538085938,662.614990234375,669.7763671875,623.6332397460938,670.9491577148438
345,11.499962722852512,647.1699829101562,212.3742218017578,659.0493774414062,205.29745483398438,637.2992553710938,204.2374267578125,674.1027221679688,211.14242553710938,623.2833251953125,210.7902069091797,682.892822265625,246.27093505859375,608.9022827148438,269.4725646972656,690.1466674804688,187.95773315429688,599.1655883789062,287.9772644042969,668.7982177734375,114.32453155517578,618.3157958984375,272.7515563964844,669.5457763671875,421.42425537109375,620.11962890625,427.48388671875,672.4214477539062,542.8446044921875,618.3433227539062,542.0982666015625,662.9370727539062,670.3192749023438,622.9619750976562,670.2994384765625
346,11.533295948136143,647.22998046875,212.36923217773438,658.9945068359375,205.2030487060547,637.256103515625,204.28628540039062,674.01904296875,210.84518432617188,623.2037963867188,210.8120574951172,683.1695556640625,246.0443572998047,608.9174194335938,269.0804443359375,690.3436279296875,188.1149444580078,598.8551025390625,287.5572204589844,668.552490234375,114.77851867675781,618.2860717773438,274.4469909667969,669.6912231445312,421.93829345703125,620.0059204101562,427.9007873535156,672.6728515625,542.9059448242188,618.0921630859375,541.9767456054688,663.4599609375,670.2476196289062,622.302978515625,669.9601440429688
347,11.566629173419772,647.0582275390625,212.5071258544922,658.9965209960938,205.35594177246094,637.0880737304688,204.22610473632812,674.1328735351562,211.15431213378906,622.8761596679688,210.6168975830078,683.2620239257812,246.5869140625,608.37890625,268.78302001953125,690.3826293945312,189.50216674804688,597.8024291992188,286.3635559082031,668.4253540039062,115.08587646484375,617.6095581054688,269.40155029296875,669.7982177734375,422.62237548828125,619.6820678710938,428.2445068359375,672.5690307617188,543.4369506835938,617.018310546875,542.0516357421875,662.9971923828125,670.17236328125,621.2570190429688,669.0473022460938
348,11.599962398703402,647.1494140625,212.73428344726562,659.0774536132812,205.614990234375,637.2268676757812,204.47032165527344,674.1806030273438,211.27548217773438,623.052001953125,210.62875366210938,683.1361083984375,246.32327270507812,608.5827026367188,267.8260803222656,689.8535766601562,188.49813842773438,597.9806518554688,282.0758056640625,667.7607421875,113.95145416259766,618.2489013671875,261.0342102050781,669.6368408203125,422.2633056640625,619.6356811523438,427.6851806640625,672.0953979492188,543.4375610351562,616.749755859375,542.0460815429688,662.1699829101562,669.6783447265625,620.8438110351562,668.5298461914062
349,11.633295623987033,647.10009765625,212.8620147705078,659.110595703125,205.809814453125,637.1522216796875,204.57435607910156,674.2952270507812,211.63241577148438,623.041748046875,210.7432403564453,682.6141967773438,247.03817749023438,609.8805541992188,266.2492370605469,688.4476318359375,185.1793975830078,600.778076171875,267.7332458496094,666.3917236328125,108.82267761230469,619.9597778320312,234.80349731445312,669.1044921875,423.9907531738281,620.0128173828125,428.6472473144531,671.452880859375,544.3456420898438,616.4488525390625,542.3916625976562,663.3576049804688,669.9520874023438,620.929443359375,667.6829833984375
350,11.666628849270664,647.0555419921875,213.002685546875,658.875732421875,205.8194122314453,637.0820922851562,204.7662353515625,673.7801513671875,211.41189575195312,622.8487548828125,210.87460327148438,682.8286743164062,246.83982849121094,608.6574096679688,266.98345947265625,688.9332885742188,188.62826538085938,598.0565795898438,275.2778015136719,666.4254150390625,113.15843963623047,617.672119140625,247.16961669921875,669.5879516601562,423.623046875,619.6504516601562,428.6338806152344,672.2568359375,543.9088745117188,616.2838134765625,542.0675048828125,663.90087890625,669.9510498046875,620.989501953125,667.9476318359375
351,11.699962074554294,646.8811645507812,213.00167846679688,658.8179321289062,205.9225616455078,636.9989624023438,204.71104431152344,673.6943969726562,211.91110229492188,622.5353393554688,211.00271606445312,682.0647583007812,247.6871795654297,607.8087158203125,268.97705078125,689.0584716796875,189.98358154296875,597.3555297851562,285.21478271484375,667.0106811523438,113.88362884521484,616.8856811523438,268.99029541015625,669.435546875,423.1050109863281,619.7134399414062,428.55780029296875,671.65087890625,543.779296875,616.926513671875,542.5751342773438,664.0258178710938,670.179931640625,622.8706665039062,669.8477783203125
352,11.733295299837925,646.806396484375,213.08377075195312,658.76904296875,206.02940368652344,636.937744140625,204.77940368652344,673.5614013671875,211.97108459472656,622.1815795898438,211.07742309570312,681.3649291992188,246.8870849609375,607.0977172851562,270.0612487792969,688.799072265625,187.3769989013672,596.5599975585938,290.5902404785156,667.0825805664062,109.65190887451172,616.0760498046875,278.39141845703125,669.3026733398438,421.6202392578125,619.7861938476562,427.8533020019531,671.3536987304688,542.804931640625,618.0955810546875,542.5134887695312,663.449951171875,670.210205078125,624.9539794921875,670.9505615234375
353,11.766628525121556,646.7825317382812,213.14285278320312,658.7373657226562,206.12843322753906,636.9610595703125,204.89378356933594,673.4157104492188,211.87680053710938,622.1109619140625,211.0680389404297,680.7354736328125,245.74609375,607.0520629882812,269.986083984375,688.40576171875,184.59596252441406,596.706787109375,290.6258850097656,667.4799194335938,106.87646484375,616.6671752929688,276.6015930175781,668.9964599609375,420.2223205566406,620.0409545898438,426.9825439453125,670.613525390625,542.6594848632812,619.5383911132812,543.1604614257812,662.1504516601562,671.1390380859375,627.2312622070312,672.534912109375
354,11.799961750405187,646.498291015625,213.06407165527344,658.4987182617188,206.10748291015625,636.7269287109375,204.89637756347656,673.16064453125,211.83444213867188,621.9424438476562,211.04127502441406,680.2522583007812,245.1991424560547,607.1568603515625,269.4812927246094,687.4722290039062,182.551513671875,597.15673828125,287.4228515625,666.8589477539062,105.41598510742188,617.1267700195312,270.48297119140625,669.0191040039062,420.4027404785156,620.4075317382812,427.2684326171875,670.0795288085938,542.40185546875,619.6396484375,543.1339721679688,662.5184936523438,670.9739990234375,628.5930786132812,672.37939453125
355,11.833294975688815,646.251220703125,213.18234252929688,658.412841796875,206.25755310058594,636.4903564453125,204.94610595703125,673.3043212890625,212.08279418945312,621.8272705078125,211.0369415283203,679.6561889648438,245.6649932861328,607.91015625,268.8979187011719,686.56201171875,181.88525390625,598.9364624023438,282.65008544921875,666.9019775390625,103.79630279541016,618.8280639648438,261.7759094238281,668.6073608398438,421.0836486816406,620.7305297851562,427.67388916015625,669.8154296875,542.5659790039062,620.0186157226562,543.4549560546875,663.1917114257812,670.8978881835938,629.09033203125,672.6224365234375
356,11.866628200972446,645.9652099609375,213.04156494140625,658.2265014648438,206.10354614257812,636.2654418945312,204.75819396972656,673.173583984375,212.07986450195312,621.6331787109375,210.88485717773438,679.6198120117188,246.20062255859375,607.7108764648438,269.197021484375,687.1168212890625,183.1912841796875,598.6926879882812,282.68438720703125,666.822265625,106.08145141601562,617.7390747070312,262.44268798828125,668.703857421875,421.4964904785156,620.7024536132812,428.1056213378906,670.3661499023438,542.0836181640625,619.4801635742188,543.6724853515625,664.3843994140625,669.2637329101562,628.629638671875,672.431640625
357,11.899961426256077,645.963134765625,213.49957275390625,658.3193969726562,206.5050048828125,636.3164672851562,205.11419677734375,673.4299926757812,212.51174926757812,621.7401733398438,211.26171875,679.8532104492188,246.8141326904297,607.2918701171875,271.0672912597656,687.7871704101562,186.30029296875,597.496826171875,291.9802551269531,666.2970581054688,108.92134857177734,615.6566162109375,278.7476501464844,668.6592407226562,420.55499267578125,620.3220825195312,427.6401672363281,671.3155517578125,540.8822021484375,619.7160034179688,543.3829956054688,664.2816772460938,666.294921875,627.9911499023438,671.3482055664062
358,11.933294651539708,646.339111328125,213.48521423339844,658.4920654296875,206.86215209960938,636.7444458007812,205.5305938720703,673.1655883789062,213.45086669921875,622.474365234375,211.8967742919922,680.231689453125,248.4364471435547,609.1016845703125,265.96710205078125,688.4178466796875,185.3507537841797,600.5198364257812,256.20648193359375,666.9738159179688,107.6395034790039,622.6033935546875,207.9821319580078,668.8436889648438,422.5057373046875,620.9727172851562,427.95648193359375,671.4703979492188,540.4451904296875,619.650634765625,543.6939697265625,664.6844482421875,664.5849609375,627.7068481445312,670.1165771484375
359,11.966627876823338,647.4661865234375,215.52989196777344,659.2180786132812,208.63636779785156,637.776611328125,207.4799346923828,673.0286254882812,214.06048583984375,622.4808959960938,212.7732391357422,680.471923828125,247.77345275878906,608.1610717773438,266.2370910644531,688.942626953125,185.81971740722656,599.0448608398438,260.0811767578125,666.81787109375,112.46269226074219,620.7493896484375,217.45664978027344,669.625244140625,423.1937255859375,621.1141967773438,428.8260803222656,671.4193115234375,541.5568237304688,619.607177734375,544.0310668945312,663.5267944335938,665.5784301757812,628.1370849609375,669.6774291992188
360,11.999961102106969,648.2416381835938,216.4382781982422,659.8810424804688,209.3858184814453,638.3256225585938,208.33116149902344,673.912841796875,214.43167114257812,623.10546875,213.5015869140625,681.5675659179688,248.52577209472656,609.6126708984375,266.04571533203125,689.2625122070312,186.29800415039062,600.195068359375,256.8804016113281,667.8880615234375,112.73139190673828,620.3182983398438,212.7840576171875,669.6268310546875,424.3658447265625,621.5198974609375,429.3322448730469,670.51953125,543.585693359375,620.474853515625,544.3167724609375,661.4537353515625,668.7244873046875,627.7399291992188,670.1043090820312
361,12.0332943273906,648.857666015625,216.63626098632812,660.3729248046875,209.47056579589844,638.8382568359375,208.43231201171875,674.5380859375,214.1224365234375,623.7108154296875,213.73370361328125,682.2470703125,247.3541717529297,610.3907470703125,268.7572326660156,689.0001220703125,183.63909912109375,601.8929443359375,270.9280090332031,669.2818603515625,108.57410430908203,619.8595581054688,234.1793212890625,670.0489501953125,423.51605224609375,622.27197265625,429.1582946777344,670.1759033203125,544.2086791992188,621.7933959960938,542.8090209960938,659.3460083007812,669.387451171875,628.574462890625,666.6625366210938
362,12.06662755267423,649.297119140625,216.83741760253906,660.9209594726562,209.3668212890625,639.1741333007812,208.44898986816406,675.3643188476562,213.7064666748047,624.0326538085938,213.91160583496094,684.0046997070312,246.7103729248047,608.74658203125,274.4289855957031,691.4055786132812,187.96131896972656,600.070556640625,302.21875,672.7205810546875,115.66590881347656,617.404052734375,288.416015625,671.1306762695312,422.61956787109375,621.7918090820312,430.09515380859375,671.71533203125,544.3703002929688,622.7797241210938,542.4756469726562,657.3491821289062,670.1459350585938,629.8057861328125,666.7034301757812
363,12.09996077795786,649.9974975585938,216.65451049804688,661.5372924804688,209.09022521972656,639.91357421875,208.5015869140625,675.9690551757812,213.48292541503906,625.423583984375,214.083251953125,685.7711181640625,247.08425903320312,608.9745483398438,274.55511474609375,693.1405029296875,198.02459716796875,598.831787109375,309.8854064941406,675.20361328125,126.4541015625,617.2294921875,294.9019470214844,672.1953125,421.0052795410156,621.9033203125,428.61773681640625,672.8046875,544.3463134765625,623.0442504882812,542.9348754882812,655.6776733398438,669.238525390625,629.3782958984375,667.6420288085938
364,12.13329400324149,650.5140380859375,217.61544799804688,662.0361328125,209.880126953125,640.4738159179688,209.4185791015625,676.6043701171875,213.58221435546875,626.1546020507812,214.4813995361328,686.2550048828125,246.16775512695312,609.632080078125,275.2012939453125,693.1947021484375,196.0369873046875,599.8239135742188,313.12322998046875,676.299560546875,124.90147399902344,616.8610229492188,300.59698486328125,672.9271240234375,419.8910217285156,622.7106323242188,427.990478515625,672.945556640625,543.8442993164062,623.2874755859375,542.3226318359375,655.4285888671875,668.90625,629.6982421875,667.091064453125
365,12.16662722852512,650.8152465820312,218.17388916015625,662.4039306640625,210.39854431152344,640.8477783203125,209.84300231933594,677.135498046875,213.8934783935547,626.6583251953125,214.67941284179688,686.8418579101562,246.05555725097656,609.7581176757812,276.06085205078125,692.7841796875,193.84971618652344,600.314697265625,314.37957763671875,675.82666015625,121.6359634399414,616.8660278320312,299.67523193359375,673.8699340820312,420.478759765625,623.2907104492188,428.7422790527344,673.5430908203125,544.3223876953125,622.985107421875,541.825439453125,655.946044921875,668.4739379882812,629.9965209960938,664.6636352539062
366,12.199960453808751,651.060546875,218.42173767089844,662.5400390625,210.44691467285156,641.156005859375,210.1899871826172,677.5340576171875,213.13404846191406,627.4506225585938,214.67739868164062,687.5894775390625,243.8827362060547,610.5623779296875,275.43853759765625,693.6788940429688,190.3302459716797,600.79833984375,314.19793701171875,675.4519653320312,116.91529846191406,618.1116333007812,297.11322021484375,674.2222900390625,418.47991943359375,623.531982421875,427.3818359375,674.31787109375,542.1134643554688,623.87451171875,540.7769165039062,656.372802734375,667.23681640625,630.4461669921875,664.6204223632812
367,12.233293679092382,651.3916625976562,218.32301330566406,662.7589721679688,210.33633422851562,641.4752197265625,210.10501098632812,677.6071166992188,212.9618682861328,627.71142578125,214.5084228515625,688.088623046875,243.65057373046875,610.5090942382812,275.0324401855469,694.0079956054688,192.08045959472656,600.9500732421875,315.6436767578125,676.1253662109375,118.26801300048828,617.86865234375,297.88031005859375,675.1300048828125,417.16436767578125,623.9890747070312,425.8663024902344,675.2306518554688,540.95166015625,623.8892211914062,538.3663940429688,657.4849243164062,666.1919555664062,631.0958251953125,661.8084716796875
368,12.266626904376013,651.3731079101562,218.07339477539062,663.0220947265625,210.40447998046875,641.560546875,209.75369262695312,677.9287719726562,213.70594787597656,627.5899658203125,214.49684143066406,687.5943603515625,244.27041625976562,611.2738037109375,275.4098815917969,692.76611328125,188.97177124023438,603.8361206054688,313.3789978027344,675.0250244140625,117.56431579589844,623.2242431640625,299.56878662109375,674.6500244140625,417.81353759765625,624.2861938476562,426.23651123046875,674.0079345703125,540.2946166992188,622.5911254882812,537.159912109375,657.8428344726562,664.3134155273438,630.4331665039062,658.4356689453125
369,12.299960129659643,651.1676025390625,218.02020263671875,662.8035888671875,210.4056396484375,641.3602294921875,209.78604125976562,677.6892700195312,213.6389617919922,627.4131469726562,214.5712890625,687.2792358398438,243.4966583251953,611.6600341796875,275.17669677734375,691.9655151367188,186.73162841796875,606.2376098632812,311.86981201171875,673.7954711914062,116.1628646850586,627.7271728515625,296.3604431152344,674.4522094726562,417.8692932128906,624.3049926757812,426.45379638671875,673.7091674804688,540.0094604492188,622.1338500976562,537.0484008789062,657.6851196289062,663.8561401367188,629.9200439453125,657.697509765625
370,12.333293354943274,651.2457275390625,218.18557739257812,662.7066040039062,210.62411499023438,641.3703002929688,210.03173828125,677.3464965820312,214.026123046875,627.1693725585938,214.98487854003906,686.608642578125,244.411865234375,612.0921630859375,275.04779052734375,691.7977294921875,188.49636840820312,606.1629638671875,311.5763854980469,673.211181640625,117.30965423583984,625.3942260742188,301.1034851074219,674.1209716796875,417.6278076171875,624.715087890625,425.8255920410156,672.7929077148438,539.8312377929688,622.6439819335938,537.0106811523438,657.8928833007812,663.6431274414062,629.9248657226562,658.2728271484375
371,12.366626580226903,650.4940795898438,218.086669921875,662.1124877929688,210.54347229003906,640.6839599609375,209.85098266601562,677.108642578125,213.94512939453125,626.6738891601562,214.8103485107422,685.965087890625,244.18350219726562,612.320556640625,274.8488464355469,690.962646484375,186.38050842285156,607.2416381835938,309.6780090332031,671.0610961914062,114.1618881225586,626.2847290039062,297.9816589355469,673.1715087890625,417.1900329589844,624.3375244140625,425.2879943847656,671.6377563476562,539.0729370117188,622.5910034179688,536.1893310546875,658.2615966796875,663.0125732421875,630.8949584960938,657.10888671875
372,12.399959805510534,650.2938232421875,218.10018920898438,661.898681640625,210.71328735351562,640.4662475585938,209.9640655517578,676.7315673828125,214.4425048828125,626.2786865234375,215.1142578125,685.295166015625,244.98367309570312,612.86083984375,273.6269226074219,690.5185546875,186.27828979492188,607.6343383789062,301.166259765625,669.6099243164062,114.19129943847656,624.9171752929688,283.11273193359375,672.3485107421875,417.725830078125,624.2638549804688,425.0755615234375,670.511474609375,538.8646240234375,622.265869140625,535.9411010742188,658.2376708984375,663.161865234375,630.677978515625,657.4098510742188
373,12.433293030794164,650.2557373046875,218.29962158203125,661.6522827148438,210.76878356933594,640.2808837890625,210.332275390625,676.3683471679688,214.26416015625,626.01611328125,215.60414123535156,685.0250854492188,244.8456573486328,612.9087524414062,274.0003356933594,690.3660888671875,187.3004608154297,608.2084350585938,303.7822570800781,669.2754516601562,114.75472259521484,624.9026489257812,289.4600830078125,672.1385498046875,417.00531005859375,624.2277221679688,424.57598876953125,670.2400512695312,537.8858032226562,622.8411254882812,535.1822509765625,659.0738525390625,662.1755981445312,631.8865966796875,656.903076171875
374,12.466626256077795,649.5642700195312,218.67962646484375,660.9881591796875,211.06996154785156,639.6875,210.70204162597656,675.838623046875,214.529541015625,625.7163696289062,216.0415496826172,684.39306640625,245.229736328125,612.4715576171875,274.80810546875,690.0675659179688,187.05447387695312,606.531005859375,304.561767578125,669.202392578125,113.83598327636719,622.2352905273438,290.4539489746094,671.7844848632812,417.0390625,623.9912719726562,424.96795654296875,671.281982421875,536.7667846679688,623.052978515625,534.92236328125,662.12109375,661.6348266601562,632.5848388671875,657.4452514648438
375,12.499959481361426,649.34228515625,219.1576385498047,660.595947265625,211.5002899169922,639.354736328125,211.40782165527344,675.363037109375,215.0339813232422,625.4130249023438,217.11517333984375,684.384033203125,246.18287658691406,612.390625,274.850341796875,690.892333984375,188.37303161621094,605.0086669921875,300.35980224609375,669.1019897460938,115.1303482055664,620.5763549804688,282.9078674316406,671.5703735351562,417.4858703613281,623.6463623046875,425.3569030761719,672.4440307617188,536.0504150390625,623.327392578125,535.4276123046875,664.8281860351562,660.1311645507812,632.3840942382812,657.7033081054688
376,12.533292706645057,649.8270874023438,218.80091857910156,661.4760131835938,211.38922119140625,640.42822265625,210.5586700439453,676.216796875,215.48570251464844,626.7081909179688,215.70123291015625,684.7404174804688,247.58993530273438,611.0277709960938,274.4000549316406,691.77978515625,191.45205688476562,599.8101806640625,301.31427001953125,670.7928466796875,116.61764526367188,616.2266235351562,283.5540771484375,671.8930053710938,417.65924072265625,623.17333984375,425.0776062011719,673.5448608398438,535.8009033203125,622.4368286132812,534.9920654296875,666.2274169921875,658.8674926757812,632.5902099609375,656.7659912109375
377,12.566625931928687,650.6697387695312,219.38829040527344,661.9820556640625,211.78053283691406,641.2596435546875,211.28285217285156,676.1746826171875,215.6574249267578,627.5469360351562,216.4470977783203,685.4254760742188,248.06700134277344,609.8758544921875,276.7933044433594,692.5945434570312,197.20851135253906,597.867431640625,312.9298095703125,673.154052734375,123.07624816894531,616.0556030273438,297.9476318359375,672.8280029296875,416.9559326171875,623.1640625,425.3636779785156,674.668701171875,535.3563232421875,623.409423828125,535.2090454101562,664.6376953125,657.49609375,633.4585571289062,656.4951171875
378,12.599959157212316,650.8115844726562,219.7324676513672,662.0801391601562,212.155029296875,641.3988647460938,211.77110290527344,676.33203125,215.84918212890625,627.8392333984375,216.937255859375,685.728271484375,247.54029846191406,610.5459594726562,276.9425354003906,693.070556640625,194.7505340576172,599.1118774414062,311.4436950683594,673.8056030273438,121.18763732910156,618.6578979492188,295.2192687988281,673.210205078125,416.26727294921875,623.8744506835938,424.99322509765625,674.4799194335938,534.7782592773438,624.426025390625,535.4265747070312,663.2752075195312,655.4351806640625,634.1688232421875,655.3811645507812
379,12.633292382495947,650.9285888671875,219.7765655517578,662.2352905273438,212.25364685058594,641.6211547851562,212.01905822753906,676.7342529296875,215.74539184570312,628.5578002929688,217.16018676757812,686.1820068359375,246.37509155273438,611.7777099609375,276.6711120605469,693.4464111328125,193.2559814453125,601.8661499023438,311.5027770996094,674.216064453125,121.26016235351562,623.2832641601562,295.1602783203125,673.242431640625,414.4064025878906,624.30419921875,423.5046081542969,674.1885375976562,533.5310668945312,624.8737182617188,535.099365234375,662.0103759765625,653.3120727539062,634.2779541015625,654.6426391601562
380,12.666625607779578,652.2265014648438,218.01724243164062,663.2418823242188,210.80584716796875,643.0138549804688,210.7783660888672,677.1355590820312,214.62069702148438,630.2027587890625,216.66854858398438,687.2493896484375,243.7190704345703,613.7107543945312,275.422607421875,693.2445068359375,186.93109130859375,606.2869262695312,305.507568359375,671.6707153320312,118.61451721191406,629.6680908203125,282.4705810546875,673.3070678710938,414.1148681640625,624.6405639648438,423.4892578125,674.5916137695312,533.3816528320312,625.03369140625,534.6406860351562,661.620361328125,654.1119384765625,634.2435302734375,653.8228759765625
381,12.699958833063208,652.1337280273438,217.92413330078125,663.1444091796875,210.90403747558594,642.9216918945312,210.7154998779297,677.064453125,215.06028747558594,630.3433837890625,216.62765502929688,687.7454833984375,244.83810424804688,614.4617309570312,272.8745422363281,694.1751708984375,188.57188415527344,604.8550415039062,293.2677001953125,673.3639526367188,120.55936431884766,627.2969360351562,261.2464599609375,673.5728149414062,415.0127868652344,625.082275390625,423.0574645996094,675.134521484375,534.1115112304688,625.1443481445312,534.4266967773438,661.481689453125,655.0098876953125,632.7103881835938,653.791015625
382,12.733292058346839,652.6784057617188,218.28091430664062,663.4154052734375,210.91383361816406,643.25390625,210.98834228515625,677.1196899414062,215.6304931640625,631.3226318359375,217.03106689453125,688.23095703125,249.6482696533203,615.61376953125,272.3160705566406,694.917236328125,216.3638153076172,603.8775024414062,309.041748046875,677.0383911132812,136.3075714111328,630.6773071289062,277.717529296875,674.6082153320312,414.4747619628906,626.3302612304688,420.99371337890625,676.4161987304688,534.8606567382812,627.7612915039062,535.1939697265625,659.753662109375,653.2704467773438,631.109375,656.034423828125
383,12.76662528363047,652.9143676757812,219.5240936279297,664.1715698242188,212.5671844482422,643.910888671875,211.97390747070312,678.8541870117188,217.18734741210938,632.4544677734375,217.46018981933594,689.3126831054688,250.6678009033203,616.6648559570312,271.5237731933594,694.4705200195312,207.14691162109375,601.6945190429688,291.308349609375,676.946533203125,140.7587127685547,623.77294921875,261.35089111328125,673.5811157226562,416.62103271484375,625.9441528320312,422.1665344238281,674.8938598632812,535.9458618164062,626.9284057617188,534.275634765625,660.1198120117188,656.082763671875,631.9118041992188,654.251953125
384,12.7999585089141,652.8878173828125,219.67799377441406,664.134521484375,212.816162109375,643.9029541015625,212.22976684570312,678.8461303710938,217.9667510986328,632.654296875,218.22946166992188,689.5798950195312,252.37423706054688,616.7083740234375,273.1754150390625,695.122314453125,213.00018310546875,601.0993041992188,296.044677734375,677.7156982421875,147.1398162841797,623.0896606445312,264.8875732421875,674.0984497070312,416.5787658691406,626.452880859375,422.32073974609375,675.8897705078125,535.7545166015625,628.1117553710938,535.1193237304688,659.4572143554688,654.856689453125,631.9595947265625,654.919189453125
385,12.833291734197731,653.6615600585938,220.29656982421875,664.8649291992188,213.61148071289062,644.8773193359375,212.80442810058594,679.4249267578125,218.4665985107422,633.5601806640625,218.44078063964844,689.5693359375,251.77476501464844,618.4042358398438,273.4446105957031,694.7394409179688,208.5454559326172,604.9417114257812,294.16802978515625,677.6398315429688,147.4387969970703,625.1151733398438,266.4901123046875,674.5753173828125,416.3428955078125,627.8381958007812,422.15411376953125,676.2420043945312,535.3522338867188,628.0978393554688,534.23779296875,660.3828125,654.9557495117188,631.1403198242188,653.7650756835938
386,12.86662495948136,654.8016357421875,220.47967529296875,666.1249389648438,213.7659912109375,646.0394897460938,212.904296875,680.5399780273438,218.87423706054688,634.4085083007812,218.58363342285156,690.8758544921875,252.6009521484375,618.703125,274.96759033203125,696.4984741210938,215.46334838867188,609.124755859375,301.6825256347656,679.5737915039062,157.4540557861328,632.145263671875,271.552490234375,675.9839477539062,415.9230041503906,628.3336181640625,422.06427001953125,678.0947265625,535.028564453125,627.8873901367188,533.987060546875,660.9252319335938,654.162353515625,631.5283813476562,653.1856689453125
387,12.89995818476499,654.6085205078125,220.2041473388672,666.1038818359375,213.7423095703125,645.9744262695312,212.533935546875,680.6064453125,219.41835021972656,634.4921264648438,218.2822723388672,691.0280151367188,253.6500244140625,618.4598999023438,273.90863037109375,696.2713012695312,213.32363891601562,605.8441162109375,293.21673583984375,679.2023315429688,151.4709930419922,626.7711181640625,255.88966369628906,676.8960571289062,417.6380615234375,629.0795288085938,423.02191162109375,678.5962524414062,535.354248046875,627.3807373046875,533.6527099609375,661.5258178710938,653.71728515625,631.1266479492188,652.1282958984375
388,12.933291410048621,655.0086059570312,220.2955780029297,666.479248046875,213.8502960205078,646.3666381835938,212.56930541992188,680.8565063476562,219.486083984375,634.6918334960938,218.27755737304688,691.1788330078125,253.3739471435547,618.303466796875,274.5632019042969,696.2786865234375,210.36158752441406,605.64208984375,294.46484375,679.4342651367188,146.63375854492188,627.012939453125,257.372314453125,677.6982421875,417.7928771972656,629.7364501953125,423.464111328125,679.0262451171875,535.4412841796875,627.7720336914062,533.56689453125,661.6533203125,653.6216430664062,631.80517578125,651.4478149414062
389,12.966624635332252,654.9459228515625,220.14675903320312,666.3820190429688,213.63563537597656,646.35400390625,212.37591552734375,680.74169921875,219.12734985351562,634.688232421875,217.9213104248047,691.2152099609375,253.00674438476562,617.8131103515625,274.84979248046875,697.1997680664062,211.10946655273438,606.4224853515625,299.5128479003906,681.1784057617188,146.5800323486328,630.6787109375,267.6548767089844,678.060302734375,416.824951171875,629.7506713867188,422.7769470214844,679.3480834960938,534.5548706054688,628.1441650390625,532.77685546875,662.1940307617188,652.5272827148438,632.9113159179688,650.7234497070312
390,12.999957860615883,655.1475830078125,219.68142700195312,666.52392578125,213.36700439453125,646.6702270507812,211.96951293945312,680.7047119140625,219.2482147216797,635.0870361328125,217.73428344726562,691.2777099609375,253.42237854003906,618.2472534179688,275.2080383300781,697.4622192382812,211.9008026123047,607.9345703125,302.3618469238281,681.1484985351562,146.64266967773438,632.810302734375,275.1186828613281,678.7086791992188,417.40594482421875,630.5932006835938,423.2143859863281,679.4165649414062,534.9765014648438,628.4822387695312,532.809326171875,662.3490600585938,652.0440673828125,633.2371215820312,650.05615234375
391,13.033291085899513,655.8370971679688,219.33990478515625,666.9625854492188,212.9873046875,647.1945190429688,211.77001953125,680.7008666992188,219.07542419433594,635.3525390625,217.75596618652344,691.4617919921875,254.28196716308594,618.7975463867188,274.7431335449219,698.08447265625,218.6710662841797,609.9967651367188,304.4805908203125,682.7492065429688,153.5594940185547,635.6305541992188,277.3953552246094,679.26416015625,416.6544189453125,631.1936645507812,422.0943908691406,680.3264770507812,534.5195922851562,629.5831909179688,532.119140625,662.9765625,651.1101684570312,633.7946166992188,649.717041015625
392,13.066624311183144,656.235107421875,219.71395874023438,667.1958618164062,213.3662567138672,647.6167602539062,212.1066436767578,680.7193603515625,219.10874938964844,635.6431884765625,217.91372680664062,691.4381103515625,253.12818908691406,618.8621826171875,275.2696533203125,697.5091552734375,212.4480438232422,609.3220825195312,305.6235046386719,681.6420288085938,145.1376953125,633.0839233398438,281.3410339355469,679.6333618164062,416.2738952636719,631.6957397460938,422.0121765136719,680.1813354492188,534.3865356445312,629.7251586914062,531.0482788085938,662.7020263671875,650.8577880859375,633.8536376953125,647.3909912109375
393,13.099957536466775,655.8753051757812,219.9313201904297,666.8464965820312,213.56298828125,647.3269653320312,212.3321990966797,680.537841796875,219.29913330078125,635.63671875,218.1284637451172,691.5253295898438,253.771240234375,619.0810546875,275.26397705078125,697.9151611328125,215.57347106933594,609.6636352539062,305.0828857421875,682.51953125,150.7025604248047,633.5029296875,279.61871337890625,679.6145629882812,416.10662841796875,631.7821044921875,421.70074462890625,680.1563110351562,534.3040161132812,629.736572265625,531.167236328125,663.0863037109375,650.6019897460938,633.8231201171875,647.3817749023438
394,13.133290761750404,654.8812255859375,220.04165649414062,665.9598388671875,213.6693115234375,646.4738159179688,212.41932678222656,680.1295776367188,219.15382385253906,635.4248657226562,217.9947967529297,691.1691284179688,253.26943969726562,619.6830444335938,274.22003173828125,697.3211059570312,214.28250122070312,610.5771484375,301.9192810058594,681.550048828125,150.1505584716797,634.7623901367188,277.086669921875,678.7327270507812,416.6001281738281,631.3856201171875,421.91973876953125,679.8067016601562,534.5128173828125,629.677490234375,531.229248046875,663.77978515625,651.5001831054688,633.58935546875,647.9750366210938
395,13.166623987034034,656.1143188476562,220.49148559570312,667.4214477539062,213.90841674804688,647.1988525390625,212.56161499023438,681.079345703125,219.0945281982422,633.9814453125,217.98486328125,690.1050415039062,251.6540985107422,617.9796752929688,276.32818603515625,695.921630859375,200.44479370117188,610.720458984375,301.5041809082031,677.8118286132812,131.5008087158203,633.8973388671875,275.6138916015625,678.470947265625,417.7259521484375,630.765625,424.3398132324219,678.966064453125,534.7218017578125,628.7322387695312,532.43212890625,663.723388671875,652.9059448242188,634.9169311523438,649.450439453125
396,13.199957212317665,654.958984375,220.6702880859375,666.151123046875,213.99383544921875,645.9987182617188,212.82130432128906,679.959716796875,218.78067016601562,633.0786743164062,218.18714904785156,689.6298217773438,250.70098876953125,617.6534423828125,275.23199462890625,694.66064453125,197.29835510253906,608.9913330078125,294.26025390625,674.8983764648438,128.593505859375,630.7243041992188,260.6114807128906,678.0924682617188,417.61126708984375,630.4508056640625,424.1383361816406,678.6267700195312,534.507080078125,628.3961181640625,531.987060546875,664.220703125,653.4425048828125,634.7413330078125,648.5825805664062
397,13.233290437601296,654.357421875,220.68325805664062,665.5938110351562,213.98947143554688,645.34375,212.83746337890625,679.5853881835938,218.655517578125,632.5291748046875,218.1476593017578,689.316162109375,250.34288024902344,617.6585693359375,274.26763916015625,694.3529663085938,194.09422302246094,608.0121459960938,287.36865234375,675.532958984375,124.83235168457031,628.8296508789062,248.7961883544922,678.0006103515625,418.31304931640625,630.5476684570312,424.6781921386719,678.2208251953125,534.5261840820312,627.8920288085938,532.0519409179688,664.3894653320312,653.6944580078125,634.14892578125,648.4459228515625
398,13.266623662884927,654.2481689453125,220.70993041992188,665.5426635742188,214.02183532714844,645.1157836914062,212.9324493408203,679.4983520507812,218.79855346679688,631.948486328125,218.4682159423828,689.1773681640625,250.05340576171875,616.8235473632812,275.2813720703125,694.2095336914062,192.88699340820312,607.4493408203125,290.26336669921875,675.6363525390625,123.37589263916016,628.0321655273438,251.5581512451172,677.9246826171875,418.4551086425781,630.0902709960938,425.23822021484375,677.1504516601562,535.033935546875,626.7079467773438,532.6354370117188,663.2542114257812,653.8968505859375,634.0691528320312,648.2793579101562
399,13.299956888168557,654.049560546875,220.94076538085938,665.3973388671875,214.22601318359375,644.9508666992188,213.14151000976562,679.36767578125,218.8643798828125,631.8717041015625,218.44566345214844,689.0903930664062,249.92578125,616.4442749023438,273.9902038574219,693.5184326171875,190.8427276611328,605.9241943359375,280.1890869140625,675.3833618164062,120.6865463256836,626.9683227539062,229.2615966796875,677.9383544921875,418.8951416015625,629.8906860351562,425.5708923339844,676.6627807617188,535.154296875,625.9183959960938,533.148193359375,662.8710327148438,653.4050903320312,634.04052734375,647.6265258789062
400,13.333290113452188,653.9871826171875,221.14991760253906,665.427490234375,214.4591064453125,644.9125366210938,213.2544708251953,679.5501098632812,218.9409637451172,631.8549194335938,218.19021606445312,689.0460205078125,249.90135192871094,616.6599731445312,272.6728210449219,693.0285034179688,190.36871337890625,605.865478515625,275.794189453125,675.29296875,120.45560455322266,626.84716796875,224.34388732910156,677.7448120117188,419.0977478027344,629.8551025390625,425.2603454589844,675.8863525390625,535.6848754882812,625.6122436523438,532.9913940429688,662.2386474609375,653.81298828125,633.88232421875,647.1610717773438
401,13.366623338735819,654.3052978515625,221.19923400878906,665.6563110351562,214.270751953125,645.1134033203125,213.3519287109375,679.6524658203125,218.3620147705078,631.7631225585938,218.3675079345703,689.0491943359375,248.64999389648438,615.9261474609375,275.3163757324219,692.8955078125,192.9692840576172,605.6015625,293.5215759277344,674.3599853515625,124.7224349975586,625.8133544921875,253.00755310058594,677.453125,417.53369140625,629.1781005859375,424.9468994140625,676.2828979492188,534.8806762695312,625.943603515625,533.0585327148438,661.1055297851562,653.5669555664062,633.8275756835938,648.3612060546875
402,13.399956564019448,654.070068359375,221.16571044921875,665.396728515625,214.42091369628906,644.89013671875,213.29751586914062,679.3115844726562,218.57080078125,631.6736450195312,217.68565368652344,688.8595581054688,249.5948944091797,616.613037109375,268.6258544921875,692.279052734375,189.65138244628906,604.9192504882812,257.81317138671875,674.5728759765625,121.23011779785156,626.9049682617188,195.55197143554688,677.0618896484375,419.60247802734375,629.0628662109375,424.8383483886719,675.5239868164062,535.8068237304688,625.154541015625,533.1824340820312,661.3802490234375,654.436767578125,632.7555541992188,648.0326538085938
403,13.433289789303078,654.1386108398438,221.262451171875,665.4518432617188,214.2613525390625,644.7678833007812,213.36627197265625,679.411376953125,218.1667938232422,631.165771484375,218.11187744140625,688.8948364257812,248.9372100830078,615.8821411132812,273.4486083984375,693.10400390625,192.09823608398438,605.0050659179688,285.5898742675781,676.33203125,125.40958404541016,624.4812622070312,245.8357696533203,676.7998657226562,419.2508544921875,628.6682739257812,425.8059997558594,675.1845092773438,535.7828369140625,625.1880493164062,532.8569946289062,660.4878540039062,655.1136474609375,632.8299560546875,648.6718139648438
404,13.466623014586709,654.025634765625,221.51268005371094,665.2650756835938,214.43362426757812,644.7186889648438,213.548095703125,679.0423583984375,217.9409637451172,631.0557861328125,217.8857879638672,688.813232421875,248.1363983154297,615.5285034179688,272.6458435058594,692.6854248046875,191.6622314453125,604.326171875,282.9903869628906,674.358642578125,124.3255615234375,623.26806640625,237.04920959472656,676.9790649414062,419.1638488769531,628.6212158203125,425.7491760253906,674.9661865234375,535.9168701171875,624.8458862304688,532.9827270507812,659.9813232421875,655.781005859375,632.9464721679688,648.8280639648438
405,13.49995623987034,654.2258911132812,221.15975952148438,665.181640625,213.88052368164062,644.7014770507812,213.3589324951172,678.739013671875,217.27931213378906,630.8108520507812,218.17550659179688,688.723876953125,247.63914489746094,615.2913208007812,276.02325439453125,693.800048828125,194.9627685546875,606.3444213867188,304.8815002441406,676.4490966796875,127.3615951538086,625.5755004882812,280.5812072753906,677.0374145507812,417.51739501953125,628.7244873046875,425.2088623046875,675.0670776367188,534.9895629882812,625.9342651367188,532.3023071289062,659.3297119140625,654.4713745117188,633.23046875,648.7254638671875
406,13.53328946515397,653.8265991210938,221.0606231689453,664.8289184570312,213.96202087402344,644.39306640625,213.28709411621094,678.6072387695312,217.35887145996094,630.8470458984375,217.877197265625,688.6527099609375,247.62062072753906,616.1242065429688,272.89581298828125,693.9461669921875,190.657958984375,604.8182983398438,288.2269287109375,677.0439453125,123.0242691040039,622.5469970703125,254.8015899658203,676.6461181640625,418.3215026855469,628.9544677734375,424.9101867675781,674.2217407226562,535.115234375,625.7586059570312,531.9867553710938,659.0352783203125,654.5911254882812,632.4318237304688,648.1552124023438
407,13.566622690437601,654.050048828125,221.3231201171875,664.9209594726562,214.22500610351562,644.5598754882812,213.62503051757812,678.6514282226562,217.4019317626953,630.9912719726562,218.0428009033203,688.9273681640625,247.3130340576172,616.7305908203125,271.6174011230469,694.4324340820312,190.34228515625,605.9774780273438,284.4567565917969,676.9751586914062,122.49819946289062,624.7284545898438,250.39022827148438,676.7862548828125,417.5035705566406,629.1705932617188,423.6948547363281,674.3629150390625,534.5909423828125,626.2356567382812,531.1156616210938,659.0406494140625,653.9136962890625,632.385986328125,647.148193359375
408,13.599955915721232,654.4216918945312,221.94532775878906,665.3082275390625,214.8409423828125,644.9592895507812,214.1782684326172,678.9898071289062,217.90733337402344,631.336669921875,218.41734313964844,689.0825805664062,247.76483154296875,617.0819091796875,271.1679992675781,693.2548828125,187.6515350341797,605.026123046875,275.31280517578125,674.4649658203125,120.34200286865234,622.2869262695312,232.35269165039062,677.170654296875,418.56207275390625,629.723876953125,424.565185546875,674.2532348632812,535.1755981445312,626.3262939453125,531.7587890625,659.0719604492188,654.3872680664062,632.7786254882812,647.0205078125
409,13.633289141004862,654.978515625,222.41407775878906,665.91015625,215.1166534423828,645.3142700195312,214.6113739013672,679.5635375976562,218.12327575683594,631.2241821289062,219.06944274902344,689.3038940429688,247.93955993652344,616.7830810546875,274.213134765625,693.5138549804688,190.40853881835938,607.4257202148438,289.84521484375,675.0777587890625,122.98111724853516,625.873046875,254.73635864257812,677.2695922851562,418.5296630859375,629.4519653320312,425.4501647949219,674.8130493164062,535.8135375976562,626.6671142578125,532.7463989257812,658.984619140625,655.0634765625,633.4664306640625,648.3456420898438
410,13.666622366288491,654.8363647460938,222.32797241210938,665.7311401367188,214.9749298095703,645.1700439453125,214.52188110351562,679.381103515625,217.81448364257812,631.1519775390625,218.9617462158203,689.302490234375,247.18348693847656,616.8143920898438,274.77545166015625,693.619873046875,189.4980926513672,608.8801879882812,293.74365234375,674.962646484375,121.55426788330078,628.1597290039062,260.2626037597656,677.47021484375,418.5037841796875,629.5975952148438,425.81298828125,675.2733764648438,535.6715087890625,627.128173828125,532.5847778320312,658.984375,655.3643798828125,633.8933715820312,648.387451171875
411,13.699955591572122,654.6569213867188,222.18783569335938,665.5281372070312,214.8996124267578,645.1098022460938,214.33279418945312,679.1387939453125,217.7566680908203,631.2589721679688,218.62973022460938,689.1880493164062,247.4291534423828,616.8858642578125,273.5003356933594,693.5885620117188,187.7530975341797,607.1768798828125,285.58099365234375,674.7887573242188,120.21788787841797,625.2681274414062,247.29232788085938,677.4191284179688,418.8378601074219,629.781005859375,425.6641540527344,675.1278076171875,535.7943725585938,627.046875,532.4905395507812,659.6377563476562,655.73388671875,633.8521118164062,648.2525024414062
412,13.733288816855753,654.727783203125,221.10292053222656,665.3239135742188,214.4354705810547,646.0267333984375,213.39036560058594,678.2037963867188,218.1439666748047,633.4874877929688,217.62698364257812,688.9050903320312,248.57476806640625,617.7098999023438,270.32916259765625,693.3025512695312,190.6561279296875,605.0928955078125,273.5950927734375,673.7020874023438,121.63754272460938,624.7011108398438,225.347900390625,677.5191040039062,418.38519287109375,630.5582885742188,423.93572998046875,675.752685546875,535.2246704101562,627.3944702148438,531.5199584960938,660.1214599609375,654.3936157226562,633.0758056640625,647.1158447265625
413,13.766622042139383,653.9550170898438,221.0434112548828,664.6181640625,214.2860565185547,645.1890258789062,213.38526916503906,678.0257568359375,217.9993896484375,633.1358032226562,217.96786499023438,688.9551391601562,248.71841430664062,617.9840698242188,271.7511291503906,693.4302368164062,192.43801879882812,605.6630249023438,281.34405517578125,674.399169921875,125.08030700683594,626.2218017578125,241.51513671875,677.12353515625,417.56365966796875,630.3773193359375,423.4665222167969,676.0620727539062,534.5767211914062,627.858154296875,531.2982788085938,660.271728515625,653.6929321289062,632.3516235351562,647.2232055664062
414,13.799955267423014,653.6934204101562,221.667236328125,664.3887939453125,214.9610595703125,645.0780029296875,214.0543975830078,677.8031616210938,218.7310333251953,633.4445190429688,218.37893676757812,688.9676513671875,249.8704833984375,618.0523681640625,270.17572021484375,693.1806030273438,197.37353515625,603.3814697265625,273.99371337890625,674.4446411132812,131.09329223632812,623.1533813476562,225.9177703857422,677.22216796875,417.5545959472656,630.4920654296875,422.8664245605469,676.454345703125,534.3023071289062,627.9458618164062,531.5438842773438,660.66357421875,653.2014770507812,632.3968505859375,648.019287109375
415,13.833288492706645,656.0134887695312,222.347412109375,666.5562133789062,215.5254669189453,647.1251220703125,214.66798400878906,679.3460083007812,219.29808044433594,634.30859375,218.9328155517578,688.8458862304688,250.99322509765625,618.9923706054688,271.9468994140625,693.414306640625,201.8485107421875,608.0548095703125,286.7174072265625,678.01318359375,135.83070373535156,629.4340209960938,253.53770446777344,676.7599487304688,417.26275634765625,630.5603637695312,422.63592529296875,676.1781005859375,534.434326171875,628.5135498046875,531.1696166992188,660.0992431640625,653.3942260742188,632.2474365234375,648.93798828125
416,13.866621717990276,655.609619140625,222.3909149169922,666.2642822265625,215.57806396484375,646.7943725585938,214.7039337158203,679.3529052734375,219.43240356445312,634.3706665039062,219.0000457763672,689.1928100585938,251.2987518310547,618.91748046875,272.1116638183594,694.0305786132812,203.02734375,607.1939086914062,287.93292236328125,678.7057495117188,135.99945068359375,628.539306640625,254.90809631347656,677.0347290039062,417.68145751953125,630.5453491210938,423.0038757324219,676.47802734375,534.961181640625,628.1434936523438,531.7653198242188,660.50634765625,653.8113403320312,631.8452758789062,649.71923828125
417,13.899954943273904,655.9591064453125,222.71908569335938,666.6657104492188,216.00779724121094,647.1539916992188,214.9859619140625,679.7702026367188,219.89703369140625,634.5762939453125,219.03590393066406,689.1342163085938,251.9627685546875,619.0010375976562,270.6796569824219,693.40185546875,201.20887756347656,605.654541015625,278.4139404296875,678.3053588867188,134.96075439453125,626.2366333007812,241.67822265625,676.6812133789062,418.1583251953125,630.3487548828125,422.8266906738281,675.84521484375,535.10595703125,627.7349853515625,531.6146240234375,659.9799194335938,653.6411743164062,631.2318725585938,649.2670288085938
418,13.933288168557535,656.2599487304688,223.10765075683594,667.0928955078125,216.35122680664062,647.5429077148438,215.2672576904297,680.1638793945312,220.15118408203125,634.9061889648438,219.22232055664062,689.0880126953125,251.69139099121094,619.0670776367188,272.00164794921875,692.9917602539062,200.4226837158203,606.3551025390625,282.5336608886719,677.6155395507812,133.7713623046875,626.8783569335938,244.26953125,676.7275390625,418.39923095703125,630.40771484375,423.6504821777344,675.9142456054688,535.6688232421875,627.3273315429688,532.6875,659.9434814453125,655.0728149414062,631.140625,650.9349365234375
419,13.966621393841166,656.1351318359375,222.9713134765625,666.88671875,216.41091918945312,647.5228881835938,215.16799926757812,679.766357421875,220.42742919921875,635.0001220703125,219.05551147460938,689.1577758789062,251.97000122070312,618.5922241210938,269.7412414550781,693.0498046875,197.34523010253906,604.0293579101562,268.45709228515625,676.8626708984375,129.55763244628906,624.9534912109375,219.85015869140625,676.3648071289062,419.5221862792969,629.735107421875,423.98406982421875,675.4629516601562,536.6821899414062,626.66845703125,532.9823608398438,659.5662231445312,655.9716796875,630.6924438476562,650.2417602539062
420,13.999954619124797,656.5737915039062,222.50115966796875,667.1790161132812,215.8963165283203,647.95361328125,214.8109893798828,679.6229248046875,220.15293884277344,635.2789306640625,219.103759765625,688.8005981445312,252.2434539794922,618.2362670898438,271.5234069824219,693.3141479492188,200.4178924560547,604.8412475585938,278.5779724121094,677.9330444335938,132.76754760742188,627.5075073242188,236.46543884277344,675.7787475585938,419.7606201171875,629.1912841796875,424.8332824707031,675.6503295898438,536.6914672851562,627.1397705078125,533.7700805664062,659.8329467773438,655.9227905273438,631.2754516601562,651.7192993164062
421,14.033287844408427,656.5706787109375,222.3455810546875,667.0433959960938,215.78306579589844,647.9091796875,214.63055419921875,679.0648193359375,219.8441925048828,634.7699584960938,218.4663848876953,688.0816650390625,251.70591735839844,617.4921264648438,268.5061950683594,692.0882568359375,196.26881408691406,602.2122192382812,262.1310729980469,676.6309204101562,127.97801208496094,623.0919189453125,207.99974060058594,675.7350463867188,420.6555480957031,629.10693359375,425.14599609375,674.993408203125,537.3473510742188,626.6019287109375,534.2412109375,659.614990234375,655.8671264648438,631.3662109375,650.8213500976562
422,14.066621069692058,657.3648071289062,222.1363525390625,667.544677734375,215.3728485107422,648.6080932617188,214.4360809326172,678.88037109375,219.04791259765625,634.784423828125,218.04132080078125,687.5951538085938,250.61019897460938,617.049560546875,268.4814147949219,692.9596557617188,199.03717041015625,601.8212280273438,271.2879333496094,678.8988037109375,129.6461944580078,622.391357421875,224.4029083251953,675.7089233398438,419.8717956542969,629.0052490234375,424.75830078125,675.33740234375,536.98876953125,626.858154296875,534.3909912109375,660.5248413085938,656.3552856445312,631.4765014648438,652.6000366210938
423,14.099954294975689,653.527099609375,223.17864990234375,664.2969970703125,216.03561401367188,643.822021484375,215.56333923339844,677.6787109375,219.96116638183594,630.2020263671875,219.49627685546875,686.8226318359375,254.28167724609375,616.792724609375,266.16082763671875,694.3069458007812,213.64474487304688,601.0283813476562,266.9541931152344,680.0131225585938,134.755126953125,619.4659423828125,218.28976440429688,675.5924072265625,420.22052001953125,628.7605590820312,423.3214416503906,675.51904296875,538.685302734375,628.0880737304688,537.5953979492188,661.8814086914062,655.026123046875,631.19189453125,657.2242431640625
424,14.13328752025932,651.5745239257812,223.96878051757812,662.390380859375,216.70103454589844,641.598388671875,216.5124053955078,676.1695556640625,220.0534210205078,627.5067749023438,220.98646545410156,685.986328125,251.03643798828125,614.8849487304688,270.9812927246094,694.9259643554688,198.9853515625,604.8389282226562,277.728515625,679.1550903320312,121.99311828613281,626.0947265625,234.88975524902344,675.126708984375,420.7463073730469,627.701904296875,426.31854248046875,674.3314208984375,539.1671142578125,627.4190673828125,538.8641967773438,660.5286254882812,656.6416015625,632.9841918945312,656.568115234375
425,14.166620745542948,649.4588012695312,224.7456512451172,660.4730834960938,217.44175720214844,639.3421020507812,217.22482299804688,674.7007446289062,220.56854248046875,625.0626220703125,221.67726135253906,684.8963623046875,250.7265625,613.717529296875,272.3608703613281,694.8326416015625,192.41641235351562,607.3132934570312,273.406494140625,679.1814575195312,119.8962173461914,627.6273803710938,228.2558135986328,674.83740234375,422.5594482421875,627.5776977539062,428.6231384277344,673.5701904296875,539.4702758789062,627.8287963867188,538.95263671875,659.490966796875,658.605224609375,635.294921875,657.0969848632812
426,14.199953970826579,648.996826171875,224.90943908691406,659.6511840820312,217.36630249023438,638.655029296875,217.35958862304688,673.1104736328125,220.3016815185547,623.3845825195312,221.8678436279297,683.4153442382812,250.9008026123047,611.37451171875,274.54119873046875,693.80908203125,197.70355224609375,605.6887817382812,286.1567687988281,678.641357421875,124.6299057006836,626.2631225585938,244.07972717285156,674.667724609375,421.18182373046875,627.2139282226562,428.0172119140625,672.1005859375,539.1380004882812,628.0123901367188,538.93994140625,657.1824340820312,657.4223022460938,636.5570068359375,655.984619140625
427,14.23328719611021,648.6051025390625,224.48597717285156,659.2881469726562,217.0255126953125,638.188720703125,217.00479125976562,672.4470825195312,221.2362518310547,622.8505249023438,222.02281188964844,683.1657104492188,255.25181579589844,609.3524169921875,273.4325866699219,693.8433837890625,216.16278076171875,598.6839599609375,286.4079284667969,679.1178588867188,134.91619873046875,617.5825805664062,230.64559936523438,675.1703491210938,421.0293884277344,626.7156372070312,426.50677490234375,672.462158203125,539.7105712890625,628.0159912109375,539.8167724609375,656.9984130859375,655.028564453125,637.51904296875,656.6279907226562
428,14.26662042139384,647.8956909179688,223.87332153320312,658.6264038085938,216.23171997070312,637.7315063476562,216.26904296875,671.3700561523438,220.44622802734375,622.3646850585938,221.5842742919922,681.5442504882812,253.31884765625,606.1372680664062,280.21551513671875,690.939697265625,215.78887939453125,595.5282592773438,319.6162109375,676.501708984375,134.73634338378906,612.6967163085938,281.28814697265625,675.683837890625,419.0183410644531,626.4835815429688,427.6114501953125,673.485595703125,538.5123901367188,627.4193725585938,539.9505004882812,656.3582153320312,654.658935546875,638.197998046875,657.459716796875
429,14.299953646677471,647.4624633789062,223.6451873779297,658.3088989257812,216.26971435546875,637.3936157226562,215.75079345703125,670.7376708984375,221.45977783203125,621.6032104492188,220.8419952392578,680.3778076171875,258.9207763671875,606.539306640625,275.47918701171875,691.431884765625,241.2345428466797,597.1881103515625,313.7931823730469,676.6640625,164.5897979736328,622.4647216796875,273.2266540527344,673.9654541015625,421.125732421875,624.335205078125,426.21142578125,672.4061889648438,537.6638793945312,625.9254760742188,538.8948364257812,656.9653930664062,651.3762817382812,636.0704956054688,657.1450805664062
430,14.333286871961102,642.2509765625,222.47276306152344,654.115478515625,215.74952697753906,632.7518310546875,214.4077911376953,668.1304321289062,220.84860229492188,617.4983520507812,219.2299041748047,678.3134155273438,253.39732360839844,605.0142211914062,273.82244873046875,693.3643188476562,217.22044372558594,598.654541015625,296.5861511230469,674.3551635742188,139.81982421875,614.3899536132812,249.80335998535156,672.9679565429688,417.5143127441406,623.437255859375,423.76470947265625,671.1138305664062,537.4771728515625,625.791015625,540.4552001953125,656.6554565429688,650.9180297851562,638.1962280273438,656.7568969726562
431,14.366620097244732,641.61865234375,223.32872009277344,652.845947265625,216.18157958984375,632.3754272460938,215.50624084472656,666.5931396484375,219.7931671142578,618.4356079101562,219.9335479736328,677.8255615234375,250.11695861816406,603.748291015625,276.8260803222656,690.86376953125,210.03741455078125,595.157958984375,314.93408203125,671.0782470703125,134.27447509765625,614.9684448242188,279.8382873535156,671.8460083007812,417.891357421875,622.2525024414062,426.015380859375,672.5357055664062,535.4823608398438,625.1295776367188,538.498779296875,658.5088500976562,652.0758666992188,637.35546875,657.045654296875
432,14.399953322528363,640.8501586914062,223.66944885253906,652.6035766601562,216.70790100097656,631.8872680664062,215.45556640625,666.9593505859375,220.0921173095703,617.9987182617188,219.22772216796875,676.5336303710938,248.7631378173828,603.574951171875,277.4523620605469,688.159912109375,199.77792358398438,596.2161865234375,314.7165222167969,669.194091796875,124.08877563476562,612.5639038085938,284.7505798339844,670.9661865234375,418.6773376464844,622.2095336914062,427.2535095214844,671.7059936523438,535.4603271484375,625.2177734375,538.1273803710938,657.8386840820312,652.1907348632812,638.29833984375,656.4222412109375
433,14.433286547811992,639.7589721679688,224.24143981933594,651.4559936523438,217.10015869140625,630.7763061523438,216.05247497558594,666.13037109375,220.22206115722656,617.4480590820312,219.72007751464844,676.7463989257812,249.7288055419922,602.9114379882812,277.7976379394531,688.2817993164062,205.4735870361328,594.4578247070312,316.67755126953125,668.9437255859375,130.32052612304688,611.4723510742188,283.6623229980469,671.1245727539062,418.7582092285156,621.9392700195312,427.20806884765625,671.669189453125,535.4844970703125,625.3544921875,538.1725463867188,656.8838500976562,651.8668823242188,638.389892578125,656.3110961914062
434,14.466619773095623,638.6978759765625,222.9763946533203,650.8390502929688,216.29742431640625,629.3302001953125,215.0105438232422,666.0527954101562,220.83456420898438,615.0294189453125,219.9228515625,676.1441650390625,250.4840545654297,603.7579345703125,276.2909851074219,689.6566772460938,204.11029052734375,596.4173583984375,303.89459228515625,672.4784545898438,132.74729919433594,607.44970703125,271.2794189453125,671.3780517578125,416.04974365234375,622.88037109375,423.7337646484375,668.9696655273438,536.9825439453125,625.7976684570312,539.9571533203125,654.9368286132812,650.8855590820312,638.60888671875,655.2733154296875
435,14.499952998379253,638.1533203125,224.12808227539062,650.0217895507812,217.2568359375,629.139892578125,216.06692504882812,665.1736450195312,221.6470947265625,616.25341796875,220.692626953125,676.2860717773438,253.3772735595703,603.1856079101562,278.4808044433594,689.2003173828125,212.36416625976562,595.2764892578125,314.3163757324219,671.6038208007812,141.19970703125,612.1327514648438,285.4904479980469,670.4588012695312,420.21826171875,621.9569091796875,427.4940185546875,670.368408203125,536.9215087890625,624.9856567382812,538.7049560546875,655.8980102539062,651.5989990234375,637.3439331054688,655.6778564453125
436,14.533286223662884,637.583984375,224.4634246826172,649.5381469726562,217.58078002929688,628.5479125976562,216.43267822265625,665.0543212890625,221.84963989257812,615.956787109375,221.0642547607422,676.1349487304688,253.06092834472656,603.73291015625,278.4305114746094,688.9527587890625,210.56240844726562,596.7949829101562,313.4098815917969,670.8634643554688,138.48291015625,613.7537841796875,284.89324951171875,670.032470703125,419.9110107421875,621.8536376953125,427.1866455078125,670.325439453125,536.7355346679688,625.16552734375,538.5632934570312,655.7632446289062,651.89697265625,636.9775390625,656.1421508789062
437,14.566619448946515,637.6348266601562,225.15879821777344,649.5421752929688,218.16920471191406,628.4434204101562,217.2059326171875,665.0352172851562,222.45094299316406,615.7191162109375,221.9612274169922,676.1607666015625,254.3279266357422,603.6837768554688,279.3454895019531,689.119384765625,214.39279174804688,597.1757202148438,315.0881652832031,672.1005859375,144.02880859375,614.604736328125,287.104248046875,670.188720703125,420.2686767578125,621.9668579101562,427.56683349609375,670.3757934570312,536.944580078125,625.2083129882812,539.1866455078125,655.88623046875,651.0159912109375,636.9475708007812,656.1786499023438
438,14.599952674230146,635.6583251953125,225.17529296875,648.0652465820312,217.9356689453125,626.0280151367188,217.33689880371094,664.9234619140625,221.5832061767578,613.0894775390625,222.2402801513672,676.8558959960938,252.01162719726562,604.0146484375,278.84014892578125,690.6275634765625,211.58590698242188,597.8822631835938,309.9632263183594,674.0051879882812,148.40989685058594,609.6863403320312,280.78411865234375,671.0785522460938,417.1940002441406,622.4590454101562,425.2920227050781,668.567138671875,537.0032958984375,625.886962890625,541.3427734375,653.75341796875,650.0015258789062,637.9463500976562,656.60546875
439,14.633285899513776,635.4544067382812,225.3909912109375,647.849365234375,218.12998962402344,625.8314208984375,217.57456970214844,664.845947265625,221.40994262695312,612.9832763671875,222.28758239746094,676.7877197265625,250.73744201660156,604.1737670898438,278.5500793457031,690.8206787109375,207.7452850341797,598.261474609375,309.6897888183594,673.7142333984375,141.84169006347656,610.4949951171875,280.04046630859375,670.9747924804688,416.0242919921875,622.4686889648438,424.4299621582031,668.3743896484375,536.60546875,626.0318603515625,541.3799438476562,653.481201171875,649.7564086914062,637.8405151367188,656.6984252929688
440,14.666619124797407,635.53125,224.34764099121094,647.9033813476562,217.12347412109375,625.97998046875,216.3033905029297,664.5821533203125,220.2799072265625,612.7426147460938,220.64344787597656,675.8828735351562,249.06089782714844,603.5470581054688,277.3273620605469,689.0617065429688,204.46319580078125,597.9037475585938,309.44134521484375,671.368408203125,135.19830322265625,608.676513671875,277.5726013183594,670.9541625976562,414.75360107421875,622.5422973632812,423.2792053222656,668.5032958984375,536.263671875,626.0161743164062,540.7509765625,653.39013671875,650.0642700195312,637.8397827148438,656.4933471679688
441,14.699952350081036,635.4825439453125,224.6632080078125,647.9420776367188,217.48513793945312,626.0764770507812,216.55514526367188,664.8375244140625,220.63088989257812,613.177734375,220.70362854003906,675.9619140625,249.47279357910156,603.6528930664062,277.32147216796875,688.8690795898438,206.07138061523438,596.8552856445312,311.39581298828125,672.1697387695312,135.75990295410156,608.0582885742188,280.25982666015625,671.0814819335938,414.55230712890625,622.629150390625,422.9052734375,668.7314453125,536.3720092773438,625.7094116210938,540.4924926757812,653.706787109375,650.5897827148438,637.2992553710938,656.7307739257812
442,14.733285575364667,636.7484741210938,226.4029998779297,648.99853515625,218.79505920410156,627.5958862304688,217.7257537841797,665.8490600585938,221.73214721679688,615.4544067382812,221.33287048339844,675.9685668945312,251.888427734375,603.2200927734375,281.0757751464844,685.9159545898438,198.4698028564453,597.8899536132812,315.5399169921875,665.29541015625,120.71538543701172,614.9826049804688,293.2544250488281,669.8258056640625,418.39013671875,622.3403930664062,426.99200439453125,669.5364990234375,537.0147705078125,624.625,538.0809326171875,656.9671020507812,654.87109375,637.2422485351562,656.13720703125
443,14.766618800648297,638.7587890625,226.0403289794922,650.6338500976562,218.65042114257812,629.6602783203125,217.5066680908203,666.2608032226562,221.88143920898438,616.7462158203125,221.25462341308594,676.1672973632812,251.84634399414062,603.0535888671875,281.15325927734375,686.4087524414062,198.31781005859375,597.0048828125,315.71771240234375,666.0422973632812,121.17311096191406,614.51708984375,292.02984619140625,670.2393188476562,418.1163024902344,622.595458984375,426.8687744140625,670.1989135742188,537.0633544921875,625.0186157226562,538.1044921875,656.6222534179688,654.490478515625,637.37109375,655.4298095703125
444,14.799952025931928,638.5653076171875,226.0470428466797,650.65869140625,218.57235717773438,629.4622802734375,217.39004516601562,666.8546142578125,221.6509552001953,616.8090209960938,221.05479431152344,676.5142211914062,251.5377655029297,603.8732299804688,280.6970520019531,686.174072265625,196.3547821044922,598.1527099609375,313.2306823730469,665.0377807617188,119.74128723144531,615.9628295898438,290.4931640625,669.9912719726562,418.27740478515625,622.603271484375,426.87835693359375,669.7356567382812,537.066650390625,624.8153076171875,538.0550537109375,657.3900756835938,654.919189453125,637.4246826171875,655.4686279296875
445,14.833285251215559,638.280029296875,225.81593322753906,650.3527221679688,218.4320831298828,629.2562255859375,217.17526245117188,666.6283569335938,221.56703186035156,616.8873291015625,220.82098388671875,676.76611328125,251.5694122314453,604.3810424804688,279.3347473144531,686.6560668945312,196.50221252441406,598.4563598632812,308.33087158203125,665.1788940429688,120.75727844238281,616.5780639648438,283.77227783203125,669.8900756835938,418.56298828125,622.6047973632812,426.53125,669.6915283203125,537.3760375976562,624.47021484375,537.5932006835938,658.0096435546875,656.3649291992188,636.7719116210938,655.731201171875
446,14.86661847649919,638.225830078125,225.40664672851562,650.2991333007812,217.98707580566406,629.2152099609375,216.7373504638672,666.6167602539062,221.2182159423828,616.9862060546875,220.65036010742188,676.7534790039062,251.20797729492188,605.085205078125,279.7181701660156,685.5641479492188,193.24887084960938,600.3123168945312,305.05078125,664.265625,118.27603912353516,617.1746826171875,274.1008605957031,670.2080688476562,419.2008361816406,623.3541870117188,427.2703857421875,669.3364868164062,537.8134155273438,624.0404052734375,537.3118896484375,658.5238037109375,658.0889892578125,636.9187622070312,655.403564453125
447,14.89995170178282,637.7640991210938,225.19151306152344,650.138427734375,217.90792846679688,628.7944946289062,216.37132263183594,666.8817749023438,221.64852905273438,616.7296752929688,220.43418884277344,676.4225463867188,252.4141387939453,605.9888916015625,279.0220031738281,685.0496826171875,192.925537109375,602.5885009765625,298.03216552734375,663.5257568359375,117.30046844482422,619.6798706054688,262.2785949707031,669.9420776367188,420.0250549316406,623.7985229492188,427.4139099121094,668.7219848632812,538.1731567382812,624.1173095703125,537.5361938476562,658.5423583984375,657.6683959960938,636.9965209960938,655.0379638671875
448,14.93328492706645,637.6631469726562,225.11622619628906,650.0726928710938,217.88162231445312,628.7435913085938,216.3343963623047,666.9699096679688,221.66360473632812,616.802001953125,220.42469787597656,676.5433349609375,252.2781982421875,606.078857421875,279.06878662109375,685.5285034179688,193.13296508789062,602.23291015625,300.6037902832031,663.59375,117.4950942993164,619.2821655273438,270.3710021972656,669.8387451171875,419.34942626953125,623.7858276367188,426.73760986328125,668.0111694335938,537.3580322265625,624.148193359375,536.9028930664062,657.7937622070312,656.926025390625,637.1265869140625,654.883056640625
449,14.96661815235008,637.5873413085938,225.38304138183594,650.1781005859375,217.97808837890625,628.6172485351562,216.46180725097656,667.6627807617188,221.46949768066406,616.991455078125,220.47335815429688,676.8359985351562,251.69696044921875,606.8425903320312,280.0319519042969,684.597900390625,191.24525451660156,603.5176391601562,304.5365905761719,664.3204956054688,116.47931671142578,619.48583984375,277.98681640625,669.7777709960938,419.4470520019531,624.048095703125,427.1907958984375,667.522216796875,537.3825073242188,624.0363159179688,536.3746337890625,657.0828857421875,656.3867797851562,636.8292846679688,653.0534057617188
450,14.99995137763371,637.8013305664062,225.2590789794922,650.4771118164062,218.05657958984375,628.8031005859375,216.29022216796875,667.7865600585938,221.9437255859375,616.9592895507812,220.2705841064453,676.2058715820312,252.48464965820312,608.07568359375,277.5606384277344,683.7147216796875,189.55555725097656,606.7351684570312,290.0785217285156,664.244873046875,115.08444213867188,624.7219848632812,254.1925811767578,669.365966796875,420.4549560546875,624.5358276367188,427.161376953125,666.7293090820312,537.6403198242188,623.7556762695312,536.3404541015625,657.0075073242188,656.6886596679688,636.0570678710938,652.9547119140625
451,15.033284602917341,638.4136352539062,225.09481811523438,650.9290771484375,217.85330200195312,629.2957153320312,216.16116333007812,667.7920532226562,221.5221405029297,617.0650634765625,219.96212768554688,676.3187255859375,251.87266540527344,608.0079345703125,276.0201110839844,683.5848388671875,188.1660919189453,606.9153442382812,282.1061096191406,664.2352905273438,113.14836120605469,626.385498046875,236.06224060058594,669.4486694335938,420.35394287109375,624.3915405273438,426.9151306152344,666.8084716796875,537.9585571289062,623.629638671875,536.6923217773438,656.5462036132812,656.7451171875,635.777587890625,652.4191284179688
452,15.066617828200972,638.653564453125,225.0135955810547,651.2542724609375,217.72991943359375,629.5153198242188,215.96214294433594,668.119873046875,221.41702270507812,616.9883422851562,219.7238006591797,676.1505126953125,251.86842346191406,607.5789184570312,277.44317626953125,683.9266967773438,189.26766967773438,605.5919799804688,292.4241638183594,664.6238403320312,113.50712585449219,623.6051635742188,257.7353515625,669.7963256835938,420.26763916015625,624.7496337890625,427.2391052246094,666.8310546875,538.0602416992188,624.0574951171875,537.1677856445312,656.7150268554688,657.0828247070312,636.2979125976562,653.88623046875
453,15.099951053484602,638.7332763671875,224.51980590820312,651.2900390625,217.38543701171875,629.5299682617188,215.53651428222656,668.1332397460938,221.65121459960938,617.1149291992188,219.73190307617188,676.0339965820312,253.04458618164062,608.9476318359375,276.0506591796875,684.0925903320312,189.9756622314453,608.956298828125,282.90423583984375,665.218505859375,112.57164764404297,628.0747680664062,240.2790069580078,669.49169921875,420.1029052734375,625.2385864257812,426.1924133300781,666.617431640625,537.930908203125,624.7651977539062,536.54248046875,656.9149169921875,657.1709594726562,636.2589721679688,653.4793701171875
454,15.133284278768233,638.8897094726562,224.76837158203125,651.5526733398438,217.8098602294922,629.6825561523438,215.84487915039062,668.5209350585938,222.50479125976562,617.3796997070312,220.16017150878906,676.1588134765625,254.64695739746094,609.8536987304688,274.8482971191406,684.64306640625,190.20596313476562,610.06689453125,273.1741943359375,665.8710327148438,111.85810089111328,630.5546875,226.72694396972656,669.3685913085938,421.2267761230469,625.516357421875,426.5106201171875,666.7144775390625,538.2233276367188,625.2793579101562,537.0782470703125,657.4228515625,656.431396484375,636.3311767578125,653.7903442382812
455,15.166617504051864,639.2854614257812,225.829345703125,651.9715576171875,218.83612060546875,629.9871826171875,216.9141082763672,668.9041748046875,223.6265869140625,617.4793701171875,221.28277587890625,677.2754516601562,256.5657653808594,609.2759399414062,275.64776611328125,686.5234985351562,192.83956909179688,608.2838134765625,270.7059020996094,665.3316650390625,112.51625061035156,628.8651123046875,219.63645935058594,669.8321533203125,423.0329895019531,624.9810791015625,427.987548828125,667.5497436523438,539.3698120117188,625.1481323242188,538.2859497070312,658.0523071289062,656.1015625,636.8094482421875,653.8858642578125
456,15.199950729335493,639.709228515625,226.91168212890625,652.4716186523438,219.74578857421875,630.2412719726562,218.12905883789062,670.0081787109375,224.2777099609375,618.0776977539062,222.73968505859375,678.3826293945312,257.0931396484375,610.1442260742188,277.726806640625,687.0780029296875,194.1787872314453,607.4273071289062,279.51177978515625,666.5547485351562,114.80595397949219,625.9111328125,238.6427001953125,669.6263427734375,423.3675842285156,624.77978515625,428.60382080078125,667.2760620117188,539.294921875,625.2179565429688,538.0303344726562,658.0238037109375,656.4627685546875,636.4224243164062,654.3031005859375
457,15.233283954619123,640.1394653320312,227.53317260742188,652.76953125,220.32095336914062,630.7647705078125,218.76788330078125,670.11083984375,224.62147521972656,618.5423583984375,223.21250915527344,679.36572265625,257.4942626953125,608.952392578125,279.3074645996094,689.1981811523438,198.78317260742188,604.7239990234375,289.57489013671875,668.5320434570312,121.38929748535156,623.5193481445312,254.91168212890625,669.883544921875,423.0984802246094,623.9266357421875,428.67340087890625,668.0966186523438,538.8470458984375,625.0409545898438,537.4660034179688,657.3956298828125,656.183349609375,636.3568725585938,654.1140747070312
458,15.266617179902754,644.4628295898438,227.87579345703125,656.1860961914062,220.6072998046875,634.3614501953125,219.4218292236328,671.23583984375,224.66038513183594,619.32666015625,223.85299682617188,679.0513305664062,256.91522216796875,610.3493041992188,276.3862609863281,688.5718383789062,193.5203094482422,609.1137084960938,270.3052978515625,669.1077880859375,114.71937561035156,628.2689208984375,220.35317993164062,670.757568359375,423.4873046875,625.3621215820312,428.60235595703125,667.298828125,539.1776733398438,625.0736694335938,537.8687744140625,657.2509765625,656.671142578125,635.6964721679688,653.613037109375
459,15.299950405186385,646.838134765625,228.54258728027344,657.8565063476562,220.87188720703125,636.3346557617188,220.1793212890625,671.6471557617188,224.11094665527344,619.6494140625,224.40675354003906,679.055419921875,256.0468444824219,610.0055541992188,277.3878173828125,689.2317504882812,194.8355255126953,608.8335571289062,277.6054382324219,669.9140625,115.89908599853516,628.0841064453125,231.7464141845703,671.2111206054688,422.35894775390625,625.5951538085938,428.2822265625,667.6644897460938,538.626953125,625.8344116210938,538.4033203125,657.6839599609375,656.296142578125,635.5994873046875,654.2261352539062
460,15.333283630470016,647.2796020507812,230.27978515625,658.451171875,222.07882690429688,636.5425415039062,221.92611694335938,673.213623046875,224.31488037109375,620.6420288085938,226.1434326171875,681.4176025390625,255.87367248535156,611.1099853515625,280.3948059082031,690.1712646484375,193.15054321289062,606.3656616210938,284.9441833496094,669.84912109375,116.15910339355469,622.1849975585938,244.4139404296875,671.8465576171875,423.7700500488281,625.8291015625,430.5418395996094,667.5399780273438,539.5991821289062,626.06689453125,539.3530883789062,658.2196655273438,657.1775512695312,636.489501953125,654.0313110351562
461,15.366616855753646,647.5687866210938,231.1051025390625,658.9083251953125,222.91067504882812,636.8338623046875,222.9102783203125,674.3209838867188,225.0147705078125,621.737548828125,227.0192413330078,682.8006591796875,256.7933349609375,613.0183715820312,278.1524658203125,690.609619140625,194.0802001953125,607.2120971679688,271.5810852050781,669.5897827148438,118.34979248046875,623.8753051757812,224.30764770507812,671.427490234375,424.91998291015625,625.5396728515625,430.73028564453125,667.1813354492188,539.5797729492188,625.6644287109375,539.3954467773438,658.8147583007812,656.5777587890625,635.8612670898438,653.7957153320312
462,15.399950081037277,648.1995239257812,233.33578491210938,659.560546875,225.06283569335938,637.5709838867188,225.1347198486328,675.1123657226562,226.44921875,622.5897216796875,228.5702667236328,683.7806396484375,256.98419189453125,613.0215454101562,278.9234924316406,691.8580932617188,196.98876953125,605.5701293945312,278.21588134765625,670.7721557617188,122.75829315185547,622.001220703125,237.54151916503906,671.1655883789062,424.59747314453125,624.6719360351562,430.51177978515625,667.69775390625,538.8927612304688,625.2283325195312,538.6299438476562,659.13037109375,655.9444580078125,635.4256591796875,653.3480834960938
463,15.433283306320908,648.3822021484375,234.65838623046875,659.9564819335938,226.59181213378906,637.8917846679688,226.49501037597656,675.9570922851562,228.026123046875,623.4816284179688,229.62533569335938,684.26708984375,258.20635986328125,614.486328125,277.5288391113281,691.8401489257812,196.5429229736328,606.0564575195312,268.522216796875,671.6219482421875,123.47359466552734,621.6871337890625,225.19485473632812,670.7025756835938,425.4172058105469,624.7835083007812,430.4145202636719,667.4337158203125,539.1939697265625,625.5716552734375,538.3422241210938,658.3246459960938,656.5159912109375,635.0560302734375,653.821533203125
464,15.466616531604537,648.8920288085938,235.5809326171875,660.7142333984375,227.3040008544922,638.525390625,227.0435028076172,676.7081909179688,228.18667602539062,623.74267578125,229.7049560546875,684.4603881835938,256.84295654296875,613.1659545898438,281.89276123046875,692.2470703125,194.8700714111328,606.2906494140625,290.23126220703125,673.0121459960938,122.11518859863281,623.2506713867188,257.3055114746094,671.1657104492188,424.894775390625,624.5243530273438,431.7178955078125,668.1766967773438,539.3054809570312,625.6138916015625,538.7958984375,657.6976318359375,657.4486694335938,636.42919921875,654.310791015625
465,15.499949756888167,649.3756103515625,235.92422485351562,661.2493286132812,227.54281616210938,638.93212890625,227.3982391357422,677.18212890625,228.48126220703125,623.988037109375,230.28269958496094,684.8576049804688,257.05816650390625,612.5872192382812,284.52276611328125,692.8228759765625,196.82611083984375,606.7642822265625,301.95770263671875,675.4009399414062,125.35079956054688,624.5966796875,276.8409423828125,671.1156005859375,424.5805358886719,623.9663696289062,432.24310302734375,668.903076171875,539.0646362304688,625.4575805664062,538.656494140625,657.7755737304688,657.529296875,636.6536865234375,654.6707763671875
466,15.533282982171798,649.5613403320312,235.68751525878906,661.2116088867188,227.3175811767578,639.1224975585938,227.3745574951172,676.8388061523438,228.2666015625,624.3180541992188,230.46231079101562,685.368896484375,256.9090576171875,612.2050170898438,284.4139099121094,693.0299072265625,198.49176025390625,604.2214965820312,300.9624938964844,676.3721923828125,129.09922790527344,620.5287475585938,271.3802490234375,671.6372680664062,424.6918640136719,624.0176391601562,432.4455871582031,669.7564697265625,539.3260498046875,625.240234375,538.6707763671875,658.16357421875,657.9681396484375,636.4301147460938,654.3807983398438
467,15.566616207455429,649.6369018554688,235.73516845703125,661.3577270507812,227.4207000732422,639.2180786132812,227.3198699951172,677.1117553710938,228.30662536621094,624.353271484375,230.21055603027344,684.9992065429688,256.68084716796875,612.9176635742188,283.3335876464844,692.7171020507812,194.96453857421875,605.0701904296875,296.63934326171875,675.7294921875,124.09437561035156,621.7083129882812,269.7816467285156,671.2900390625,425.07257080078125,624.2008666992188,432.4507751464844,669.563720703125,539.7822875976562,625.37353515625,539.0528564453125,659.0824584960938,659.3726196289062,635.846923828125,655.8267211914062
468,15.59994943273906,649.679931640625,236.36024475097656,661.57275390625,228.0734405517578,639.317138671875,227.74143981933594,677.5637817382812,228.95431518554688,624.5050659179688,230.26739501953125,685.070068359375,257.7662658691406,613.4364624023438,281.98468017578125,692.7984008789062,195.04949951171875,603.9576416015625,289.1136474609375,676.0043334960938,123.44104766845703,618.5242309570312,259.5998840332031,670.9952392578125,425.9537353515625,624.2371826171875,432.3934326171875,669.0906982421875,540.3692626953125,625.0020751953125,538.822509765625,659.6810302734375,660.365478515625,635.4013671875,656.0326538085938
469,15.63328265802269,649.6019287109375,237.11187744140625,661.4384155273438,228.779296875,639.2755126953125,228.5052947998047,677.4551391601562,229.28762817382812,624.5818481445312,230.7534637451172,685.07861328125,257.53765869140625,613.834228515625,281.94317626953125,692.85546875,193.89723205566406,605.215087890625,289.31573486328125,675.6312255859375,122.84000396728516,620.3519897460938,263.43231201171875,670.7194213867188,426.2923889160156,624.0277709960938,432.65704345703125,669.13037109375,540.41748046875,624.3097534179688,538.5106811523438,660.7077026367188,660.9420166015625,634.5175170898438,656.0858764648438
470,15.66661588330632,649.3682250976562,237.44894409179688,661.2378540039062,229.0299530029297,639.0277099609375,228.82826232910156,677.4600830078125,229.5985107421875,624.6741943359375,231.2347869873047,685.44091796875,258.38873291015625,613.8549194335938,282.53509521484375,692.4727783203125,195.47308349609375,604.7330932617188,287.87744140625,675.6231689453125,124.33805084228516,619.1239013671875,256.1511535644531,670.8960571289062,427.2712097167969,623.918212890625,433.5730895996094,669.8402709960938,540.7757568359375,623.7882080078125,538.52734375,661.5960693359375,661.4888305664062,633.871826171875,655.8888549804688
471,15.699949108589951,649.8026733398438,237.0963592529297,661.552978515625,228.80201721191406,639.4888916015625,228.58807373046875,677.7481689453125,229.52877807617188,625.3422241210938,230.8980712890625,686.0249633789062,259.18804931640625,614.2388916015625,278.9447021484375,692.5708618164062,194.4061737060547,600.240234375,268.1900939941406,675.4754638671875,122.92337799072266,611.0679931640625,224.28672790527344,671.215087890625,428.0845947265625,624.0477294921875,433.107177734375,670.4520263671875,540.4837646484375,623.3676147460938,537.9624633789062,662.5468139648438,660.37109375,632.3630981445312,654.8475341796875
472,15.73328233387358,649.70263671875,236.68399047851562,661.8087158203125,228.42190551757812,639.4534301757812,228.01904296875,678.2623901367188,229.42019653320312,625.195068359375,230.46542358398438,686.2068481445312,258.29296875,613.710693359375,280.2989501953125,692.5823364257812,194.24920654296875,601.882080078125,277.1317138671875,675.4244995117188,122.47541809082031,613.8433837890625,235.5205841064453,671.5601806640625,426.95892333984375,623.67333984375,432.6678771972656,671.741943359375,539.8466186523438,622.2147827148438,537.4061279296875,664.0109252929688,660.652587890625,632.0301513671875,655.0435180664062
473,15.766615559157211,650.0480346679688,236.17079162597656,662.27490234375,227.9546661376953,639.8277587890625,227.4564208984375,678.6744384765625,229.39312744140625,625.3759155273438,230.19888305664062,686.4918823242188,258.7226867675781,613.1184692382812,281.1842346191406,692.9265747070312,195.59774780273438,601.108154296875,280.2090148925781,675.2360229492188,123.17538452148438,612.7777709960938,237.63929748535156,671.8240966796875,427.13385009765625,623.3056640625,433.0708312988281,672.5636596679688,539.7006225585938,621.3641967773438,537.6329345703125,664.7550659179688,660.4288940429688,631.4200439453125,655.5304565429688
474,15.799948784440842,650.5527954101562,235.98977661132812,662.8388061523438,227.74391174316406,640.2925415039062,227.0306854248047,679.0606689453125,229.23410034179688,625.2053833007812,229.743896484375,686.0040893554688,258.0503234863281,613.0086059570312,282.1692810058594,692.8817138671875,192.8325653076172,604.1987915039062,287.60211181640625,674.5029907226562,117.65882873535156,618.4614868164062,252.81748962402344,671.3182983398438,426.6419982910156,622.7545776367188,432.8781433105469,672.5322265625,539.6304931640625,620.5105590820312,537.109375,665.804931640625,661.1560668945312,630.4260864257812,655.2623291015625
475,15.833282009724472,650.4837036132812,235.61868286132812,662.66748046875,227.30294799804688,640.2781982421875,226.79971313476562,678.7405395507812,228.77584838867188,625.3311767578125,229.9142608642578,686.0625610351562,257.00531005859375,612.3311157226562,284.9718322753906,692.5816650390625,192.00840759277344,604.8614501953125,299.2353515625,673.2998046875,117.50887298583984,620.411376953125,267.7391052246094,671.6603393554688,426.109619140625,622.6283569335938,433.718017578125,673.2244262695312,538.9515380859375,620.4469604492188,537.323974609375,665.6325073242188,660.554443359375,630.84765625,655.2007446289062
476,15.866615235008103,650.3584594726562,235.5883331298828,662.5081176757812,227.331787109375,640.179443359375,226.7708282470703,678.3720703125,228.98782348632812,624.9802856445312,230.04254150390625,685.3936157226562,257.1959228515625,611.7059326171875,286.1742248535156,692.7608032226562,191.9302215576172,604.7344970703125,304.6354675292969,674.5648803710938,118.144775390625,620.27294921875,280.38726806640625,671.1696166992188,426.0206298828125,622.206787109375,433.98712158203125,673.17041015625,538.2548828125,619.9545288085938,536.874267578125,666.1791381835938,660.4412841796875,630.3665771484375,655.4976806640625
477,15.899948460291734,650.3446044921875,235.46429443359375,662.5205078125,227.2002716064453,640.2158813476562,226.6990203857422,678.3576049804688,228.8946533203125,625.0552978515625,229.9895477294922,685.369384765625,256.8467712402344,611.3313598632812,286.7762451171875,693.1475219726562,193.80140686035156,606.3145751953125,310.1690673828125,675.2139892578125,120.71524810791016,624.81103515625,289.5559387207031,671.1551513671875,424.87353515625,621.725341796875,433.3455810546875,673.8306884765625,538.3029174804688,619.3845825195312,537.8160400390625,666.3197021484375,660.8109130859375,629.3806762695312,657.5403442382812
478,15.933281685575365,650.048095703125,235.48353576660156,662.2071533203125,227.20059204101562,639.9114379882812,226.72618103027344,678.1665649414062,228.83226013183594,624.9363403320312,229.9805908203125,685.4603271484375,257.0072021484375,611.2059326171875,285.96038818359375,693.0667724609375,193.93170166015625,604.3501586914062,306.50885009765625,674.726318359375,121.67862701416016,622.1516723632812,285.2559509277344,670.8767700195312,425.6448669433594,621.250732421875,433.8097229003906,674.4939575195312,538.997314453125,619.0540771484375,538.5554809570312,667.2344970703125,661.6090087890625,628.0025024414062,658.4724731445312
479,15.966614910858995,649.8357543945312,235.20130920410156,661.9990234375,227.15562438964844,639.7828979492188,226.5326385498047,677.9004516601562,229.26351928710938,624.8545532226562,229.98013305664062,685.182861328125,257.8135681152344,611.7776489257812,284.1450500488281,692.8363037109375,193.77769470214844,604.775634765625,296.08782958984375,673.2072143554688,120.9360122680664,622.0568237304688,267.31103515625,670.7400512695312,426.72125244140625,621.3263549804688,433.95172119140625,674.2310791015625,539.5003051757812,617.80029296875,538.8800048828125,668.1184692382812,661.5880126953125,626.1786499023438,658.392333984375
480,15.999948136142624,649.92333984375,235.17630004882812,662.0725708007812,227.14764404296875,639.9031372070312,226.60220336914062,677.9386596679688,229.48439025878906,625.1071166992188,230.31784057617188,685.8312377929688,258.0234680175781,610.7167358398438,285.5121765136719,693.1812133789062,196.05015563964844,602.38623046875,302.1916809082031,673.4966430664062,124.22933959960938,620.4796752929688,275.19207763671875,671.390869140625,426.2864685058594,620.93359375,434.0392761230469,675.449951171875,539.9216918945312,617.3128051757812,539.5823364257812,667.9920043945312,660.9547729492188,625.4954223632812,658.1075439453125
481,16.033281361426255,649.935791015625,235.55340576171875,661.9467163085938,227.61338806152344,639.8543090820312,227.13848876953125,677.5458984375,230.51773071289062,625.251220703125,231.25462341308594,686.323486328125,260.456298828125,610.2879028320312,286.5007629394531,693.6500854492188,204.12811279296875,601.062744140625,304.92138671875,677.3053588867188,133.40533447265625,618.388916015625,275.5591125488281,672.1287841796875,427.574462890625,621.2056884765625,434.83331298828125,676.230712890625,541.3748779296875,616.9118041992188,539.7186279296875,667.0528564453125,661.2593383789062,624.432373046875,657.3822021484375
482,16.066614586709886,650.075927734375,235.90968322753906,661.7950439453125,227.95640563964844,639.990234375,227.6785125732422,676.9677124023438,231.09942626953125,625.4620361328125,232.1639862060547,686.4213256835938,261.7891845703125,609.92431640625,287.7355651855469,693.734130859375,208.7194061279297,599.0056762695312,307.7762756347656,676.9625244140625,137.66258239746094,615.4910278320312,276.2095642089844,672.6253051757812,427.7083740234375,621.4955444335938,435.0709228515625,676.427978515625,541.28662109375,616.61083984375,540.1383666992188,666.245849609375,660.6004638671875,623.0896606445312,657.6990966796875
483,16.099947811993516,649.1786499023438,235.9779815673828,660.8931884765625,228.21505737304688,639.1943359375,227.9570770263672,676.1821899414062,231.97767639160156,625.2008056640625,232.95498657226562,686.2060546875,263.73126220703125,609.7249145507812,288.2264099121094,693.80419921875,213.30018615722656,597.6406860351562,305.5097961425781,677.55908203125,142.62928771972656,612.3967895507812,268.0998229980469,672.5664672851562,427.8916931152344,621.5504150390625,434.85418701171875,676.2102661132812,541.6758422851562,616.2782592773438,540.6552734375,665.9157104492188,659.9339599609375,622.6683959960938,657.8025512695312
484,16.133281037277147,648.6510620117188,235.9967498779297,660.2653198242188,228.58059692382812,638.7440185546875,228.15379333496094,675.400390625,232.95758056640625,624.8675537109375,233.59934997558594,685.8814086914062,264.97357177734375,609.716064453125,288.2886657714844,693.453857421875,213.45892333984375,597.6871948242188,303.4589538574219,675.7525634765625,142.16049194335938,612.2960815429688,268.2555847167969,672.4558715820312,428.85150146484375,621.57666015625,435.1504821777344,676.1167602539062,542.6131591796875,615.9072265625,540.5172119140625,666.2654418945312,660.1561279296875,622.052001953125,656.819580078125
485,16.166614262560778,648.4894409179688,236.61875915527344,659.9149780273438,229.42813110351562,638.6301879882812,229.02239990234375,674.4661865234375,233.8203125,624.3313598632812,234.4304656982422,685.3067016601562,265.249267578125,610.3079833984375,285.6839904785156,695.205322265625,222.83209228515625,598.270263671875,296.85296630859375,678.0758666992188,162.14894104003906,612.4954833984375,254.18026733398438,672.8756103515625,430.15179443359375,621.365234375,435.7252502441406,676.9927978515625,542.0308227539062,615.8689575195312,542.3421020507812,664.8902587890625,658.2208251953125,619.9478149414062,659.1795654296875
486,16.19994748784441,648.4647216796875,237.0061798095703,659.643798828125,229.75094604492188,638.6820678710938,229.38189697265625,673.8035888671875,233.93861389160156,624.2743530273438,234.72450256347656,684.68505859375,265.3437805175781,609.6105346679688,288.0791320800781,694.9147338867188,225.25648498535156,598.4072875976562,311.6898498535156,678.4678955078125,162.88536071777344,613.767578125,277.4317626953125,673.0814819335938,429.30401611328125,621.5764770507812,435.439453125,676.8097534179688,542.3357543945312,616.0873413085938,542.2199096679688,664.4380493164062,658.1744995117188,620.1968383789062,658.6931762695312
487,16.23328071312804,647.4805297851562,237.41763305664062,658.7518920898438,230.11898803710938,637.6650390625,229.8031463623047,673.21435546875,234.33099365234375,623.5127563476562,235.26426696777344,684.0430908203125,265.947509765625,609.2879028320312,289.0823974609375,693.8240356445312,226.2750701904297,598.1499633789062,313.390869140625,678.31787109375,164.41529846191406,612.4578247070312,278.5981750488281,672.8052978515625,429.5819396972656,621.5592651367188,435.92132568359375,676.546142578125,542.1985473632812,616.1900634765625,542.371826171875,664.126220703125,657.7117919921875,620.332275390625,658.6751708984375
488,16.26661393841167,646.5794677734375,237.2891387939453,657.84423828125,229.9122314453125,636.8381958007812,229.6045684814453,672.3471069335938,234.10386657714844,622.8707885742188,235.094970703125,683.3970947265625,265.92010498046875,608.173828125,290.3309020996094,693.1488037109375,227.30172729492188,596.6895141601562,319.9844055175781,678.03955078125,163.88687133789062,610.7796020507812,286.2109069824219,672.98876953125,429.2599182128906,621.4935913085938,436.0291748046875,676.6193237304688,541.6941528320312,615.8722534179688,541.7954711914062,664.4495239257812,657.7388916015625,620.7359008789062,658.4630737304688
489,16.2999471636953,646.197265625,236.42860412597656,657.4219360351562,229.10421752929688,636.3333129882812,228.90086364746094,672.0801391601562,233.84915161132812,622.6692504882812,234.947265625,683.424072265625,267.1318054199219,608.7643432617188,289.3924560546875,692.4105834960938,232.996826171875,597.647705078125,317.00079345703125,677.3922119140625,171.3739776611328,612.4705810546875,281.2594299316406,672.7090454101562,429.62799072265625,621.4595336914062,435.69281005859375,676.5118408203125,542.4287109375,616.164794921875,542.0689086914062,664.2033081054688,658.0667724609375,620.1683349609375,658.5679931640625
490,16.33328038897893,646.0450439453125,235.53497314453125,657.18603515625,228.30325317382812,636.1963500976562,228.1564178466797,671.695068359375,233.63523864746094,622.6354370117188,234.80181884765625,683.3614501953125,267.91845703125,608.5309448242188,289.8912048339844,692.3318481445312,235.9554901123047,596.8654174804688,318.55450439453125,677.1686401367188,174.54771423339844,610.9244384765625,282.2666320800781,673.0048217773438,429.6835021972656,621.7201538085938,435.70013427734375,676.5244140625,542.8742065429688,616.2786865234375,542.53076171875,664.6587524414062,657.81396484375,620.7225341796875,658.486572265625
491,16.36661361426256,645.0711669921875,234.12916564941406,656.0836181640625,226.48941040039062,635.5593872070312,226.64981079101562,671.3154907226562,231.18914794921875,623.9617919921875,232.78102111816406,684.9244384765625,267.7283020019531,609.1251831054688,286.47650146484375,694.1775512695312,248.24256896972656,593.167724609375,319.98095703125,676.2498168945312,183.5123291015625,611.5183715820312,281.13763427734375,672.749755859375,428.23541259765625,620.8628540039062,433.3132629394531,676.6554565429688,542.9913330078125,616.661865234375,543.1048583984375,665.2788696289062,657.8784790039062,619.7428588867188,660.1262817382812
492,16.39994683954619,645.54638671875,233.25247192382812,656.6697387695312,225.8844757080078,636.1156616210938,225.78009033203125,671.4117431640625,231.24746704101562,623.8314819335938,232.14442443847656,683.8494262695312,267.56903076171875,608.8092651367188,286.1734924316406,693.8797607421875,245.33346557617188,594.3792724609375,317.89385986328125,675.8676147460938,179.50819396972656,613.0814208984375,279.6124572753906,672.2061157226562,427.9037170410156,620.71044921875,433.10235595703125,676.253662109375,542.2736206054688,616.3762817382812,543.3034057617188,665.638916015625,657.1390991210938,620.2844848632812,661.0604248046875
493,16.43328006482982,646.3036499023438,231.35122680664062,657.5355834960938,224.1395263671875,636.6346435546875,223.9237060546875,672.1626586914062,230.07052612304688,623.8417358398438,230.53196716308594,684.0850219726562,266.5872497558594,607.7365112304688,285.22808837890625,693.7740478515625,235.73025512695312,594.80029296875,309.53216552734375,676.3219604492188,161.26458740234375,615.721435546875,268.7233581542969,671.4916381835938,426.1797790527344,620.4510498046875,431.790283203125,676.6444702148438,542.3165893554688,617.9813842773438,543.1244506835938,665.7307739257812,657.1321411132812,622.4011840820312,660.581787109375
494,16.46661329011345,645.9851684570312,230.80844116210938,657.355712890625,223.812744140625,636.5287475585938,223.30584716796875,671.7215576171875,230.30099487304688,623.2941284179688,230.06031799316406,683.2484130859375,267.7838439941406,607.4765625,284.8000183105469,695.261962890625,245.4409942626953,593.7249755859375,314.8207092285156,677.4627685546875,181.33009338378906,614.3446044921875,279.84759521484375,671.1621704101562,427.7267761230469,619.666015625,432.6419372558594,674.280517578125,540.95556640625,616.6431274414062,543.4539184570312,660.8004760742188,653.7977905273438,620.6687622070312,661.1161499023438
495,16.49994651539708,647.2924194335938,230.3419647216797,658.52294921875,223.2960662841797,637.5444946289062,222.85740661621094,672.593994140625,229.86126708984375,623.73193359375,229.6585693359375,684.0485229492188,268.41534423828125,607.4405517578125,284.6466369628906,694.630126953125,249.94076538085938,593.1536254882812,315.9632263183594,676.9759521484375,187.2500762939453,613.994140625,278.9517822265625,671.6036987304688,427.6878662109375,619.8839721679688,432.3714294433594,672.7885131835938,541.9111938476562,617.127685546875,544.4749145507812,654.6455688476562,651.61376953125,619.3284301757812,659.681640625
496,16.53327974068071,647.8048706054688,230.5643768310547,658.7115478515625,223.60140991210938,637.9434204101562,223.16297912597656,672.2118530273438,230.25758361816406,623.6047973632812,229.8721466064453,683.1592407226562,269.56341552734375,607.7915649414062,283.52362060546875,694.0335693359375,254.00088500976562,594.492431640625,313.1675720214844,676.6563720703125,188.5806427001953,616.5411376953125,273.8726806640625,671.1917724609375,427.07037353515625,620.25146484375,431.0240173339844,670.9463500976562,540.751220703125,617.7674560546875,543.10595703125,652.0359497070312,649.7239379882812,619.273681640625,658.1134033203125
497,16.566612965964342,647.5140991210938,231.4962615966797,658.7058715820312,224.779296875,637.8359375,224.10562133789062,672.47265625,231.51177978515625,623.5008544921875,230.65304565429688,682.8058471679688,269.5436096191406,608.1560668945312,283.6227722167969,694.6039428710938,249.8518829345703,596.3684692382812,309.7019958496094,676.7166137695312,185.2583465576172,618.8876342773438,271.90081787109375,670.3790893554688,427.43634033203125,619.9869995117188,431.39453125,669.394775390625,541.357177734375,617.7379760742188,543.9721069335938,651.9851684570312,650.9298706054688,621.3343505859375,659.2781982421875
498,16.599946191247973,647.5609741210938,232.0039520263672,659.315185546875,225.81788635253906,638.139892578125,224.78587341308594,673.754638671875,233.15765380859375,624.2951049804688,231.91595458984375,683.3562622070312,268.48779296875,609.023681640625,286.1358337402344,694.6746215820312,236.62176513671875,597.22998046875,309.6131896972656,677.386962890625,172.32257080078125,616.1670532226562,274.6545715332031,670.00146484375,427.99261474609375,620.1602172851562,432.85272216796875,668.7916259765625,542.6924438476562,618.2018432617188,545.1549072265625,650.7369995117188,651.6309814453125,623.5582275390625,658.9536743164062
499,16.633279416531604,646.9073486328125,231.8087921142578,658.9215698242188,226.0214385986328,637.7904663085938,224.79881286621094,673.9727783203125,233.8600616455078,624.9963989257812,232.44570922851562,683.7442626953125,268.03607177734375,609.9391479492188,286.7028503417969,694.3189697265625,228.35342407226562,596.6339721679688,303.69952392578125,677.3410034179688,164.78871154785156,613.4470825195312,266.8888244628906,669.8048706054688,428.77557373046875,620.6371459960938,433.8604431152344,668.2102661132812,542.8311767578125,618.9872436523438,545.07275390625,649.818359375,651.5231323242188,624.9738159179688,657.7064819335938
500,16.666612641815234,646.7056884765625,230.33135986328125,658.8579711914062,224.9507598876953,637.7056884765625,223.4874267578125,674.8955078125,233.0390167236328,626.3035888671875,231.3195037841797,685.7526245117188,267.28656005859375,610.9998779296875,284.64825439453125,694.1182861328125,209.28427124023438,595.31689453125,279.5639953613281,675.9708251953125,136.60394287109375,608.9730224609375,229.13943481445312,670.1995239257812,428.7669982910156,621.8045654296875,432.9789733886719,668.5360107421875,544.5181884765625,619.9907836914062,542.3185424804688,652.4457397460938,655.3984375,628.5413818359375,653.6367797851562
501,16.699945867098865,645.7606201171875,231.14830017089844,657.9410400390625,225.5217742919922,636.9531860351562,224.41571044921875,674.2305908203125,233.67140197753906,626.2896728515625,232.12261962890625,685.7818603515625,268.9195251464844,611.4680786132812,282.8614501953125,695.3681640625,230.02035522460938,595.927978515625,285.4051513671875,679.53564453125,167.7293701171875,615.0173950195312,237.7240753173828,671.015869140625,429.5746154785156,621.77685546875,433.150390625,668.7449951171875,542.962890625,621.353759765625,543.181396484375,650.29248046875,650.85693359375,629.3801879882812,654.4354248046875
502,16.733279092382496,645.6278686523438,231.23887634277344,657.7332153320312,225.65975952148438,636.8399047851562,224.6608428955078,674.0768432617188,234.13917541503906,626.4932250976562,232.56253051757812,685.8626708984375,270.720703125,612.021484375,282.1288757324219,694.0324096679688,237.24807739257812,595.9346923828125,282.8053894042969,675.792236328125,175.20384216308594,614.505859375,232.67649841308594,671.4584350585938,429.2880554199219,622.4490966796875,432.0797424316406,668.3444213867188,542.6773681640625,621.9293823242188,542.595458984375,650.6773681640625,649.6153564453125,630.7564086914062,653.6476440429688
503,16.766612317666127,646.5770874023438,232.1864776611328,658.1148071289062,225.61810302734375,637.2859497070312,225.474365234375,673.7921142578125,232.43167114257812,626.23828125,232.51759338378906,686.4339599609375,271.0860290527344,611.9114990234375,281.63800048828125,692.2177124023438,254.4686279296875,596.4896240234375,290.2813415527344,669.0365600585938,197.98593139648438,615.8303833007812,236.2428436279297,671.9658813476562,428.0299377441406,622.3413696289062,430.888671875,668.6061401367188,541.4071044921875,622.8943481445312,542.1884765625,652.2755737304688,648.1417846679688,632.8312377929688,653.239501953125
504,16.799945542949757,646.4810180664062,232.36444091796875,658.3247680664062,225.7704315185547,636.9633178710938,225.50804138183594,674.04248046875,232.6421661376953,624.6036376953125,232.83609008789062,686.439208984375,269.4764099121094,611.0975952148438,283.73419189453125,692.7897338867188,247.96987915039062,597.727294921875,293.1469421386719,670.1884155273438,190.5157012939453,610.9541015625,236.6777801513672,674.1149291992188,424.9190673828125,623.5322875976562,428.93414306640625,668.78076171875,541.0682373046875,623.3534545898438,541.52685546875,652.6430053710938,645.6075439453125,636.0926513671875,648.4678344726562
505,16.833278768233388,645.9223022460938,232.23007202148438,657.7113647460938,225.82077026367188,636.4845581054688,225.35311889648438,673.5780639648438,232.8192596435547,624.5054931640625,232.65086364746094,686.3182373046875,268.9834899902344,611.3411254882812,282.27655029296875,693.6267700195312,241.55152893066406,597.453369140625,285.08349609375,672.3521728515625,179.0702362060547,609.3827514648438,225.7358856201172,673.96533203125,425.3157653808594,623.497314453125,428.7196960449219,669.7362670898438,542.1053466796875,623.2903442382812,541.0012817382812,653.2544555664062,646.6754760742188,634.2322998046875,647.2647705078125
506,16.86661199351702,645.7312622070312,232.39593505859375,657.5343017578125,226.0903778076172,636.3048706054688,225.3847198486328,673.2789306640625,233.28927612304688,624.2369384765625,232.50408935546875,685.6286010742188,269.4810791015625,610.9844360351562,281.35577392578125,692.9152221679688,241.4783477783203,596.72314453125,282.0548095703125,671.3357543945312,171.1500244140625,609.7728271484375,216.63111877441406,673.9300537109375,425.0712890625,623.5071411132812,428.0645751953125,669.9794311523438,541.7853393554688,623.1427001953125,540.7303466796875,652.0445556640625,646.0128173828125,632.5458984375,647.33447265625
507,16.899945218800646,646.073974609375,232.7752685546875,657.8283081054688,226.54966735839844,636.6031494140625,225.7485809326172,673.2278442382812,233.8019561767578,623.953857421875,232.83895874023438,685.1851196289062,269.518798828125,610.1544799804688,282.0332336425781,693.19580078125,240.05914306640625,595.6622924804688,284.1874084472656,672.3654174804688,171.39663696289062,609.6926879882812,222.91946411132812,673.7151489257812,424.8120422363281,623.1402587890625,428.1025085449219,670.0267944335938,542.0556640625,623.0347900390625,541.5004272460938,651.6373901367188,645.970458984375,631.9791259765625,647.8101806640625
508,16.933278444084277,646.04931640625,232.07696533203125,657.59619140625,226.13059997558594,636.621337890625,225.32627868652344,672.4519653320312,233.67892456054688,623.6422729492188,232.73968505859375,684.462158203125,268.1055603027344,610.0491943359375,281.1589050292969,694.8621826171875,229.92922973632812,595.9146728515625,275.624267578125,674.344482421875,159.105712890625,608.262451171875,214.08436584472656,673.46484375,424.7231140136719,623.49169921875,428.16754150390625,669.1209106445312,542.4609985351562,623.6511840820312,542.18505859375,651.3230590820312,646.5908813476562,633.21728515625,648.5179443359375
509,16.966611669367907,646.4210205078125,232.11428833007812,657.8995971679688,226.4971923828125,637.0513916015625,225.55426025390625,672.33154296875,234.24989318847656,623.7706298828125,232.77430725097656,683.8024291992188,267.6560363769531,610.8074951171875,278.0006103515625,695.1376342773438,223.45101928710938,597.9033203125,256.4390563964844,673.6801147460938,150.20556640625,610.4732055664062,184.3164825439453,672.76806640625,424.57879638671875,623.5924682617188,427.3916931152344,668.5564575195312,542.1265258789062,624.263671875,542.6077270507812,650.5745239257812,645.1825561523438,633.591796875,648.3555297851562
510,16.999944894651538,645.5062866210938,231.72535705566406,656.8607788085938,225.759521484375,636.10693359375,224.9866485595703,671.3330688476562,233.2538299560547,623.2257080078125,232.4906463623047,683.7960205078125,267.7163391113281,609.8118896484375,280.91961669921875,694.1838989257812,230.5054931640625,596.5862426757812,272.9945373535156,672.85986328125,155.5142059326172,610.125244140625,198.53562927246094,672.89404296875,424.59539794921875,623.2705688476562,428.286865234375,668.720703125,542.6336059570312,624.43408203125,543.0509033203125,649.6468505859375,645.7636108398438,633.7442016601562,647.7872314453125
511,17.03327811993517,645.1524047851562,230.6865234375,656.3856811523438,224.88995361328125,635.7825927734375,224.00828552246094,670.78955078125,232.53903198242188,622.8231811523438,231.36265563964844,683.282958984375,267.5106201171875,609.967041015625,278.5089111328125,695.3474731445312,230.5055389404297,596.3981323242188,267.928955078125,675.2345581054688,160.1412353515625,607.8759155273438,203.02978515625,672.497314453125,423.8202819824219,623.3323974609375,426.5703430175781,668.4578857421875,541.9807739257812,624.4965209960938,541.3682250976562,649.7800903320312,645.639892578125,632.468017578125,647.2130737304688
512,17.0666113452188,645.6212158203125,230.41749572753906,656.4273071289062,224.23486328125,636.2811889648438,223.56639099121094,670.1149291992188,231.43785095214844,623.669189453125,230.8397216796875,683.5848999023438,268.6015319824219,608.0828857421875,282.3417663574219,695.5330810546875,242.9779815673828,593.0855102539062,296.4685974121094,677.572265625,175.5734405517578,610.9856567382812,242.6237030029297,671.415283203125,426.9681091308594,621.5791015625,430.4471740722656,669.1155395507812,541.1304321289062,622.6826171875,540.3157958984375,649.2052612304688,645.6627197265625,629.69580078125,647.3756103515625
513,17.09994457050243,646.0391235351562,229.9130859375,656.5726318359375,223.3505096435547,636.5161743164062,222.91482543945312,669.8553466796875,230.26397705078125,623.6185302734375,230.00588989257812,683.2557373046875,269.5517883300781,608.0662841796875,282.3166198730469,693.6760864257812,255.48207092285156,593.4745483398438,306.572509765625,675.7958984375,191.1123046875,613.4913330078125,257.1196594238281,671.5292358398438,426.39666748046875,621.8053588867188,429.59161376953125,668.7273559570312,540.7426147460938,622.8555297851562,539.58740234375,649.0570678710938,645.5961303710938,629.2327270507812,647.2616577148438
514,17.13327779578606,646.393798828125,229.62200927734375,656.94189453125,223.07070922851562,636.881103515625,222.57369995117188,670.126953125,230.23056030273438,623.9357299804688,229.73870849609375,683.2149658203125,270.30767822265625,608.1890869140625,282.1385803222656,692.4649658203125,259.1602478027344,593.2799072265625,306.55706787109375,674.4067993164062,196.03878784179688,613.4652709960938,255.3480224609375,671.750732421875,426.2426452636719,622.0847778320312,429.2232360839844,669.0352783203125,540.492919921875,623.1226196289062,539.1764526367188,649.232177734375,645.7490844726562,629.5003051757812,647.3452758789062
515,17.16661102106969,646.8035278320312,229.9093017578125,657.1234741210938,223.11627197265625,637.1408081054688,222.88800048828125,670.0637817382812,229.7664031982422,623.9738159179688,230.0026397705078,683.4663696289062,269.4853210449219,608.0785522460938,283.37701416015625,692.92919921875,257.86187744140625,593.3317260742188,312.747314453125,675.6989135742188,194.2084503173828,613.1205444335938,264.55401611328125,672.3174438476562,426.2343444824219,622.4965209960938,429.8163146972656,669.4210205078125,541.1881103515625,623.71875,539.7072143554688,649.90625,646.5040893554688,630.3744506835938,647.39404296875
516,17.199944246353322,646.340576171875,229.97056579589844,656.802734375,223.24826049804688,636.8207397460938,222.94296264648438,670.14990234375,229.4622344970703,623.9520874023438,230.00694274902344,683.6179809570312,266.5074462890625,608.1405639648438,284.7603454589844,694.7727661132812,243.02377319335938,593.36279296875,316.3179016113281,677.8357543945312,173.76171875,610.8856811523438,274.2565002441406,672.4330444335938,425.9090576171875,622.6146240234375,430.5689392089844,669.99365234375,540.3495483398438,623.70458984375,538.7720947265625,651.347900390625,646.815185546875,630.89111328125,646.707763671875
517,17.233277471636953,646.8777465820312,230.40811157226562,657.202392578125,223.5159454345703,637.2244873046875,223.3184356689453,670.3375244140625,229.32891845703125,624.0615234375,230.0962677001953,683.9708862304688,266.4609069824219,608.2020263671875,284.5298767089844,694.8619384765625,244.1552734375,593.9194946289062,316.1211853027344,677.9780883789062,175.3444061279297,612.2660522460938,273.2194519042969,672.8450927734375,426.4192810058594,622.7636108398438,431.02374267578125,670.6826782226562,540.71435546875,623.9705810546875,538.7672119140625,652.1249389648438,647.1463623046875,631.09228515625,646.2962646484375
518,17.266610696920583,647.6334228515625,230.1451873779297,657.8746337890625,223.28048706054688,637.876708984375,223.11376953125,670.7236328125,229.1534881591797,624.2088623046875,229.96383666992188,683.9086303710938,266.3074035644531,608.2680053710938,284.5782775878906,694.5836791992188,243.66758728027344,594.5371704101562,315.89605712890625,677.5314331054688,176.2238006591797,613.228759765625,274.05224609375,672.9354858398438,426.2694091796875,623.0601806640625,431.0733947753906,670.0418701171875,540.9264526367188,624.683349609375,539.7508544921875,650.448974609375,646.587158203125,631.583740234375,646.9164428710938
519,17.299943922204214,647.6024780273438,230.02459716796875,657.856689453125,223.09979248046875,637.9019775390625,222.98670959472656,670.8905639648438,228.7711181640625,624.5856323242188,229.72589111328125,684.21142578125,265.8017578125,608.5061645507812,284.7789306640625,694.0628662109375,244.2464599609375,594.35009765625,319.28997802734375,677.20068359375,177.91725158691406,613.4380493164062,279.2400207519531,673.2210693359375,425.1668395996094,623.3986206054688,430.1487731933594,669.6143188476562,540.2534790039062,624.8392333984375,538.92041015625,649.189697265625,646.2844848632812,631.650390625,646.3667602539062
520,17.333277147487845,647.8832397460938,230.03871154785156,658.3157348632812,223.08306884765625,638.142578125,222.93154907226562,671.507568359375,228.9419708251953,624.7012329101562,229.65206909179688,684.5015869140625,266.78570556640625,608.585205078125,284.73162841796875,693.682373046875,249.2250213623047,594.115478515625,320.01397705078125,676.0908813476562,183.6182098388672,613.2701416015625,278.1929016113281,673.6073608398438,425.2327880859375,623.6026000976562,430.0404052734375,669.5069580078125,539.785400390625,624.4850463867188,539.1414794921875,648.7449340820312,645.5492553710938,631.5025634765625,647.2203369140625
521,17.366610372771476,648.1688842773438,230.8275604248047,658.6339111328125,223.70639038085938,638.42529296875,223.62631225585938,672.208251953125,228.90037536621094,625.281982421875,229.8031768798828,685.1223754882812,266.5547790527344,609.3889770507812,284.1387634277344,693.78515625,250.99058532714844,595.0404052734375,321.4455261230469,675.9783935546875,185.86129760742188,615.5331420898438,283.0094909667969,673.1998901367188,424.87982177734375,623.2735595703125,429.47271728515625,669.000732421875,539.589111328125,624.5781860351562,538.6945190429688,648.6032104492188,645.2841796875,631.313232421875,646.6365966796875
522,17.399943598055106,648.6915283203125,231.0908966064453,659.3965454101562,223.9450225830078,638.9447021484375,223.7898406982422,673.287353515625,228.7904815673828,625.6503295898438,229.77687072753906,685.8689575195312,264.718994140625,609.5720825195312,284.85284423828125,694.780517578125,242.44390869140625,596.2525024414062,322.01654052734375,677.7847900390625,177.77517700195312,616.1763916015625,286.08392333984375,673.5180053710938,425.03643798828125,623.1834716796875,430.3498229980469,670.2684326171875,539.8067626953125,624.6531982421875,538.6180419921875,650.5792236328125,646.7320556640625,632.5255126953125,646.7568969726562
523,17.433276823338733,649.8384399414062,231.91136169433594,660.6241455078125,224.75872802734375,639.9600219726562,224.54393005371094,674.528564453125,229.8992156982422,626.3309936523438,230.661865234375,686.5556030273438,266.84881591796875,610.9391479492188,284.5780944824219,694.2901611328125,249.51034545898438,598.3013916015625,319.73822021484375,675.2979736328125,187.71502685546875,618.5313720703125,283.1993103027344,673.4600830078125,425.15875244140625,623.3099975585938,429.65802001953125,671.3590698242188,539.9400634765625,625.2833251953125,538.1500244140625,653.138671875,647.4741821289062,633.2333374023438,646.8622436523438
524,17.466610048622364,651.5068359375,231.16383361816406,662.6450805664062,224.2667999267578,641.5130615234375,223.8881378173828,676.9176025390625,230.03634643554688,627.7952880859375,230.48553466796875,688.223876953125,265.2899475097656,611.2913208007812,285.0902099609375,693.6380004882812,229.33084106445312,599.3795166015625,306.5601806640625,674.91943359375,157.17681884765625,617.548828125,261.890869140625,673.6203002929688,424.6282958984375,623.5042114257812,429.7853698730469,673.8021850585938,540.882568359375,625.2134399414062,536.7433471679688,657.4418334960938,651.4148559570312,634.9815673828125,645.9642944335938
525,17.499943273905995,651.449462890625,233.01113891601562,662.7857055664062,226.10157775878906,641.55859375,225.51193237304688,676.9537353515625,231.54519653320312,627.3493041992188,231.59902954101562,687.36865234375,266.1905212402344,611.42333984375,285.51983642578125,694.2378540039062,235.7762908935547,599.5485229492188,310.9549865722656,677.3822631835938,174.41598510742188,617.3081665039062,270.98455810546875,674.1748657226562,426.3243713378906,623.6051025390625,431.4715576171875,675.5579223632812,539.417724609375,626.5198974609375,537.369873046875,657.6516723632812,647.8063354492188,635.9008178710938,646.4609985351562
526,17.533276499189625,652.8594970703125,233.1927032470703,663.9475708007812,226.12213134765625,642.3515625,225.9933319091797,677.4886474609375,230.8749542236328,626.1312255859375,232.3117218017578,687.984375,262.6116638183594,611.70361328125,284.684814453125,695.8561401367188,221.85926818847656,602.2515258789062,296.3509521484375,677.2830810546875,162.9219512939453,613.1619873046875,249.07530212402344,676.0070190429688,422.81744384765625,624.6405029296875,429.09100341796875,676.123291015625,539.3594360351562,628.0260009765625,538.4662475585938,658.7725219726562,646.7850952148438,638.5979614257812,644.9723510742188
527,17.566609724473256,653.1700439453125,233.5665283203125,664.13671875,227.13296508789062,643.5972900390625,226.44166564941406,677.7225952148438,233.0229949951172,629.6917114257812,232.16868591308594,687.7160034179688,268.97271728515625,613.6488037109375,280.2469482421875,695.00927734375,233.19332885742188,599.9799194335938,276.7172546386719,677.472900390625,177.52597045898438,615.4140014648438,230.85305786132812,673.3765258789062,428.8943786621094,623.989013671875,431.6641845703125,675.7415161132812,541.1397094726562,627.8633422851562,538.3486328125,660.4462890625,646.7284545898438,636.5550537109375,645.7999877929688
528,17.599942949756887,653.0678100585938,234.30210876464844,664.38623046875,227.68960571289062,643.3302612304688,227.0709991455078,678.3173828125,233.33526611328125,628.695556640625,233.10955810546875,688.5849609375,267.9095458984375,613.929443359375,282.8268737792969,695.2153930664062,237.21995544433594,602.0859985351562,285.3167419433594,674.2276000976562,185.87615966796875,611.7396240234375,233.52798461914062,674.9946899414062,425.23931884765625,624.6422119140625,429.26885986328125,675.4151000976562,540.9818115234375,628.0436401367188,539.3547973632812,659.845703125,646.8649291992188,638.70703125,645.4571533203125
529,17.633276175040518,653.45751953125,234.42584228515625,665.0155639648438,227.54949951171875,644.1755981445312,226.78248596191406,679.4757690429688,232.93258666992188,631.2449340820312,232.0073699951172,689.3917846679688,268.9183044433594,613.093994140625,284.7496643066406,693.14208984375,236.63429260253906,598.6962890625,297.4996032714844,673.8892822265625,173.9253387451172,616.4365844726562,247.97984313964844,672.876708984375,425.9594421386719,623.1345825195312,430.2983703613281,676.5175170898438,540.363037109375,626.4082641601562,537.0046997070312,661.9472045898438,648.69873046875,637.2962646484375,645.4974975585938
530,17.66660940032415,653.942138671875,234.54798889160156,665.1903686523438,227.91795349121094,644.4542236328125,227.17581176757812,678.9963989257812,233.6525421142578,630.654296875,232.92025756835938,688.515625,269.7242736816406,613.7879028320312,283.6554870605469,693.68603515625,239.38931274414062,600.3589477539062,291.4392395019531,674.4417114257812,186.94236755371094,618.0759887695312,247.21844482421875,673.0842895507812,428.85748291015625,623.320068359375,432.6152648925781,676.1063842773438,541.148193359375,627.7869262695312,539.36572265625,659.9760131835938,647.0293579101562,636.9804077148438,646.6983642578125
531,17.69994262560778,654.431884765625,234.48614501953125,665.87548828125,227.55160522460938,645.1521606445312,226.8856964111328,680.1742553710938,232.725341796875,632.2398071289062,231.96080017089844,690.0689086914062,269.1802062988281,614.248779296875,283.8683166503906,693.72998046875,237.75010681152344,600.2508544921875,292.5005798339844,675.4259033203125,180.40357971191406,618.6232299804688,242.7128448486328,672.6343994140625,426.559814453125,623.2294921875,430.5619812011719,676.221435546875,540.774169921875,626.510009765625,537.3267211914062,662.056884765625,649.5701293945312,637.0130004882812,646.070556640625
532,17.73327585089141,654.54345703125,234.34425354003906,666.2166748046875,227.5167236328125,645.3159790039062,226.6707305908203,680.739501953125,232.76791381835938,632.357421875,231.85629272460938,690.0357666015625,267.779296875,614.0693969726562,285.173095703125,693.4729614257812,229.24313354492188,600.1983642578125,295.0103454589844,675.1612548828125,167.85032653808594,617.7977905273438,245.67051696777344,672.666748046875,426.3248291015625,623.2040405273438,431.1113586425781,676.4011840820312,540.5307006835938,626.319091796875,537.1526489257812,661.4522705078125,649.6748046875,637.1953735351562,645.6814575195312
533,17.76660907617504,655.0632934570312,234.02456665039062,666.5015869140625,227.04644775390625,645.7001342773438,226.4014434814453,680.6217651367188,232.36679077148438,632.423583984375,231.7496337890625,690.200927734375,269.13287353515625,614.0928344726562,285.47320556640625,693.7685546875,242.75466918945312,600.8575439453125,302.47821044921875,676.6344604492188,189.84300231933594,620.2149658203125,257.0013732910156,672.560546875,425.3740234375,623.2113647460938,430.0842590332031,675.9595947265625,540.2637329101562,627.3088989257812,537.6585693359375,659.7870483398438,649.7550659179688,637.1337890625,646.9989013671875
534,17.79994230145867,655.0792236328125,233.23300170898438,666.468505859375,226.36544799804688,646.3709716796875,225.85191345214844,680.2042236328125,232.37069702148438,633.2837524414062,231.12379455566406,689.0584716796875,269.8685302734375,612.9805297851562,285.22955322265625,697.3683471679688,251.78013610839844,599.0736694335938,305.34405517578125,678.7892456054688,199.0146026611328,617.9478759765625,262.3935852050781,671.73291015625,420.7591552734375,623.3551025390625,426.27435302734375,672.4364624023438,540.350341796875,624.979736328125,542.0172729492188,659.9216918945312,647.5078125,635.864990234375,650.8372192382812
535,17.8332755267423,655.995361328125,233.7075958251953,667.1942749023438,226.59561157226562,646.7752685546875,226.10604858398438,681.0375366210938,231.3550262451172,633.7540893554688,230.975341796875,691.0260620117188,268.6875305175781,615.3362426757812,284.3963928222656,694.6421508789062,250.38922119140625,600.630615234375,304.46453857421875,678.31005859375,204.88829040527344,621.5374145507812,258.5137939453125,673.0262451171875,424.5731201171875,624.2911376953125,429.29351806640625,673.0795288085938,540.3411865234375,627.2235107421875,539.2448120117188,654.123291015625,648.4830932617188,635.0684814453125,647.4141235351562
536,17.866608752025932,655.9190673828125,233.203125,667.1686401367188,226.27137756347656,646.7525634765625,225.6580810546875,680.958740234375,231.17034912109375,633.6834716796875,230.49012756347656,690.9063110351562,267.6603088378906,614.9968872070312,284.0848083496094,694.5050048828125,246.35592651367188,599.9825439453125,304.8387451171875,677.058349609375,196.91236877441406,621.0738525390625,258.73541259765625,673.2403564453125,424.3128356933594,624.36474609375,429.14312744140625,671.618408203125,539.9114990234375,626.0023803710938,539.0825805664062,650.0853881835938,646.5288696289062,633.1845703125,646.3831787109375
537,17.899941977309563,656.1161499023438,232.69883728027344,667.2568359375,225.99996948242188,646.9898071289062,225.2518310546875,680.8451538085938,231.09872436523438,633.8970336914062,230.1411590576172,690.8572387695312,267.3983154296875,615.640625,282.9497375488281,694.906982421875,243.94744873046875,600.9891967773438,300.6062316894531,679.2138061523438,195.09242248535156,621.7898559570312,255.493896484375,673.2754516601562,424.1430358886719,624.8682250976562,428.4248962402344,670.2127075195312,540.3037719726562,625.208740234375,538.40283203125,648.1151733398438,646.5327758789062,631.6012573242188,644.9296264648438
538,17.93327520259319,656.3599853515625,232.52610778808594,667.5526123046875,225.86459350585938,647.2385864257812,225.02174377441406,681.197509765625,230.9994659423828,634.1043701171875,229.765625,691.0352783203125,267.18115234375,616.1467895507812,281.85693359375,694.758544921875,245.0401153564453,602.2546997070312,299.5822448730469,678.603515625,195.27847290039062,624.517333984375,253.96023559570312,673.476806640625,423.46685791015625,624.9525146484375,427.4062194824219,670.6898803710938,539.5477905273438,624.4578247070312,537.601318359375,648.1004028320312,646.2208251953125,629.5715942382812,645.0271606445312
539,17.96660842787682,656.0311889648438,232.64993286132812,667.4742431640625,225.54995727539062,646.3241577148438,225.0922393798828,681.9716186523438,230.1259765625,632.9972534179688,230.265869140625,691.2975463867188,264.2471618652344,616.0418701171875,284.4052429199219,693.8258056640625,225.9812774658203,601.9884643554688,303.9205322265625,677.8829956054688,164.2620391845703,621.1640625,266.18096923828125,673.70849609375,424.3851623535156,624.8634643554688,429.63214111328125,670.9662475585938,540.6531372070312,623.7581176757812,537.530517578125,649.8155517578125,649.5853271484375,629.7611694335938,646.1011352539062
540,17.99994165316045,656.1027221679688,232.61289978027344,667.5145874023438,225.54965209960938,646.4082641601562,225.01498413085938,681.966064453125,230.02369689941406,632.9741821289062,230.1499786376953,691.13916015625,263.0709228515625,616.2117309570312,284.4644775390625,693.889404296875,220.75509643554688,602.4483642578125,304.9383544921875,675.3970947265625,153.90098571777344,622.49267578125,268.4134826660156,673.8877563476562,424.4578552246094,625.0447387695312,430.03228759765625,671.310302734375,540.764404296875,623.9277954101562,538.2742309570312,649.2392578125,650.8492431640625,628.587158203125,648.1954345703125
541,18.033274878444082,656.1312255859375,232.45904541015625,667.421142578125,225.3935546875,646.35986328125,225.05718994140625,681.6246337890625,230.36697387695312,632.8886108398438,230.48634338378906,691.075439453125,266.6826477050781,616.6878662109375,283.19244384765625,693.847900390625,239.50503540039062,602.686279296875,299.0233459472656,678.5313110351562,189.5718231201172,622.7771606445312,257.6180725097656,673.3328247070312,424.86187744140625,625.02685546875,429.4344787597656,671.0890502929688,540.0819702148438,624.4229736328125,538.9710083007812,649.134765625,650.2584228515625,628.1578369140625,650.2257080078125
542,18.066608103727713,655.6904296875,232.608154296875,666.7963256835938,225.6660919189453,645.7484741210938,225.3776397705078,680.58984375,230.71142578125,631.4025268554688,230.98365783691406,690.01708984375,267.1263427734375,616.3777465820312,281.5529479980469,693.617431640625,245.3337860107422,603.311767578125,293.46484375,674.4351806640625,205.00552368164062,622.9116821289062,252.8184356689453,673.8115234375,427.1766357421875,624.8475341796875,431.2201843261719,670.5487060546875,540.3004760742188,624.879638671875,541.69384765625,647.3497924804688,648.627685546875,627.82421875,653.0438232421875
543,18.099941329011344,655.9804077148438,232.3501739501953,667.0349731445312,225.51321411132812,646.0692138671875,225.09751892089844,680.32666015625,230.78271484375,631.2210693359375,230.7636260986328,689.49267578125,267.0577392578125,615.1220703125,282.4856262207031,693.7721557617188,244.76565551757812,602.0540771484375,298.1549377441406,675.7324829101562,202.1942138671875,622.5852661132812,257.7788391113281,673.8402099609375,427.4515075683594,624.6748046875,431.9114685058594,670.1237182617188,541.52099609375,625.37109375,543.0195922851562,646.3134765625,648.5247192382812,629.715576171875,652.9359741210938
544,18.133274554294974,655.8806762695312,231.33477783203125,666.9896240234375,224.6080322265625,646.1110229492188,224.07066345214844,680.623779296875,230.17587280273438,632.0394897460938,229.4006805419922,690.1270751953125,268.60150146484375,615.9083251953125,279.7296447753906,693.0272827148438,247.95974731445312,601.910400390625,286.431884765625,676.40185546875,205.98524475097656,622.0892944335938,240.60227966308594,673.3060913085938,425.8380432128906,625.3682250976562,428.8938293457031,669.5557861328125,542.2130126953125,626.1858520507812,540.9865112304688,647.3881225585938,649.7818603515625,631.3157958984375,650.4481201171875
545,18.166607779578605,655.7182006835938,231.67230224609375,666.751220703125,224.77024841308594,645.8727416992188,224.33572387695312,680.2924194335938,230.03916931152344,631.8513793945312,229.4883270263672,690.2233276367188,268.4217529296875,615.6220703125,280.0289001464844,692.1728515625,251.13453674316406,602.12646484375,290.67840576171875,675.5436401367188,208.95654296875,623.3192749023438,243.1151123046875,673.7649536132812,425.8683166503906,625.5657958984375,429.057373046875,670.6852416992188,542.7836303710938,627.1925048828125,540.7998046875,647.935546875,650.16357421875,632.65771484375,649.4171142578125
546,18.199941004862236,655.4267578125,231.43092346191406,666.6522216796875,224.5619659423828,645.6407470703125,224.04335021972656,680.2522583007812,229.78079223632812,631.6508178710938,229.21990966796875,689.5155639648438,265.9488220214844,614.8756713867188,280.8562316894531,692.4866943359375,239.03765869140625,599.7431030273438,293.8411560058594,676.1787719726562,182.83433532714844,619.4603271484375,243.4951629638672,674.0385131835938,425.3085632324219,625.7857666015625,429.6483154296875,672.142333984375,543.1258544921875,628.1735229492188,542.0358276367188,649.4619140625,651.1587524414062,634.4857177734375,651.6951293945312
547,18.233274230145867,654.5408935546875,231.12449645996094,665.6978759765625,224.3247833251953,644.7944946289062,223.81027221679688,679.4867553710938,229.3120574951172,631.0018920898438,229.33702087402344,689.15185546875,262.9473876953125,613.7008666992188,283.1492919921875,693.3805541992188,224.10226440429688,597.4935913085938,299.3357238769531,676.5726318359375,160.5432891845703,614.8513793945312,251.67393493652344,674.1732788085938,423.80615234375,625.6783447265625,429.67169189453125,672.830810546875,541.789306640625,629.0775146484375,540.7508544921875,649.0241088867188,651.6012573242188,635.5332641601562,650.802978515625
548,18.266607455429497,653.5787963867188,230.81329345703125,665.0682983398438,224.18267822265625,644.07470703125,223.37136840820312,679.3320922851562,229.35562133789062,630.5988159179688,228.96278381347656,688.8938598632812,261.8747863769531,612.59716796875,284.70361328125,693.571044921875,217.43276977539062,595.2979736328125,304.1866455078125,675.9924926757812,150.19796752929688,611.3055419921875,259.2452392578125,674.3422241210938,423.6468200683594,625.5525512695312,430.2746887207031,672.3031005859375,542.205078125,628.5380859375,541.3114624023438,648.53369140625,651.7145385742188,636.5349731445312,650.4598388671875
549,18.299940680713128,652.5914916992188,230.53221130371094,664.2350463867188,223.8798065185547,643.2202758789062,223.0607147216797,678.683349609375,229.5479278564453,630.1078491210938,228.85826110839844,688.0315551757812,263.2495422363281,611.1732177734375,286.5297546386719,693.0603637695312,227.37948608398438,593.8528442382812,318.91796875,678.0962524414062,158.2786865234375,611.6581420898438,281.1466064453125,674.3438720703125,422.4321594238281,625.2422485351562,429.51751708984375,671.9130249023438,541.4443969726562,627.9071655273438,541.447265625,647.8031616210938,649.7981567382812,636.2772827148438,650.9807739257812
550,18.33327390599676,651.3792724609375,230.5004119873047,663.2019653320312,223.8401336669922,642.0513305664062,223.04763793945312,678.0692138671875,229.51478576660156,629.206298828125,229.04983520507812,687.5499877929688,262.6936950683594,610.3399658203125,288.0455322265625,692.78759765625,221.6852569580078,593.6705932617188,320.2987976074219,678.2103881835938,152.4443359375,610.19287109375,284.4443054199219,673.7459716796875,423.0968017578125,624.5455322265625,430.7170715332031,670.5250244140625,541.3710327148438,626.199951171875,541.0582885742188,647.6988525390625,650.064453125,636.3341674804688,650.098876953125
551,18.36660713128039,651.05712890625,229.4228973388672,662.9263916015625,222.6859893798828,641.579833984375,222.00779724121094,677.7572631835938,228.7451629638672,628.5427856445312,228.52735900878906,687.1842651367188,262.9469909667969,610.1358032226562,288.0705261230469,692.2628784179688,223.07008361816406,593.8450927734375,319.3637390136719,677.7816162109375,155.39356994628906,610.1170043945312,283.01031494140625,673.4070434570312,423.5098876953125,624.2692260742188,431.1517639160156,670.2947387695312,541.25537109375,625.1901245117188,541.423828125,649.24853515625,649.8470458984375,635.6997680664062,650.4404296875
552,18.39994035656402,650.7140502929688,228.83749389648438,662.573486328125,222.06845092773438,641.1630859375,221.47166442871094,677.3740844726562,228.34591674804688,628.0609741210938,228.1754150390625,687.073486328125,263.6658630371094,609.6162719726562,287.309326171875,693.099609375,227.45448303222656,593.15087890625,316.72003173828125,679.9891357421875,162.0686798095703,609.6704711914062,276.9259033203125,673.030517578125,423.29638671875,623.6925659179688,430.6472473144531,670.5618286132812,540.6926879882812,625.1463623046875,541.225830078125,650.3270874023438,648.5668334960938,636.073486328125,649.8734130859375
553,18.43327358184765,650.3803100585938,228.8715362548828,662.3748779296875,222.0372314453125,640.8359985351562,221.3990936279297,677.489501953125,227.9927520751953,627.8331298828125,227.89614868164062,687.3562622070312,262.24658203125,609.6347045898438,286.60302734375,692.9248657226562,220.39903259277344,593.5860595703125,311.98046875,676.510498046875,151.49526977539062,609.4364013671875,267.8846130371094,672.8699951171875,424.6125183105469,623.1889038085938,431.9349670410156,670.83642578125,542.9661865234375,624.976806640625,542.7967529296875,651.5088500976562,653.0888671875,636.894287109375,652.8190307617188
554,18.466606807131278,650.7681274414062,229.01644897460938,662.7523193359375,221.89259338378906,641.1808471679688,221.43101501464844,677.8072509765625,227.4405059814453,628.0401000976562,227.43870544433594,687.4811401367188,262.14190673828125,609.0836791992188,286.4662170410156,693.7225341796875,228.07452392578125,593.470458984375,321.3465270996094,680.3565063476562,161.73948669433594,612.911376953125,286.561767578125,673.3233032226562,422.76275634765625,623.2208251953125,430.4488830566406,671.7462158203125,541.8649291992188,625.8404541015625,542.4515380859375,652.4923095703125,653.0853881835938,638.093505859375,654.6610717773438
555,18.49994003241491,650.9197387695312,228.82034301757812,662.9363403320312,221.64590454101562,641.280517578125,221.17202758789062,677.9940795898438,226.99774169921875,627.9501953125,226.99490356445312,687.310791015625,260.6788635253906,608.9718017578125,285.740478515625,693.5838012695312,222.470703125,594.3214721679688,320.85516357421875,678.28662109375,150.28631591796875,616.8203735351562,287.0357971191406,673.5865478515625,422.4398498535156,623.179443359375,430.40704345703125,672.9231567382812,541.9078979492188,626.33837890625,543.00048828125,653.9744873046875,654.6824340820312,638.4851684570312,657.1506958007812
556,18.53327325769854,651.1598510742188,227.676025390625,662.1178588867188,220.10498046875,641.2421875,220.2935791015625,675.888427734375,225.95204162597656,627.9426879882812,226.22410583496094,687.3234252929688,268.7112731933594,609.7650756835938,280.362060546875,689.7708129882812,279.50213623046875,595.2806396484375,323.4827575683594,672.7631225585938,230.22039794921875,626.9345703125,286.5249938964844,674.2642211914062,421.4213562011719,623.9383544921875,425.81787109375,673.2703247070312,540.5326538085938,628.6100463867188,542.1637573242188,655.2220458984375,651.9735717773438,637.0458984375,658.125244140625
557,18.56660648298217,651.3052368164062,227.31936645507812,662.1465454101562,219.5848846435547,641.3731689453125,219.8146514892578,675.6466674804688,225.35008239746094,627.7626953125,225.67349243164062,687.23291015625,269.4823913574219,609.43212890625,280.08233642578125,686.912353515625,288.6595458984375,594.6235961914062,323.9569396972656,665.418212890625,249.0653076171875,624.2003173828125,283.95562744140625,674.2366333007812,421.7951965332031,623.6583251953125,425.92852783203125,673.46533203125,540.7036743164062,628.1824340820312,542.3245239257812,655.8548583984375,652.5999145507812,636.7081298828125,657.984130859375
558,18.5999397082658,651.6776733398438,227.04351806640625,662.4071044921875,219.22378540039062,641.7567138671875,219.50128173828125,675.6720581054688,224.89979553222656,627.98779296875,225.22593688964844,687.1306762695312,269.7532653808594,610.068603515625,279.31292724609375,686.4260864257812,293.9578552246094,597.1354370117188,323.4236145019531,665.1905517578125,260.2007141113281,628.2000732421875,282.30828857421875,674.4889526367188,421.51885986328125,624.10205078125,425.43310546875,674.0171508789062,540.4803466796875,628.1524658203125,542.3201293945312,657.116943359375,653.5484619140625,636.1199951171875,659.0816040039062
559,18.63327293354943,651.4229125976562,227.2476806640625,662.2149658203125,219.37704467773438,641.4720458984375,219.71484375,675.790771484375,224.91146850585938,628.0281982421875,225.4144744873047,687.3190307617188,269.3708190917969,610.1755981445312,279.86138916015625,685.7930908203125,290.22369384765625,596.9730224609375,325.1363525390625,663.0885620117188,249.34225463867188,626.8246459960938,284.8028564453125,674.9471435546875,422.4471130371094,624.363525390625,426.52850341796875,674.5106201171875,541.6832275390625,628.3137817382812,543.3162231445312,657.4215698242188,653.9336547851562,636.1026611328125,659.8692626953125
560,18.666606158833062,653.9605102539062,227.6687774658203,664.7125244140625,220.1600341796875,643.9705810546875,220.14727783203125,677.5875244140625,225.92539978027344,629.55322265625,225.71237182617188,687.7597045898438,268.53582763671875,611.6513061523438,279.2660827636719,688.5558471679688,278.17388916015625,600.6007080078125,320.19110107421875,668.2561645507812,229.0197296142578,633.1519775390625,283.9370422363281,674.5488891601562,421.9835510253906,624.6437377929688,425.8539123535156,673.9412841796875,542.1414794921875,628.9053344726562,543.1239013671875,655.334716796875,653.8186645507812,635.791748046875,659.53466796875
561,18.699939384116693,654.5966186523438,227.61929321289062,665.3553466796875,220.0752716064453,644.5733642578125,220.0955047607422,678.0258178710938,225.7881317138672,630.0357055664062,225.53541564941406,687.7340087890625,268.7991943359375,612.4561767578125,279.189697265625,689.7532348632812,280.3617858886719,600.8076171875,320.5909118652344,674.16845703125,231.81822204589844,633.1219482421875,282.79595947265625,675.0918579101562,422.0543212890625,625.9680786132812,426.08428955078125,673.505126953125,541.5736083984375,629.8156127929688,543.72216796875,653.6956787109375,651.4588623046875,635.7806396484375,659.24365234375
562,18.733272609400323,655.4776000976562,227.53472900390625,666.0278930664062,219.77630615234375,645.2332153320312,220.0773468017578,678.2720947265625,225.03443908691406,630.5317993164062,225.42373657226562,687.7904663085938,268.05047607421875,614.3866577148438,278.5931701660156,692.5513916015625,283.08453369140625,602.3938598632812,319.9470520019531,688.4187622070312,243.6284637451172,632.7058715820312,280.6045227050781,675.6619262695312,420.85845947265625,628.0864868164062,425.136474609375,673.8031005859375,540.69970703125,631.3482055664062,543.123779296875,652.173095703125,652.5621337890625,634.4720458984375,660.1588745117188
563,18.766605834683954,654.7244873046875,227.0143585205078,665.3756713867188,219.49737548828125,644.6581420898438,219.70651245117188,678.30419921875,224.50308227539062,631.003662109375,225.04205322265625,687.9261474609375,263.7935485839844,616.2020263671875,277.161865234375,693.6998901367188,259.5575256347656,606.426025390625,314.10137939453125,685.7276000976562,197.1796417236328,638.77001953125,274.9837341308594,675.7774047851562,419.7893981933594,628.6593627929688,424.3587646484375,674.2167358398438,541.0856323242188,631.4400634765625,542.8330078125,653.3621826171875,653.5860595703125,633.8095092773438,660.8336791992188
564,18.799939059967585,655.598876953125,226.87637329101562,666.2843627929688,219.57701110839844,645.654296875,219.42739868164062,679.0436401367188,224.40000915527344,631.582763671875,224.72348022460938,688.2133178710938,259.7789001464844,615.517578125,278.45941162109375,694.4517822265625,232.3167266845703,606.9337768554688,310.7056884765625,683.2340698242188,154.08700561523438,637.59228515625,268.86029052734375,675.6591796875,421.3798522949219,627.6396484375,426.9620056152344,674.7710571289062,543.0623779296875,629.4931640625,542.6989135742188,653.5357666015625,656.8905639648438,632.9242553710938,659.5177612304688
565,18.833272285251216,655.5614013671875,227.03871154785156,666.4342651367188,219.83201599121094,645.7257690429688,219.43299865722656,679.3704833984375,224.43243408203125,631.5386962890625,224.50271606445312,688.1527099609375,258.07989501953125,615.20654296875,279.5904846191406,694.2921142578125,221.7476043701172,607.9609985351562,310.797607421875,682.8845825195312,143.59693908691406,637.6109619140625,271.1233215332031,675.6447143554688,422.84283447265625,627.32763671875,429.0991516113281,674.8849487304688,544.4151611328125,627.9994506835938,543.3969116210938,653.1798095703125,659.0178833007812,631.531005859375,659.5947265625
566,18.866605510534846,655.1651611328125,226.93310546875,666.0087280273438,219.6207275390625,645.2759399414062,219.37379455566406,679.1243286132812,224.30438232421875,631.3836669921875,224.6813201904297,688.126953125,258.794677734375,615.423828125,280.16290283203125,694.26171875,226.06134033203125,609.3084106445312,314.4122009277344,683.0474243164062,147.87269592285156,640.5548706054688,275.9532775878906,675.4923706054688,422.7999572753906,627.2356567382812,429.0826110839844,674.9847412109375,544.1068115234375,628.1224975585938,543.4638061523438,653.5360107421875,659.3016357421875,631.086669921875,660.7313232421875
567,18.899938735818477,654.655517578125,227.3302764892578,665.8204345703125,220.16372680664062,644.9616088867188,219.61756896972656,679.4365234375,224.54818725585938,631.0318603515625,224.73887634277344,687.9757690429688,256.67041015625,614.7583618164062,282.0477294921875,694.8683471679688,211.4886016845703,609.29296875,314.5170593261719,682.554931640625,134.47076416015625,639.309326171875,282.2266845703125,675.1671142578125,423.2970275878906,626.7631225585938,430.7577209472656,674.6702270507812,544.0838012695312,627.3908081054688,543.7645874023438,653.955078125,660.1063232421875,631.87255859375,660.23291015625
568,18.933271961102108,656.3724365234375,227.764404296875,667.7789916992188,220.35556030273438,646.7201538085938,219.61474609375,681.5851440429688,223.82919311523438,632.3558349609375,223.94874572753906,689.3289184570312,254.94300842285156,615.0780029296875,282.5625915527344,695.0079345703125,201.51417541503906,607.8053588867188,311.75213623046875,682.114501953125,129.55198669433594,634.2637329101562,283.6087646484375,674.5133056640625,424.2945251464844,625.93505859375,432.18487548828125,673.6978759765625,544.7673950195312,626.4638061523438,543.2755737304688,653.5438232421875,662.9292602539062,632.3278198242188,659.7545776367188
569,18.966605186385735,656.333984375,227.40609741210938,667.6240234375,220.0150604248047,646.5353393554688,219.4635772705078,681.2951049804688,224.14382934570312,632.349853515625,224.13612365722656,689.1707153320312,257.7543029785156,615.5387573242188,280.9023742675781,695.1851196289062,216.63523864746094,608.1353759765625,313.3315124511719,683.2279663085938,142.13197326660156,636.6287231445312,285.47784423828125,674.3128662109375,423.9347839355469,625.8831176757812,430.5829162597656,674.1970825195312,544.9227294921875,627.4937744140625,543.7899169921875,654.04638671875,661.73779296875,632.1912231445312,661.76220703125
570,18.999938411669365,655.9365234375,227.12075805664062,667.234130859375,219.79049682617188,646.2349243164062,219.17538452148438,680.8936767578125,224.2148895263672,632.248779296875,224.01629638671875,688.9981079101562,258.5880126953125,614.7485961914062,281.4649353027344,695.576904296875,219.39727783203125,605.7225341796875,316.48565673828125,683.6882934570312,143.8087921142578,634.5198974609375,290.8363037109375,674.1454467773438,424.35198974609375,625.6127319335938,431.0233154296875,673.6615600585938,545.9622802734375,627.8771362304688,545.220458984375,653.1871337890625,662.3817749023438,632.8833618164062,663.2638549804688
571,19.033271636952996,655.9281005859375,227.0181121826172,667.1907348632812,219.68438720703125,646.2071533203125,219.10159301757812,680.8737182617188,223.9129180908203,632.22900390625,223.9615478515625,689.0534057617188,257.3426208496094,614.6384887695312,281.3475036621094,695.3102416992188,213.61480712890625,605.6436157226562,314.621826171875,682.8710327148438,137.60191345214844,635.1266479492188,289.3382873535156,673.8554077148438,424.73876953125,625.2471923828125,431.6712646484375,673.4472045898438,546.4882202148438,628.0223388671875,545.266357421875,653.3942260742188,664.0592651367188,633.7039184570312,663.3034057617188
572,19.066604862236627,656.081787109375,226.8874053955078,667.1223754882812,219.6302490234375,646.5173950195312,219.01174926757812,680.0160522460938,224.17575073242188,632.243408203125,224.04342651367188,687.9381713867188,258.1781921386719,613.571044921875,282.1521911621094,694.9479370117188,215.1598663330078,601.509033203125,315.9212951660156,682.6036987304688,137.6054229736328,627.4827270507812,289.38043212890625,673.559814453125,425.0940856933594,625.322021484375,432.29193115234375,673.3072509765625,545.6747436523438,628.5523071289062,545.4229125976562,654.0135498046875,662.558349609375,634.9392700195312,663.3519897460938
573,19.099938087520258,653.92041015625,226.81719970703125,665.0231323242188,219.4370574951172,644.4739379882812,219.11016845703125,678.5450439453125,223.877685546875,631.2645263671875,224.3781280517578,687.7882690429688,257.5404052734375,611.33837890625,284.2118225097656,694.9646606445312,216.5582733154297,596.4783935546875,324.8913269042969,683.5494995117188,136.8473663330078,620.6131591796875,295.68585205078125,674.3359375,423.3567810058594,625.1724243164062,431.68914794921875,673.2718505859375,544.68115234375,628.8165893554688,545.10546875,652.2109985351562,661.01611328125,636.7581787109375,662.5492553710938
574,19.13327131280389,654.8035278320312,226.75698852539062,665.7078247070312,219.26576232910156,644.9164428710938,219.15838623046875,678.6969604492188,224.19366455078125,631.0147094726562,224.54296875,687.8355712890625,260.96319580078125,612.5155029296875,280.4505920410156,694.9349365234375,232.25531005859375,599.72119140625,316.4432678222656,683.66845703125,151.22206115722656,629.692138671875,281.41632080078125,673.5919189453125,424.441650390625,624.6099243164062,430.47509765625,672.5997314453125,545.174072265625,628.3222045898438,545.17529296875,653.1051635742188,660.0975952148438,635.1394653320312,663.445068359375
575,19.16660453808752,652.6096801757812,228.3673095703125,664.1294555664062,220.37747192382812,642.6126708984375,220.5066680908203,678.0458374023438,223.38717651367188,628.0573120117188,225.16705322265625,687.2800903320312,253.76626586914062,608.662841796875,285.3730773925781,694.9769897460938,201.794677734375,596.4200439453125,315.91461181640625,683.2748413085938,129.2287139892578,617.5203857421875,270.29248046875,673.3208618164062,425.2707214355469,622.6823120117188,435.3772888183594,672.4937133789062,545.0342407226562,624.61572265625,546.4854125976562,652.9552612304688,662.7850952148438,636.9021606445312,662.426025390625
576,19.19993776337115,651.4673461914062,228.3953857421875,663.06201171875,220.3291015625,641.3435668945312,220.49693298339844,677.2328491210938,223.3184814453125,626.6631469726562,225.13333129882812,686.7886352539062,253.7370147705078,607.5350341796875,285.0665588378906,695.44775390625,202.41241455078125,595.3924560546875,315.7664794921875,683.7777709960938,128.5856475830078,617.0217895507812,269.7005310058594,673.440185546875,425.2281188964844,622.2735595703125,435.3336181640625,672.8164672851562,544.868896484375,623.9755859375,546.7686157226562,653.7122802734375,662.6153564453125,636.3296508789062,663.0369873046875
577,19.23327098865478,651.2316284179688,228.0369110107422,662.620361328125,219.78477478027344,640.83740234375,220.2401123046875,676.5623779296875,223.24752807617188,626.0449829101562,225.2154541015625,686.0744018554688,256.4228210449219,607.346923828125,284.4653015136719,694.9541015625,217.4518585205078,594.857177734375,322.10198974609375,684.4301147460938,139.3183135986328,617.1824340820312,279.2465515136719,673.593994140625,424.4583435058594,622.5383911132812,433.75543212890625,673.611083984375,544.7976684570312,625.0689086914062,547.2410888671875,655.1102294921875,661.9036254882812,636.0523681640625,665.6480712890625
578,19.26660421393841,650.0862426757812,227.8789825439453,661.6837158203125,219.65594482421875,639.6222534179688,220.04550170898438,676.0855102539062,223.64923095703125,625.16552734375,225.26785278320312,685.9241943359375,259.0794982910156,607.2056884765625,283.9953918457031,693.6470336914062,229.94027709960938,594.6782836914062,322.4130554199219,683.8131713867188,157.20346069335938,615.2176513671875,278.69488525390625,673.1463012695312,425.0830078125,622.173583984375,433.29510498046875,673.3773803710938,545.7802124023438,625.0758056640625,547.1527709960938,655.0195922851562,662.1019897460938,636.2327880859375,665.366455078125
579,19.29993743922204,649.6384887695312,227.87745666503906,661.1371459960938,219.4612274169922,638.93505859375,220.1377716064453,675.6983032226562,223.74130249023438,624.7127685546875,225.46018981933594,686.0833129882812,262.9695129394531,607.6046752929688,282.11065673828125,692.00390625,252.75599670410156,594.385009765625,322.7146301269531,683.3793334960938,187.61318969726562,616.8377685546875,277.456787109375,673.334716796875,424.8616027832031,622.4237060546875,431.48089599609375,673.029052734375,545.72412109375,625.7803344726562,547.0772094726562,655.1477661132812,661.027587890625,636.09423828125,666.0795288085938
580,19.333270664505672,649.0478515625,228.02423095703125,660.525634765625,219.64016723632812,638.1947021484375,220.2381591796875,675.14697265625,224.1996612548828,623.7899780273438,225.5735626220703,685.7071533203125,265.4127502441406,607.4576416015625,280.8089599609375,691.1536254882812,263.35552978515625,594.719970703125,320.4379577636719,682.8150024414062,203.4084014892578,619.467529296875,277.1444091796875,672.677001953125,425.77020263671875,621.877197265625,431.17205810546875,672.0081176757812,546.166015625,625.6218872070312,547.04833984375,654.1703491210938,660.9140625,635.0018920898438,665.9907836914062
581,19.366603889789303,648.4441528320312,228.59713745117188,660.0327758789062,220.34225463867188,637.7305908203125,220.8145294189453,674.8463745117188,224.36239624023438,623.166748046875,226.0768280029297,685.00146484375,261.2991638183594,606.610595703125,283.1475830078125,693.3671875,237.2295379638672,594.9923095703125,319.1375732421875,683.2009887695312,167.86270141601562,615.9202270507812,279.35504150390625,671.5722045898438,425.72467041015625,620.7874755859375,432.86993408203125,671.34228515625,545.7534790039062,624.3426513671875,547.0328979492188,653.802978515625,661.0860595703125,634.9559936523438,665.130126953125
582,19.399937115072934,648.4055786132812,228.47630310058594,659.9435424804688,220.1500244140625,637.5955810546875,220.6317596435547,674.6630859375,224.15443420410156,622.8424682617188,225.76454162597656,684.9588012695312,261.9197082519531,606.3611450195312,282.28948974609375,693.5723876953125,241.42330932617188,594.5709228515625,318.5513916015625,684.4201049804688,172.18646240234375,615.853271484375,278.1679992675781,671.7384643554688,425.94781494140625,620.8076171875,432.6280517578125,671.3324584960938,545.7991333007812,624.3153686523438,546.7221069335938,654.049560546875,660.63818359375,634.8658447265625,664.5517578125
583,19.433270340356565,648.5546875,227.97483825683594,660.0167846679688,219.88055419921875,637.9752197265625,220.1343536376953,674.1246337890625,223.9334716796875,622.778564453125,225.05130004882812,683.7843017578125,260.0394287109375,605.4081420898438,282.3602600097656,693.909423828125,233.0496063232422,594.3770751953125,319.4836120605469,685.4105224609375,160.45907592773438,615.557373046875,281.2441101074219,671.6738891601562,424.8700866699219,620.860107421875,432.24041748046875,671.339599609375,545.0823974609375,624.074462890625,546.4683837890625,653.6829223632812,660.5761108398438,635.2342529296875,665.088623046875
584,19.466603565640195,648.2330932617188,227.61268615722656,659.7865600585938,219.6882781982422,637.5951538085938,219.7973175048828,673.8699340820312,224.1561279296875,622.0636596679688,225.1537628173828,683.0797729492188,259.7106628417969,604.9790649414062,283.1559753417969,693.360107421875,225.0680694580078,595.3162231445312,316.4286804199219,684.5228881835938,151.03550720214844,616.38916015625,279.36572265625,671.0693969726562,426.0295715332031,620.3987426757812,433.6427307128906,671.1243896484375,545.9640502929688,623.6271362304688,547.071044921875,654.3069458007812,661.3753051757812,635.4616088867188,664.9549560546875
585,19.499936790923822,648.7197875976562,227.226318359375,660.1262817382812,219.2233428955078,638.0514526367188,219.36285400390625,673.87255859375,223.69839477539062,622.265380859375,224.5400848388672,682.9332885742188,260.2574768066406,605.3331298828125,281.11260986328125,693.7318725585938,230.80560302734375,595.3978881835938,314.9862976074219,684.5714721679688,154.04446411132812,618.7061767578125,278.02520751953125,670.9472045898438,425.8841552734375,620.39111328125,432.7370910644531,671.1351928710938,546.4279174804688,623.9027709960938,547.702880859375,656.191162109375,663.245361328125,635.5709228515625,667.85205078125
586,19.533270016207453,649.0345458984375,227.139404296875,660.2774047851562,218.94378662109375,638.1865844726562,219.21856689453125,673.8289794921875,223.5154266357422,622.216796875,224.34152221679688,683.1548461914062,262.4568176269531,605.091552734375,280.4227294921875,693.2881469726562,245.20590209960938,594.7566528320312,318.9594421386719,685.7186279296875,171.44522094726562,619.2677612304688,281.6007995605469,671.2462158203125,425.87811279296875,620.30517578125,431.9496154785156,671.5159301757812,546.6921997070312,624.1229858398438,547.6522216796875,656.031005859375,663.7587280273438,634.5785522460938,668.9375
587,19.566603241491084,649.0665283203125,227.30230712890625,660.3743896484375,219.07102966308594,638.279296875,219.32447814941406,674.06640625,223.56251525878906,622.5122680664062,224.3715057373047,683.5394287109375,262.5372619628906,605.08544921875,280.80828857421875,693.7350463867188,245.34861755371094,594.0020751953125,319.9825134277344,686.0643920898438,172.1852569580078,617.98681640625,282.8733825683594,671.1473999023438,425.89910888671875,620.0877685546875,432.03887939453125,671.44482421875,546.7333984375,623.953857421875,547.62353515625,655.5888061523438,664.2578125,634.3882446289062,669.2644653320312
588,19.599936466774714,648.9984130859375,227.6560821533203,660.3997192382812,219.55679321289062,638.318603515625,219.67645263671875,674.205078125,224.1418914794922,622.7123413085938,224.7407989501953,683.3453369140625,262.65472412109375,605.5686645507812,280.889404296875,693.349609375,242.592529296875,594.7653198242188,317.23797607421875,685.343017578125,170.83413696289062,618.8565063476562,281.218994140625,670.512451171875,426.61773681640625,619.8057861328125,432.6947326660156,671.350830078125,547.4075927734375,623.5784912109375,548.394287109375,655.7213745117188,665.3296508789062,633.4398193359375,670.3118286132812
589,19.633269692058345,648.8563232421875,227.93894958496094,660.3552856445312,219.79901123046875,638.1888427734375,220.00057983398438,674.4096069335938,224.33132934570312,622.8271484375,225.2262725830078,683.4746704101562,262.4058837890625,606.0254516601562,281.6086120605469,693.491455078125,240.4738311767578,594.509033203125,316.3609313964844,685.5965576171875,169.54547119140625,616.7481689453125,278.173583984375,670.2885131835938,426.7696228027344,619.7794189453125,433.22528076171875,671.4710083007812,547.1333618164062,622.9573974609375,548.89501953125,656.1714477539062,664.8991088867188,632.3278198242188,670.5337524414062
590,19.666602917341976,648.5335083007812,228.18240356445312,660.1370239257812,220.09690856933594,638.0067138671875,220.12887573242188,674.4263305664062,224.53155517578125,623.0038452148438,225.09754943847656,683.6815795898438,261.99761962890625,605.780029296875,281.6217346191406,693.3927001953125,237.4361572265625,594.4020385742188,317.4067077636719,685.1063842773438,163.6714630126953,618.3416748046875,281.13104248046875,670.504150390625,427.2898864746094,619.524169921875,433.7120361328125,672.0225219726562,548.349365234375,622.0806274414062,549.362548828125,656.418701171875,666.2462768554688,631.0096435546875,670.843505859375
591,19.699936142625607,648.5411376953125,228.26751708984375,660.3032836914062,220.2773895263672,638.1397094726562,220.1781768798828,674.7197265625,224.7342529296875,623.0661010742188,225.22683715820312,683.3546142578125,260.68499755859375,605.8310546875,282.5028991699219,693.3706665039062,228.15269470214844,595.1724243164062,316.18768310546875,683.8723754882812,153.27053833007812,618.4017333984375,282.1002197265625,670.0691528320312,427.49688720703125,618.9778442382812,434.6093444824219,672.8206787109375,547.935302734375,620.1484985351562,549.7703247070312,658.5241088867188,666.0617065429688,628.5035400390625,671.1763305664062
592,19.733269367909237,648.6946411132812,227.22984313964844,659.9923706054688,219.32269287109375,638.5426025390625,219.2938232421875,673.721923828125,224.54013061523438,624.061767578125,224.47364807128906,683.27197265625,265.12274169921875,606.676025390625,279.4330139160156,693.8406982421875,254.79635620117188,594.7706298828125,318.2362976074219,683.7784423828125,180.5266571044922,623.5220947265625,284.1592712402344,670.4047241210938,426.341064453125,619.4913330078125,431.48236083984375,673.8908081054688,546.50830078125,620.7656860351562,549.8386840820312,661.3659057617188,661.3562622070312,626.0675048828125,671.5877075195312
593,19.766602593192868,648.19921875,227.2188262939453,659.6849365234375,219.4950408935547,638.2255859375,219.29705810546875,673.7593383789062,224.4917755126953,624.0074462890625,224.56512451171875,683.0957641601562,261.5302429199219,606.2896728515625,281.4166564941406,694.6044921875,233.6101531982422,594.5587768554688,318.6521911621094,683.632080078125,152.6154022216797,621.118896484375,287.1637878417969,670.5406494140625,426.1771545410156,619.5576782226562,432.8341064453125,674.309326171875,546.8386840820312,620.2774047851562,549.984619140625,660.9801025390625,661.5926513671875,626.2979125976562,670.0302734375
594,19.7999358184765,648.1008911132812,227.0308074951172,659.4984741210938,219.25872802734375,638.1132202148438,219.14576721191406,673.439208984375,224.26100158691406,623.8988647460938,224.56234741210938,682.8654174804688,261.50604248046875,606.252197265625,282.0889892578125,694.1724243164062,234.79049682617188,594.290771484375,320.60791015625,682.9368286132812,154.76870727539062,619.045654296875,287.6745300292969,670.6582641601562,426.0137939453125,619.9286499023438,432.96624755859375,674.427001953125,547.1782836914062,620.9967041015625,550.6714477539062,660.5379028320312,662.3740844726562,626.7723999023438,671.1666259765625
595,19.83326904376013,647.951904296875,226.6884002685547,659.3112182617188,218.77549743652344,637.8228149414062,218.91038513183594,673.4284057617188,223.20372009277344,623.7200317382812,224.32315063476562,683.199462890625,258.55072021484375,606.30224609375,282.0650329589844,693.4292602539062,225.90708923339844,595.6539306640625,318.1368713378906,682.4586791992188,147.1305389404297,621.13330078125,278.854736328125,671.0040893554688,425.3369140625,620.1455078125,433.1842956542969,674.4640502929688,546.9558715820312,621.697265625,549.9837036132812,659.1912841796875,664.4307250976562,628.4472045898438,670.7897338867188
596,19.86660226904376,647.7167358398438,226.6235809326172,659.1568603515625,218.73306274414062,637.6547241210938,218.80238342285156,673.3829345703125,222.88278198242188,623.6281127929688,224.0286102294922,683.5433349609375,257.22796630859375,606.1044921875,282.06573486328125,693.4799194335938,220.6631317138672,596.198486328125,315.17498779296875,681.823974609375,144.37855529785156,621.3785400390625,271.782958984375,671.157470703125,425.93145751953125,620.2160034179688,434.05328369140625,673.851318359375,547.5623779296875,622.0711669921875,549.7395629882812,657.9295043945312,665.8212890625,630.6763305664062,669.6961669921875
597,19.89993549432739,647.82666015625,226.6424560546875,659.1685791015625,218.69439697265625,637.7478637695312,218.8211669921875,673.2974243164062,222.5095672607422,623.6995849609375,223.890380859375,683.7886352539062,256.0442810058594,605.8981323242188,282.26849365234375,693.4918823242188,217.06878662109375,596.1538696289062,316.0069885253906,681.6773681640625,140.4150848388672,621.0054321289062,272.269775390625,671.6901245117188,425.53192138671875,620.5614624023438,434.0199890136719,674.346923828125,546.9345703125,622.8064575195312,548.5261840820312,657.5828247070312,666.0528564453125,631.9254150390625,668.58935546875
598,19.93326871961102,648.0747680664062,226.53359985351562,659.3799438476562,218.55372619628906,637.9506225585938,218.7056884765625,673.3485107421875,222.2876434326172,623.6065673828125,223.68287658691406,683.4195556640625,255.91461181640625,605.9176025390625,282.4107360839844,693.4368286132812,217.58502197265625,596.54296875,317.7677001953125,682.564208984375,142.65985107421875,620.570068359375,278.1499328613281,671.8906860351562,424.9372253417969,621.0279541015625,433.66253662109375,674.9244995117188,546.8497314453125,623.6358032226562,549.06982421875,658.2845458984375,665.6620483398438,632.506591796875,669.4979858398438
599,19.966601944894652,647.70947265625,226.60169982910156,659.197998046875,218.61123657226562,637.71630859375,218.64039611816406,673.4315795898438,222.11752319335938,623.4230346679688,223.47775268554688,683.0875854492188,254.53147888183594,605.73486328125,283.6457824707031,692.80126953125,210.44671630859375,597.2586059570312,319.874755859375,681.0869750976562,135.96096801757812,620.671142578125,283.440185546875,672.007080078125,424.64117431640625,621.2071533203125,434.18341064453125,675.009765625,546.0012817382812,622.9307250976562,548.5667114257812,659.2267456054688,665.2531127929688,632.5869140625,668.6484985351562
600,19.99993517017828,647.3797607421875,226.4024200439453,659.0172729492188,218.5017547607422,637.5620727539062,218.3102264404297,673.3131713867188,222.0606689453125,623.2675170898438,223.0757293701172,682.7659912109375,253.72251892089844,605.5075073242188,284.0392761230469,693.0211791992188,204.89012145996094,598.426025390625,317.971435546875,680.4077758789062,129.98556518554688,622.4385375976562,278.5172119140625,672.0197143554688,425.09625244140625,621.1532592773438,435.0257568359375,675.5679931640625,545.9915771484375,622.2654418945312,548.9410400390625,660.1616821289062,666.361328125,632.1605834960938,669.6347045898438
601,20.03326839546191,647.5933837890625,226.17396545410156,659.2557983398438,218.32188415527344,637.7643432617188,217.98985290527344,673.3219604492188,222.07720947265625,623.0833129882812,222.80963134765625,682.6659545898438,254.0646514892578,605.3311157226562,283.7651672363281,692.9340209960938,203.88336181640625,597.484130859375,312.22576904296875,680.1981811523438,130.4001007080078,619.3821411132812,264.84124755859375,672.2601318359375,425.81817626953125,621.4903564453125,435.5722961425781,675.3755493164062,546.772216796875,621.8994750976562,549.7660522460938,659.7852783203125,667.499267578125,631.871826171875,670.3328247070312
602,20.06660162074554,647.5834350585938,226.05430603027344,659.1802368164062,218.13865661621094,637.7555541992188,217.89129638671875,673.2012329101562,221.74649047851562,623.122314453125,222.5935821533203,682.4530029296875,253.62937927246094,605.0307006835938,284.0123291015625,692.8714599609375,205.6656951904297,597.0169677734375,318.50360107421875,681.14013671875,131.86822509765625,620.5791015625,278.08013916015625,672.4185791015625,424.5481872558594,621.5968627929688,434.6360778808594,675.1767578125,546.1361694335938,622.0135498046875,549.6331176757812,658.9419555664062,666.3931274414062,631.4085083007812,670.3541259765625
603,20.09993484602917,646.9537963867188,225.7122802734375,658.63134765625,217.8340301513672,637.2688598632812,217.5016326904297,672.7877197265625,221.42771911621094,622.9087524414062,222.0913543701172,682.1322631835938,253.23837280273438,604.8552856445312,283.7606201171875,692.90966796875,206.09474182128906,596.4354858398438,319.3551330566406,681.0643310546875,132.71044921875,618.9402465820312,278.98406982421875,672.264892578125,423.9989013671875,621.6759643554688,434.12957763671875,674.603759765625,546.2274169921875,622.1363525390625,549.9334106445312,658.1149291992188,667.2863159179688,631.7305297851562,671.6613159179688
604,20.133268071312802,647.2409057617188,225.41786193847656,658.7750244140625,217.48956298828125,637.4083862304688,217.266357421875,672.8143920898438,221.05410766601562,622.9364013671875,222.0339813232422,682.6640014648438,253.0292510986328,604.8853149414062,283.9378356933594,692.9126586914062,206.8114776611328,596.3064575195312,320.9637756347656,681.3126831054688,134.29052734375,618.62890625,281.03033447265625,672.7426147460938,424.1344909667969,622.0244750976562,434.2256774902344,673.98974609375,547.0250854492188,622.4616088867188,549.7583618164062,656.5433349609375,668.5803833007812,632.1369018554688,671.0928955078125
605,20.166601296596433,646.4146728515625,224.88807678222656,658.0802001953125,217.18014526367188,636.7969360351562,216.61268615722656,672.4017333984375,220.8721160888672,622.7531127929688,221.33932495117188,682.6241455078125,252.28164672851562,604.7333984375,283.4750061035156,692.40087890625,201.06707763671875,596.0759887695312,316.6869812011719,680.8314208984375,128.30487060546875,616.272216796875,273.0086364746094,672.619140625,424.8894958496094,622.01953125,434.611572265625,673.0716552734375,547.6822509765625,622.0545043945312,548.1749267578125,655.4867553710938,670.357666015625,632.8796997070312,668.7130737304688
606,20.199934521880063,646.5577392578125,224.67373657226562,658.1710815429688,217.08416748046875,636.9639892578125,216.4178009033203,672.4620971679688,220.89950561523438,622.98095703125,221.20408630371094,682.7633666992188,252.58531188964844,605.064208984375,283.3146667480469,692.1981811523438,201.68885803222656,596.5045776367188,317.2438659667969,681.2167358398438,130.25875854492188,615.9276733398438,277.90570068359375,672.4452514648438,425.24786376953125,622.0582885742188,434.5717468261719,672.374755859375,548.5305786132812,622.1014404296875,547.7478637695312,654.90625,670.0188598632812,632.9591064453125,666.5162353515625
607,20.233267747163694,647.537109375,224.237060546875,658.8589477539062,216.60716247558594,637.7901611328125,216.16314697265625,672.7239990234375,220.37554931640625,623.4672241210938,221.06002807617188,682.982666015625,252.22738647460938,605.2018432617188,283.0205383300781,692.58203125,203.81971740722656,596.4431762695312,321.33984375,681.7870483398438,131.32540893554688,616.9463500976562,288.3085021972656,672.873779296875,423.7381286621094,622.414794921875,433.2054443359375,672.74072265625,547.4050903320312,623.3087768554688,547.0695190429688,654.5525512695312,667.9112548828125,633.5111083984375,665.7298583984375
608,20.266600972447325,647.8077392578125,223.92198181152344,659.0404052734375,216.24720764160156,638.0593872070312,215.991455078125,672.9814453125,219.77317810058594,624.0925903320312,220.9408721923828,683.4498901367188,251.09288024902344,605.8793334960938,282.4825744628906,692.14013671875,201.54074096679688,596.8831176757812,319.8328857421875,681.2554931640625,129.33596801757812,618.5999145507812,285.063720703125,673.0101928710938,422.99871826171875,622.698974609375,432.6748352050781,672.515625,546.926513671875,623.9551391601562,546.5889282226562,654.0930786132812,667.8412475585938,634.3267211914062,665.1535034179688
609,20.299934197730956,647.8714599609375,223.32369995117188,659.1358642578125,215.75782775878906,638.1724853515625,215.41067504882812,673.0349731445312,219.62025451660156,624.1748046875,220.56764221191406,683.3953857421875,251.49005126953125,605.9857788085938,282.1881103515625,692.2903442382812,203.01483154296875,596.9008178710938,319.2430725097656,680.7483520507812,131.521728515625,618.6105346679688,285.4770202636719,672.66259765625,422.8848571777344,622.5860595703125,432.3427429199219,671.864013671875,547.0614624023438,624.2118530273438,546.93359375,653.6342163085938,667.8399047851562,634.83154296875,665.6614990234375
610,20.333267423014586,648.2907104492188,223.05703735351562,659.486328125,215.54281616210938,638.4917602539062,215.2061309814453,673.2062377929688,219.5279998779297,624.2550659179688,220.5277099609375,683.6691284179688,251.11131286621094,605.7545166015625,282.30450439453125,692.4033203125,201.20864868164062,597.0513305664062,320.2515563964844,680.87890625,128.06182861328125,619.6046142578125,287.4718933105469,672.9142456054688,423.42913818359375,622.470458984375,432.9579162597656,672.1226806640625,547.4622802734375,624.2700805664062,546.730712890625,653.2939453125,667.9298095703125,635.0508422851562,664.7236328125
611,20.366600648298217,648.9301147460938,222.77040100097656,660.2444458007812,215.32949829101562,639.057861328125,214.99685668945312,674.1788330078125,219.6985321044922,624.8262939453125,220.75230407714844,684.47314453125,252.1300048828125,606.5196533203125,282.3177795410156,692.5594482421875,202.7221221923828,596.8997802734375,317.6825866699219,679.7910766601562,132.11912536621094,618.8646240234375,286.80267333984375,672.3345336914062,423.87274169921875,621.9889526367188,433.0380554199219,671.6223754882812,547.7090454101562,624.1006469726562,547.0985717773438,653.8317260742188,667.4310913085938,635.04248046875,664.4607543945312
612,20.399933873581848,648.3946533203125,221.96730041503906,659.7438354492188,214.99375915527344,638.5973510742188,214.40126037597656,673.7313232421875,220.30770874023438,624.7285766601562,220.4705352783203,684.8690185546875,254.60606384277344,607.3248291015625,277.10479736328125,692.6224365234375,205.4898681640625,594.4814453125,289.1108703613281,677.9287719726562,135.41937255859375,612.6337280273438,236.12539672851562,671.9664306640625,426.27093505859375,621.7483520507812,432.762939453125,671.3610229492188,549.020263671875,623.2134399414062,546.9039306640625,655.0921630859375,667.7568969726562,634.2969970703125,663.5518798828125
613,20.43326709886548,648.6917724609375,222.35946655273438,659.9548950195312,214.93592834472656,638.7078247070312,214.80943298339844,674.1036376953125,219.9082489013672,625.113037109375,221.0407257080078,685.2978515625,254.90499877929688,607.4774169921875,280.19830322265625,692.4840087890625,216.75526428222656,595.2462158203125,311.57061767578125,680.1609497070312,147.947998046875,614.5797119140625,270.96929931640625,672.44189453125,424.1396789550781,622.116943359375,431.7364196777344,672.1220092773438,548.1163330078125,624.4124145507812,546.853515625,654.3278198242188,666.6336669921875,634.28271484375,664.27294921875
614,20.46660032414911,649.3251953125,222.37020874023438,660.3221435546875,214.7901153564453,639.267333984375,214.89523315429688,674.045166015625,219.6492919921875,625.5491943359375,221.03123474121094,685.3079223632812,255.36410522460938,607.3560791015625,279.96160888671875,692.6815185546875,223.68788146972656,594.3179321289062,317.02911376953125,680.8062133789062,152.56387329101562,614.810302734375,277.7352294921875,673.0761108398438,422.7311096191406,622.6207275390625,430.3533935546875,672.6578369140625,547.203125,625.5808715820312,546.6775512695312,653.9435424804688,665.3822631835938,634.6946411132812,665.1089477539062
615,20.49993354943274,649.6251220703125,222.4829864501953,660.612548828125,214.9016571044922,639.6253051757812,214.9359893798828,674.2595825195312,219.4457550048828,625.7608642578125,220.79763793945312,685.1864013671875,254.27816772460938,607.3026733398438,279.8905944824219,692.3955688476562,218.66256713867188,594.2308349609375,315.75982666015625,680.7406005859375,148.5098419189453,614.0031127929688,278.3725280761719,672.933837890625,422.74432373046875,622.4710083007812,430.6613464355469,673.0443115234375,547.0593872070312,625.3923950195312,546.3656616210938,654.7647705078125,665.4257202148438,634.5869140625,664.3433227539062
616,20.533266774716367,649.51025390625,222.6409454345703,660.7186889648438,215.2313995361328,639.7026977539062,215.05166625976562,674.523681640625,219.90516662597656,625.9201049804688,220.98251342773438,685.2262573242188,253.6632080078125,607.1239624023438,281.35040283203125,692.2243041992188,210.94480895996094,594.2537231445312,314.8689880371094,679.0034790039062,141.0770263671875,612.3680419921875,276.960205078125,672.9318237304688,423.67193603515625,622.4785766601562,432.1600036621094,672.8568725585938,547.2955322265625,624.8627319335938,546.6787109375,654.6053466796875,665.996826171875,635.3133544921875,664.3038330078125
617,20.566599999999998,650.1932373046875,222.68630981445312,661.3629150390625,215.28114318847656,640.3204956054688,215.12673950195312,675.0335083007812,219.96205139160156,626.3666381835938,221.15237426757812,685.755126953125,253.58921813964844,607.507568359375,281.2962951660156,691.9359741210938,210.7321014404297,594.41162109375,313.0057373046875,678.3065795898438,142.0079803466797,611.7425537109375,271.21356201171875,673.0216674804688,424.1537780761719,622.481689453125,432.55670166015625,672.6810913085938,548.2980346679688,624.6447143554688,547.1358032226562,654.1801147460938,666.5960693359375,635.2105712890625,663.5134887695312
618,20.59993322528363,650.5220336914062,222.71633911132812,661.6576538085938,215.19366455078125,640.5308837890625,215.17404174804688,675.393798828125,219.86175537109375,626.543701171875,221.17428588867188,685.8179931640625,254.23745727539062,607.8349609375,281.0059814453125,691.8858642578125,216.11936950683594,594.6334838867188,317.3511047363281,679.3165283203125,146.9162139892578,612.1096801757812,282.1772155761719,673.0230102539062,423.02593994140625,622.5543212890625,431.17596435546875,672.8114624023438,547.4385986328125,625.14599609375,546.2565307617188,654.69580078125,665.9547729492188,635.2775268554688,663.958984375
619,20.63326645056726,650.9766235351562,222.74378967285156,662.0675659179688,215.1619415283203,640.92919921875,215.18959045410156,675.557861328125,219.75799560546875,626.61669921875,221.17141723632812,685.8992919921875,253.96241760253906,607.5439453125,281.73065185546875,692.0445556640625,215.4840087890625,594.6342163085938,319.7272644042969,679.5811767578125,146.67135620117188,612.0870971679688,284.9725036621094,673.35400390625,423.0718688964844,622.7208862304688,431.61181640625,672.9605102539062,547.4940795898438,625.1651000976562,546.56884765625,654.238037109375,665.734619140625,635.4935302734375,663.9173583984375
620,20.66659967585089,650.3726806640625,222.84437561035156,661.73876953125,215.37130737304688,640.4136352539062,215.1984405517578,675.4957275390625,220.0843505859375,626.137451171875,221.08839416503906,685.9732666015625,253.6913604736328,607.1492309570312,280.9185791015625,692.310791015625,212.6642303466797,593.674560546875,312.18475341796875,679.0499267578125,144.274169921875,610.7111206054688,266.55096435546875,673.2966918945312,423.83843994140625,622.4314575195312,432.2093200683594,672.69873046875,547.6843872070312,624.3521728515625,546.841552734375,654.052734375,666.8560180664062,635.9286499023438,664.3883056640625
621,20.69993290113452,649.8782958984375,222.69390869140625,661.319091796875,215.24769592285156,639.9120483398438,215.10665893554688,675.232421875,220.0750732421875,625.7700805664062,221.1669158935547,685.986328125,253.56590270996094,606.88916015625,280.6943359375,692.3857421875,210.60430908203125,593.1487426757812,306.31585693359375,679.426513671875,142.70457458496094,609.6569213867188,251.32424926757812,673.5322265625,424.20684814453125,622.513427734375,432.6864013671875,672.7286987304688,547.7084350585938,624.0113525390625,547.346435546875,653.9588012695312,666.900146484375,636.0897216796875,664.5257568359375
622,20.73326612641815,650.0543823242188,222.89437866210938,661.4931640625,215.43438720703125,640.0626220703125,215.2502899169922,675.3046264648438,220.12542724609375,625.6099853515625,221.14744567871094,685.8087768554688,253.23826599121094,606.5159912109375,280.7279968261719,692.0032958984375,209.10816955566406,592.6489868164062,306.0290832519531,678.8084106445312,141.5209503173828,608.67236328125,251.0724639892578,673.6502685546875,423.83709716796875,622.4947509765625,432.4555358886719,672.8713989257812,547.4609375,623.90478515625,547.0942993164062,654.1888427734375,666.571044921875,636.2987670898438,663.96044921875
623,20.76659935170178,649.9695434570312,223.10076904296875,661.5460205078125,215.7266082763672,639.9581298828125,215.34030151367188,675.6021728515625,220.28184509277344,625.3770141601562,220.98109436035156,685.5505981445312,253.0003204345703,607.3053588867188,279.48681640625,691.9729614257812,203.14585876464844,594.1910400390625,297.8125915527344,678.8587036132812,135.7842254638672,610.3147583007812,244.60122680664062,672.9661254882812,424.99078369140625,622.4016723632812,433.1098937988281,672.146240234375,547.9178466796875,623.6826171875,547.232666015625,654.2962036132812,667.4082641601562,635.555419921875,664.3167114257812
624,20.799932576985412,649.7811889648438,223.3795623779297,661.4363403320312,216.02642822265625,639.839111328125,215.48484802246094,675.6156005859375,220.43751525878906,625.2095336914062,221.0592498779297,685.0411987304688,252.27708435058594,607.2127685546875,281.40936279296875,691.6263427734375,197.6005859375,595.5746459960938,305.0030517578125,679.4390869140625,128.75685119628906,611.529541015625,260.72357177734375,672.811279296875,424.9638671875,622.5689086914062,433.70068359375,671.6631469726562,548.0663452148438,623.4510498046875,546.7706298828125,654.260986328125,667.5482788085938,635.5833129882812,663.079345703125
625,20.833265802269043,649.7349853515625,223.0951385498047,661.2904663085938,215.8916015625,639.8148803710938,215.2901153564453,675.2849731445312,220.6786651611328,625.2144775390625,221.0509490966797,684.9495239257812,253.37423706054688,607.2916870117188,280.3970031738281,691.6220703125,200.80548095703125,595.136962890625,300.6534118652344,679.0213012695312,132.57266235351562,611.6063842773438,253.9773712158203,672.6281127929688,425.45416259765625,622.4966430664062,433.521240234375,671.5411987304688,548.5376586914062,623.6098022460938,547.089111328125,653.997314453125,668.0180053710938,635.19580078125,663.7968139648438
626,20.866599027552674,649.5914306640625,223.18959045410156,661.1611328125,216.0650177001953,639.6099243164062,215.4492645263672,675.3157958984375,220.98594665527344,625.1141967773438,221.28172302246094,684.9189453125,254.208984375,607.9226684570312,279.3241882324219,691.1710205078125,200.70663452148438,595.6795654296875,292.8678283691406,678.8782958984375,133.75531005859375,611.938232421875,243.12551879882812,672.4185791015625,426.177978515625,622.631591796875,433.6108703613281,671.1843872070312,548.9260864257812,623.543212890625,547.276123046875,653.9352416992188,667.4617309570312,634.567626953125,663.2052612304688
627,20.899932252836305,649.2468872070312,223.06753540039062,660.7750854492188,215.78952026367188,639.2578125,215.32046508789062,674.9630737304688,220.42828369140625,624.874267578125,221.18408203125,684.8417358398438,253.1838836669922,607.4177856445312,280.4382019042969,691.3274536132812,198.16854858398438,595.3846435546875,296.90191650390625,679.4629516601562,130.43731689453125,611.8564453125,246.88677978515625,672.6171264648438,425.6973571777344,622.6712036132812,433.8739929199219,671.1732788085938,548.4561157226562,623.5009155273438,547.109130859375,654.0459594726562,667.7683715820312,635.1631469726562,663.1935424804688
628,20.933265478119935,648.981689453125,223.2515106201172,660.5304565429688,216.10311889648438,639.0709838867188,215.51962280273438,674.8234252929688,220.8695831298828,624.9447021484375,221.28944396972656,684.7488403320312,254.00628662109375,607.9091796875,279.1177673339844,690.9130249023438,198.92442321777344,595.4548950195312,289.76397705078125,679.09130859375,131.90061950683594,611.2531127929688,236.53152465820312,672.3911743164062,426.29864501953125,622.7293090820312,433.7164611816406,671.1416625976562,548.769287109375,623.4089965820312,546.8427124023438,654.5009155273438,667.8119506835938,634.7415161132812,662.7664794921875
629,20.966598703403566,648.7447509765625,223.52455139160156,660.3485717773438,216.2754669189453,638.8809814453125,215.72171020507812,674.7481079101562,220.7482147216797,624.8513793945312,221.28086853027344,684.9168090820312,253.1776885986328,607.3810424804688,279.7645568847656,691.0957641601562,198.08438110351562,594.60009765625,293.8133850097656,678.880126953125,130.3136444091797,610.435791015625,240.26663208007812,672.8519897460938,425.91815185546875,622.755859375,433.84527587890625,671.6286010742188,548.5616455078125,623.2726440429688,546.843017578125,654.4625244140625,668.3059692382812,634.98681640625,663.1947021484375
630,20.999931928687197,648.896484375,223.6641082763672,660.4254760742188,216.21707153320312,638.97314453125,215.84783935546875,674.6920776367188,220.53985595703125,624.88232421875,221.54171752929688,684.9160766601562,252.72515869140625,606.78076171875,282.3287353515625,691.1522827148438,200.83029174804688,594.847412109375,308.5113220214844,679.2981567382812,132.50982666015625,612.27001953125,262.5213317871094,673.0756225585938,425.4220886230469,622.6565551757812,434.4151611328125,672.052001953125,548.6458740234375,623.5639038085938,547.55419921875,653.5029907226562,668.4518432617188,634.7822875976562,664.0444946289062
631,21.033265153970827,649.0643310546875,223.67921447753906,660.6343383789062,216.28665161132812,639.1986694335938,215.84254455566406,674.9196166992188,220.73924255371094,625.0762329101562,221.6143035888672,684.5811157226562,252.78628540039062,606.867919921875,283.5581359863281,690.9437255859375,200.35372924804688,595.9268798828125,315.7412109375,679.37255859375,130.97605895996094,614.2767944335938,280.0340881347656,672.8873901367188,424.7857971191406,622.7127075195312,434.12713623046875,671.8833618164062,548.1262817382812,623.682373046875,547.199951171875,653.7367553710938,667.7716064453125,634.803466796875,664.0004272460938
632,21.066598379254454,648.9407958984375,223.81358337402344,660.6045532226562,216.38772583007812,639.1172485351562,215.8479461669922,675.027587890625,220.60983276367188,624.9864501953125,221.43360900878906,684.597412109375,252.18006896972656,607.0794677734375,283.4481506347656,690.9451293945312,195.6161651611328,595.8617553710938,310.9254455566406,679.0947875976562,126.19947052001953,612.2594604492188,269.5853271484375,672.8767700195312,425.41522216796875,622.9061889648438,434.8244323730469,671.516845703125,548.2723999023438,623.3819580078125,547.2044067382812,653.5929565429688,667.7684936523438,634.8397827148438,663.0137939453125
633,21.099931604538085,648.97900390625,223.96995544433594,660.6319580078125,216.57044982910156,639.1825561523438,215.96929931640625,674.9474487304688,220.79046630859375,624.9773559570312,221.47073364257812,684.553466796875,252.24624633789062,606.7594604492188,283.3280944824219,690.8001708984375,194.97406005859375,595.0308837890625,309.40673828125,679.163818359375,125.99735260009766,611.265625,266.36627197265625,672.8690795898438,425.6902770996094,622.7652587890625,435.0220642089844,671.52294921875,548.552490234375,623.15966796875,547.15283203125,653.4109497070312,668.1724853515625,634.7506103515625,662.7221069335938
634,21.133264829821716,649.2127075195312,223.78334045410156,660.78857421875,216.35122680664062,639.3812255859375,215.818115234375,675.0504760742188,220.73480224609375,625.1802978515625,221.56410217285156,684.5267944335938,252.48399353027344,606.4932250976562,285.1408996582031,690.497314453125,197.282958984375,595.6050415039062,320.3687744140625,679.8524169921875,127.7854995727539,612.9465942382812,288.0882263183594,673.347900390625,424.8178405761719,623.1591186523438,434.6684265136719,671.622314453125,548.3006591796875,623.7237548828125,546.7362670898438,652.9742431640625,667.5820922851562,635.1995239257812,662.214599609375
635,21.166598055105347,649.0778198242188,223.6909942626953,660.6997680664062,216.35096740722656,639.3030395507812,215.6976776123047,674.9345092773438,221.03297424316406,625.1065673828125,221.6138458251953,684.2777709960938,253.3687286376953,606.5430908203125,285.5896911621094,690.2123413085938,198.03512573242188,595.7959594726562,319.2380676269531,679.5599365234375,128.8810577392578,611.7323608398438,284.8583984375,673.15673828125,425.5677490234375,623.226806640625,435.2162170410156,671.2180786132812,549.009765625,623.424560546875,547.2117309570312,652.9207763671875,667.765380859375,635.0833740234375,662.1021118164062
636,21.199931280388977,649.2098388671875,223.52757263183594,660.8792114257812,216.25332641601562,639.376708984375,215.54013061523438,675.1038208007812,221.1131134033203,625.009765625,221.53968811035156,684.3368530273438,253.58717346191406,606.5266723632812,284.9952697753906,690.36474609375,198.38258361816406,595.7803344726562,316.92919921875,679.8694458007812,129.75172424316406,612.06640625,282.06341552734375,672.7943725585938,425.70147705078125,622.8003540039062,435.0632629394531,671.1309814453125,548.8575439453125,623.2263793945312,546.9209594726562,652.692626953125,667.8218994140625,634.72021484375,662.1278076171875
637,21.233264505672608,649.4963989257812,223.7050018310547,661.1528930664062,216.3521728515625,639.6693115234375,215.68833923339844,675.2951049804688,221.0746612548828,625.1966552734375,221.54754638671875,684.3761596679688,253.4834442138672,606.3642578125,285.2066345214844,690.484375,199.734375,595.5630493164062,319.51849365234375,680.1664428710938,130.90609741210938,612.1641235351562,285.6589050292969,672.9852294921875,425.2286071777344,622.9066162109375,434.7992248535156,671.1544189453125,548.8751220703125,623.6187133789062,547.2332763671875,652.85595703125,668.1989135742188,635.6860961914062,662.95556640625
638,21.26659773095624,649.708984375,223.91354370117188,661.4188842773438,216.50149536132812,639.8712768554688,215.84117126464844,675.5186157226562,220.9754638671875,625.2275390625,221.42886352539062,684.37353515625,253.08975219726562,606.48828125,284.069580078125,690.7459716796875,197.173828125,594.8601684570312,312.62908935546875,680.076171875,128.01158142089844,611.2477416992188,272.537841796875,672.5697021484375,425.7261657714844,622.5597534179688,435.14501953125,670.9203491210938,548.6622924804688,623.30419921875,547.5455322265625,653.202880859375,667.8810424804688,635.7320556640625,663.1625366210938
639,21.29993095623987,649.0353393554688,224.00343322753906,660.3311157226562,216.6913299560547,639.4808959960938,216.14341735839844,674.0726318359375,221.0962371826172,625.6021118164062,221.5210418701172,683.900146484375,253.47093200683594,606.3116455078125,283.5734558105469,691.2965087890625,206.13450622558594,594.31640625,322.44073486328125,681.3894653320312,134.99623107910156,611.6720581054688,291.6034240722656,672.9576416015625,423.75677490234375,623.00830078125,432.87445068359375,671.7389526367188,547.6458740234375,624.460693359375,546.0364990234375,653.1695556640625,667.047607421875,635.5869140625,663.1688842773438
640,21.3332641815235,649.8194580078125,223.97509765625,660.9422607421875,216.5484161376953,640.2159423828125,216.18807983398438,674.4456176757812,220.57652282714844,626.2606811523438,221.36012268066406,684.2056274414062,252.59329223632812,606.6156616210938,283.07177734375,691.309326171875,205.4634246826172,594.1138305664062,322.9581604003906,682.0659790039062,133.28564453125,610.726318359375,291.9328918457031,673.2383422851562,423.2158508300781,623.2130737304688,432.4741516113281,671.9296264648438,547.3731689453125,624.73779296875,545.6382446289062,653.2286987304688,666.5817260742188,635.82275390625,662.6295776367188
641,21.36659740680713,649.7601318359375,223.75308227539062,660.7978515625,216.35035705566406,640.1717529296875,216.07765197753906,674.2806396484375,220.4562225341797,626.4127197265625,221.23541259765625,684.3682861328125,252.8926239013672,606.5679321289062,282.0823059082031,691.9820556640625,209.2064666748047,593.3253784179688,323.2843017578125,682.711669921875,135.52090454101562,610.9382934570312,293.3260192871094,673.53564453125,422.4667663574219,623.2582397460938,431.4222106933594,672.4530639648438,546.6766357421875,625.084228515625,545.3179321289062,653.6768188476562,665.1339111328125,635.7599487304688,662.639892578125
642,21.39993063209076,649.8525390625,223.8889617919922,660.99169921875,216.52420043945312,640.2825927734375,216.10061645507812,674.51904296875,220.64105224609375,626.3936767578125,221.22183227539062,684.2902221679688,252.80152893066406,606.5609130859375,282.4982604980469,691.8745727539062,205.99099731445312,593.6796264648438,322.4659423828125,682.897705078125,132.7560272216797,611.929443359375,293.713623046875,673.1334838867188,423.14447021484375,622.9827880859375,432.18951416015625,672.193603515625,547.1093139648438,624.8232421875,545.4943237304688,653.5665283203125,665.8467407226562,635.6388549804688,662.4686889648438
643,21.433263857374392,650.2394409179688,224.01693725585938,661.2530517578125,216.57241821289062,640.6275634765625,216.31732177734375,674.6739501953125,220.59649658203125,626.8134765625,221.45355224609375,684.6083374023438,253.00106811523438,606.8177490234375,282.2071838378906,692.0416870117188,208.1622314453125,593.220458984375,322.34722900390625,682.76171875,134.1044921875,611.3967895507812,292.07012939453125,673.2283935546875,422.89154052734375,622.9950561523438,431.8486022949219,672.3798217773438,546.4703369140625,625.0963134765625,545.1032104492188,653.5990600585938,665.3840942382812,635.5751953125,662.6939086914062
644,21.466597082658023,649.9515991210938,223.89439392089844,661.1658325195312,216.5838623046875,640.425048828125,216.13308715820312,674.694091796875,220.8720703125,626.5599975585938,221.40411376953125,684.3529052734375,252.9613800048828,606.67236328125,282.59832763671875,692.1170654296875,205.3221435546875,593.5352172851562,320.2733154296875,682.5045776367188,133.0382843017578,613.0794677734375,288.9938659667969,672.7234497070312,423.24237060546875,622.6707153320312,432.4247131347656,672.1068725585938,546.3155517578125,624.74267578125,545.6968994140625,653.1619873046875,665.4640502929688,635.345703125,663.3291015625
645,21.499930307941653,649.9981689453125,223.74627685546875,661.103759765625,216.40675354003906,640.4234619140625,216.06309509277344,674.4982299804688,220.82940673828125,626.620361328125,221.4511260986328,684.4907836914062,253.48265075683594,606.6002807617188,282.0536193847656,692.1073608398438,209.4882049560547,593.1192016601562,320.66717529296875,682.3309326171875,136.28744506835938,613.8771362304688,287.825439453125,672.9873657226562,423.2346496582031,622.6666259765625,432.1420593261719,672.460205078125,546.392822265625,624.6571044921875,545.8040771484375,653.447509765625,665.5044555664062,634.83984375,663.819091796875
646,21.533263533225284,649.9047241210938,223.79396057128906,661.0404052734375,216.44244384765625,640.3562622070312,216.0811309814453,674.4515991210938,220.75340270996094,626.4916381835938,221.40029907226562,684.2977294921875,253.04592895507812,606.5722045898438,282.3406982421875,692.0955810546875,207.5647430419922,593.3533325195312,320.8929138183594,682.0497436523438,134.5255584716797,613.3327026367188,288.22515869140625,672.8948364257812,423.0189208984375,622.7168579101562,432.1665954589844,672.3699340820312,546.1331787109375,624.6932983398438,545.8057250976562,653.5478515625,665.0866088867188,635.1286010742188,663.544189453125
647,21.56659675850891,649.9387817382812,223.5852813720703,661.0536499023438,216.24061584472656,640.3754272460938,215.92889404296875,674.44384765625,220.621337890625,626.5360107421875,221.29739379882812,684.4276123046875,253.1252899169922,606.5851440429688,281.88385009765625,692.4011840820312,209.4150848388672,593.4271850585938,321.0173645019531,682.2636108398438,136.62034606933594,614.3351440429688,289.2264099121094,672.9525756835938,422.65814208984375,622.626708984375,431.6879577636719,672.6437377929688,545.5480346679688,624.6646728515625,545.386962890625,654.0706787109375,664.48046875,635.1102294921875,663.4738159179688
648,21.599929983792542,649.9263916015625,223.63348388671875,661.060791015625,216.3336181640625,640.4124755859375,215.97804260253906,674.4501342773438,220.7282257080078,626.6036376953125,221.33177185058594,684.4960327148438,252.99583435058594,606.5569458007812,281.9093017578125,692.6882934570312,208.83628845214844,593.2340087890625,320.98028564453125,682.0276489257812,135.5453643798828,614.0352172851562,288.6020812988281,672.8945922851562,422.7119140625,622.5301513671875,431.773681640625,672.58203125,545.8533325195312,624.6283569335938,545.7734985351562,653.9091186523438,664.5396728515625,635.169189453125,663.5491943359375
649,21.633263209076173,649.7401123046875,223.49966430664062,660.9180297851562,216.2410125732422,640.208251953125,215.84567260742188,674.3925170898438,220.88064575195312,626.502685546875,221.3865509033203,684.5853881835938,253.86859130859375,606.6666259765625,281.6076354980469,692.4706420898438,212.00808715820312,593.25048828125,319.0566711425781,681.4530029296875,139.9766387939453,614.6146240234375,283.637939453125,672.4074096679688,423.22076416015625,622.0972290039062,431.8786926269531,672.3063354492188,546.3424072265625,624.4999389648438,546.0732421875,653.5486450195312,664.87109375,634.7936401367188,663.58203125
650,21.666596434359803,649.5639038085938,223.50375366210938,660.7159423828125,216.19818115234375,639.9879150390625,215.85873413085938,674.31103515625,220.91566467285156,626.4413452148438,221.47091674804688,684.760498046875,254.53343200683594,606.6021728515625,281.6132507324219,692.5973510742188,215.23193359375,592.9998168945312,320.61236572265625,681.9190063476562,141.82884216308594,614.13134765625,285.0140686035156,672.5559692382812,423.4049072265625,622.0451049804688,431.7887268066406,672.1876220703125,547.0343627929688,624.2925415039062,546.3099365234375,653.406005859375,665.23486328125,634.3551635742188,663.6739501953125
651,21.699929659643434,649.211181640625,223.38018798828125,660.8928833007812,215.75897216796875,639.1079711914062,215.57174682617188,675.3484497070312,220.27752685546875,624.9020385742188,221.5960693359375,685.4019775390625,253.04283142089844,606.1015014648438,284.20025634765625,691.9191284179688,204.26014709472656,594.02099609375,319.2120056152344,681.20361328125,134.7244415283203,611.12939453125,280.9030456542969,672.9432983398438,425.48486328125,621.9132690429688,435.0673828125,672.030517578125,548.3826904296875,623.2855224609375,547.5936279296875,653.0828857421875,667.0460815429688,635.2181396484375,663.6277465820312
652,21.733262884927065,649.6273803710938,223.8169403076172,661.3506469726562,216.1144561767578,639.4861450195312,215.88075256347656,675.7933349609375,220.4784698486328,625.030517578125,221.7200927734375,685.3688354492188,253.12571716308594,606.3128662109375,284.8360595703125,691.84912109375,202.78802490234375,595.1549072265625,321.2209777832031,681.48193359375,132.5823516845703,612.4896850585938,286.7300720214844,673.0292358398438,425.825927734375,622.1166381835938,435.52392578125,671.7349853515625,548.4334716796875,623.0933837890625,547.4551391601562,653.1180419921875,667.4093627929688,635.1199340820312,663.7439575195312
653,21.766596110210696,649.49560546875,223.88819885253906,661.2294311523438,216.17796325683594,639.3896484375,215.96031188964844,675.7039184570312,220.4965057373047,625.0573120117188,221.71644592285156,685.3710327148438,253.0257568359375,606.1600341796875,284.83489990234375,691.7579956054688,203.64810180664062,594.8372802734375,322.5124816894531,681.744384765625,133.54722595214844,612.639404296875,288.29718017578125,673.2919921875,425.6084899902344,622.2632446289062,435.3980712890625,671.9257202148438,548.5125732421875,623.1519775390625,547.6575927734375,652.8634643554688,667.3311157226562,635.125,663.9627685546875
654,21.799929335494326,649.798095703125,224.19281005859375,661.4371337890625,216.38619995117188,639.5728149414062,216.31683349609375,675.8485107421875,220.63841247558594,625.2232055664062,221.9990997314453,685.8492431640625,253.70712280273438,606.2176513671875,284.18511962890625,692.0333251953125,207.92620849609375,594.5155029296875,322.0593566894531,682.279296875,137.68406677246094,613.6551513671875,286.7674560546875,673.7371215820312,425.57879638671875,622.3224487304688,435.0050048828125,672.614990234375,548.8741455078125,623.34228515625,547.8963623046875,653.0484008789062,667.745849609375,634.7552490234375,664.8497314453125
655,21.833262560777957,649.708984375,224.0481414794922,661.37548828125,216.2675323486328,639.4219970703125,216.2206268310547,675.8026733398438,220.7347869873047,624.9635009765625,222.1534423828125,685.7449340820312,253.98739624023438,606.0686645507812,284.7593994140625,691.8871459960938,208.1832733154297,594.3853759765625,323.0012512207031,682.0443725585938,138.03564453125,612.2610473632812,287.8125,673.8800659179688,425.4847717285156,622.5146484375,435.0240478515625,672.6011352539062,548.7886962890625,623.628173828125,547.9086303710938,653.0425415039062,667.73974609375,635.4182739257812,665.0625610351562
656,21.866595786061588,649.7943725585938,223.8729705810547,661.403076171875,216.1092529296875,639.4594116210938,216.13803100585938,675.69140625,220.77867126464844,624.940673828125,222.30096435546875,685.7847900390625,254.697998046875,606.2843017578125,284.5936279296875,691.8258666992188,211.68032836914062,594.508544921875,321.900390625,681.7281494140625,143.99456787109375,611.9482421875,285.7837219238281,673.6854858398438,425.5463562011719,622.4705200195312,434.8536682128906,672.4317626953125,548.6298828125,623.61376953125,547.9537963867188,653.1085205078125,667.1218872070312,635.303955078125,664.9161987304688
657,21.89992901134522,649.7372436523438,224.03338623046875,661.435302734375,216.39476013183594,639.4766235351562,216.23709106445312,675.75927734375,221.0931854248047,624.8652954101562,222.28245544433594,685.4271850585938,254.54261779785156,606.3253173828125,284.5826416015625,691.5302734375,208.36448669433594,594.894287109375,320.0555114746094,681.5284423828125,140.94371032714844,611.9158325195312,285.30853271484375,673.3394775390625,425.6136169433594,622.4077758789062,434.89813232421875,672.1124877929688,548.6253662109375,623.6611328125,547.7948608398438,652.873779296875,666.5667114257812,635.4911499023438,664.0150146484375
658,21.93326223662885,649.7899780273438,224.0653533935547,661.558349609375,216.5598907470703,639.5538330078125,216.22059631347656,675.9390258789062,221.428955078125,624.8627319335938,222.33497619628906,685.5325317382812,254.61373901367188,606.5100708007812,284.42584228515625,691.6338500976562,205.20370483398438,595.5780639648438,316.8372497558594,681.3547973632812,137.53964233398438,612.720458984375,281.5105285644531,673.1172485351562,426.15625,622.2431030273438,435.165771484375,671.8485717773438,549.1534423828125,623.3043212890625,547.5186767578125,652.97705078125,667.7197875976562,635.3341674804688,663.6671142578125
659,21.96659546191248,649.6339111328125,224.05789184570312,661.4510498046875,216.5819854736328,639.4071044921875,216.17330932617188,675.875732421875,221.44918823242188,624.6074829101562,222.2709503173828,685.3731079101562,254.42881774902344,606.5183715820312,284.220947265625,691.755126953125,203.55755615234375,595.9729614257812,314.7341613769531,681.1141357421875,136.16355895996094,613.2957763671875,278.3482971191406,672.9313354492188,426.3459777832031,622.1581420898438,435.3284606933594,671.5479736328125,549.0882568359375,623.04443359375,547.5656127929688,653.3082275390625,668.0015258789062,635.350341796875,663.7308959960938
660,21.99992868719611,649.5316162109375,224.08224487304688,661.3432006835938,216.5579071044922,639.3035278320312,216.21951293945312,675.8651733398438,221.3846893310547,624.644775390625,222.3458251953125,685.5384521484375,254.3491668701172,606.439697265625,284.736328125,691.8270874023438,203.98660278320312,595.9435424804688,317.5749206542969,680.9400024414062,135.6789093017578,613.0331420898438,282.4853515625,673.3294677734375,425.8965148925781,622.4097900390625,435.0714111328125,671.697021484375,548.8251953125,623.227783203125,547.3201904296875,653.1946411132812,667.544921875,635.69384765625,663.4564208984375
661,22.03326191247974,649.8973388671875,224.31149291992188,661.7150268554688,216.67318725585938,639.6416625976562,216.36300659179688,676.2258911132812,221.12533569335938,624.7588500976562,222.2152557373047,685.59619140625,253.40579223632812,606.4423217773438,285.0579833984375,692.0775756835938,200.78993225097656,596.4478759765625,319.35302734375,681.0614013671875,131.8140411376953,614.027099609375,286.9146728515625,673.5790405273438,425.4527282714844,622.6182861328125,435.0837707519531,671.8025512695312,548.4066772460938,623.516845703125,547.3067626953125,653.32763671875,667.3153076171875,636.2137451171875,663.5272827148438
662,22.066595137763372,649.9681396484375,224.1396942138672,661.7091064453125,216.52865600585938,639.679443359375,216.20672607421875,676.1105346679688,221.05557250976562,624.7291870117188,222.19564819335938,685.5819702148438,253.5240478515625,606.5740966796875,285.0749816894531,692.2088012695312,199.93370056152344,596.4692993164062,318.2063293457031,681.1141357421875,130.55838012695312,613.5906982421875,285.37603759765625,673.4088745117188,426.0995788574219,622.5888061523438,435.6051330566406,671.6301879882812,549.1489868164062,623.55078125,547.7496948242188,653.244873046875,667.988037109375,635.90966796875,663.5822143554688
663,22.099928363047,649.8042602539062,224.21507263183594,661.63134765625,216.63568115234375,639.5254516601562,216.1479034423828,676.137451171875,221.04678344726562,624.4061889648438,222.0220184326172,685.24853515625,253.18746948242188,607.0454711914062,284.51080322265625,692.37353515625,193.9200897216797,597.489990234375,311.30072021484375,681.2153930664062,124.35755920410156,614.5897827148438,276.33135986328125,672.8207397460938,427.0557556152344,622.5660400390625,436.3246154785156,670.5980224609375,549.2637939453125,623.1033935546875,547.6054077148438,653.7636108398438,668.5130615234375,635.8309936523438,662.91650390625
664,22.13326158833063,649.5431518554688,224.18663024902344,661.3824462890625,216.6700439453125,639.3139038085938,216.19920349121094,675.91796875,221.1962890625,624.3690185546875,222.13714599609375,685.2841796875,253.36375427246094,606.982177734375,283.9406433105469,692.6881713867188,195.2350311279297,596.668212890625,308.67535400390625,681.1934204101562,125.60064697265625,613.5787963867188,269.3049011230469,672.8306274414062,426.9537353515625,622.4761352539062,436.08160400390625,671.0668334960938,548.7854614257812,623.18017578125,547.5418090820312,654.1158447265625,668.270751953125,635.8770141601562,663.4345092773438
665,22.16659481361426,649.2794189453125,224.21835327148438,661.1431274414062,216.63987731933594,638.9641723632812,216.1806640625,675.8468627929688,221.155517578125,624.0250244140625,222.18557739257812,685.3473510742188,253.6488800048828,607.0238647460938,283.76715087890625,692.5947875976562,194.43099975585938,596.6505737304688,305.51116943359375,680.56005859375,124.72377014160156,613.1926879882812,263.8448181152344,672.7514038085938,427.5304260253906,622.3936157226562,436.4582824707031,671.1614990234375,548.9682006835938,623.2506103515625,547.5247802734375,654.50927734375,669.1066284179688,635.7672729492188,663.8115234375
666,22.19992803889789,649.2357177734375,224.15513610839844,661.1546020507812,216.60121154785156,638.9608764648438,216.05282592773438,675.9509887695312,221.15504455566406,624.006591796875,222.06100463867188,685.3094482421875,253.3865203857422,606.8809204101562,284.4097595214844,692.7365112304688,193.63497924804688,596.956787109375,309.8600158691406,680.3250122070312,122.74726867675781,614.07958984375,272.87689208984375,672.9148559570312,427.14593505859375,622.4614868164062,436.31024169921875,671.2783203125,548.7675170898438,623.2261962890625,547.309814453125,654.6527099609375,668.9296875,635.7263793945312,663.573486328125
667,22.23326126418152,649.2709350585938,223.40615844726562,660.7651977539062,216.08724975585938,639.4370727539062,215.31216430664062,674.5974731445312,220.44046020507812,624.5117797851562,220.62908935546875,684.12451171875,252.35372924804688,606.2691650390625,281.6378173828125,692.9799194335938,196.15757751464844,596.3317260742188,309.6374816894531,680.073486328125,124.50709533691406,617.2339477539062,276.4433898925781,671.97119140625,425.4451599121094,621.7222290039062,434.11285400390625,671.4386596679688,547.7374267578125,623.2959594726562,546.349853515625,654.7308959960938,667.6505737304688,634.7034301757812,663.0233154296875
668,22.266594489465152,649.3622436523438,223.30224609375,660.732421875,215.95323181152344,639.5448608398438,215.231689453125,674.312255859375,220.22723388671875,624.537841796875,220.42234802246094,684.1141357421875,252.229248046875,605.9310913085938,281.19061279296875,693.360107421875,198.07473754882812,595.6124877929688,310.3173522949219,680.3319702148438,126.25823974609375,617.2982177734375,276.60595703125,672.3308715820312,425.0982666015625,621.8639526367188,433.7665100097656,671.7579345703125,547.3773803710938,623.4519653320312,546.3161010742188,654.5363159179688,667.2688598632812,634.635986328125,663.34130859375
669,22.299927714748783,649.1316528320312,223.09915161132812,660.5123291015625,215.7806396484375,639.3992309570312,215.03684997558594,674.112548828125,220.0895233154297,624.6338500976562,220.2008514404297,684.1149291992188,252.27154541015625,606.0470581054688,280.6841735839844,693.40087890625,198.840576171875,595.3748779296875,308.3428039550781,679.9379272460938,126.8612060546875,616.4170532226562,271.3671875,672.1524047851562,425.2037353515625,621.781005859375,433.6825866699219,671.699462890625,547.5999755859375,623.4866333007812,546.5198974609375,654.3223266601562,667.6153564453125,634.6058349609375,663.826904296875
670,22.333260940032414,649.066650390625,223.01805114746094,660.3564453125,215.76235961914062,639.3555908203125,215.04046630859375,673.71875,220.212646484375,624.59912109375,220.24305725097656,683.866943359375,252.74261474609375,606.0513305664062,280.1236572265625,693.0941162109375,201.3180694580078,595.4723510742188,306.1247253417969,680.2349853515625,130.45689392089844,616.7892456054688,265.9952392578125,672.1558837890625,425.31793212890625,621.8722534179688,433.53765869140625,671.9568481445312,547.5693969726562,623.348876953125,546.5194091796875,654.2800903320312,666.8433227539062,634.081298828125,663.4035034179688
671,22.366594165316044,648.520263671875,223.91297912597656,660.2806396484375,216.76113891601562,638.8425903320312,215.8946533203125,674.9554443359375,221.2434539794922,625.0945434570312,221.16273498535156,684.8272094726562,253.71510314941406,608.1211547851562,279.28094482421875,692.525390625,195.731201171875,596.3300170898438,293.9316711425781,679.411865234375,126.43400573730469,616.1522827148438,252.51043701171875,671.29443359375,427.0047912597656,621.6956176757812,434.3013610839844,671.2011108398438,548.1920776367188,622.9583129882812,546.0579833984375,655.271728515625,667.6080932617188,633.5171508789062,662.4139404296875
672,22.399927390599675,648.4796752929688,223.79684448242188,660.2716064453125,216.676513671875,638.8117065429688,215.8085479736328,675.0007934570312,221.28761291503906,625.141357421875,221.14390563964844,684.7294311523438,254.1754150390625,608.439453125,278.66436767578125,691.9864501953125,196.36500549316406,596.2962036132812,289.9078369140625,678.38818359375,127.34032440185547,615.3504028320312,245.91578674316406,671.0916748046875,427.3621520996094,621.6805419921875,434.3449401855469,671.04052734375,548.6651000976562,622.7190551757812,546.631103515625,655.8919067382812,667.6286010742188,633.3281860351562,662.7835693359375
673,22.433260615883306,648.6475219726562,223.72787475585938,660.3953857421875,216.5286865234375,639.0075073242188,215.7742156982422,675.0468139648438,221.09616088867188,625.377685546875,221.26348876953125,684.9386596679688,253.6899871826172,607.9215087890625,280.53326416015625,692.1071166992188,198.1668243408203,595.8248291015625,300.5858154296875,678.8054809570312,128.79774475097656,614.8140869140625,260.85955810546875,671.3905639648438,426.3556823730469,621.6481323242188,434.11834716796875,670.8934936523438,548.2913208007812,622.5585327148438,546.4666137695312,655.0670166015625,667.6459350585938,633.5941772460938,662.8429565429688
674,22.466593841166937,648.764892578125,223.74868774414062,660.4727783203125,216.4946746826172,639.11962890625,215.76609802246094,675.061767578125,220.94285583496094,625.5001220703125,221.15916442871094,685.0205078125,253.52145385742188,607.8776245117188,280.5242919921875,692.1367797851562,198.6850128173828,596.0408325195312,301.9567565917969,679.1577758789062,129.3318328857422,615.8974609375,262.9546813964844,671.3380737304688,426.4390563964844,621.5095825195312,434.2418518066406,670.9578857421875,548.7020874023438,622.611328125,546.6744384765625,654.85498046875,668.4022827148438,633.49560546875,663.2471313476562
675,22.499927066450567,648.8917236328125,223.73184204101562,660.5126342773438,216.40185546875,639.1943359375,215.76747131347656,674.9850463867188,220.745361328125,625.4817504882812,221.10935974121094,684.8956909179688,253.53857421875,607.85546875,280.4615478515625,692.2806396484375,200.51345825195312,596.235595703125,304.0263671875,679.9453735351562,131.2805938720703,616.3770751953125,267.5887756347656,671.2861328125,426.1513977050781,621.5007934570312,433.9880676269531,670.9871826171875,548.1500854492188,622.8477783203125,546.3162841796875,654.9718017578125,667.865478515625,633.541259765625,663.2916870117188
676,22.533260291734198,649.0738525390625,223.6656036376953,660.6787719726562,216.40887451171875,639.3839111328125,215.72959899902344,675.066162109375,220.93077087402344,625.5851440429688,221.15798950195312,684.6886596679688,253.99368286132812,608.0731811523438,280.1978454589844,692.3233032226562,200.23580932617188,596.250732421875,301.8331298828125,680.0003662109375,130.25819396972656,616.5197143554688,265.2694396972656,671.1630859375,426.11053466796875,621.6407470703125,433.7622985839844,670.890380859375,547.6332397460938,623.0693969726562,546.0995483398438,655.2371826171875,667.3780517578125,633.581298828125,663.5428466796875
677,22.56659351701783,648.9776000976562,223.5587615966797,660.5839233398438,216.29998779296875,639.3214721679688,215.65684509277344,674.9644775390625,220.8267822265625,625.61572265625,221.14315795898438,684.7374267578125,253.7564239501953,607.8084716796875,280.800537109375,692.2155151367188,200.83859252929688,596.0067749023438,305.11016845703125,680.1117553710938,131.17730712890625,615.7603759765625,269.1784362792969,671.3211669921875,425.8607177734375,621.6470947265625,433.7891845703125,670.9209594726562,547.8934936523438,622.9639892578125,546.3002319335938,654.9795532226562,667.5652465820312,633.8648681640625,663.5675048828125
678,22.599926742301456,649.0113525390625,223.59988403320312,660.6112670898438,216.37948608398438,639.328369140625,215.75196838378906,674.96630859375,220.9923858642578,625.611572265625,221.27853393554688,684.8831787109375,254.08328247070312,607.89794921875,279.91619873046875,692.4570922851562,201.346435546875,595.5321655273438,299.6495056152344,680.062744140625,131.898193359375,614.7255249023438,257.95965576171875,671.1808471679688,426.2362365722656,621.4330444335938,433.8208312988281,671.177001953125,547.8198852539062,622.9917602539062,546.2819213867188,655.3046264648438,667.4130859375,633.9119873046875,663.5364990234375
679,22.633259967585087,648.7627563476562,223.54852294921875,660.3271484375,216.3046112060547,639.1329956054688,215.7664337158203,674.6548461914062,220.82664489746094,625.5877685546875,221.28746032714844,684.8646850585938,253.72386169433594,607.661865234375,279.96270751953125,692.5281982421875,201.39376831054688,594.62451171875,300.2049255371094,679.9437255859375,132.1647186279297,613.1867065429688,257.580810546875,671.268310546875,425.8503112792969,621.44140625,433.6192626953125,671.0990600585938,547.6914672851562,622.8975830078125,546.397216796875,655.3491821289062,667.2412719726562,634.2463989257812,663.6513061523438
680,22.666593192868717,648.693115234375,223.41453552246094,660.290771484375,216.2203369140625,639.1236572265625,215.63645935058594,674.6941528320312,220.84228515625,625.7102661132812,221.25482177734375,684.8934936523438,253.6074981689453,607.6595458984375,280.4930725097656,692.72412109375,200.6717987060547,594.7545776367188,302.89990234375,680.092529296875,130.7751922607422,613.7155151367188,263.0450134277344,671.3189086914062,425.5997009277344,621.5175170898438,433.55145263671875,671.1626586914062,547.687255859375,623.1707763671875,546.4158325195312,655.3428344726562,667.3736572265625,634.6133422851562,663.8134765625
681,22.699926418152348,648.746337890625,223.39385986328125,660.2914428710938,216.13893127441406,639.1487426757812,215.6557159423828,674.6751708984375,220.69839477539062,625.8502197265625,221.215087890625,685.1091918945312,253.75772094726562,607.6316528320312,279.8498229980469,692.9232788085938,203.76368713378906,593.976318359375,302.8970642089844,680.4888305664062,134.13156127929688,613.7275390625,262.4263000488281,671.3742065429688,425.31915283203125,621.342041015625,433.12310791015625,671.7384033203125,547.3402099609375,623.26220703125,546.3511352539062,655.5455322265625,666.89599609375,634.0779418945312,664.1325073242188
682,22.73325964343598,648.822021484375,223.34678649902344,660.4113159179688,216.13897705078125,639.1701049804688,215.6011962890625,674.7949829101562,220.8320770263672,625.7179565429688,221.21334838867188,685.3318481445312,253.9173126220703,607.5291748046875,279.6211242675781,693.2954711914062,202.98414611816406,594.1839599609375,300.8128967285156,680.4165649414062,133.17108154296875,614.57177734375,259.0752258300781,671.4869384765625,425.8959655761719,621.2481079101562,433.5226135253906,671.6372680664062,547.7192993164062,623.05517578125,546.5460815429688,654.951171875,667.3499145507812,633.9085083007812,664.3622436523438
683,22.76659286871961,649.2133178710938,223.3462677001953,660.6801147460938,215.9771728515625,639.4774169921875,215.64352416992188,674.8789672851562,220.56353759765625,625.9879760742188,221.30018615722656,685.5913696289062,253.85719299316406,607.314697265625,280.4219970703125,693.3140258789062,207.4154510498047,593.8209838867188,308.47723388671875,680.8303833007812,136.36434936523438,614.625732421875,268.352294921875,671.9423828125,425.1358337402344,621.3788452148438,433.1416320800781,672.0179443359375,547.6179809570312,623.3247680664062,546.7006225585938,654.3245849609375,666.798095703125,633.8564453125,664.4696044921875
684,22.79992609400324,649.3382568359375,223.45521545410156,660.7590942382812,215.96640014648438,639.5181274414062,215.76112365722656,674.9237670898438,220.50119018554688,626.0001831054688,221.39825439453125,685.8340454101562,254.31007385253906,607.305908203125,280.1990966796875,693.4072875976562,211.60482788085938,593.7147216796875,309.69451904296875,680.5017700195312,140.0492401123047,614.847900390625,267.9139099121094,672.1087646484375,425.04901123046875,621.3350219726562,432.9010925292969,672.1907348632812,547.6090087890625,623.5184326171875,546.8062744140625,654.3097534179688,666.6130981445312,634.03076171875,664.8101806640625
685,22.83325931928687,649.5266723632812,223.2357940673828,660.9503173828125,215.87249755859375,639.639892578125,215.61282348632812,675.1019287109375,220.6819305419922,626.0040893554688,221.4133758544922,685.9923095703125,254.97622680664062,607.850830078125,278.6692810058594,693.3885498046875,210.4895477294922,594.246337890625,299.5162048339844,679.9751586914062,139.9391326904297,615.7726440429688,252.2930145263672,671.9132080078125,425.8170471191406,621.3075561523438,432.9317626953125,671.9611206054688,547.883056640625,623.3331909179688,546.8540649414062,654.7854614257812,666.830322265625,633.7900390625,664.7579345703125
686,22.8665925445705,649.6079711914062,223.4182891845703,661.0882568359375,216.02426147460938,639.750732421875,215.71728515625,675.3177490234375,220.78579711914062,626.1338500976562,221.41482543945312,686.086669921875,255.1988983154297,607.843017578125,278.7547912597656,693.4580688476562,210.67872619628906,593.7353515625,299.143310546875,679.901611328125,140.16131591796875,614.9132080078125,251.31773376464844,671.8634643554688,425.9216003417969,621.2237548828125,433.02471923828125,672.130859375,547.84033203125,623.3554077148438,546.9450073242188,655.0621948242188,666.6270751953125,633.7765502929688,664.7111206054688
687,22.899925769854132,649.9454345703125,223.50904846191406,661.3746948242188,216.04226684570312,640.0643920898438,215.73834228515625,675.3731079101562,220.7700958251953,626.2362060546875,221.27911376953125,686.0169067382812,255.54437255859375,607.6959228515625,278.7126770019531,693.5350952148438,214.607177734375,593.6377563476562,302.7101745605469,680.1255493164062,142.58619689941406,615.0250854492188,255.3018341064453,671.9776611328125,425.9151611328125,621.2384643554688,432.92315673828125,672.2271728515625,547.9156494140625,623.4185180664062,547.015869140625,654.8253784179688,666.3922729492188,633.6726684570312,664.9193725585938
688,22.933258995137763,650.2316284179688,223.4712677001953,661.6973266601562,216.0834197998047,640.3392333984375,215.66879272460938,675.5391235351562,221.08963012695312,626.2200927734375,221.242431640625,686.0059204101562,256.40924072265625,607.50439453125,278.4902648925781,693.5064086914062,217.24942016601562,593.6407470703125,301.371337890625,680.4856567382812,146.79400634765625,615.0696411132812,252.7472686767578,672.1411743164062,426.3157043457031,621.2786865234375,433.0152893066406,672.3600463867188,548.2420654296875,623.2081909179688,547.1661987304688,654.9700317382812,666.8234252929688,633.719970703125,665.3507690429688
689,22.966592220421393,650.4935913085938,223.5244140625,661.8499145507812,216.03648376464844,640.5885009765625,215.72145080566406,675.4735107421875,220.95489501953125,626.3948974609375,221.27914428710938,685.9671630859375,256.48876953125,607.2286376953125,279.5948181152344,693.3670654296875,220.8866424560547,593.3815307617188,309.1914978027344,680.9661254882812,150.4517822265625,614.5716552734375,263.9465026855469,672.6038818359375,425.64495849609375,621.650390625,432.7464599609375,672.660888671875,548.1753540039062,623.6707153320312,547.2521362304688,654.5589599609375,666.0565185546875,634.0167846679688,664.9906616210938
690,22.999925445705024,650.5473022460938,223.5415802001953,661.923095703125,216.14183044433594,640.6735229492188,215.72146606445312,675.5798950195312,221.0078582763672,626.4307861328125,221.21153259277344,685.9514770507812,256.0350341796875,607.4940795898438,279.230224609375,693.4949951171875,216.04766845703125,594.1917114257812,305.0712890625,680.89892578125,145.47366333007812,615.6366577148438,259.83782958984375,672.41015625,426.1224060058594,621.6139526367188,433.1304626464844,672.4422607421875,548.4761962890625,623.50634765625,547.191162109375,654.72705078125,666.4800415039062,633.9365234375,664.5368041992188
691,23.033258670988655,650.4674682617188,223.56260681152344,661.8462524414062,216.16485595703125,640.6167602539062,215.6999969482422,675.5410766601562,220.89869689941406,626.4127197265625,221.0282745361328,686.089111328125,255.81117248535156,607.5848388671875,278.3760681152344,693.70751953125,214.0936737060547,593.7189331054688,300.1572265625,680.7518310546875,143.7438507080078,614.3446655273438,252.0153350830078,672.3200073242188,426.7238464355469,621.5170288085938,433.4440002441406,672.261474609375,549.01025390625,623.2540283203125,547.3441772460938,654.8418579101562,667.2592163085938,633.7673950195312,664.5411987304688
692,23.066591896272286,650.3623046875,223.61587524414062,661.8040771484375,216.19851684570312,640.5504150390625,215.73426818847656,675.5762939453125,220.8125457763672,626.4103393554688,221.02894592285156,685.9813842773438,255.22549438476562,607.4264526367188,278.9114990234375,693.5013427734375,211.1025848388672,593.1226806640625,300.334716796875,680.7119750976562,140.5272979736328,612.6786499023438,250.9556427001953,672.261474609375,426.7893981933594,621.4932861328125,433.9135437011719,672.197265625,549.1856689453125,623.139404296875,547.8281860351562,654.6678466796875,667.3458862304688,633.939697265625,664.6879272460938
693,23.099925121555916,650.4003295898438,223.868896484375,661.8369750976562,216.3015899658203,640.5338745117188,215.983154296875,675.5827026367188,220.7205047607422,626.2547607421875,221.33485412597656,685.843994140625,254.64865112304688,607.0520629882812,280.62542724609375,693.411865234375,209.88192749023438,593.395751953125,306.9436340332031,680.9359130859375,138.96060180664062,612.6700439453125,260.4690246582031,672.5086669921875,426.3218994140625,621.6244506835938,434.27178955078125,672.3161010742188,548.7119140625,623.0590209960938,547.9100341796875,654.8853759765625,667.6542358398438,634.3694458007812,665.4473876953125
694,23.133258346839543,650.866455078125,223.95262145996094,662.0619506835938,216.17945861816406,640.8966064453125,216.11888122558594,675.6172485351562,220.44300842285156,626.6668701171875,221.46498107910156,685.8883666992188,255.31024169921875,607.2703247070312,281.4593505859375,693.2532958984375,218.09312438964844,593.4212646484375,318.437255859375,681.359619140625,146.05470275878906,613.237060546875,282.0371398925781,672.969482421875,424.9391784667969,622.1533203125,433.06671142578125,672.7904663085938,548.0853881835938,624.2415771484375,547.7327270507812,654.4907836914062,666.4463500976562,634.0264282226562,666.1182861328125
695,23.166591572123174,650.8065185546875,223.77207946777344,662.1453857421875,216.10292053222656,640.8941650390625,215.90383911132812,675.8388671875,220.6561737060547,626.7006225585938,221.40359497070312,686.0703735351562,255.65211486816406,607.2708740234375,281.4836730957031,693.5049438476562,217.0973358154297,593.395263671875,316.5967102050781,680.9600219726562,144.94728088378906,613.4196166992188,279.3831787109375,672.8312377929688,425.3551940917969,621.9256591796875,433.32562255859375,672.751953125,548.2598876953125,623.8261108398438,547.7601318359375,655.1494750976562,666.5966186523438,634.2308349609375,665.9340209960938
696,23.199924797406805,650.6882934570312,223.96963500976562,662.1396484375,216.41036987304688,640.8986206054688,216.0117950439453,675.8939208984375,220.90989685058594,626.6903076171875,221.3358612060547,685.8873291015625,255.14515686035156,607.2635498046875,281.376220703125,693.4493408203125,212.03952026367188,593.7656860351562,312.84332275390625,681.008544921875,140.05657958984375,613.8943481445312,273.39776611328125,672.622802734375,425.93792724609375,621.841796875,433.95416259765625,672.5388793945312,548.2155151367188,623.36181640625,547.4307861328125,655.3143920898438,666.94580078125,634.3369140625,665.2111206054688
697,23.233258022690435,651.0111083984375,223.8644561767578,662.3847045898438,216.17636108398438,641.1212158203125,215.9896240234375,676.0242919921875,220.64341735839844,626.9425659179688,221.4125518798828,686.3834228515625,255.29502868652344,607.26123046875,281.1141357421875,693.5861206054688,215.05032348632812,592.5719604492188,311.9754638671875,680.6708984375,141.98855590820312,611.9015502929688,265.5469665527344,673.0321044921875,426.0615539550781,621.9814453125,434.07177734375,672.7515258789062,548.3523559570312,623.7283935546875,547.9208374023438,654.7269287109375,666.4780883789062,634.8255004882812,665.3667602539062
698,23.266591247974066,651.0023803710938,223.94288635253906,662.3887939453125,216.148681640625,641.1436157226562,216.07266235351562,676.0953979492188,220.30264282226562,627.1074829101562,221.36846923828125,686.7046508789062,254.23175048828125,607.0387573242188,281.84503173828125,693.7918701171875,213.1192626953125,592.2680053710938,315.6578369140625,680.4227294921875,139.7462158203125,611.2487182617188,269.77520751953125,673.4194946289062,425.80126953125,622.0977783203125,434.4010925292969,672.8082275390625,548.69580078125,623.751220703125,548.4304809570312,654.248291015625,667.111328125,635.4487915039062,665.8721923828125
699,23.299924473257697,651.609130859375,223.810302734375,662.7793579101562,215.88973999023438,641.61767578125,215.9747314453125,676.1763916015625,220.11627197265625,627.4417724609375,221.27796936035156,686.8718872070312,255.49404907226562,607.2167358398438,281.2052307128906,693.6571044921875,222.16949462890625,592.1449584960938,319.5801696777344,680.3430786132812,147.2678985595703,612.689453125,275.9490966796875,673.7564697265625,425.3218688964844,622.3565673828125,433.41259765625,673.0328979492188,548.530029296875,624.6474609375,548.2649536132812,654.2364501953125,666.0824584960938,635.5712890625,665.9420166015625
700,23.333257698541328,651.9613037109375,223.63661193847656,662.9759521484375,215.601318359375,641.8931884765625,215.8866424560547,676.2522583007812,219.77828979492188,627.7720947265625,221.2169189453125,686.8779296875,255.85360717773438,607.43310546875,280.7900085449219,693.0242309570312,227.2669677734375,591.8494262695312,323.05718994140625,680.0717163085938,151.5187225341797,613.2491455078125,282.7777404785156,674.0869140625,424.35577392578125,622.6864013671875,432.3281555175781,673.3681030273438,547.8597412109375,625.2548828125,547.8005981445312,655.1047973632812,665.5178833007812,635.8496704101562,666.3878173828125
701,23.36659092382496,652.2893676757812,223.70733642578125,663.2149047851562,215.6634979248047,642.2242431640625,215.95863342285156,676.4544067382812,219.62030029296875,628.1847534179688,221.06973266601562,686.9456787109375,255.31138610839844,607.7321166992188,280.2026672363281,692.980712890625,225.65399169921875,591.6131591796875,323.61871337890625,680.7021484375,147.06666564941406,613.269775390625,285.90386962890625,674.2437133789062,423.83453369140625,622.9171142578125,431.70819091796875,673.285888671875,548.1459350585938,625.6455078125,547.6954345703125,654.5440673828125,665.3177490234375,635.5494995117188,665.9757080078125
702,23.39992414910859,652.5036010742188,223.7357940673828,663.3701171875,215.67405700683594,642.3963012695312,216.0086669921875,676.443115234375,219.55844116210938,628.153564453125,221.06886291503906,686.7711181640625,255.0316619873047,607.7435302734375,280.0780944824219,693.2648315429688,224.77053833007812,591.8269653320312,323.54925537109375,681.43701171875,145.3964385986328,613.8582153320312,286.2589416503906,674.2803955078125,423.5987548828125,623.0537719726562,431.58807373046875,673.20751953125,547.7564697265625,625.7688598632812,547.70947265625,654.2604370117188,665.03271484375,635.4512329101562,666.3969116210938
703,23.43325737439222,652.8234252929688,223.6365509033203,663.6417846679688,215.50198364257812,642.616943359375,215.9125213623047,676.6919555664062,219.4153289794922,628.3331298828125,220.92660522460938,687.040283203125,255.8917694091797,607.9462890625,279.12274169921875,693.3086547851562,229.88690185546875,591.3494873046875,322.8533935546875,681.54736328125,149.9796142578125,614.4525146484375,285.2929992675781,674.3170776367188,423.36505126953125,623.013916015625,430.85272216796875,673.2395629882812,547.3533935546875,626.1896362304688,547.462890625,654.254150390625,663.4102172851562,635.3973388671875,665.7460327148438
704,23.46659059967585,653.326171875,223.41799926757812,663.8970947265625,215.03945922851562,642.9954223632812,215.60276794433594,676.5025634765625,219.40577697753906,628.4326171875,220.6641387939453,687.6078491210938,261.6530456542969,608.2109985351562,277.26068115234375,689.2715454101562,265.0853271484375,591.2583618164062,323.519287109375,672.5599365234375,205.97315979003906,616.7318115234375,282.61212158203125,674.4183959960938,424.1522521972656,622.8812255859375,429.5734558105469,672.92236328125,546.987060546875,626.5110473632812,547.3079833984375,654.5824584960938,662.6589965820312,634.9744873046875,666.2193603515625
705,23.49992382495948,653.1143188476562,223.52841186523438,663.7183227539062,215.0650177001953,642.7439575195312,215.74432373046875,676.5047607421875,219.2276611328125,628.3634643554688,220.8223114013672,687.6720581054688,260.7577819824219,608.4049682617188,277.6919860839844,690.0501708984375,261.1011047363281,591.4315795898438,324.6230163574219,674.1416015625,198.17410278320312,616.1837768554688,283.28900146484375,674.5398559570312,423.8330383300781,623.1098022460938,429.646484375,673.0029296875,547.0783081054688,626.714599609375,547.5470581054688,654.8018798828125,663.489501953125,635.3268432617188,667.208251953125
706,23.53325705024311,653.288330078125,223.47482299804688,663.877197265625,215.06338500976562,642.917236328125,215.74900817871094,676.6646728515625,219.12635803222656,628.5885009765625,220.8874053955078,687.5927734375,259.24200439453125,608.720947265625,278.07720947265625,691.4326782226562,251.2910919189453,591.63330078125,324.5575256347656,677.2244873046875,180.69703674316406,614.7216796875,285.03594970703125,674.4906005859375,423.6159362792969,623.338623046875,429.84881591796875,672.9856567382812,547.2447509765625,626.9398803710938,547.3343505859375,654.9616088867188,663.39794921875,635.6361083984375,666.6134033203125
707,23.566590275526742,653.2491455078125,223.44873046875,663.9295043945312,215.1551971435547,642.924072265625,215.74716186523438,676.8005981445312,219.2142791748047,628.5637817382812,220.8999481201172,687.4141235351562,257.87396240234375,608.79443359375,277.9996032714844,692.98681640625,241.80873107910156,592.2464599609375,321.62255859375,679.839599609375,166.24790954589844,615.7005615234375,282.5279235839844,674.0923461914062,423.51922607421875,623.0095825195312,430.0987548828125,673.1568603515625,546.9849853515625,626.479736328125,547.329833984375,655.5639038085938,663.413818359375,635.225830078125,666.8265380859375
708,23.599923500810373,653.5877075195312,223.58216857910156,664.0958862304688,215.10658264160156,643.160888671875,215.8587188720703,676.7857666015625,219.07859802246094,628.695556640625,220.8976287841797,687.6494140625,259.7335205078125,608.8777465820312,277.5909118652344,691.1407470703125,254.4845733642578,591.6718139648438,323.53057861328125,677.2467651367188,185.74244689941406,614.7944946289062,283.259033203125,674.6572875976562,423.6110534667969,623.4878540039062,429.6018371582031,672.8994750976562,546.9964599609375,626.8799438476562,547.1859130859375,655.0851440429688,663.1764526367188,635.2765502929688,666.6974487304688
709,23.633256726094004,653.79248046875,223.50291442871094,664.2842407226562,215.03057861328125,643.3881225585938,215.7332763671875,676.838623046875,218.9506072998047,628.8247680664062,220.71676635742188,687.6467895507812,259.1475830078125,608.80322265625,277.79974365234375,691.379638671875,251.72142028808594,591.9913330078125,323.9886169433594,677.698486328125,181.47589111328125,615.3134155273438,283.0577697753906,674.7413330078125,423.7498474121094,623.5156860351562,429.9441223144531,673.08251953125,547.27001953125,626.7577514648438,547.2605590820312,654.84033203125,663.833984375,635.0660400390625,666.828369140625
710,23.66658995137763,653.3369750976562,223.3284454345703,664.0267944335938,215.10159301757812,643.085205078125,215.6161651611328,676.8948974609375,218.98214721679688,628.783935546875,220.68096923828125,687.3154296875,256.02880859375,608.632080078125,278.48858642578125,693.5567016601562,232.71286010742188,591.7999267578125,322.45916748046875,681.9053344726562,153.10748291015625,614.8236083984375,284.1490173339844,674.3746337890625,423.238037109375,623.2920532226562,430.4772033691406,673.1847534179688,547.2481079101562,626.4219360351562,547.3921508789062,654.5084838867188,664.6876220703125,634.9525146484375,667.2556762695312
711,23.69992317666126,654.1741943359375,222.7843780517578,664.80126953125,214.7150421142578,644.1073608398438,215.1802978515625,677.6326293945312,218.80284118652344,630.2477416992188,220.4145965576172,688.13427734375,256.0389709472656,609.7306518554688,277.66796875,693.7579345703125,233.6834716796875,591.8914184570312,320.77734375,681.111328125,155.40733337402344,615.2725219726562,283.5813293457031,674.120849609375,422.7466125488281,623.2034912109375,429.63507080078125,673.2841796875,546.6553955078125,626.7279052734375,546.4714965820312,654.9283447265625,664.2206420898438,634.8849487304688,666.350830078125
712,23.733256401944892,654.2861938476562,222.95916748046875,664.9396362304688,214.94024658203125,644.2653198242188,215.33087158203125,677.73388671875,218.99649047851562,630.3274536132812,220.50157165527344,688.091552734375,255.621337890625,609.5992431640625,277.9796142578125,694.1721801757812,229.91148376464844,591.7670288085938,320.3252258300781,681.893310546875,149.98876953125,614.9093627929688,283.1507263183594,674.1554565429688,422.8160400390625,623.1978149414062,429.8951721191406,673.2326049804688,546.7687377929688,626.44189453125,546.4991455078125,654.896240234375,664.1209106445312,634.8472290039062,665.90380859375
713,23.766589627228523,654.206787109375,223.216552734375,664.9092407226562,215.1784210205078,644.1718139648438,215.5918426513672,677.73486328125,219.29576110839844,630.2119750976562,220.77783203125,687.9683227539062,256.2231750488281,609.5769653320312,278.3992004394531,693.7756958007812,231.98074340820312,591.9525756835938,321.0354919433594,681.6825561523438,152.7902374267578,614.8320922851562,282.802490234375,674.3602905273438,423.09423828125,623.44580078125,430.21588134765625,673.3988037109375,546.7201538085938,626.5155639648438,546.8019409179688,655.03369140625,663.8621826171875,635.0841674804688,666.3863525390625
714,23.799922852512154,654.0156860351562,223.0720977783203,664.7894287109375,215.10580444335938,643.9952392578125,215.43882751464844,677.7482299804688,219.19869995117188,629.9974975585938,220.62319946289062,687.9019165039062,255.4277801513672,609.5418090820312,278.25677490234375,694.1116333007812,227.96755981445312,592.6004028320312,319.6406555175781,681.7646484375,148.3517608642578,615.8292236328125,282.0162353515625,674.0404052734375,423.1752624511719,623.1192626953125,430.42962646484375,673.1328125,547.1563110351562,626.1853637695312,547.2097778320312,654.8470458984375,664.3414306640625,634.8768920898438,666.4099731445312
715,23.833256077795784,653.9707641601562,223.28152465820312,664.8533935546875,215.4535369873047,644.04736328125,215.6217041015625,677.8922729492188,219.28897094726562,629.8719482421875,220.60635375976562,687.749267578125,253.39808654785156,609.1133422851562,278.7992248535156,694.6045532226562,216.627197265625,592.8817749023438,317.77752685546875,682.541259765625,138.29232788085938,616.7845458984375,283.6639709472656,674.0003051757812,422.68511962890625,622.9707641601562,430.7380065917969,673.35693359375,546.39111328125,625.9159545898438,546.623046875,654.6317749023438,664.3193359375,635.1712036132812,665.540283203125
716,23.866589303079415,654.5209350585938,223.40707397460938,665.2305297851562,215.4170379638672,644.4220581054688,215.7340850830078,677.9635009765625,219.48202514648438,630.0216674804688,220.83401489257812,687.8590087890625,255.7190704345703,609.1849975585938,278.8248291015625,693.734619140625,228.4083709716797,592.1708374023438,321.5104675292969,682.4382934570312,148.92425537109375,614.7534790039062,284.44183349609375,674.6669921875,423.28369140625,623.5572509765625,430.6403503417969,673.3334350585938,547.186767578125,626.2202758789062,546.8509521484375,654.5347900390625,664.6183471679688,635.0347900390625,666.091064453125
717,23.899922528363046,654.3165893554688,223.40521240234375,665.1577758789062,215.5023651123047,644.3464965820312,215.73374938964844,678.0853881835938,219.05918884277344,629.9354858398438,220.67633056640625,687.8323364257812,252.1394500732422,608.638671875,280.3042907714844,694.3783569335938,210.95822143554688,592.6337890625,320.79913330078125,683.4078979492188,132.37081909179688,614.1279296875,285.830078125,674.6492309570312,422.85992431640625,623.3684692382812,431.74798583984375,673.5252685546875,547.0289306640625,625.8796997070312,546.7650146484375,654.0819702148438,665.1068115234375,635.9537963867188,664.6517944335938
718,23.933255753646677,653.8351440429688,223.638671875,664.9480590820312,215.7909393310547,643.9915771484375,215.7830352783203,678.1986083984375,219.123046875,629.4417114257812,220.51290893554688,687.4364013671875,250.91656494140625,608.5203857421875,281.4586486816406,694.7494506835938,202.2404327392578,593.9940795898438,319.86053466796875,683.8737182617188,126.3327865600586,613.4797973632812,288.0096130371094,674.2249145507812,423.2381286621094,623.2545776367188,432.8067932128906,673.3265991210938,546.5055541992188,625.3895874023438,546.5092163085938,654.6485595703125,665.4952392578125,636.4217529296875,664.44384765625
719,23.966588978930307,654.0825805664062,223.5076446533203,665.0994262695312,215.73397827148438,644.213623046875,215.733154296875,678.1614990234375,219.4280242919922,629.6941528320312,220.6326141357422,687.6140747070312,252.39273071289062,609.0215454101562,280.4019775390625,694.8545532226562,209.4365234375,594.120849609375,319.22015380859375,683.5521850585938,133.32864379882812,614.9913330078125,288.098876953125,674.1458740234375,423.22308349609375,623.3011474609375,431.9598693847656,673.1982421875,546.7750854492188,625.4622802734375,546.578369140625,654.8417358398438,665.4684448242188,635.79248046875,665.0842895507812
720,23.999922204213938,654.3554077148438,223.4619598388672,665.2665405273438,215.64810180664062,644.4155883789062,215.73562622070312,678.1468505859375,219.43699645996094,629.7782592773438,220.80958557128906,687.6345825195312,252.93740844726562,609.2977905273438,280.7015075683594,694.7661743164062,211.19708251953125,594.8933715820312,319.7496337890625,683.27099609375,135.11488342285156,615.2095336914062,288.44622802734375,674.1671752929688,423.6549377441406,623.4741821289062,432.2783508300781,673.193603515625,547.2523193359375,625.7119140625,546.8607177734375,655.060546875,666.2274169921875,635.9321899414062,665.7575073242188
721,24.03325542949757,654.6885986328125,223.2187042236328,665.4734497070312,215.3681640625,644.6886596679688,215.56117248535156,678.1909790039062,219.14027404785156,629.9878540039062,220.69728088378906,687.9215087890625,252.8086700439453,609.219970703125,280.49383544921875,694.96875,212.4964141845703,594.228271484375,320.2445983886719,683.6973876953125,136.21385192871094,614.8411254882812,287.6727600097656,674.669921875,423.28167724609375,623.7363891601562,431.94390869140625,673.4739379882812,547.0652465820312,625.84375,546.7928466796875,654.6537475585938,665.4638671875,635.6221923828125,665.1986694335938
722,24.0665886547812,654.6284790039062,223.27310180664062,665.518798828125,215.41993713378906,644.6292724609375,215.57948303222656,678.3631591796875,219.1783447265625,629.8921508789062,220.77352905273438,688.0068359375,252.3677215576172,609.4237670898438,280.8506164550781,695.1038208007812,210.33651733398438,595.3710327148438,320.23583984375,682.922607421875,134.6722869873047,617.2595825195312,287.7603759765625,674.4638671875,423.17254638671875,623.6212768554688,432.09393310546875,673.3330078125,546.6851196289062,625.7952880859375,546.7551879882812,654.7681884765625,665.6978759765625,635.9299926757812,665.3469848632812
723,24.09992188006483,655.1103515625,221.9327392578125,665.4288940429688,214.17877197265625,645.1377563476562,214.60140991210938,677.3313598632812,218.5598907470703,630.7353515625,220.3990936279297,687.638427734375,253.2869873046875,610.4879150390625,279.1595764160156,695.2844848632812,219.27093505859375,596.3383178710938,321.7047424316406,683.3008422851562,137.09226989746094,621.405029296875,285.5779113769531,675.0284423828125,422.2406921386719,624.810546875,430.4289855957031,673.6647338867188,546.5552368164062,627.2608032226562,546.9779663085938,654.744384765625,664.1837158203125,635.2192993164062,665.826904296875
724,24.13325510534846,654.708251953125,222.15089416503906,665.31005859375,214.4705810546875,644.9434814453125,214.68426513671875,677.6444702148438,218.1043243408203,630.4242553710938,220.06390380859375,687.5689697265625,249.4911651611328,609.7957763671875,280.7336120605469,695.7537231445312,201.18138122558594,597.7216796875,319.5776672363281,684.1405029296875,126.2467269897461,622.7274780273438,287.7026062011719,674.5584106445312,421.843994140625,624.16162109375,431.74853515625,673.4841918945312,545.39697265625,626.16943359375,546.3160400390625,654.7327880859375,665.0345458984375,635.9218139648438,664.5320434570312
725,24.166588330632088,654.3628540039062,222.010498046875,665.133056640625,214.4139862060547,644.732421875,214.38333129882812,677.5787353515625,217.93568420410156,630.1083984375,219.59854125976562,687.3446044921875,248.4200897216797,609.6116943359375,280.9208679199219,696.1058349609375,194.25473022460938,598.643798828125,316.1917419433594,684.3128662109375,121.39458465576172,624.1304931640625,283.2283020019531,674.1585693359375,422.48687744140625,623.8861083984375,432.7061767578125,673.138427734375,545.5936279296875,625.42333984375,546.4916381835938,655.0277709960938,665.7666625976562,635.8679809570312,664.00732421875
726,24.19992155591572,654.4996948242188,222.07667541503906,665.2586669921875,214.4838409423828,644.8104248046875,214.45736694335938,677.6209106445312,218.19924926757812,630.0144653320312,219.74981689453125,687.3018188476562,249.25454711914062,609.472900390625,281.00408935546875,696.1812744140625,197.4013214111328,598.1121215820312,317.5918884277344,684.3283081054688,123.48963928222656,622.85009765625,285.5215759277344,674.2771606445312,422.479248046875,623.9586181640625,432.4675598144531,672.9822387695312,545.6542358398438,625.4136352539062,546.5616455078125,654.7041625976562,665.53759765625,635.768798828125,664.4480590820312
727,24.23325478119935,654.648193359375,221.92161560058594,665.27392578125,214.3670196533203,644.9674072265625,214.4486846923828,677.5281982421875,218.2676544189453,630.432861328125,219.9082794189453,687.409423828125,249.90663146972656,610.1759643554688,280.2487487792969,696.3341064453125,201.2113800048828,598.9476318359375,316.8694763183594,684.3510131835938,126.25443267822266,625.0110473632812,284.2523498535156,674.388427734375,421.7679443359375,624.3172607421875,431.34912109375,673.27978515625,545.1873779296875,626.1171264648438,546.26953125,654.9864501953125,664.841552734375,635.6917724609375,664.7929077148438
728,24.26658800648298,654.7192993164062,221.96522521972656,665.4169311523438,214.46337890625,645.0577392578125,214.43780517578125,677.6764526367188,218.47459411621094,630.4117431640625,219.9072265625,687.4358520507812,250.26370239257812,610.2205810546875,280.3581237792969,696.4154052734375,201.1029510498047,599.6329956054688,315.7266540527344,684.2518920898438,126.64667510986328,625.1677856445312,281.8134460449219,674.0025634765625,422.5731201171875,623.9492797851562,431.9675598144531,673.0562133789062,545.8775634765625,625.6959228515625,546.4982299804688,655.09912109375,665.2029418945312,635.676025390625,664.3576049804688
729,24.29992123176661,654.70654296875,221.74168395996094,665.3087158203125,214.24046325683594,644.9922485351562,214.33837890625,677.5262451171875,218.45030212402344,630.5650024414062,220.00450134277344,687.5257568359375,250.9951171875,610.8695678710938,279.4130859375,696.2022094726562,205.94630432128906,600.11962890625,314.718994140625,683.525634765625,130.44517517089844,626.0593872070312,279.2105407714844,673.9898071289062,422.2350769042969,624.146484375,431.0802307128906,673.2025146484375,545.8192138671875,626.1151733398438,546.387451171875,655.3157348632812,665.3796997070312,635.34619140625,665.2926635742188
730,24.33325445705024,654.747314453125,221.944580078125,665.4575805664062,214.50621032714844,645.0872802734375,214.49072265625,677.7736206054688,218.77743530273438,630.6861572265625,220.11106872558594,687.7005004882812,251.21116638183594,610.8283081054688,279.58892822265625,696.2091064453125,204.8433837890625,599.7296142578125,313.29876708984375,683.5361938476562,130.42562866210938,625.28515625,277.1638488769531,673.9700317382812,422.897216796875,624.0797729492188,431.6988830566406,673.1595458984375,546.029541015625,625.9978637695312,546.3880004882812,655.2088012695312,665.6005249023438,635.661376953125,665.000244140625
731,24.366587682333872,654.711181640625,222.9491729736328,665.8858642578125,215.12869262695312,644.8129272460938,215.03060913085938,678.8921508789062,218.375,629.674072265625,219.65768432617188,687.9632568359375,249.3579559326172,609.4718017578125,281.00946044921875,695.8701782226562,199.4583740234375,599.1401977539062,319.715576171875,684.4130249023438,126.27690124511719,621.9056396484375,287.97003173828125,674.8893432617188,423.0290222167969,624.0923461914062,432.8509826660156,672.97802734375,546.621826171875,625.390380859375,546.5626220703125,654.1090698242188,666.3235473632812,637.2020263671875,664.3056030273438
732,24.399920907617503,654.6879272460938,223.1817626953125,665.9202270507812,215.31121826171875,644.769287109375,215.1754150390625,678.9490356445312,218.40440368652344,629.4035034179688,219.67660522460938,687.7061767578125,249.11460876464844,609.429931640625,281.26287841796875,695.7449951171875,197.54759216308594,599.4017944335938,319.2657470703125,684.2374877929688,125.17344665527344,621.4751586914062,288.4974060058594,674.7149047851562,423.20159912109375,624.072509765625,433.1900939941406,672.7764282226562,546.4635009765625,625.128662109375,546.6515502929688,654.475830078125,666.8999633789062,637.1262817382812,664.9741821289062
733,24.433254132901133,654.482666015625,223.07476806640625,665.68603515625,215.1690673828125,644.5082397460938,215.15142822265625,678.80029296875,218.19967651367188,629.2183227539062,219.8063201904297,687.6533203125,248.72952270507812,609.5947875976562,281.4139404296875,695.7944946289062,196.4525146484375,599.9155883789062,318.91473388671875,684.1527709960938,124.29939270019531,622.0051879882812,287.38348388671875,674.5140991210938,422.99053955078125,623.9841918945312,433.1905822753906,672.7459716796875,545.9920654296875,625.2188110351562,546.6111450195312,654.5296020507812,666.5243530273438,637.001708984375,664.9906005859375
734,24.466587358184764,654.8989868164062,223.1350555419922,666.0151977539062,215.2253875732422,644.8963623046875,215.21786499023438,678.9234619140625,218.30506896972656,629.4771728515625,219.6361541748047,687.9282836914062,249.44667053222656,609.104736328125,280.38739013671875,696.0901489257812,201.74557495117188,598.51904296875,319.9181213378906,684.8126220703125,127.70848846435547,621.3130493164062,288.17822265625,675.0347900390625,422.7434387207031,623.9102172851562,432.4178161621094,673.0831909179688,546.599853515625,625.1705322265625,546.7666015625,654.083984375,666.0758666992188,636.87841796875,664.96728515625
735,24.499920583468395,654.6976928710938,223.69232177734375,665.9464721679688,215.7760009765625,644.748046875,215.6475830078125,679.0560302734375,218.6497344970703,629.2987670898438,219.871826171875,687.62255859375,249.13906860351562,608.9767456054688,281.24456787109375,695.6148681640625,197.1393585205078,598.86376953125,319.5005798339844,684.8496704101562,124.23399353027344,621.5291137695312,289.333251953125,674.746337890625,423.1590270996094,623.7951049804688,433.1832580566406,672.6258544921875,546.3943481445312,624.740966796875,546.587890625,653.8540649414062,666.3732299804688,636.7326049804688,664.6453857421875
736,24.533253808752026,654.6994018554688,223.88365173339844,665.8241577148438,215.92941284179688,644.6323852539062,215.9081268310547,678.8013305664062,218.87257385253906,629.0812377929688,220.2703857421875,687.586181640625,249.76351928710938,608.7078857421875,281.29290771484375,695.4618530273438,198.91973876953125,597.9446411132812,319.1824951171875,685.14111328125,125.78761291503906,620.5037231445312,288.46490478515625,674.7770385742188,423.2431640625,623.67578125,433.0975036621094,672.8494873046875,546.4945068359375,624.7616577148438,546.4910888671875,653.7020874023438,665.9385986328125,636.1990356445312,664.1559448242188
737,24.566587034035656,654.2247314453125,223.73695373535156,665.4638671875,215.86436462402344,644.2051391601562,215.77561950683594,678.6469116210938,219.05035400390625,628.943359375,220.3159637451172,687.5787963867188,250.26412963867188,608.6824951171875,281.41455078125,695.0369262695312,200.3692626953125,597.278076171875,319.1632385253906,684.4727172851562,128.76734924316406,619.3936157226562,289.35028076171875,674.4613037109375,423.6507263183594,623.3968505859375,433.3586730957031,672.8900146484375,546.9340209960938,624.5341796875,546.8582153320312,653.5961303710938,665.8560180664062,635.6864624023438,664.101806640625
738,24.599920259319287,654.1988525390625,223.66339111328125,665.4342651367188,215.90731811523438,644.2001342773438,215.7277374267578,678.4140014648438,219.4577178955078,628.7427978515625,220.543212890625,687.2822875976562,251.09982299804688,608.8359375,281.7427673339844,694.663818359375,202.1982421875,597.8363037109375,318.2805480957031,683.2928466796875,132.5364990234375,618.8567504882812,287.57879638671875,673.9710083007812,424.29595947265625,623.2338256835938,433.7584533691406,672.3870239257812,547.2169799804688,623.950439453125,547.0280151367188,653.428955078125,666.05517578125,634.9669799804688,664.0753173828125
739,24.633253484602918,654.1624145507812,223.4660186767578,665.33251953125,215.7410888671875,644.1771850585938,215.5513916015625,678.2351684570312,219.37503051757812,628.7814331054688,220.4226837158203,687.3206787109375,251.18069458007812,608.9804077148438,281.237548828125,695.040771484375,202.90960693359375,598.4183349609375,317.5213623046875,683.50537109375,132.343994140625,620.6829833984375,286.585205078125,673.8814086914062,424.6255798339844,623.1279907226562,433.8437194824219,672.4904174804688,547.26513671875,623.90625,546.82763671875,653.8300170898438,666.4782104492188,634.6898193359375,664.1785888671875
740,24.66658670988655,654.1368408203125,223.6312713623047,665.2858276367188,215.90478515625,644.1815185546875,215.71218872070312,678.1741943359375,219.35926818847656,628.83740234375,220.4619903564453,687.370361328125,250.6904754638672,608.9649047851562,281.05804443359375,695.0081787109375,201.0172119140625,598.1541748046875,315.8744201660156,683.4998168945312,130.40480041503906,619.9915771484375,282.16229248046875,673.7843627929688,424.83489990234375,622.9832153320312,434.0999450683594,672.4191284179688,547.7733764648438,623.6825561523438,547.0933227539062,653.57080078125,666.70703125,634.4780883789062,663.6316528320312
741,24.699919935170175,654.1218872070312,223.97837829589844,665.3563232421875,216.22637939453125,644.1974487304688,215.94493103027344,678.28955078125,219.6246337890625,628.7220458984375,220.5348663330078,687.1912841796875,250.97755432128906,608.5802612304688,281.6733093261719,694.761962890625,200.83953857421875,597.70263671875,317.6893310546875,683.0435180664062,131.0831756591797,619.442626953125,287.4888000488281,673.716552734375,425.13232421875,622.8089599609375,434.5619812011719,672.69677734375,547.6116943359375,623.5609130859375,547.1737670898438,654.0040283203125,666.7322998046875,634.471923828125,664.1055297851562
742,24.733253160453806,654.0530395507812,223.95263671875,665.2532958984375,216.13893127441406,644.0242919921875,215.99163818359375,678.2181396484375,219.70687866210938,628.6173095703125,220.7141571044922,687.3417358398438,252.16769409179688,608.6946411132812,281.1357727050781,694.7772827148438,207.24261474609375,597.5889892578125,317.7171325683594,682.6866455078125,137.5029296875,619.055419921875,286.41656494140625,673.5568237304688,425.0462646484375,622.5836181640625,433.95843505859375,672.7593383789062,547.616943359375,623.8456420898438,547.1754150390625,654.0438232421875,666.3065795898438,634.5153198242188,664.6296997070312
743,24.766586385737437,653.5968017578125,223.60577392578125,664.713134765625,215.8223419189453,643.5430908203125,215.78720092773438,677.86083984375,219.51324462890625,628.6004638671875,220.7891082763672,687.6046752929688,252.28099060058594,609.1488647460938,280.6734313964844,694.8192138671875,208.6770782470703,597.8770141601562,317.3553161621094,682.3159790039062,137.71669006347656,619.39404296875,285.82257080078125,673.6550903320312,424.8260192871094,622.75732421875,433.40631103515625,672.7099609375,547.888671875,624.1636352539062,546.8462524414062,654.1693115234375,666.8375854492188,634.4716186523438,664.4869384765625
744,24.799919611021068,653.6488647460938,223.66539001464844,664.6498413085938,215.73333740234375,643.4942016601562,215.94569396972656,677.7828979492188,219.22303771972656,628.606689453125,220.97926330566406,687.6285400390625,252.06878662109375,608.8192138671875,281.2755432128906,694.75341796875,209.7186279296875,596.724853515625,320.6317138671875,683.0697021484375,137.99948120117188,617.2740478515625,289.4561462402344,674.0809936523438,424.0233154296875,623.0191650390625,433.03863525390625,672.9815673828125,547.2935791015625,624.8052978515625,546.8278198242188,653.6196899414062,665.763916015625,634.91845703125,664.5147094726562
745,24.8332528363047,653.6441650390625,223.68447875976562,664.6548461914062,215.71234130859375,643.4457397460938,215.96485900878906,677.76025390625,219.24038696289062,628.5281982421875,221.0174102783203,687.5626220703125,252.25279235839844,608.94140625,280.9065856933594,694.8978271484375,211.0406494140625,596.3189697265625,320.0892333984375,683.1087036132812,138.09144592285156,617.4738159179688,287.9044189453125,674.102294921875,424.0736389160156,623.0928344726562,433.0096130371094,673.2669677734375,546.9724731445312,624.82763671875,547.0968627929688,653.928955078125,665.8485717773438,634.3880004882812,665.77978515625
746,24.86658606158833,653.2472534179688,224.14463806152344,664.3262329101562,216.0888214111328,643.0476684570312,216.40460205078125,677.6192016601562,219.3662109375,628.275390625,221.33892822265625,687.4635620117188,251.83856201171875,608.6864013671875,281.68585205078125,694.4389038085938,208.95021057128906,595.8692626953125,321.03607177734375,683.106201171875,136.0850067138672,615.6962280273438,287.0455322265625,674.2872314453125,424.24530029296875,623.2304077148438,433.5662536621094,673.1011352539062,547.2222900390625,624.5877075195312,547.3045043945312,653.5183715820312,665.7911987304688,634.6484985351562,665.24951171875
747,24.89991928687196,653.2276611328125,224.01092529296875,664.1932373046875,215.9089813232422,642.9784545898438,216.3267364501953,677.4241333007812,219.1204833984375,628.2207641601562,221.33523559570312,687.451416015625,251.6584014892578,608.8300170898438,281.6244812011719,694.5941772460938,209.20948791503906,596.5048217773438,321.33966064453125,683.06640625,135.6222686767578,616.702880859375,286.64776611328125,674.3496704101562,424.02001953125,623.3366088867188,433.3816223144531,673.1859741210938,547.3175048828125,624.8941650390625,547.4950561523438,653.5755004882812,665.6265258789062,634.5847778320312,665.1442260742188
748,24.93325251215559,653.1735229492188,223.50181579589844,664.2306518554688,215.79103088378906,643.2437744140625,215.745849609375,677.2112426757812,220.07098388671875,628.64208984375,221.224853515625,687.134033203125,254.23611450195312,608.8080444335938,281.51953125,693.9493408203125,213.12022399902344,595.0383911132812,315.74945068359375,680.9303588867188,139.82933044433594,613.6873779296875,274.05126953125,673.6383666992188,425.27606201171875,622.9841918945312,433.6575012207031,672.791015625,547.9942016601562,624.0718994140625,547.5116577148438,654.2035522460938,666.4585571289062,633.9904174804688,665.229736328125
749,24.96658573743922,653.3648681640625,223.35008239746094,664.3751831054688,215.54493713378906,643.340576171875,215.63824462890625,677.3633422851562,219.84686279296875,628.7496948242188,221.15017700195312,687.2001953125,254.5857391357422,609.0714111328125,281.2189025878906,694.098876953125,217.40692138671875,595.1188354492188,319.1380615234375,681.1727294921875,142.2598114013672,614.581298828125,280.64129638671875,673.99169921875,424.41156005859375,623.3612670898438,432.71954345703125,673.2088012695312,547.2975463867188,624.83935546875,547.4494018554688,654.4613647460938,665.4790649414062,634.118896484375,666.1304321289062
750,24.99991896272285,653.1951293945312,223.2408447265625,664.2439575195312,215.5412139892578,643.2197265625,215.56674194335938,677.2771606445312,219.97164916992188,628.6657104492188,221.2039794921875,687.1057739257812,254.48220825195312,609.0526733398438,281.4470520019531,693.9844360351562,215.0834503173828,595.1817016601562,317.640625,680.9737548828125,141.36947631835938,614.4007568359375,279.7245788574219,673.9641723632812,424.63140869140625,623.4232788085938,433.0254821777344,673.1333618164062,547.5065307617188,624.6951904296875,547.65576171875,654.6112670898438,665.7012939453125,634.197509765625,666.0457153320312
751,25.033252188006482,653.2529296875,222.61883544921875,664.1839599609375,214.75177001953125,643.0585327148438,214.9665069580078,677.0531616210938,220.38372802734375,628.7705688476562,220.96900939941406,688.533447265625,262.96173095703125,610.4644165039062,275.6885986328125,690.2661743164062,260.8268127441406,595.5120849609375,300.3927001953125,672.6747436523438,209.29310607910156,617.2361450195312,237.94366455078125,673.8106689453125,426.9244689941406,622.9840698242188,431.1214294433594,672.7802734375,548.4716186523438,624.3250732421875,547.7869262695312,655.0325927734375,666.6176147460938,632.9655151367188,667.70361328125
752,25.066585413290113,652.9930419921875,223.02659606933594,663.7107543945312,214.81021118164062,642.7146606445312,215.20860290527344,676.20703125,220.1527862548828,627.96875,220.8192901611328,687.6025390625,265.58343505859375,610.346435546875,275.7582092285156,686.51513671875,286.1973876953125,597.3307495117188,311.5823974609375,666.5107421875,252.61146545410156,621.96630859375,253.5623779296875,673.9432983398438,425.6295471191406,623.5009765625,429.43218994140625,672.01611328125,547.0323486328125,624.8994140625,547.6411743164062,653.8670654296875,665.0203247070312,632.4893798828125,667.8369140625
753,25.099918638573744,653.4085083007812,223.1488494873047,664.083984375,214.88851928710938,643.0819702148438,215.29563903808594,676.3956298828125,220.16192626953125,628.0363159179688,220.8285675048828,687.4949340820312,265.5640869140625,610.1536254882812,276.15533447265625,686.3524780273438,286.6221923828125,597.507080078125,314.3425598144531,666.7168579101562,253.2212677001953,623.0261840820312,258.9716796875,674.052734375,425.2982482910156,623.5838012695312,429.2872619628906,672.1286010742188,546.6622924804688,625.254638671875,547.3688354492188,653.7536010742188,664.4517822265625,632.9547119140625,667.4380493164062
754,25.133251863857375,653.4766235351562,223.0633087158203,664.12841796875,214.81076049804688,643.1360473632812,215.1575469970703,676.3798217773438,220.17770385742188,627.8771362304688,220.70936584472656,687.3093872070312,265.91278076171875,609.794921875,276.4979553222656,685.5615234375,289.0690612792969,597.1285400390625,317.8019104003906,664.5025634765625,255.41302490234375,622.8935546875,264.6868896484375,674.2727661132812,424.8730163574219,623.6803588867188,428.8590393066406,671.9806518554688,546.637451171875,625.483642578125,547.3786010742188,653.4182739257812,664.4901123046875,633.2072143554688,667.6271362304688
755,25.166585089141005,653.034423828125,222.9550018310547,663.73583984375,214.7744140625,642.7214965820312,215.13031005859375,676.1411743164062,220.27110290527344,627.814453125,220.76144409179688,687.30224609375,266.3587341308594,610.3628540039062,275.2406311035156,685.52880859375,289.7686462402344,597.076416015625,309.4539489746094,665.971923828125,258.4904479980469,621.2344970703125,248.5679931640625,674.0189819335938,425.5824279785156,623.8078002929688,429.060791015625,671.6826782226562,547.15771484375,625.36181640625,547.750244140625,653.3546752929688,664.7842407226562,633.0181274414062,667.6028442382812
756,25.199918314424632,653.1190185546875,223.01943969726562,663.7750854492188,214.86209106445312,642.7308349609375,215.2848358154297,676.1367797851562,220.39102172851562,627.7914428710938,220.95555114746094,687.3365478515625,266.733642578125,610.9246215820312,274.3096618652344,685.8616943359375,290.2261657714844,597.627685546875,303.626953125,667.8756713867188,260.72607421875,620.9493408203125,239.38681030273438,674.021240234375,426.06219482421875,624.1176147460938,429.1690368652344,671.6342163085938,547.57568359375,625.51025390625,548.129638671875,653.5574951171875,665.2827758789062,632.89013671875,668.1831665039062
757,25.233251539708263,652.9503173828125,222.8832550048828,663.6206665039062,214.75311279296875,642.53662109375,215.23707580566406,676.0555419921875,220.3651580810547,627.7509765625,221.1072998046875,687.3184204101562,266.3561706542969,610.9263916015625,274.7180480957031,685.9483032226562,287.93328857421875,597.4646606445312,304.2346496582031,668.7907104492188,256.2715148925781,620.4976806640625,239.31201171875,674.2091674804688,425.80926513671875,624.3424682617188,429.18988037109375,672.0156860351562,547.1419067382812,625.8555908203125,547.7652587890625,653.71484375,664.509765625,633.3217163085938,667.5101928710938
758,25.266584764991894,652.460693359375,222.57579040527344,663.2298583984375,214.6527862548828,642.0225219726562,215.04922485351562,675.9318237304688,220.474365234375,627.5410766601562,221.094482421875,687.4904174804688,265.0509338378906,610.8232421875,273.6903381347656,687.3187255859375,274.29962158203125,596.5562133789062,295.0624694824219,670.544921875,229.13157653808594,618.2055053710938,225.1663055419922,674.37353515625,426.7323913574219,624.2677001953125,429.922607421875,672.0867919921875,548.8171997070312,625.4971313476562,548.4790649414062,653.9227905273438,665.5402221679688,633.4273681640625,667.8117065429688
759,25.299917990275524,652.1419067382812,222.51966857910156,663.0068359375,214.64488220214844,641.7695922851562,215.07179260253906,675.9388427734375,220.2266845703125,627.7180786132812,221.26431274414062,687.6808471679688,261.6119384765625,610.4601440429688,275.2119445800781,691.1215209960938,254.70787048339844,595.3927001953125,298.6226501464844,676.7799072265625,191.27659606933594,616.6744995117188,228.81781005859375,674.5263061523438,426.21978759765625,624.2251586914062,430.7616882324219,672.6917724609375,549.0526123046875,625.7636108398438,548.7905883789062,654.1553955078125,665.83935546875,634.2718505859375,667.9524536132812
760,25.333251215559155,652.1498413085938,222.8109130859375,662.99560546875,214.69139099121094,641.7953491210938,215.25987243652344,675.9297485351562,219.98236083984375,627.8004760742188,221.36444091796875,687.3280029296875,261.7734375,610.1588134765625,277.3000183105469,689.8495483398438,261.1463317871094,595.5673217773438,312.2793273925781,675.8257446289062,201.4210662841797,618.656005859375,250.6439666748047,674.574462890625,425.09857177734375,624.3594970703125,430.46563720703125,673.1874389648438,547.7725830078125,626.4239501953125,548.3831787109375,654.4033813476562,665.272705078125,634.5570678710938,668.4713134765625
761,25.366584440842786,652.3796997070312,222.82037353515625,663.0725708007812,214.6023406982422,641.985595703125,215.26797485351562,675.7944946289062,219.8375701904297,627.870361328125,221.29969787597656,687.2486572265625,262.796630859375,610.3473510742188,276.88677978515625,688.656005859375,270.031494140625,596.182373046875,314.9983825683594,674.2271118164062,216.7132110595703,621.1317138671875,256.71490478515625,674.5844116210938,424.6647644042969,624.483642578125,429.68768310546875,672.8724365234375,547.0730590820312,626.6334838867188,547.7938232421875,654.3017578125,664.9149169921875,634.2880249023438,668.3493041992188
762,25.399917666126417,652.2808837890625,222.89881896972656,662.9942016601562,214.6555938720703,641.8706665039062,215.3555908203125,675.8399047851562,219.7794952392578,627.9060668945312,221.36007690429688,687.3059692382812,262.38885498046875,610.4365844726562,276.9642639160156,689.0230102539062,267.3777770996094,595.6885375976562,314.77618408203125,675.1452026367188,211.97061157226562,620.4830932617188,256.9383850097656,674.6015014648438,424.6828308105469,624.5640869140625,429.85577392578125,672.9380493164062,547.0631103515625,626.8485717773438,547.95654296875,653.9586791992188,664.9585571289062,634.0809326171875,668.7457885742188
763,25.433250891410047,651.2159423828125,223.5455322265625,661.7156372070312,215.2638397216797,641.0712280273438,216.0001983642578,674.7958984375,220.20828247070312,627.9017333984375,221.78147888183594,687.305419921875,264.52020263671875,610.0548095703125,277.0484619140625,686.8471069335938,282.242431640625,594.693603515625,321.91070556640625,669.3201293945312,236.2646484375,621.1849365234375,272.4187927246094,674.4407348632812,424.1713562011719,624.1437377929688,428.674072265625,672.3964233398438,546.4357299804688,627.1234741210938,546.8748779296875,654.05615234375,663.5537109375,634.1369018554688,666.8115844726562
764,25.466584116693678,651.072998046875,223.73220825195312,661.70654296875,215.475830078125,640.8834228515625,216.18788146972656,674.9033203125,220.3490753173828,627.7265014648438,221.9375762939453,687.1246948242188,263.58453369140625,610.184814453125,277.4543151855469,688.1286010742188,275.9808654785156,595.3442993164062,321.36328125,673.9893188476562,225.54188537597656,621.0529174804688,269.93804931640625,674.3269653320312,424.3932189941406,624.2542724609375,429.28759765625,672.73974609375,546.7794799804688,627.0740356445312,547.1793212890625,653.6511840820312,663.8690795898438,633.8292846679688,667.1629028320312
765,25.49991734197731,651.1744995117188,223.7170867919922,661.8403930664062,215.6676483154297,641.0560302734375,216.2056121826172,675.0054321289062,220.41668701171875,627.9209594726562,221.90438842773438,686.8931274414062,260.64654541015625,610.0651245117188,277.9036560058594,690.891845703125,255.4611358642578,595.122314453125,319.9339294433594,678.8856201171875,188.21971130371094,620.0130004882812,271.0989685058594,674.420654296875,424.3269958496094,624.3952026367188,429.9490051269531,673.1343383789062,547.4664916992188,626.9632568359375,547.2022094726562,653.9067993164062,664.13916015625,633.7794189453125,666.662841796875
766,25.53325056726094,650.8575439453125,223.6835174560547,661.65380859375,215.73890686035156,640.8814697265625,216.22836303710938,674.941650390625,220.2991485595703,627.929443359375,221.99473571777344,686.6673583984375,257.4669494628906,609.6088256835938,278.9406433105469,692.6986083984375,237.64398193359375,594.1220092773438,318.1402282714844,681.347900390625,160.4818878173828,617.05224609375,265.07806396484375,674.245361328125,424.3046569824219,624.0908813476562,431.16748046875,673.32177734375,547.27685546875,626.0471801757812,547.3788452148438,654.0996704101562,664.8342895507812,633.8130493164062,666.8095703125
767,25.56658379254457,650.7828979492188,223.84759521484375,661.507080078125,215.89723205566406,640.7984008789062,216.38111877441406,674.7808837890625,220.4844512939453,627.8383178710938,222.1775665283203,686.5429077148438,258.25982666015625,609.52685546875,279.341552734375,692.4307250976562,239.92385864257812,593.7078857421875,320.77984619140625,680.668212890625,164.0322723388672,616.0873413085938,274.6330871582031,673.9479370117188,424.2814025878906,623.9237670898438,430.92181396484375,672.9014282226562,547.31787109375,626.2158203125,547.0072631835938,654.2799682617188,664.4341430664062,633.875732421875,666.1660766601562
768,25.5999170178282,650.1956787109375,223.547607421875,661.1881713867188,215.87969970703125,640.3494262695312,216.04208374023438,674.7195434570312,220.8170166015625,627.4449462890625,221.8116912841797,686.6358032226562,258.3121337890625,609.6858520507812,277.268798828125,693.28857421875,235.82296752929688,594.9134521484375,306.4316101074219,680.4525146484375,162.43527221679688,617.3785400390625,249.89529418945312,673.1616821289062,425.74609375,623.05224609375,431.5876770019531,672.7879638671875,547.877197265625,624.8934326171875,547.1563110351562,655.1069946289062,665.5353393554688,633.4761352539062,666.1738891601562
769,25.63325024311183,650.71728515625,223.99954223632812,661.4368896484375,215.93626403808594,640.7254638671875,216.41297912597656,674.7051391601562,220.39535522460938,627.67041015625,221.93605041503906,686.4933471679688,259.2101745605469,609.292724609375,278.7160339355469,691.6343994140625,247.19415283203125,594.0166625976562,321.5765075683594,679.230712890625,176.0347900390625,617.610595703125,276.43670654296875,673.6212768554688,424.424072265625,623.390869140625,430.62921142578125,672.8001708984375,547.3671264648438,625.875,546.94677734375,654.6090087890625,665.14208984375,633.4923706054688,666.9029541015625
770,25.666583468395462,650.1239624023438,223.6546173095703,660.8863525390625,215.63479614257812,640.1813354492188,216.13272094726562,674.294921875,220.30804443359375,627.4436645507812,221.87554931640625,686.5476684570312,259.6280212402344,609.5584716796875,277.8869323730469,691.4055786132812,249.3347930908203,593.9603881835938,315.8492736816406,677.8204956054688,180.3905029296875,616.6861572265625,262.680908203125,673.2230834960938,424.8734436035156,623.1152954101562,430.6761779785156,672.3013305664062,547.754638671875,625.1783447265625,547.4917602539062,654.363037109375,665.9577026367188,632.7149658203125,667.6967163085938
771,25.699916693679093,650.508544921875,223.7839813232422,661.33740234375,215.56895446777344,640.4375610351562,216.08094787597656,674.795654296875,220.48049926757812,627.295654296875,221.68142700195312,686.7849731445312,263.59222412109375,609.2821044921875,277.6484375,687.4404907226562,274.01318359375,593.9810180664062,321.2987060546875,670.9384765625,222.70809936523438,618.9771728515625,271.9082946777344,673.5001831054688,425.07476806640625,622.9990844726562,429.9462585449219,672.3409423828125,547.4118041992188,625.4827880859375,547.791259765625,654.1458740234375,664.56005859375,632.7030639648438,667.7872924804688
772,25.73324991896272,650.3602905273438,223.837890625,661.1712646484375,215.66201782226562,640.3399658203125,216.19161987304688,674.5503540039062,220.5629425048828,627.2348022460938,221.8529052734375,686.6083984375,263.0300598144531,609.1643676757812,277.8041076660156,688.0299072265625,270.26800537109375,593.5427856445312,319.3619079589844,671.5421752929688,218.62200927734375,618.002197265625,268.5914611816406,673.2821655273438,424.8199768066406,622.898681640625,429.9472351074219,672.2825927734375,547.0386352539062,625.4080810546875,547.7481689453125,654.0515747070312,664.9679565429688,632.7859497070312,668.38916015625
773,25.76658314424635,649.8634643554688,223.389892578125,660.64794921875,215.2706756591797,639.9514770507812,215.7447052001953,674.02587890625,220.38111877441406,627.0438232421875,221.538818359375,686.5181274414062,263.3577575683594,608.4948120117188,278.12738037109375,687.6954345703125,272.8361511230469,592.4364624023438,322.03985595703125,670.4415283203125,222.8649444580078,616.5440063476562,273.02191162109375,673.4099731445312,424.8188171386719,622.7396850585938,429.90826416015625,672.2110595703125,546.8657836914062,625.152099609375,547.2239990234375,653.98046875,664.329345703125,632.9270629882812,667.1890869140625
774,25.79991636952998,649.900146484375,223.45550537109375,660.7512817382812,215.4246063232422,639.9749755859375,215.8369598388672,674.0877685546875,220.37046813964844,626.9541015625,221.59300231933594,686.3261108398438,261.09228515625,608.324462890625,278.4156188964844,690.0179443359375,257.41265869140625,592.4314575195312,318.1139221191406,675.2174682617188,196.53990173339844,615.4747924804688,265.24609375,673.2658081054688,425.10601806640625,622.6367797851562,430.86553955078125,672.4280395507812,547.57470703125,624.7456665039062,547.8763427734375,653.8785400390625,664.9053955078125,632.713134765625,667.436279296875
775,25.833249594813612,649.5989379882812,223.33648681640625,660.5350341796875,215.28720092773438,639.6637573242188,215.7203369140625,674.0484619140625,220.45433044433594,626.7150268554688,221.62794494628906,686.5198974609375,262.33575439453125,608.3240356445312,277.9303283691406,688.7810668945312,264.41656494140625,592.4358520507812,314.9247741699219,671.5993041992188,210.16336059570312,615.706787109375,257.0187683105469,673.0722045898438,425.47650146484375,622.2754516601562,430.82086181640625,672.4142456054688,547.30908203125,624.4563598632812,547.9695434570312,654.2390747070312,664.9522094726562,632.8192749023438,667.7138061523438
776,25.866582820097243,649.3909912109375,223.60401916503906,660.2915649414062,215.5421600341797,639.4760131835938,215.98866271972656,673.84619140625,220.2650146484375,626.5530395507812,221.7290496826172,685.9262084960938,260.09442138671875,607.9821166992188,279.27435302734375,690.017333984375,252.29946899414062,592.0087890625,320.4698486328125,675.5189819335938,190.4254913330078,613.805908203125,272.11407470703125,672.8668823242188,424.7269592285156,622.3265991210938,431.0255126953125,672.3072509765625,547.3645629882812,624.5322875976562,547.7150268554688,654.2738647460938,665.3810424804688,632.7970581054688,667.6389770507812
777,25.899916045380873,649.4111938476562,223.5177459716797,660.2478637695312,215.49984741210938,639.5306396484375,215.88558959960938,673.62646484375,220.23915100097656,626.4075927734375,221.59776306152344,685.864501953125,260.0587463378906,607.634765625,279.1663513183594,690.5248413085938,252.06973266601562,592.0846557617188,320.2442321777344,675.44921875,193.24700927734375,614.7210693359375,275.994873046875,672.64453125,424.4961242675781,621.939208984375,430.7660827636719,672.4863891601562,546.640869140625,624.2608032226562,547.0074462890625,654.8572387695312,665.0574340820312,632.5692749023438,667.1897583007812
778,25.933249270664504,648.8419189453125,223.6400604248047,659.8731079101562,215.84832763671875,639.0598754882812,215.98548889160156,673.44921875,220.6001434326172,625.9113159179688,221.6864471435547,685.3150024414062,257.85980224609375,607.2449340820312,279.5646057128906,692.2117919921875,236.76905822753906,592.074951171875,317.2327880859375,678.608642578125,169.22555541992188,613.9835815429688,271.891845703125,672.38916015625,424.4919738769531,621.7322387695312,431.399658203125,672.6563720703125,547.0160522460938,623.4772338867188,547.3179931640625,654.9699096679688,666.4008178710938,631.9176025390625,667.9143676757812
779,25.966582495948135,648.43798828125,223.62547302246094,659.5440673828125,215.9674530029297,638.7696533203125,215.9975128173828,673.1594848632812,220.89553833007812,625.6304931640625,221.82029724121094,685.0789184570312,257.7562255859375,606.59912109375,280.6263122558594,692.4905395507812,234.57632446289062,591.7373657226562,318.3724365234375,678.9714965820312,168.4786834716797,612.2603149414062,272.8680725097656,672.3436889648438,424.5225830078125,621.5388793945312,431.798095703125,672.4041137695312,546.9951171875,622.8638305664062,547.360595703125,654.521484375,665.957275390625,632.0278930664062,667.143310546875
780,25.999915721231766,648.5604858398438,223.7985076904297,659.7694091796875,216.24948120117188,638.844970703125,216.115478515625,673.2936401367188,221.2737579345703,625.2739868164062,221.8339385986328,684.8306274414062,257.55218505859375,606.45458984375,279.78485107421875,692.7805786132812,229.9142608642578,592.0286865234375,311.7198181152344,679.136474609375,161.54576110839844,613.1390991210938,261.6143493652344,672.2540893554688,425.234619140625,621.3760986328125,432.2999267578125,672.6629638671875,547.237060546875,622.3546752929688,547.688232421875,655.16357421875,666.4310302734375,631.7554321289062,667.6536865234375
781,26.033248946515396,648.7757568359375,223.63677978515625,659.7322998046875,215.8964080810547,639.0465087890625,216.07644653320312,672.9832763671875,220.59600830078125,625.6693115234375,221.8749542236328,684.6760864257812,256.4977722167969,606.2333984375,281.2273864746094,692.37255859375,229.72389221191406,591.3778686523438,321.0697021484375,679.834228515625,159.37547302246094,612.641845703125,276.4384460449219,672.6937866210938,424.41265869140625,621.822021484375,432.3991394042969,672.6490478515625,547.2891235351562,622.758544921875,548.1845092773438,654.5902709960938,666.3797607421875,631.8042602539062,668.1604614257812
782,26.066582171799027,648.4293212890625,223.88034057617188,659.5293579101562,216.34939575195312,638.7633056640625,216.24749755859375,673.0553588867188,220.962646484375,625.2216796875,222.0190887451172,684.3495483398438,255.05575561523438,605.9306030273438,282.5166015625,692.8306274414062,216.9512481689453,592.6035766601562,320.7635803222656,680.74755859375,146.2172088623047,613.160888671875,284.46466064453125,672.3165893554688,424.56884765625,621.5910034179688,433.1415100097656,672.4013061523438,547.2470092773438,622.6961059570312,547.3353881835938,654.4533081054688,666.8235473632812,632.3229370117188,666.4981079101562
783,26.099915397082658,648.6710815429688,224.1702423095703,659.7137451171875,216.52093505859375,638.9199829101562,216.54531860351562,673.2097778320312,220.84378051757812,625.2444458007812,222.05001831054688,684.2763061523438,254.7744598388672,605.74072265625,282.3724365234375,692.9007568359375,217.48077392578125,592.0865478515625,322.9595031738281,681.5531616210938,144.52752685546875,612.9526977539062,288.65521240234375,672.9329833984375,424.10833740234375,622.0669555664062,432.8974914550781,672.8370971679688,547.0306396484375,623.5444946289062,547.7050170898438,654.4028930664062,666.3887939453125,633.0751953125,667.512939453125
784,26.13324862236629,648.4103393554688,224.27719116210938,659.5979614257812,216.7276153564453,638.7391357421875,216.55328369140625,673.2174072265625,221.03001403808594,624.913818359375,222.06396484375,683.8256225585938,253.89910888671875,605.467041015625,283.75201416015625,692.5001220703125,210.10690307617188,593.6812744140625,324.31060791015625,680.9574584960938,137.92437744140625,614.9180297851562,293.8440246582031,672.5829467773438,424.2042541503906,621.9546508789062,433.6029052734375,672.43505859375,547.01025390625,623.59912109375,547.38818359375,654.3814697265625,666.8818359375,634.2796020507812,666.5631103515625
785,26.16658184764992,648.42431640625,224.26121520996094,659.55419921875,216.66607666015625,638.7353515625,216.55020141601562,673.1281127929688,220.8445587158203,624.863525390625,222.00103759765625,683.8579711914062,253.63182067871094,605.4850463867188,283.5415344238281,692.7109985351562,210.4746551513672,593.7015991210938,324.8183898925781,681.2164916992188,138.43348693847656,614.6520385742188,295.33367919921875,672.6862182617188,423.64312744140625,622.0669555664062,433.0396423339844,672.1614990234375,546.6897583007812,623.5565185546875,546.9881591796875,654.4505615234375,666.702392578125,634.4716186523438,666.2329711914062
786,26.19991507293355,648.6370239257812,224.24111938476562,659.6300659179688,216.60723876953125,638.923583984375,216.555419921875,673.0817260742188,220.58969116210938,625.095947265625,221.85842895507812,684.0253295898438,253.38856506347656,605.634765625,282.7359924316406,692.9552001953125,210.9022674560547,593.44580078125,323.4511413574219,681.77734375,138.44046020507812,615.0011596679688,293.3623962402344,672.6810302734375,423.6413879394531,622.01806640625,432.8396301269531,672.3049926757812,546.7611694335938,623.9054565429688,546.838134765625,654.125732421875,666.4786987304688,634.1968994140625,665.7770385742188
787,26.233248298217177,648.6697998046875,224.30096435546875,659.751708984375,216.71409606933594,638.9422607421875,216.52072143554688,673.2391357421875,220.75485229492188,624.844482421875,221.79551696777344,683.8330078125,253.40188598632812,605.5053100585938,283.004638671875,692.9893798828125,208.40052795410156,594.14208984375,322.7370910644531,681.8091430664062,136.68141174316406,615.9789428710938,295.2127380371094,672.4199829101562,423.9165954589844,621.8218994140625,433.1441650390625,672.2449340820312,546.8453369140625,623.779541015625,546.8060913085938,654.418212890625,666.8458251953125,634.2601928710938,665.7918701171875
788,26.266581523500808,648.8397827148438,224.27029418945312,659.8558349609375,216.61019897460938,639.0888061523438,216.5277099609375,673.2589111328125,220.51487731933594,624.9417114257812,221.83636474609375,683.8475952148438,252.9537811279297,605.4465942382812,283.68902587890625,692.8505859375,207.6432647705078,594.2279663085938,325.1317443847656,681.8956909179688,135.97840881347656,614.9637451171875,297.61834716796875,672.6973266601562,423.39788818359375,622.1116333007812,433.016357421875,672.265869140625,546.4868774414062,624.0015869140625,546.4987182617188,654.4068603515625,666.3622436523438,634.9328002929688,665.1321411132812
789,26.29991474878444,648.4761352539062,224.429443359375,659.5081787109375,216.6978759765625,638.7432250976562,216.6400909423828,672.9844360351562,220.3762664794922,624.66943359375,221.7174530029297,683.5868530273438,252.6905975341797,605.32177734375,283.4472961425781,692.8211059570312,207.81842041015625,594.2777709960938,325.2230224609375,682.1279296875,135.7383575439453,614.8687744140625,297.1160583496094,672.7315673828125,423.47174072265625,622.1690673828125,433.1347351074219,672.2310180664062,546.3153076171875,623.87109375,546.5164184570312,654.5437622070312,665.9642944335938,634.8447875976562,665.0625
790,26.33324797406807,648.8069458007812,224.46807861328125,659.7603149414062,216.7592315673828,639.0220947265625,216.6857147216797,673.0068359375,220.57879638671875,624.6743774414062,221.7737579345703,683.441162109375,253.2517852783203,605.1299438476562,283.2709045410156,692.8042602539062,210.60662841796875,593.729248046875,326.04998779296875,682.3507080078125,137.3014373779297,613.7756958007812,296.904541015625,672.9158325195312,423.1221618652344,622.2951049804688,432.5870056152344,672.48828125,546.2688598632812,624.208251953125,546.426513671875,654.3088989257812,665.9676513671875,634.8338012695312,665.4716796875
791,26.3665811993517,649.2717895507812,224.3860321044922,660.10546875,216.63804626464844,639.4088745117188,216.6616668701172,673.072509765625,220.43650817871094,624.755615234375,221.7987518310547,683.25830078125,253.20970153808594,605.385986328125,283.0503234863281,692.5730590820312,211.63241577148438,594.240478515625,325.9595947265625,682.0638427734375,138.6888427734375,613.9994506835938,297.041748046875,672.8519287109375,422.76995849609375,622.4448852539062,432.24066162109375,672.2890625,546.1253662109375,624.2933349609375,546.6376953125,654.3530883789062,665.9157104492188,634.637939453125,666.0557861328125
792,26.39991442463533,649.2101440429688,224.27293395996094,660.1502075195312,216.62005615234375,639.33935546875,216.50376892089844,673.1370849609375,220.6990509033203,624.4650268554688,221.82278442382812,683.1844482421875,253.6395721435547,605.2106323242188,283.3738708496094,692.5700073242188,210.9758758544922,594.3482055664062,325.32318115234375,681.5952758789062,139.33761596679688,613.3905639648438,298.4883728027344,672.4027709960938,423.52008056640625,621.9843139648438,432.8409729003906,671.873291015625,546.45263671875,623.50146484375,546.5948486328125,654.711181640625,666.4492797851562,634.3447265625,665.893798828125
793,26.43324764991896,649.1243896484375,224.2998809814453,659.9864501953125,216.6703643798828,639.3106689453125,216.61473083496094,672.9912719726562,220.63531494140625,624.720947265625,221.81011962890625,683.0463256835938,253.35232543945312,605.4746704101562,282.5981140136719,692.3170166015625,211.85801696777344,594.2070922851562,324.688232421875,682.1177978515625,138.9413299560547,613.8284301757812,295.8096008300781,672.4857788085938,422.49652099609375,622.231201171875,431.7070007324219,671.6307983398438,545.995849609375,623.7387084960938,546.2672729492188,653.8440551757812,666.1060180664062,634.0059814453125,666.0443725585938
794,26.46658087520259,649.2916259765625,224.15968322753906,660.1748657226562,216.56333923339844,639.4370727539062,216.45346069335938,673.155029296875,220.67507934570312,624.6988525390625,221.77401733398438,683.0975341796875,253.44583129882812,605.4758911132812,282.41009521484375,692.529296875,210.75747680664062,594.4583129882812,323.1353454589844,681.75,137.0243682861328,616.1277465820312,294.0949401855469,672.1502685546875,423.05218505859375,621.81982421875,432.18719482421875,671.5158081054688,546.0994873046875,623.4999389648438,546.608642578125,653.8408203125,666.6725463867188,633.4759521484375,666.7399291992188
795,26.499914100486222,648.9458618164062,223.80108642578125,659.7510986328125,216.30447387695312,639.178466796875,216.18722534179688,672.7061157226562,220.65716552734375,624.7804565429688,221.67034912109375,683.0426635742188,253.92092895507812,605.5316772460938,281.8789367675781,692.5498046875,213.70761108398438,593.9593505859375,323.1817321777344,681.7543334960938,139.55491638183594,615.7115478515625,294.2988586425781,672.1227416992188,423.0494079589844,621.80322265625,431.8134460449219,671.4571533203125,546.4887084960938,623.331787109375,546.7130737304688,653.9859619140625,666.5272827148438,632.8839721679688,666.5563354492188
796,26.533247325769853,648.3399658203125,223.9055633544922,659.254150390625,216.4305877685547,638.6325073242188,216.2254180908203,672.38916015625,220.83462524414062,624.4282836914062,221.5896759033203,682.8306274414062,254.2783966064453,605.2127075195312,281.8045959472656,692.9209594726562,214.46009826660156,593.916259765625,323.2876892089844,682.3564453125,139.24668884277344,616.7042846679688,294.31671142578125,672.1188354492188,423.4416809082031,621.704833984375,432.118896484375,671.7991943359375,546.770263671875,623.4210205078125,547.235107421875,654.1051025390625,666.2467651367188,632.8348999023438,667.005126953125
797,26.566580551053484,647.8650512695312,223.604248046875,658.8787841796875,216.3272705078125,638.25634765625,215.88253784179688,672.1333618164062,221.03863525390625,624.0918579101562,221.44090270996094,682.4232788085938,254.34678649902344,605.5093994140625,281.8514404296875,693.0270385742188,211.1871795654297,595.3223876953125,320.7203369140625,681.7630615234375,137.05352783203125,618.5281982421875,293.9939880371094,671.4759521484375,423.5748596191406,621.5460815429688,432.1043395996094,671.4150390625,546.4285888671875,623.2698364257812,546.8445434570312,654.0875244140625,666.039794921875,632.2800903320312,666.4700927734375
798,26.599913776337115,648.0237426757812,223.6448974609375,658.8646240234375,216.13616943359375,638.288818359375,215.99798583984375,672.0577392578125,220.60006713867188,624.3406982421875,221.4613037109375,682.7549438476562,254.693115234375,605.7139892578125,281.1666564941406,693.2222290039062,216.68788146972656,594.6989135742188,321.90155029296875,682.7308959960938,140.44268798828125,618.217041015625,291.8543395996094,671.9086303710938,423.4499816894531,621.7714233398438,431.78118896484375,671.8383178710938,546.6160278320312,623.7025146484375,547.2977905273438,653.9124145507812,665.483154296875,631.8223876953125,667.0484008789062
799,26.633247001620745,647.7505493164062,223.37599182128906,658.4808349609375,215.89100646972656,638.0468139648438,215.8197784423828,671.7362060546875,220.32676696777344,624.4668579101562,221.31585693359375,682.9822998046875,254.619873046875,605.9632568359375,280.60076904296875,693.4315185546875,217.45533752441406,594.7529296875,321.4966735839844,682.7073364257812,140.49807739257812,618.2025756835938,292.01318359375,672.1365356445312,423.4282531738281,621.9590454101562,431.4786682128906,671.9298706054688,547.070068359375,623.8731079101562,547.232421875,653.830322265625,665.7146606445312,631.4640502929688,666.8616943359375
800,26.666580226904376,647.2723999023438,223.419189453125,658.3233032226562,216.17027282714844,637.734619140625,215.78494262695312,671.8667602539062,220.88760375976562,624.1207885742188,221.41302490234375,682.6260986328125,253.94036865234375,605.5175170898438,281.8168640136719,693.285888671875,210.07827758789062,595.292236328125,321.2795715332031,682.0770263671875,134.65078735351562,619.1431884765625,294.50042724609375,671.6696166992188,423.62677001953125,621.5494384765625,432.241943359375,671.6188354492188,546.5821533203125,623.184814453125,546.93994140625,653.7855834960938,666.2067260742188,631.9987182617188,666.7410888671875
801,26.699913452188007,647.5234375,223.0519561767578,658.59326171875,215.95346069335938,638.0171508789062,215.3806610107422,671.799560546875,221.01222229003906,623.902099609375,221.088134765625,682.0145874023438,254.4961700439453,605.6095581054688,281.12066650390625,693.2781372070312,210.48275756835938,595.876953125,317.1997985839844,681.910888671875,137.18988037109375,619.666015625,290.3128356933594,670.997314453125,423.8357238769531,621.3414306640625,432.0753479003906,670.8804931640625,545.972412109375,622.53271484375,546.7333374023438,653.959716796875,665.8047485351562,631.3448486328125,667.0560913085938
802,26.733246677471637,646.8587036132812,223.40447998046875,658.18359375,216.5040283203125,637.4824829101562,215.55650329589844,671.7811889648438,221.68309020996094,623.4076538085938,221.16905212402344,681.2354125976562,254.68275451660156,605.991943359375,281.6481018066406,692.5140991210938,204.3922882080078,597.2778930664062,314.5904846191406,681.5530395507812,131.87078857421875,619.2658081054688,292.6764221191406,670.4053955078125,424.7030944824219,621.5126342773438,432.7919616699219,670.2413940429688,546.3779907226562,622.1416625976562,546.462158203125,654.5889282226562,666.3447875976562,631.1085205078125,666.3592529296875
803,26.766579902755264,647.1436767578125,224.208251953125,658.8975830078125,217.04653930664062,637.2756958007812,216.1000518798828,672.8818969726562,222.11480712890625,621.9959716796875,221.78134155273438,680.744384765625,254.64292907714844,605.6556396484375,283.7889099121094,691.166015625,197.51136779785156,598.4420776367188,313.0899963378906,680.7567749023438,125.09017181396484,618.113525390625,287.2974548339844,670.92138671875,426.1259765625,622.15966796875,435.0660400390625,669.6804809570312,546.7088012695312,621.902587890625,547.7929077148438,653.9351806640625,666.969970703125,631.9598999023438,667.550048828125
804,26.799913128038895,647.0707397460938,224.3253631591797,658.8384399414062,217.07955932617188,637.1702270507812,216.2088623046875,672.907958984375,222.04345703125,621.9620361328125,221.9134979248047,680.9638671875,254.5532684326172,605.5269165039062,284.38336181640625,691.1619262695312,197.50897216796875,598.2521362304688,314.8260192871094,680.3755493164062,125.18297576904297,617.4175415039062,288.9358215332031,670.9962158203125,426.28753662109375,622.041748046875,435.42828369140625,669.71923828125,546.9465942382812,621.7179565429688,547.9577026367188,653.8162231445312,666.8612060546875,631.9507446289062,667.1458129882812
805,26.833246353322526,647.0181884765625,224.3841094970703,658.6764526367188,217.07025146484375,637.0281372070312,216.3617401123047,672.7488403320312,221.9341583251953,621.877197265625,222.1717987060547,680.879150390625,254.5529022216797,605.8152465820312,284.4840393066406,690.9821166992188,197.84446716308594,599.5447387695312,315.67742919921875,680.1868286132812,125.28492736816406,619.0560913085938,292.05712890625,670.6950073242188,426.19976806640625,621.9076538085938,435.3364562988281,669.59716796875,546.4302978515625,622.0810546875,547.2838134765625,654.0721435546875,667.0289916992188,632.2717895507812,667.2764282226562
806,26.866579578606157,647.3501586914062,224.43833923339844,658.9103393554688,217.019287109375,637.2731323242188,216.48361206054688,672.8458251953125,221.61904907226562,621.9688110351562,222.30438232421875,681.0909423828125,253.76303100585938,605.8814086914062,284.8249206542969,690.9133911132812,195.99176025390625,599.5994262695312,315.9845275878906,680.2379760742188,124.08781433105469,618.5582885742188,290.5660705566406,670.900634765625,426.3501281738281,622.0325927734375,435.860107421875,669.2898559570312,546.8217163085938,621.7570190429688,547.7730712890625,653.7039794921875,666.9297485351562,632.2181396484375,666.663818359375
807,26.899912803889787,647.4215087890625,224.54586791992188,658.9971923828125,217.12631225585938,637.346435546875,216.58204650878906,672.9573974609375,221.73948669433594,622.0322265625,222.30018615722656,681.268310546875,253.90757751464844,605.6521606445312,284.59234619140625,691.3184814453125,198.64137268066406,598.8294677734375,318.09912109375,680.5067138671875,126.26837158203125,617.9194946289062,294.18304443359375,671.1625366210938,425.54644775390625,622.0018310546875,435.01336669921875,669.921142578125,546.1815185546875,622.083251953125,547.4010620117188,653.5270385742188,666.2853393554688,632.101318359375,666.9720458984375
808,26.933246029173418,647.5689697265625,224.65411376953125,659.1339721679688,217.28713989257812,637.587890625,216.6805877685547,673.1077270507812,221.8096466064453,622.4164428710938,222.28240966796875,681.3439331054688,253.76268005371094,606.0252685546875,284.275634765625,691.0606079101562,197.40985107421875,598.8914794921875,316.5594482421875,679.5005493164062,125.0583724975586,617.6978759765625,292.717041015625,670.8984375,425.8117370605469,621.9163818359375,435.128662109375,669.6126098632812,546.7200927734375,622.091796875,547.6494140625,653.5206909179688,666.609375,632.1118774414062,666.7130737304688
809,26.96657925445705,647.3905029296875,224.7445068359375,658.9273681640625,217.35421752929688,637.4052734375,216.81329345703125,672.9432983398438,221.87852478027344,622.3960571289062,222.4602813720703,681.6389770507812,254.00856018066406,605.8753051757812,284.2537841796875,691.4116821289062,199.27890014648438,598.4804077148438,316.8880615234375,679.3215942382812,127.112548828125,618.0535888671875,291.875732421875,670.9894409179688,425.9337158203125,621.7544555664062,435.18536376953125,669.8739013671875,547.0562744140625,622.22216796875,548.011962890625,653.4050903320312,667.2685546875,632.169677734375,667.4712524414062
810,26.99991247974068,647.3193359375,224.68910217285156,659.0056762695312,217.466796875,637.4200439453125,216.65782165527344,673.0336303710938,222.36013793945312,622.2049560546875,222.41860961914062,681.0338134765625,254.74160766601562,605.9923706054688,284.6533508300781,691.2724609375,197.6627960205078,598.9817504882812,315.4308166503906,679.1516723632812,125.19416046142578,617.1151123046875,291.7376708984375,670.4708251953125,426.61932373046875,621.7460327148438,435.6972351074219,669.42578125,546.9319458007812,622.0078125,547.9227905273438,654.0532836914062,667.2701416015625,632.3216552734375,667.6298217773438
811,27.03324570502431,647.129150390625,224.6888885498047,658.88427734375,217.4377899169922,637.1743774414062,216.6484375,673.1361694335938,222.362548828125,622.0763549804688,222.5406494140625,681.2538452148438,254.7482452392578,606.117919921875,284.880859375,691.2084350585938,196.6268310546875,599.2423095703125,314.5879821777344,678.973388671875,124.18395233154297,616.9104614257812,289.5337219238281,670.4650268554688,426.8604431152344,621.6948852539062,435.9292907714844,669.3931884765625,547.4627685546875,621.9548950195312,548.14306640625,654.03759765625,668.3199462890625,632.3004150390625,668.0073852539062
812,27.06657893030794,646.9570922851562,224.67855834960938,658.7774658203125,217.49569702148438,637.0504150390625,216.67005920410156,673.1524047851562,222.60870361328125,622.150390625,222.6658935546875,681.418701171875,255.3271484375,606.253662109375,284.7919921875,691.328857421875,198.06802368164062,599.0078735351562,313.68267822265625,679.0604248046875,126.15876007080078,616.5131225585938,288.473876953125,670.4476318359375,427.2146911621094,621.6475219726562,436.0457763671875,669.3530883789062,547.6080322265625,621.5352783203125,548.1982421875,654.4137573242188,667.671875,631.9637451171875,667.4154663085938
813,27.09991215559157,646.796875,224.6645965576172,658.6397705078125,217.5693359375,636.9379272460938,216.6801300048828,673.0778198242188,222.73324584960938,622.1549072265625,222.70445251464844,681.3220825195312,255.25796508789062,606.58203125,284.0007019042969,691.3850708007812,195.3368377685547,599.18017578125,307.79412841796875,678.9810180664062,123.13995361328125,617.302978515625,278.5470275878906,670.0951538085938,427.6186828613281,621.5374145507812,436.170654296875,669.0687866210938,547.61376953125,621.359375,548.114501953125,654.78173828125,668.5037841796875,631.8214721679688,667.7857666015625
814,27.133245380875202,647.0359497070312,224.67393493652344,658.9136352539062,217.6552734375,637.200927734375,216.7302703857422,673.3170166015625,222.93992614746094,622.3645629882812,222.82034301757812,681.4146728515625,255.24647521972656,606.4862670898438,284.2337646484375,691.4507446289062,194.77899169921875,598.45751953125,308.35113525390625,679.11328125,122.68897247314453,616.5298461914062,279.823974609375,670.1808471679688,427.49249267578125,621.5314331054688,436.18878173828125,669.1289672851562,547.7561645507812,621.2952270507812,548.6138916015625,654.4118041992188,668.2623291015625,631.6453857421875,668.1094360351562
815,27.166578606158833,646.9285888671875,224.86769104003906,658.83544921875,217.79330444335938,637.0484619140625,216.9191131591797,673.4261474609375,223.09779357910156,622.399658203125,223.06163024902344,681.5131225585938,255.89805603027344,606.97314453125,283.9468078613281,691.53173828125,196.28298950195312,598.4396362304688,306.495361328125,679.9895629882812,124.48211669921875,616.4610595703125,277.88946533203125,670.0286254882812,427.6466979980469,621.616455078125,436.051513671875,669.1309814453125,547.6275024414062,621.2461547851562,548.5435791015625,654.94775390625,668.7837524414062,630.9791870117188,668.9906616210938
816,27.199911831442463,647.1952514648438,224.9147491455078,659.1376953125,217.84153747558594,637.318359375,216.93809509277344,673.7142944335938,223.24082946777344,622.5469360351562,223.14024353027344,681.5944213867188,255.98837280273438,606.74462890625,284.9667053222656,691.66064453125,196.4449920654297,599.1416015625,311.6294250488281,680.059814453125,123.76766967773438,618.1940307617188,287.8656311035156,670.215087890625,427.580078125,621.5693359375,436.3010559082031,669.1587524414062,547.5316162109375,621.0672607421875,548.5576171875,654.8993530273438,668.85498046875,631.0795288085938,669.361328125
817,27.233245056726094,647.291748046875,224.89979553222656,659.136962890625,217.7732696533203,637.3594360351562,216.98089599609375,673.5498046875,223.13848876953125,622.52880859375,223.29100036621094,681.6945190429688,255.93887329101562,606.54296875,285.61810302734375,691.6101684570312,196.95460510253906,598.7491455078125,313.5090637207031,680.18017578125,124.96942901611328,616.7662353515625,289.3163146972656,670.4619140625,427.74542236328125,621.6887817382812,436.7134094238281,669.36376953125,548.208251953125,621.160888671875,549.1953125,654.4738159179688,668.9514770507812,631.0423583984375,669.2744140625
818,27.266578282009725,647.1068725585938,225.04498291015625,659.0214233398438,218.03610229492188,637.1873168945312,217.1653594970703,673.6185302734375,223.52728271484375,622.53515625,223.5034942626953,681.9940795898438,256.3995666503906,607.0191650390625,284.3789978027344,691.6936645507812,195.733642578125,598.842529296875,305.34765625,679.8796997070312,124.82523345947266,617.4000854492188,276.258056640625,670.272705078125,428.53521728515625,621.5503540039062,436.8241882324219,669.1466064453125,548.9174194335938,620.68115234375,549.3054809570312,654.7490844726562,669.2503662109375,630.496826171875,668.55810546875
819,27.299911507293352,647.3486938476562,225.11842346191406,659.2657470703125,217.98260498046875,637.3504028320312,217.19520568847656,673.8543701171875,223.4478759765625,622.5614624023438,223.5828399658203,682.285888671875,256.46990966796875,606.3178100585938,285.81689453125,692.0202026367188,198.58595275878906,598.0556640625,314.07757568359375,680.5350341796875,126.85325622558594,616.6690063476562,290.0835876464844,670.7490234375,427.94122314453125,621.437744140625,436.7993469238281,670.0562744140625,548.6353759765625,620.9993896484375,549.3629760742188,654.7528686523438,668.81005859375,630.7730102539062,668.8921508789062
820,27.333244732576983,646.208251953125,224.18887329101562,657.6080932617188,217.0272979736328,636.5660400390625,216.5548095703125,672.02294921875,222.19712829589844,623.3418579101562,222.56552124023438,682.6708374023438,256.5589599609375,606.6557006835938,281.3672180175781,694.1605224609375,211.8424530029297,596.2318115234375,312.578369140625,681.9757690429688,137.22727966308594,619.9286499023438,286.7001037597656,670.2615356445312,425.3679504394531,620.7197265625,432.8931884765625,671.2944946289062,546.8547973632812,622.4005126953125,547.7474975585938,655.6365966796875,666.9403686523438,630.0146484375,669.2544555664062
821,27.366577957860613,646.2963256835938,224.3351593017578,657.6838989257812,217.18499755859375,636.64208984375,216.71133422851562,672.0941162109375,222.30133056640625,623.419677734375,222.73468017578125,683.07373046875,256.2471008300781,606.5911865234375,281.9795837402344,694.3314819335938,211.2139892578125,596.4619750976562,314.8443298339844,682.0734252929688,136.62081909179688,618.827392578125,288.50311279296875,670.737060546875,425.4497985839844,620.9789428710938,433.1148986816406,671.4487915039062,547.5619506835938,622.63916015625,547.6009521484375,655.027099609375,667.5972290039062,630.76220703125,668.377197265625
822,27.399911183144244,646.3383178710938,224.4705047607422,657.7474365234375,217.23236083984375,636.643310546875,216.8545684814453,672.277099609375,222.260498046875,623.5012817382812,222.89842224121094,683.3436889648438,256.322265625,606.4526977539062,282.5054016113281,694.5203857421875,212.01698303222656,595.9407958984375,316.6305236816406,682.1715698242188,137.278564453125,617.855712890625,290.0035705566406,670.764404296875,425.6357727050781,620.8001098632812,433.5163269042969,671.6376953125,547.4345703125,622.8650512695312,547.7770385742188,654.77685546875,667.0909423828125,631.0531616210938,668.3402099609375
823,27.433244408427875,646.482177734375,224.2557373046875,657.86279296875,217.05166625976562,636.74072265625,216.72933959960938,672.3204345703125,222.28126525878906,623.604736328125,223.05029296875,683.8876342773438,256.3358154296875,606.289306640625,283.1217041015625,694.5785522460938,212.46859741210938,595.9500122070312,318.2550354003906,681.8970336914062,137.96182250976562,618.1340942382812,289.6710510253906,671.5828247070312,425.8263244628906,621.2164306640625,433.85394287109375,672.10595703125,547.9591674804688,622.911865234375,547.82421875,654.6465454101562,667.3512573242188,631.6629028320312,667.616455078125
824,27.466577633711506,647.3267211914062,225.16482543945312,658.8753662109375,217.8153839111328,637.48974609375,217.3888702392578,673.4216918945312,222.59469604492188,623.7576904296875,223.3889617919922,683.8929443359375,255.8655548095703,606.4186401367188,284.6856994628906,693.4692993164062,205.9849395751953,597.1256713867188,318.0802917480469,681.1962280273438,135.0037384033203,618.542236328125,291.9940490722656,671.2301025390625,426.4330749511719,621.0689697265625,435.0807800292969,671.7657470703125,548.1495971679688,622.6173095703125,547.8510131835938,654.8750610351562,667.8047485351562,632.1565551757812,666.5650634765625
825,27.499910858995136,647.38916015625,225.05709838867188,658.93798828125,217.69384765625,637.5963745117188,217.27769470214844,673.3927612304688,222.46778869628906,623.9153442382812,223.2281951904297,684.1350708007812,255.71327209472656,606.125732421875,284.5015869140625,693.7525634765625,206.65127563476562,596.0402221679688,317.3512268066406,681.5996704101562,135.56689453125,617.4844970703125,286.81011962890625,671.570068359375,426.6796875,621.0974731445312,435.3956604003906,672.0803833007812,548.4224243164062,622.3411254882812,548.2681274414062,654.7459716796875,667.8880004882812,632.0675048828125,666.6566162109375
826,27.533244084278767,648.0280151367188,225.42794799804688,659.560302734375,218.05520629882812,638.21142578125,217.541259765625,673.7827758789062,222.5836639404297,624.0137329101562,223.23883056640625,684.0974731445312,255.45252990722656,606.6939086914062,284.1107482910156,693.7628784179688,202.4694061279297,597.0025024414062,311.21185302734375,680.813720703125,132.36386108398438,616.1763916015625,276.6004943847656,671.4293212890625,427.3832092285156,621.4017333984375,435.89422607421875,671.3192749023438,548.935791015625,621.9798583984375,548.3954467773438,655.0352172851562,668.6732788085938,632.2913818359375,666.2566528320312
827,27.566577309562398,648.9130859375,226.0110321044922,660.3880004882812,218.46791076660156,638.9638671875,218.0361328125,674.4713745117188,222.68923950195312,624.3427124023438,223.4964599609375,684.5745849609375,255.5350341796875,606.654541015625,284.3620300292969,694.0132446289062,204.159423828125,596.587646484375,313.8427429199219,680.936279296875,134.28836059570312,615.8388061523438,281.60247802734375,671.5635375976562,427.2453918457031,621.2300415039062,435.8392028808594,671.5029296875,548.8886108398438,622.0993041992188,548.3101196289062,655.10009765625,668.8422241210938,632.407470703125,666.32470703125
828,27.59991053484603,648.6703491210938,225.8025360107422,660.21728515625,218.30735778808594,638.7301025390625,217.82672119140625,674.5113525390625,222.6806182861328,624.3050537109375,223.44122314453125,684.47265625,255.7974853515625,607.0201416015625,284.2471008300781,693.4867553710938,203.1515350341797,596.725341796875,311.210693359375,681.0889282226562,133.34385681152344,614.9762573242188,277.1886291503906,671.5734252929688,427.5054626464844,621.5629272460938,435.92510986328125,671.2545166015625,549.0740966796875,622.169189453125,548.1690063476562,655.5955200195312,669.0611572265625,632.6763305664062,665.8949584960938
829,27.63324376012966,648.978271484375,225.908203125,660.5723266601562,218.29763793945312,639.0135498046875,217.8287353515625,675.048583984375,222.4449005126953,624.591796875,223.3728790283203,684.7903442382812,255.2796630859375,607.1370849609375,285.3388977050781,693.4837036132812,201.12481689453125,597.1581420898438,316.4021301269531,680.9031982421875,130.5288848876953,615.8378295898438,288.2926940917969,671.8125610351562,427.12542724609375,621.7664184570312,436.0090026855469,671.1201782226562,548.7613525390625,622.5591430664062,547.7537231445312,655.5364990234375,668.718017578125,633.3948974609375,665.039306640625
830,27.66657698541329,649.4117431640625,225.85609436035156,661.0314331054688,218.21192932128906,639.4269409179688,217.7181396484375,675.4267578125,222.37274169921875,624.7603149414062,223.24957275390625,684.7317504882812,255.34727478027344,607.2974243164062,285.5544738769531,693.0655517578125,201.14285278320312,597.8912963867188,317.05340576171875,679.9927368164062,130.8997039794922,616.385009765625,290.0154724121094,671.6672973632812,427.1659240722656,621.7680053710938,436.0997619628906,670.5784301757812,549.0591430664062,622.4884033203125,548.1176147460938,655.51318359375,669.0391845703125,633.8099975585938,665.3770141601562
831,27.69991021069692,649.09814453125,225.77865600585938,660.7509765625,218.28277587890625,639.1885986328125,217.73965454101562,675.2589111328125,222.68092346191406,624.9185180664062,223.45962524414062,685.0345458984375,255.88682556152344,607.7037353515625,284.8055419921875,692.6411743164062,199.92568969726562,596.8160400390625,308.5357666015625,679.192138671875,129.91195678710938,612.551025390625,270.9848327636719,671.8756713867188,428.3524169921875,622.1411743164062,436.7330322265625,670.428466796875,550.068359375,622.430419921875,548.3142700195312,655.380859375,669.6588134765625,634.220458984375,664.5980834960938
832,27.73324343598055,649.8396606445312,226.13681030273438,661.3154907226562,218.57513427734375,639.8076171875,218.2711639404297,675.669677734375,223.00546264648438,625.4034423828125,224.173828125,685.5531616210938,256.3583984375,607.50341796875,285.5959777832031,693.3131103515625,205.76669311523438,596.6975708007812,318.666259765625,679.2605590820312,136.1211395263672,616.3310546875,294.79058837890625,671.8696899414062,426.6102600097656,621.59765625,435.29754638671875,671.1262817382812,548.9894409179688,623.2662353515625,548.0599975585938,655.5975952148438,668.6453857421875,634.3508911132812,665.637939453125
833,27.766576661264182,650.214111328125,226.13706970214844,661.6813354492188,218.5887451171875,640.1666259765625,218.30322265625,675.9434814453125,223.134033203125,625.7100219726562,224.30584716796875,685.7507934570312,256.6394348144531,607.5823364257812,285.737060546875,693.2113647460938,206.5846710205078,596.4691162109375,318.4400634765625,679.3720092773438,137.26763916015625,616.5802001953125,293.0110168457031,672.0848388671875,426.4313659667969,621.7516479492188,435.16436767578125,671.5828247070312,548.9443969726562,623.5505981445312,548.1959838867188,655.8522338867188,668.1909790039062,634.6075439453125,665.4286499023438
834,27.79990988654781,650.177978515625,225.74984741210938,661.5529174804688,218.20387268066406,640.1016845703125,218.02732849121094,675.7219848632812,222.82752990722656,625.773193359375,224.11053466796875,686.2626953125,256.69403076171875,607.6719360351562,284.57763671875,693.6505737304688,209.9622344970703,596.4862670898438,315.5534973144531,679.1265869140625,141.15948486328125,616.9592895507812,283.8884582519531,672.5441284179688,426.36260986328125,621.8585815429688,434.682861328125,672.0267944335938,549.09130859375,623.6103515625,547.9723510742188,655.8049926757812,668.5523071289062,634.7438354492188,665.4292602539062
835,27.83324311183144,650.3531494140625,225.8926239013672,661.7481689453125,218.25668334960938,640.2658081054688,218.13571166992188,676.0097045898438,222.72891235351562,625.9882202148438,223.98779296875,686.4420166015625,256.743408203125,607.5629272460938,284.2290954589844,693.8911743164062,212.60694885253906,595.9853515625,317.8847351074219,679.7896118164062,143.5389404296875,618.8692016601562,289.08355712890625,673.0230712890625,425.53033447265625,622.075439453125,433.9529724121094,672.5855102539062,548.437255859375,624.09716796875,548.1675415039062,655.8380737304688,667.3899536132812,634.7437133789062,666.0007934570312
836,27.86657633711507,650.4593505859375,225.99118041992188,661.695556640625,218.17916870117188,640.3541259765625,218.32977294921875,675.8446655273438,222.4169158935547,626.3761596679688,224.06390380859375,686.8469848632812,256.6200866699219,606.9655151367188,284.18035888671875,694.1127319335938,217.05477905273438,593.8688354492188,321.8896179199219,680.9904174804688,146.85450744628906,617.8113403320312,290.8934020996094,673.7266845703125,424.80572509765625,622.142333984375,433.4914855957031,673.4650268554688,548.1503295898438,624.6836547851562,548.2002563476562,655.5108032226562,667.1245727539062,635.2672119140625,666.5352783203125
837,27.8999095623987,650.7413940429688,225.80947875976562,662.1719360351562,218.24876403808594,640.7484741210938,218.09033203125,676.3594360351562,222.85023498535156,626.5882568359375,223.93307495117188,686.7698974609375,256.6527404785156,607.556640625,284.1789855957031,693.9166259765625,213.29827880859375,595.9879150390625,319.0276794433594,679.6663818359375,143.27297973632812,619.6978149414062,288.7209777832031,673.3663940429688,425.4704895019531,622.149658203125,433.96142578125,673.1685180664062,548.6742553710938,624.474853515625,548.3085327148438,655.9580688476562,668.2273559570312,635.718505859375,666.9025268554688
838,27.93324278768233,651.0826416015625,225.98899841308594,662.3074951171875,218.23573303222656,640.9947509765625,218.29998779296875,676.34228515625,222.42518615722656,626.8931274414062,223.9215545654297,687.0949096679688,256.4630126953125,607.71728515625,283.41070556640625,694.43798828125,214.86534118652344,595.2416381835938,318.3671569824219,681.04638671875,144.40753173828125,620.1220092773438,287.98504638671875,673.3945922851562,425.4430847167969,622.0747680664062,433.8166809082031,673.2332153320312,548.643798828125,624.7808227539062,548.3504638671875,655.7698974609375,667.8203735351562,635.2504272460938,666.7030639648438
839,27.966576012965962,651.1265258789062,225.9424591064453,662.2617797851562,218.12002563476562,641.0250244140625,218.3267822265625,676.2864379882812,222.1401824951172,627.1009521484375,223.87689208984375,687.2125854492188,255.99310302734375,607.8972778320312,283.1802978515625,694.6515502929688,215.90289306640625,595.099365234375,320.34344482421875,681.50341796875,143.28065490722656,619.6220703125,289.0411376953125,673.832763671875,424.62078857421875,622.4799194335938,433.1151123046875,673.4866333007812,548.3532104492188,625.2674560546875,548.2742309570312,655.39208984375,667.11181640625,635.3343505859375,666.6481323242188
840,27.999909238249593,651.1232299804688,225.87013244628906,662.1821899414062,218.00746154785156,640.9630737304688,218.28488159179688,676.28955078125,222.07518005371094,627.2695922851562,223.88702392578125,687.4932250976562,256.8473815917969,608.5978393554688,282.1912841796875,694.6380004882812,221.06820678710938,595.3765258789062,319.07220458984375,681.510009765625,147.97836303710938,619.5974731445312,286.2743225097656,673.7024536132812,424.9532470703125,622.5029907226562,432.7586364746094,673.4767456054688,548.8418579101562,625.4096069335938,548.2913208007812,655.5411376953125,667.1254272460938,634.4666137695312,666.531005859375
841,28.033242463533224,651.1361694335938,226.0530242919922,662.2045288085938,218.093017578125,640.9951171875,218.42189025878906,676.28125,221.87208557128906,627.2264404296875,223.85179138183594,687.5865478515625,255.71298217773438,607.7857055664062,283.01727294921875,694.554931640625,217.41847229003906,594.3433837890625,321.1040954589844,681.3226928710938,143.4197540283203,618.8648071289062,285.2525939941406,674.3595581054688,424.7763977050781,622.5868530273438,433.3258361816406,673.89501953125,548.71826171875,624.9534912109375,548.5254516601562,655.1768188476562,667.1798706054688,634.5823364257812,666.32421875
842,28.066575688816854,650.7831420898438,225.88250732421875,662.02001953125,218.1315460205078,640.7496337890625,218.2085418701172,676.2694091796875,222.2807159423828,626.9637451171875,223.77651977539062,687.3516845703125,256.1812744140625,607.7973022460938,283.33587646484375,694.3218994140625,216.7278594970703,594.6708374023438,321.07452392578125,680.1113891601562,144.4116973876953,616.9522094726562,289.18328857421875,674.0045776367188,424.7540283203125,622.4386596679688,433.0587463378906,673.4935913085938,548.702880859375,624.4595947265625,548.0111083984375,655.1754150390625,667.4273071289062,634.3524169921875,666.135009765625
843,28.099908914100485,650.3265991210938,225.3385772705078,661.8087768554688,217.91207885742188,640.6307983398438,217.609619140625,676.3036499023438,222.72425842285156,627.5009765625,223.19961547851562,687.30908203125,257.3907165527344,608.2832641601562,282.0229187011719,694.2445678710938,221.82957458496094,594.7806396484375,319.5126953125,680.6488037109375,149.19003295898438,617.9522705078125,286.64031982421875,673.755126953125,425.0862731933594,622.4147338867188,432.51385498046875,673.7337036132812,548.7796020507812,624.2771606445312,547.5702514648438,655.5096435546875,666.9324340820312,633.9656982421875,665.8971557617188
844,28.133242139384116,650.5997924804688,225.21658325195312,662.068603515625,217.7899169921875,640.8076782226562,217.482666015625,676.5399169921875,222.6147003173828,627.5184326171875,223.1436309814453,687.5401000976562,257.24700927734375,608.373291015625,281.93505859375,694.086669921875,220.52783203125,594.6563720703125,318.55902099609375,680.4317016601562,147.8472137451172,617.0557861328125,285.81689453125,673.7894897460938,425.46392822265625,622.370361328125,432.7901611328125,673.7721557617188,549.4672241210938,624.245361328125,547.67626953125,655.2723999023438,667.7837524414062,633.74072265625,665.7901611328125
845,28.166575364667747,650.828125,225.23805236816406,662.2155151367188,217.6957244873047,640.955322265625,217.476318359375,676.5894165039062,222.44212341308594,627.6304321289062,223.00450134277344,687.6113891601562,257.915283203125,608.6328125,281.1192932128906,694.1114501953125,225.696044921875,594.4779052734375,318.98907470703125,680.8472900390625,151.72616577148438,617.4296875,285.2401428222656,673.8853759765625,425.5112609863281,622.5318603515625,432.412353515625,673.67822265625,549.8803100585938,624.6014404296875,548.1384887695312,655.191650390625,667.6279907226562,633.5527954101562,666.3282470703125
846,28.199908589951377,650.7844848632812,225.23214721679688,662.1490478515625,217.6340789794922,640.930419921875,217.4973907470703,676.46826171875,222.3958740234375,627.654541015625,223.0391845703125,687.4843139648438,258.1903381347656,608.4713745117188,281.1471252441406,694.0488891601562,228.52276611328125,594.2258911132812,320.3424072265625,680.896728515625,154.27806091308594,617.9572143554688,285.0791015625,673.8875122070312,425.1852111816406,622.4815063476562,432.16302490234375,673.6322021484375,549.4283447265625,624.5365600585938,548.257568359375,655.4878540039062,667.2097778320312,633.7627563476562,666.8712158203125
847,28.233241815235008,650.9169921875,225.2830352783203,662.2993774414062,217.69589233398438,641.087158203125,217.5813751220703,676.62109375,222.29928588867188,627.7743530273438,223.10040283203125,687.4470825195312,257.2267761230469,608.3611450195312,281.8240661621094,693.920654296875,223.8311004638672,594.1943969726562,320.9243469238281,680.7344360351562,150.36216735839844,617.2540893554688,287.10498046875,673.8810424804688,424.9512939453125,622.4889526367188,432.4884948730469,673.7289428710938,548.8870849609375,624.6198120117188,548.0119018554688,655.1724853515625,667.041259765625,634.1137084960938,666.6973266601562
848,28.26657504051864,651.269775390625,225.30081176757812,662.6309814453125,217.6777801513672,641.3947143554688,217.5590362548828,676.7684936523438,222.29591369628906,627.8838500976562,223.05455017089844,687.4349365234375,257.34271240234375,608.4156494140625,281.6877136230469,693.7352905273438,224.75030517578125,593.9307250976562,321.00982666015625,680.606689453125,150.94752502441406,617.331298828125,286.6675720214844,673.8612060546875,425.04278564453125,622.5333251953125,432.5384216308594,673.72216796875,548.6640625,624.6650390625,547.9061889648438,654.9414672851562,666.5189819335938,633.9266357421875,666.3637084960938
849,28.29990826580227,651.2594604492188,225.244384765625,662.57373046875,217.66134643554688,641.34521484375,217.52894592285156,676.7508544921875,222.24169921875,627.8755493164062,223.01019287109375,687.5682373046875,257.4063720703125,608.805908203125,281.0813293457031,693.7081909179688,224.0690155029297,595.0325927734375,318.0111083984375,681.1561889648438,151.4203643798828,618.2389526367188,283.3611145019531,673.5951538085938,425.2508239746094,622.455322265625,432.3192443847656,673.10546875,549.5073852539062,624.6508178710938,547.6686401367188,654.3740844726562,667.5663452148438,633.9365234375,665.802978515625
850,28.333241491085897,650.961669921875,225.03326416015625,662.3551635742188,217.49244689941406,641.0807495117188,217.3330535888672,676.6954345703125,222.15505981445312,627.7621459960938,222.9588165283203,687.4913940429688,257.1561279296875,609.03662109375,281.09521484375,693.6400756835938,221.82110595703125,595.2572631835938,316.1734619140625,680.5408935546875,149.39691162109375,618.1499633789062,281.1497497558594,673.2534790039062,425.49310302734375,622.3297729492188,432.61712646484375,672.8659057617188,549.3416137695312,624.4411010742188,547.7069091796875,654.6279296875,667.9359130859375,633.7808227539062,666.2092895507812
851,28.366574716369527,652.335693359375,224.857421875,663.4149780273438,217.38690185546875,642.4524536132812,217.2110137939453,676.8212280273438,222.2351531982422,628.4784545898438,222.9215850830078,687.4488525390625,257.7461853027344,609.0293579101562,281.2887878417969,693.9498291015625,222.8385009765625,594.8009033203125,317.02703857421875,680.1141357421875,150.81983947753906,617.4270629882812,285.8710021972656,673.2965087890625,425.9034729003906,622.513427734375,432.8924255371094,672.6402587890625,549.5447998046875,624.547607421875,547.82421875,654.6022338867188,667.9374389648438,633.7208251953125,666.3987426757812
852,28.399907941653158,651.9950561523438,224.78076171875,663.1934204101562,217.3283233642578,642.161865234375,217.14405822753906,676.7770385742188,222.25950622558594,628.3548583984375,222.867431640625,687.3870239257812,257.7306823730469,608.8500366210938,281.1712951660156,693.9075927734375,223.65573120117188,594.1837768554688,317.2601013183594,679.9716796875,151.85757446289062,617.4430541992188,285.55157470703125,673.2340087890625,425.4125671386719,622.4196166992188,432.4740295410156,672.3402099609375,548.873291015625,624.3465576171875,547.7297973632812,654.2025146484375,667.109375,633.8562622070312,666.5369262695312
853,28.43324116693679,651.8756103515625,224.7366943359375,663.0547485351562,217.19851684570312,641.9755249023438,217.1615753173828,676.6895141601562,222.23426818847656,628.2693481445312,223.0175323486328,687.404296875,258.7244873046875,608.9630737304688,281.1293029785156,693.8013916015625,229.17971801757812,593.786865234375,317.8118591308594,680.5050048828125,159.0598907470703,615.951171875,284.8373107910156,673.3230590820312,425.21954345703125,622.6138305664062,432.0808410644531,672.4396362304688,548.4278564453125,624.7760620117188,547.615234375,654.5678100585938,666.6513671875,634.3458862304688,667.1192626953125
854,28.46657439222042,651.923095703125,224.5474090576172,663.1438598632812,217.12210083007812,642.095703125,216.91114807128906,676.6192016601562,222.31922912597656,628.1851806640625,222.7609100341797,687.11572265625,258.86419677734375,608.7278442382812,281.0811767578125,693.6827392578125,228.3648681640625,593.44287109375,316.4831237792969,680.0172729492188,159.60223388671875,615.1668090820312,284.104736328125,672.9386596679688,425.6212158203125,622.3656005859375,432.4087829589844,672.2868041992188,548.943603515625,624.6544189453125,548.1273193359375,654.70556640625,666.3380737304688,634.461669921875,666.5985717773438
855,28.49990761750405,652.0936279296875,224.48670959472656,663.2619018554688,216.96202087402344,642.2301635742188,216.88307189941406,676.6619873046875,222.21925354003906,628.3831176757812,222.88816833496094,687.3682861328125,259.39080810546875,608.7891845703125,281.6888732910156,693.7608032226562,231.4893035888672,593.2046508789062,318.9454040527344,680.3273315429688,163.6380157470703,614.392578125,286.4864501953125,673.2344970703125,425.81695556640625,622.6095581054688,432.701171875,672.4169311523438,548.860595703125,624.7803955078125,548.1901245117188,654.8408203125,666.7017211914062,634.6652221679688,667.3131713867188
856,28.53324084278768,651.5347900390625,224.18382263183594,662.7715454101562,216.7601776123047,641.705322265625,216.61314392089844,676.3822631835938,222.16648864746094,628.025390625,222.74203491210938,687.1937866210938,259.1063232421875,608.6856079101562,281.5916748046875,693.821533203125,229.885009765625,593.8345336914062,318.3382873535156,679.9595947265625,161.3303680419922,615.4244995117188,285.6493225097656,673.09912109375,425.4704284667969,622.4509887695312,432.36376953125,672.5156860351562,548.4725952148438,624.716064453125,547.8297119140625,654.5506591796875,666.1760864257812,634.3875122070312,666.8969116210938
857,28.56657406807131,651.6109619140625,224.2867431640625,662.9009399414062,216.93527221679688,641.796630859375,216.69699096679688,676.4672241210938,222.2545928955078,627.8553466796875,222.8585662841797,687.0789184570312,258.1410217285156,608.393798828125,282.6507873535156,693.545166015625,223.21214294433594,594.3649291992188,317.71734619140625,680.0027465820312,156.74758911132812,613.96923828125,285.4963684082031,672.9287719726562,425.906982421875,622.2681884765625,433.3020935058594,672.2313842773438,549.24951171875,624.0040893554688,547.990966796875,654.5157470703125,667.2740478515625,634.576171875,666.0255126953125
858,28.599907293354942,651.6414184570312,224.2846221923828,662.9212646484375,216.79273986816406,641.7619018554688,216.67469787597656,676.5930786132812,222.02731323242188,628.0223388671875,222.6385955810547,687.382080078125,258.9738464355469,608.9086303710938,280.94287109375,693.5875244140625,230.55787658691406,594.3233642578125,315.9294738769531,679.7865600585938,163.70974731445312,615.6986083984375,280.7510986328125,672.8819580078125,425.7899475097656,622.173583984375,432.46832275390625,672.3851318359375,548.8888549804688,624.1561889648438,547.9536743164062,654.6040649414062,666.4486694335938,633.8322143554688,666.5993041992188
859,28.633240518638573,651.3991088867188,224.5089874267578,662.658203125,216.99835205078125,641.5606689453125,216.89694213867188,676.23388671875,221.9840545654297,627.7215576171875,222.74740600585938,686.9780883789062,257.9156494140625,608.1822509765625,282.046142578125,693.4259033203125,226.03390502929688,593.2489624023438,318.705810546875,679.84375,158.56553649902344,612.4620361328125,284.77471923828125,673.0048828125,425.4249572753906,622.2173461914062,432.8182373046875,672.4685668945312,548.7255249023438,624.165283203125,547.9440307617188,654.1924438476562,666.5335083007812,634.3572998046875,666.489013671875
860,28.666573743922203,651.3983154296875,224.29925537109375,662.5647583007812,216.7790069580078,641.481201171875,216.7278289794922,676.0515747070312,221.89126586914062,627.5432739257812,222.68223571777344,686.9345092773438,258.6671142578125,608.67041015625,280.6886901855469,693.59912109375,230.1932373046875,593.840576171875,314.5785827636719,679.4556884765625,163.97865295410156,614.021484375,278.1932067871094,672.6905517578125,425.3948059082031,622.1503295898438,432.1163330078125,672.1497802734375,548.004638671875,624.172607421875,547.305419921875,654.872314453125,666.4785766601562,633.9935913085938,666.721435546875
861,28.699906969205834,651.3951416015625,224.5601348876953,662.6428833007812,217.18177795410156,641.5919799804688,217.0026092529297,676.1961059570312,222.2344512939453,627.65380859375,222.97938537597656,686.7083129882812,257.5167236328125,608.3460693359375,282.0762023925781,693.5547485351562,220.94595336914062,593.8761596679688,315.2958679199219,680.0653686523438,153.994384765625,613.5387573242188,282.27655029296875,672.4950561523438,425.4223937988281,621.990478515625,432.8824768066406,671.8504638671875,548.1949462890625,623.6905517578125,547.3779907226562,654.5863037109375,666.5222778320312,634.139892578125,665.737060546875
862,28.733240194489465,651.0107421875,224.57801818847656,662.4137573242188,217.3490447998047,641.2678833007812,216.94876098632812,676.0945434570312,222.558349609375,627.216796875,222.94334411621094,686.2398681640625,257.2837829589844,608.0369873046875,282.0654296875,693.1828002929688,215.40638732910156,594.4471435546875,311.00933837890625,679.531494140625,148.20677185058594,614.4486694335938,276.55615234375,671.9246826171875,426.19207763671875,621.4866333007812,433.6257019042969,671.6923828125,548.7066650390625,623.1471557617188,547.5407104492188,655.086669921875,667.9075317382812,634.1848754882812,666.1449584960938
863,28.766573419773096,650.794921875,224.5738525390625,662.1779174804688,217.30258178710938,641.0236206054688,216.93142700195312,675.91796875,222.3841552734375,627.0078735351562,222.88661193847656,686.1437377929688,256.86419677734375,607.7822265625,282.5179443359375,693.0885009765625,214.10032653808594,594.3341064453125,313.4436950683594,679.5686645507812,145.65953063964844,614.4345092773438,280.7007141113281,672.1509399414062,426.23297119140625,621.6293334960938,433.9404602050781,671.8010864257812,549.0931396484375,623.4579467773438,547.9295654296875,654.6364135742188,667.46826171875,634.3488159179688,665.6072387695312
864,28.799906645056726,650.6336059570312,224.49908447265625,662.1051025390625,217.216064453125,640.8196411132812,216.83837890625,675.95703125,222.35516357421875,626.7807006835938,222.84432983398438,686.1132202148438,256.9151916503906,607.5977172851562,282.4122619628906,692.8648681640625,214.19735717773438,594.8428955078125,311.5025939941406,680.1674194335938,146.8557586669922,615.4545288085938,274.479736328125,671.9053955078125,426.53009033203125,621.2472534179688,434.2283630371094,671.9180297851562,549.2864990234375,623.2160034179688,547.980224609375,654.7828979492188,667.92626953125,634.5475463867188,665.5307006835938
865,28.833239870340353,650.0868530273438,224.46253967285156,661.6305541992188,217.3534393310547,640.3225708007812,216.8445587158203,675.5908813476562,222.6742706298828,626.3836059570312,222.8552703857422,685.7401733398438,257.2766418457031,607.8795776367188,280.92852783203125,692.8433837890625,211.45315551757812,594.90234375,301.03643798828125,679.7295532226562,143.72113037109375,614.3375854492188,256.8800964355469,671.3817749023438,427.64593505859375,621.0953369140625,434.67315673828125,671.4319458007812,550.1000366210938,622.9370727539062,548.60205078125,655.0560913085938,668.5494384765625,634.4219970703125,665.9412231445312
866,28.866573095623984,650.1693725585938,224.406982421875,661.7092895507812,217.2980499267578,640.41259765625,216.7742156982422,675.6212158203125,222.65966796875,626.4199829101562,222.70640563964844,685.6976318359375,257.4847106933594,607.795654296875,280.5827941894531,693.0115356445312,214.4436492919922,595.1839599609375,303.4524841308594,680.0256958007812,145.90623474121094,615.3843994140625,261.2806701660156,671.2577514648438,427.4328308105469,620.8367309570312,434.265625,671.3641967773438,549.976806640625,622.7034301757812,548.3364868164062,655.1912841796875,668.4074096679688,634.2259521484375,666.0347290039062
867,28.899906320907615,649.8136596679688,224.32449340820312,661.2506103515625,217.51783752441406,640.096435546875,216.80459594726562,675.2431640625,222.98890686035156,626.3017578125,222.426025390625,685.3982543945312,258.28875732421875,609.3031005859375,275.47857666015625,693.2073364257812,210.13490295410156,595.2542114257812,278.108642578125,679.0189208984375,141.41648864746094,614.1788940429688,228.86178588867188,670.6405639648438,428.60516357421875,621.2116088867188,433.31768798828125,670.3634033203125,550.0147094726562,622.928466796875,547.4052734375,655.6631469726562,668.5380249023438,633.283203125,665.7246704101562
868,28.933239546191245,649.516357421875,224.25875854492188,660.9588012695312,217.2616424560547,639.7534790039062,216.70053100585938,674.9921875,222.5922393798828,625.954345703125,222.41786193847656,685.1890258789062,257.79022216796875,608.6448974609375,277.4191589355469,693.5587158203125,214.4980010986328,595.7548217773438,292.9386291503906,679.8470458984375,145.18405151367188,616.9136962890625,251.485595703125,670.5208740234375,426.97845458984375,620.8180541992188,432.57830810546875,670.5962524414062,549.226806640625,623.1578979492188,547.5375366210938,655.1122436523438,667.9136352539062,633.2021484375,666.55322265625
869,28.966572771474876,649.8712768554688,224.56790161132812,661.2356567382812,217.50547790527344,640.0335083007812,216.950927734375,675.1272583007812,222.68502807617188,625.9992065429688,222.6446990966797,685.1066284179688,257.6656188964844,608.5399169921875,278.6424560546875,693.2495727539062,214.3856658935547,596.6289672851562,299.2153625488281,680.5787353515625,145.6837158203125,618.04443359375,263.88323974609375,670.2531127929688,427.0339660644531,620.5615234375,432.9361877441406,670.5758666992188,549.281982421875,623.2145385742188,546.9252319335938,654.5406494140625,667.9288940429688,632.8541259765625,665.359130859375
870,28.999905996758507,649.50732421875,224.6802520751953,660.7484130859375,217.35696411132812,639.7365112304688,217.03343200683594,674.4717407226562,222.0971221923828,625.7996215820312,222.68557739257812,684.59521484375,256.22174072265625,607.0205078125,282.1591491699219,693.000732421875,215.1092987060547,595.6184692382812,317.27935791015625,681.606201171875,144.9037628173828,616.5372924804688,288.02642822265625,670.9722900390625,425.3490295410156,620.7855834960938,433.1596984863281,671.2803344726562,548.5942993164062,623.749267578125,547.471435546875,653.6325073242188,666.8341674804688,633.7449340820312,665.4140625
871,29.033239222042138,649.0997314453125,224.60020446777344,660.4995727539062,217.45443725585938,639.4241943359375,216.92628479003906,674.3603515625,222.44053649902344,625.5740966796875,222.56907653808594,684.327880859375,256.6256103515625,607.3131713867188,280.69091796875,692.7484741210938,213.9322967529297,595.4747924804688,308.60870361328125,680.6325073242188,145.10667419433594,616.3226318359375,274.130126953125,670.1692504882812,425.975830078125,620.3086547851562,433.1143798828125,670.8778686523438,548.8803100585938,623.1473388671875,547.633056640625,654.0692138671875,667.8128051757812,633.2008666992188,666.182861328125
872,29.06657244732577,648.8843994140625,224.4843292236328,660.3440551757812,217.32577514648438,639.1843872070312,216.77914428710938,674.3226928710938,222.33294677734375,625.4358520507812,222.38430786132812,684.7081909179688,256.73779296875,607.1514282226562,279.8239440917969,693.0564575195312,213.90267944335938,594.7027587890625,303.9486999511719,680.7213134765625,144.28933715820312,615.104736328125,263.1022033691406,670.2303466796875,426.9690246582031,620.0597534179688,433.6915588378906,670.6543579101562,549.2769775390625,622.6917114257812,547.3156127929688,653.9046630859375,668.3486328125,633.4550170898438,665.4927978515625
873,29.0999056726094,648.7601928710938,224.56521606445312,660.321044921875,217.59121704101562,639.1241455078125,216.8498992919922,674.404296875,222.63339233398438,625.2490844726562,222.335693359375,684.1088256835938,256.25775146484375,607.5183715820312,279.2865905761719,692.7696533203125,208.37261962890625,596.4439697265625,300.1091613769531,680.6286010742188,138.99319458007812,618.369140625,263.0815124511719,669.6865234375,426.846435546875,620.0499267578125,433.4915466308594,669.98193359375,548.6680908203125,622.6206665039062,546.8598022460938,653.7180786132812,668.1407470703125,633.2998046875,665.4861450195312
874,29.13323889789303,648.6024169921875,224.393310546875,660.2115478515625,217.5057830810547,639.1119384765625,216.62228393554688,674.1873168945312,222.673583984375,625.2479858398438,222.11895751953125,683.6826782226562,255.74169921875,606.6226196289062,280.586181640625,692.2210083007812,206.9522705078125,596.0114135742188,306.6824951171875,680.6370239257812,137.09170532226562,618.92236328125,273.27752685546875,669.7595825195312,426.52935791015625,619.8272094726562,433.81231689453125,670.2553100585938,548.259033203125,622.2238159179688,546.5303344726562,653.20458984375,667.8873291015625,633.1791381835938,665.0845947265625
875,29.16657212317666,648.7201538085938,224.63380432128906,660.4421997070312,217.69595336914062,639.208740234375,216.72186279296875,674.4734497070312,222.63404846191406,625.0265502929688,221.98329162597656,683.3486328125,255.1262969970703,606.5367431640625,281.05133056640625,691.63427734375,203.69830322265625,596.1998291015625,307.85333251953125,680.2295532226562,134.2725830078125,617.303466796875,277.4808349609375,669.54345703125,426.67864990234375,619.7965698242188,434.2330322265625,669.6322631835938,548.4261474609375,621.7469482421875,546.5907592773438,653.0076293945312,667.9837646484375,633.1467895507812,664.7168579101562
876,29.19990534846029,648.582275390625,224.7058563232422,660.1395263671875,217.67465209960938,639.0130004882812,216.91473388671875,674.1514282226562,222.41531372070312,624.9862670898438,222.17501831054688,683.3199462890625,255.04013061523438,606.677001953125,280.7818298339844,691.9136962890625,206.4535675048828,595.9246215820312,310.49981689453125,680.5556030273438,136.26611328125,616.7931518554688,283.5912170410156,669.4031372070312,425.9488830566406,619.7374877929688,433.4610595703125,669.1907958984375,547.8994750976562,621.9699096679688,546.2815551757812,652.6890869140625,667.5767822265625,632.9260864257812,665.0736083984375
877,29.23323857374392,648.063232421875,224.57713317871094,659.6897583007812,217.5863037109375,638.6634521484375,216.74893188476562,673.7906494140625,222.40505981445312,624.9622192382812,222.00094604492188,683.158935546875,255.0057373046875,606.35205078125,280.9967346191406,691.7693481445312,206.74099731445312,595.0413208007812,310.9142150878906,679.6600952148438,135.71075439453125,615.7511596679688,280.2589416503906,669.3733520507812,426.0346984863281,619.6065063476562,433.66162109375,669.1456909179688,547.6734619140625,621.341064453125,546.3470458984375,652.6260986328125,667.6405029296875,632.4774169921875,665.3474731445312
878,29.266571799027552,648.3030395507812,224.88134765625,660.085205078125,217.9307098388672,638.883544921875,216.92379760742188,674.1644287109375,222.7500457763672,624.6759033203125,222.0328826904297,682.8975219726562,254.8504180908203,606.2211303710938,281.21978759765625,692.02001953125,202.87811279296875,594.9280395507812,308.5518493652344,679.1827392578125,131.79063415527344,614.6842651367188,277.9006042480469,669.2669677734375,426.62469482421875,619.5697631835938,434.4022521972656,669.08251953125,547.4756469726562,620.777099609375,546.8175659179688,652.7938842773438,667.469970703125,631.9337768554688,665.9918212890625
879,29.299905024311183,647.7138671875,225.2570343017578,659.421875,218.21841430664062,638.2277221679688,217.20167541503906,673.310302734375,223.027099609375,623.7269897460938,222.17027282714844,681.927734375,255.9344482421875,605.510498046875,281.4048767089844,691.83935546875,206.8280792236328,594.9845581054688,310.9484558105469,679.75341796875,135.35414123535156,615.06982421875,284.08795166015625,668.88916015625,427.1058044433594,619.306884765625,434.6581115722656,669.2088623046875,547.96337890625,620.8186645507812,547.4053344726562,653.6557006835938,667.44482421875,631.71923828125,666.803466796875
880,29.333238249594814,648.0202026367188,225.32949829101562,659.5910034179688,218.11740112304688,638.4755249023438,217.3341827392578,673.1361083984375,222.74407958984375,623.7734375,222.28640747070312,682.046630859375,255.609375,604.9160766601562,281.84088134765625,692.1783447265625,208.9324951171875,593.937255859375,312.9831848144531,680.0659790039062,137.84182739257812,614.5338134765625,281.59271240234375,669.4564208984375,426.91485595703125,619.4259643554688,435.0188903808594,669.96923828125,547.5948486328125,620.9307861328125,548.1367797851562,653.8040771484375,667.3644409179688,632.0029907226562,668.071533203125
881,29.36657147487844,647.3699951171875,225.23468017578125,659.0,218.15399169921875,637.89404296875,217.21456909179688,672.8049926757812,222.95535278320312,623.4956665039062,222.3348388671875,681.6109008789062,255.96035766601562,605.2617797851562,282.1306457519531,691.37744140625,206.35623168945312,595.161376953125,311.3180847167969,680.080322265625,135.93931579589844,615.3824462890625,282.1211853027344,668.9083251953125,427.638916015625,619.3973999023438,435.47613525390625,669.2936401367188,548.5980834960938,620.6678466796875,548.0361328125,654.2426147460938,668.32763671875,631.8068237304688,667.0147705078125
882,29.39990470016207,647.821044921875,225.4456787109375,659.2537841796875,218.19309997558594,638.22607421875,217.5037384033203,672.7479858398438,222.76658630371094,623.6029663085938,222.59071350097656,681.9557495117188,255.94688415527344,605.0469360351562,282.09979248046875,692.0286254882812,209.00694274902344,594.4193725585938,311.75201416015625,680.3552856445312,139.2377166748047,615.1632080078125,279.6652526855469,669.2500610351562,427.3409423828125,619.3934326171875,435.3620300292969,669.6863403320312,547.9872436523438,620.8585205078125,548.1817626953125,653.8363647460938,667.4645385742188,631.5653686523438,667.24365234375
883,29.433237925445702,647.9388427734375,225.5307159423828,659.3983154296875,218.3229217529297,638.313232421875,217.5182647705078,672.8199462890625,222.97889709472656,623.3534545898438,222.651611328125,681.6656494140625,255.95541381835938,604.91650390625,282.8711853027344,691.8690795898438,207.08563232421875,595.150390625,313.5771789550781,680.3515014648438,136.52615356445312,614.6801147460938,283.6036071777344,669.2030029296875,427.49462890625,619.4808959960938,435.63519287109375,669.4147338867188,548.4222412109375,620.7196044921875,548.1890869140625,653.7880249023438,668.0219116210938,631.71484375,667.0195922851562
884,29.466571150729333,647.7638549804688,225.57470703125,659.317626953125,218.46322631835938,638.1812133789062,217.45626831054688,672.918701171875,223.12269592285156,623.1576538085938,222.46400451660156,681.1093139648438,255.8472900390625,605.5767211914062,282.28125,691.5748291015625,203.0646209716797,596.5361328125,309.77996826171875,679.8649291992188,131.1270751953125,615.7628784179688,281.8101806640625,668.7586059570312,427.5375061035156,619.7573852539062,435.37310791015625,668.6373291015625,548.1595458984375,620.855712890625,547.780517578125,654.0260620117188,667.8528442382812,631.6342163085938,666.6531372070312
885,29.499904376012964,647.8739013671875,225.55848693847656,659.3748779296875,218.35623168945312,638.263427734375,217.3866729736328,672.89892578125,222.80059814453125,623.1162109375,222.26307678222656,681.0081787109375,255.32131958007812,605.575927734375,282.6320495605469,691.36474609375,202.54591369628906,597.5320434570312,313.2616882324219,679.5487670898438,130.4780731201172,616.7933349609375,289.32666015625,668.8218383789062,427.55413818359375,619.8258056640625,435.5994567871094,668.45654296875,548.3815307617188,620.7523803710938,547.7628784179688,653.9578857421875,668.4871215820312,631.5680541992188,666.8937377929688
886,29.533237601296594,648.0777587890625,225.961669921875,659.5450439453125,218.668701171875,638.4086303710938,217.7242889404297,673.0265502929688,222.75015258789062,622.9791259765625,222.29730224609375,680.831787109375,254.80902099609375,605.8362426757812,282.2095031738281,691.4944458007812,200.752685546875,597.8329467773438,312.48126220703125,679.5076293945312,128.4130401611328,616.8245849609375,291.3070983886719,668.7291870117188,427.2364501953125,619.9981689453125,435.28338623046875,668.024658203125,548.0661010742188,620.81396484375,547.6599731445312,654.0901489257812,668.71044921875,631.5053100585938,667.4113159179688
887,29.566570826580225,647.2566528320312,226.1336669921875,659.2378540039062,218.86485290527344,637.3314208984375,217.9400177001953,673.5303344726562,223.46734619140625,622.0284423828125,223.03501892089844,681.5838623046875,255.79971313476562,605.5581665039062,282.3189697265625,690.860595703125,198.64027404785156,596.926025390625,300.6083068847656,679.0564575195312,128.2390899658203,613.275146484375,260.38958740234375,669.4442749023438,428.9992980957031,620.0885009765625,436.82843017578125,668.3433837890625,549.3693237304688,620.07958984375,548.6613159179688,653.7720336914062,669.3004760742188,632.537109375,666.906005859375
888,29.599904051863856,647.0655517578125,226.3056182861328,659.0767822265625,218.98785400390625,637.2265014648438,218.0261688232422,673.3844604492188,223.46197509765625,621.9993896484375,223.01121520996094,681.3522338867188,255.42820739746094,605.1871337890625,283.5501708984375,690.8603515625,198.30484008789062,597.1594848632812,307.2607116699219,679.0181274414062,126.94149780273438,614.581298828125,271.13153076171875,669.5840454101562,428.446044921875,620.185302734375,436.836669921875,668.5664672851562,548.6631469726562,620.2854614257812,548.3192749023438,653.6143798828125,668.5126953125,632.854248046875,666.503662109375
889,29.633237277147487,647.4819946289062,226.4652557373047,659.3236083984375,219.02789306640625,637.545654296875,218.33164978027344,673.5115966796875,223.1586456298828,622.3413696289062,223.24891662597656,681.8903198242188,254.76824951171875,605.3309936523438,283.2081298828125,691.1096801757812,199.18417358398438,596.961181640625,308.5487976074219,679.0874633789062,129.0706329345703,615.7224731445312,274.56756591796875,669.6607666015625,428.17877197265625,619.96337890625,436.7297668457031,668.77587890625,548.3211059570312,620.4136962890625,548.1704711914062,653.3112182617188,668.7030029296875,632.6336059570312,666.94091796875
890,29.666570502431117,647.4954223632812,226.55084228515625,659.3302612304688,219.00682067871094,637.4951171875,218.3931427001953,673.662109375,222.8871612548828,622.318359375,223.23788452148438,682.1126708984375,254.1747589111328,605.5833129882812,283.41046142578125,691.2747192382812,197.9244842529297,597.7490844726562,310.4808654785156,678.7344970703125,127.13915252685547,616.5846557617188,278.9172668457031,669.80615234375,427.80120849609375,620.0878295898438,436.5301818847656,668.772705078125,548.2526245117188,620.5950317382812,548.03076171875,653.318115234375,668.727294921875,632.6709594726562,666.747802734375
891,29.699903727714748,647.4650268554688,226.4664764404297,659.260986328125,219.09530639648438,637.4636840820312,218.38385009765625,673.5220947265625,223.25852966308594,622.2471923828125,223.30262756347656,682.0098876953125,255.0181121826172,605.9934692382812,281.54779052734375,691.3336181640625,197.65724182128906,597.1695556640625,299.9726257324219,678.5045776367188,126.83228302001953,615.7050170898438,262.39813232421875,669.6116333007812,428.5434265136719,620.16552734375,436.37261962890625,668.6839599609375,548.5245361328125,620.6812744140625,548.0389404296875,653.8911743164062,668.7823486328125,632.4608154296875,666.6727294921875
892,29.73323695299838,647.4601440429688,226.21560668945312,659.2061157226562,218.7321014404297,637.4491577148438,218.07533264160156,673.3875122070312,222.7143096923828,622.1534423828125,222.9230194091797,681.8489990234375,254.32382202148438,605.6119384765625,282.3142395019531,691.474853515625,197.9138946533203,597.6477661132812,306.6408996582031,679.0961303710938,126.57099151611328,617.3513793945312,274.18902587890625,669.7581787109375,427.8521728515625,620.1798095703125,436.202880859375,668.9228515625,548.0115356445312,620.8937377929688,547.7996215820312,653.8798828125,668.752685546875,632.6217041015625,666.9841918945312
893,29.76657017828201,647.8233032226562,226.41433715820312,659.5894165039062,218.86065673828125,637.7061157226562,218.2788848876953,673.923095703125,222.71478271484375,622.3950805664062,223.14144897460938,682.4619140625,254.22097778320312,606.0094604492188,282.1370849609375,691.6068725585938,197.35693359375,597.5303955078125,305.2471923828125,678.8603515625,126.31505584716797,616.8173217773438,272.1412658691406,669.7993774414062,427.9068298339844,620.0909423828125,436.15606689453125,668.9752807617188,548.1959838867188,620.9356689453125,547.688232421875,653.8496704101562,669.0299682617188,632.4935913085938,666.6448974609375
894,29.79990340356564,648.0643310546875,226.4527587890625,659.7719116210938,218.84889221191406,637.93798828125,218.3528289794922,673.961669921875,222.72084045410156,622.6094970703125,223.22970581054688,682.7896728515625,254.49203491210938,605.6680297851562,282.7510986328125,691.7049560546875,201.96826171875,597.2371826171875,311.3427734375,679.01416015625,131.9922332763672,616.7452392578125,281.5081787109375,670.1417846679688,427.38494873046875,620.0550537109375,435.7890625,669.3781127929688,548.1712036132812,621.0908203125,547.530029296875,653.57470703125,668.82568359375,632.8535766601562,666.5938720703125
895,29.83323662884927,647.8329467773438,226.34072875976562,659.7655029296875,218.8424835205078,637.74462890625,218.15904235839844,674.201416015625,223.01922607421875,622.4454956054688,223.1307373046875,682.7612915039062,254.87916564941406,605.5929565429688,282.794677734375,691.4479370117188,200.59164428710938,596.9188232421875,308.84490966796875,678.9086303710938,130.52317810058594,615.66748046875,276.5776672363281,670.243408203125,427.8177490234375,620.1636962890625,436.0744934082031,669.2373046875,548.5145874023438,620.7177124023438,547.7101440429688,653.550048828125,669.2086791992188,632.9140625,666.727294921875
896,29.8665698541329,647.7483520507812,226.25682067871094,659.6757202148438,218.82867431640625,637.6870727539062,218.14309692382812,674.1820068359375,223.0951690673828,622.6639404296875,223.12423706054688,682.9599609375,255.3284149169922,606.0820922851562,281.55755615234375,691.3316650390625,201.2753143310547,596.8135375976562,302.1386413574219,679.0454711914062,131.8119659423828,615.3502807617188,264.0231628417969,670.14013671875,428.3787536621094,620.2191772460938,436.07177734375,669.2057495117188,548.8861083984375,620.838134765625,547.6904296875,653.5469360351562,668.9243774414062,632.9236450195312,665.9818725585938
897,29.89990307941653,647.548583984375,225.89154052734375,659.4973754882812,218.73976135253906,637.6923217773438,217.7859344482422,673.9984741210938,223.2721405029297,622.9567260742188,222.6158905029297,682.8045654296875,255.772216796875,606.6842041015625,278.6717834472656,691.3709716796875,197.717529296875,595.75146484375,285.4798278808594,678.3285522460938,127.9175796508789,613.2599487304688,237.75018310546875,669.8922729492188,429.2920227050781,620.43359375,435.89849853515625,668.9984130859375,549.25048828125,620.8816528320312,547.748779296875,653.98388671875,669.4244995117188,632.689697265625,666.1820678710938
898,29.93323630470016,647.9476318359375,225.96803283691406,659.841796875,218.75148010253906,637.9328002929688,217.92233276367188,674.3499755859375,223.25054931640625,623.065673828125,222.85670471191406,683.3612060546875,255.8578338623047,606.8240966796875,278.4932556152344,691.4848022460938,198.99063110351562,596.0097045898438,285.6417236328125,678.4590454101562,129.58509826660156,614.0810546875,238.3128662109375,669.9909057617188,429.5917053222656,620.1813354492188,436.0423583984375,669.2173461914062,549.7312622070312,620.6771240234375,547.729736328125,654.0946655273438,670.1519775390625,632.29833984375,666.1615600585938
899,29.96656952998379,647.9217529296875,226.06370544433594,659.8737182617188,218.8537139892578,637.951416015625,218.0086669921875,674.4242553710938,223.44068908691406,623.1976928710938,223.02064514160156,683.3394775390625,255.99595642089844,606.58837890625,279.6497497558594,691.402587890625,200.73248291015625,595.9656372070312,292.2120666503906,679.0516967773438,131.58865356445312,615.432861328125,248.72532653808594,670.0332641601562,429.2297668457031,620.1393432617188,436.07415771484375,669.4375610351562,549.5572509765625,620.8348999023438,547.8790893554688,653.6126708984375,669.842529296875,632.3059692382812,666.3834838867188
900,29.99990275526742,647.9801635742188,226.0648651123047,659.9169311523438,218.84207153320312,637.9541625976562,218.03123474121094,674.4874877929688,223.611572265625,623.2031860351562,223.1953582763672,683.5698852539062,256.82861328125,606.5357666015625,279.9651794433594,691.868408203125,205.57369995117188,596.336669921875,296.617919921875,679.54541015625,136.65869140625,617.2728881835938,257.0513000488281,669.9254150390625,429.0628662109375,619.82421875,435.72760009765625,669.6767578125,549.5530395507812,620.9382934570312,547.7871704101562,653.6969604492188,669.4984130859375,632.0437622070312,666.4100341796875
901,30.03323598055105,647.9723510742188,225.7964630126953,659.8001098632812,218.60720825195312,637.88818359375,217.8907012939453,674.334716796875,223.46852111816406,623.2867431640625,223.13507080078125,683.7249145507812,257.21240234375,607.0248413085938,278.5653381347656,691.8642578125,208.2899169921875,596.7555541992188,292.3258972167969,679.8699340820312,140.3970489501953,618.5609741210938,250.71151733398438,670.0139770507812,428.9136657714844,620.0439453125,435.0285339355469,669.9325561523438,549.608642578125,621.5061645507812,547.6127319335938,653.883544921875,669.560546875,632.0514526367188,666.5541381835938
902,30.066569205834682,648.1287841796875,225.67002868652344,659.8712768554688,218.47451782226562,637.987548828125,217.87342834472656,674.3613891601562,223.361083984375,623.4631958007812,223.2143096923828,684.0687866210938,257.42828369140625,607.3456420898438,277.61480712890625,692.0160522460938,208.8533477783203,595.9041137695312,286.3080749511719,680.1922607421875,141.63421630859375,615.9835205078125,238.80918884277344,670.2265625,429.0837707519531,620.2362060546875,434.87078857421875,670.189453125,549.5027465820312,621.503173828125,547.4265747070312,654.2631225585938,669.3201904296875,631.8818969726562,666.22509765625
903,30.099902431118313,647.8812866210938,225.5711212158203,659.6392822265625,218.38034057617188,637.802978515625,217.76756286621094,674.1085815429688,223.27447509765625,623.350341796875,223.19554138183594,683.8670654296875,256.96502685546875,607.0194091796875,278.6065979003906,691.7318725585938,207.66738891601562,595.7245483398438,290.08074951171875,679.8975830078125,140.3406219482422,615.5680541992188,243.2692413330078,670.3649291992188,428.55584716796875,620.3698120117188,434.8257751464844,670.2477416992188,549.3615112304688,621.4501342773438,547.47216796875,654.1189575195312,669.0088500976562,632.0805053710938,665.7885131835938
904,30.133235656401943,648.6089477539062,224.9331512451172,659.816162109375,217.8857879638672,638.6026611328125,217.42433166503906,673.7010498046875,223.0475616455078,624.4555053710938,223.001220703125,684.2322387695312,258.425048828125,608.3247680664062,275.131591796875,693.3690185546875,214.53529357910156,595.7599487304688,281.202880859375,679.8328857421875,144.820556640625,617.8367309570312,233.82798767089844,669.6221923828125,427.82757568359375,620.0849609375,432.4600830078125,670.11279296875,548.347900390625,622.4820556640625,546.2818603515625,654.9150390625,667.9484252929688,631.0292358398438,666.0274658203125
905,30.166568881685574,648.7926635742188,225.2891845703125,660.04296875,218.12525939941406,638.7080078125,217.72891235351562,674.0155639648438,223.0692596435547,624.4388427734375,223.28480529785156,684.29638671875,257.9735107421875,608.297607421875,276.2369689941406,693.2933959960938,211.63873291015625,596.1630249023438,284.6466369628906,679.532470703125,140.39511108398438,618.6608276367188,240.05406188964844,669.6304931640625,428.17877197265625,620.0336303710938,433.2958679199219,670.2455444335938,548.3854370117188,622.6602783203125,546.507080078125,655.212890625,668.3546752929688,631.48681640625,666.411376953125
906,30.199902106969205,648.8624877929688,225.3485107421875,660.1405639648438,218.15231323242188,638.8345947265625,217.73043823242188,674.1041259765625,222.98147583007812,624.5480346679688,223.19760131835938,684.2835693359375,257.6815185546875,608.1943969726562,276.97589111328125,693.1946411132812,211.4402618408203,596.1342163085938,288.60064697265625,679.1656494140625,140.40267944335938,618.0322265625,246.55941772460938,669.6426391601562,428.0486145019531,620.0478515625,433.4512939453125,669.8429565429688,548.9835815429688,622.4110717773438,547.142822265625,654.810302734375,668.63330078125,631.4949340820312,666.5946655273438
907,30.233235332252836,648.9156494140625,225.29432678222656,660.2260131835938,218.2589569091797,638.9232177734375,217.70529174804688,674.1953735351562,223.2251434326172,624.5503540039062,223.2095184326172,684.0513916015625,257.63787841796875,608.5768432617188,276.4637451171875,692.9450073242188,206.97415161132812,596.8462524414062,282.38995361328125,678.9374389648438,136.54461669921875,617.96826171875,239.60382080078125,669.4752807617188,428.6991271972656,620.2360229492188,433.88134765625,669.7864379882812,549.1474609375,622.3255615234375,547.03369140625,655.4198608398438,668.9260864257812,631.4414672851562,666.32080078125
908,30.266568557536466,648.7874755859375,225.54714965820312,660.1984252929688,218.43409729003906,638.842041015625,217.78616333007812,674.3073120117188,223.2090301513672,624.4605102539062,223.25338745117188,683.8603515625,256.90142822265625,608.1979370117188,278.8230285644531,692.494140625,204.88377380371094,597.871826171875,292.82958984375,679.0513305664062,134.10362243652344,619.5146484375,255.7921142578125,669.49072265625,428.2628173828125,620.2109985351562,434.35699462890625,670.025634765625,549.4078979492188,622.5455932617188,547.1517944335938,655.1531372070312,669.5108032226562,631.8322143554688,665.9223022460938
909,30.299901782820097,648.7054443359375,225.39964294433594,660.1092529296875,218.48843383789062,638.8113403320312,217.6941680908203,674.1209716796875,223.56900024414062,624.3824462890625,223.10943603515625,683.6817016601562,257.8016357421875,608.349609375,276.6592102050781,692.2605590820312,204.3121795654297,596.4776000976562,279.8235778808594,678.3831787109375,134.09307861328125,615.6452026367188,234.9807586669922,669.5355224609375,429.0777893066406,620.4644775390625,434.1884765625,669.8536376953125,549.5249633789062,622.3870849609375,546.810791015625,655.5223999023438,669.4291381835938,631.8765258789062,665.6400756835938
910,30.333235008103728,649.0038452148438,225.70816040039062,660.4898071289062,218.66580200195312,639.0625610351562,217.8348846435547,674.376953125,223.6620635986328,624.1495971679688,223.28433227539062,683.6426391601562,257.37548828125,607.1887817382812,279.6165771484375,692.2039794921875,204.7970428466797,596.7816162109375,293.6811828613281,678.8827514648438,134.4906005859375,616.9161376953125,254.6636962890625,669.8211669921875,428.684814453125,620.1340942382812,434.9043884277344,670.2644653320312,550.0397338867188,622.1728515625,547.4336547851562,655.2987060546875,670.0514526367188,632.6115112304688,665.7384033203125
911,30.36656823338736,648.9996948242188,225.5716094970703,660.4281616210938,218.4489288330078,639.0302124023438,217.7191162109375,674.310546875,223.31198120117188,624.18701171875,223.2115020751953,683.8367309570312,256.8359375,607.33544921875,280.0629577636719,692.5205078125,205.0311279296875,597.891845703125,297.4596862792969,679.0204467773438,134.140869140625,619.048828125,260.09686279296875,670.1344604492188,428.3407287597656,620.3609008789062,434.857421875,670.4920043945312,549.6659545898438,622.3095092773438,547.160400390625,655.2848510742188,670.26171875,632.607421875,665.97265625
912,30.399901458670985,649.14990234375,225.7568817138672,660.5714721679688,218.52711486816406,639.1483764648438,217.862060546875,674.4385375976562,223.22862243652344,624.142333984375,223.38470458984375,683.6181030273438,256.14654541015625,606.9432373046875,282.10260009765625,692.5247802734375,204.5250701904297,599.1795043945312,308.77874755859375,679.4874877929688,133.27426147460938,622.6002807617188,281.4646911621094,670.1881103515625,426.93133544921875,620.2998046875,434.43310546875,670.6078491210938,548.5519409179688,622.574951171875,546.8129272460938,654.7603149414062,669.5015869140625,632.6334838867188,666.1952514648438
913,30.433234683954616,648.7409057617188,225.71914672851562,660.2658081054688,218.6143341064453,638.78955078125,217.77182006835938,674.3821411132812,223.4174041748047,623.9666137695312,223.25828552246094,683.3594970703125,256.4698486328125,607.4857177734375,281.4268493652344,692.0945434570312,202.27218627929688,599.44580078125,304.0571594238281,678.8858032226562,131.51568603515625,621.636962890625,277.7713317871094,669.7998046875,427.7493896484375,620.4518432617188,434.7398986816406,670.209228515625,549.1342163085938,622.699462890625,546.8193359375,654.808349609375,670.0294189453125,632.2886962890625,666.0496215820312
914,30.466567909238247,648.9965209960938,225.71896362304688,660.5193481445312,218.5819549560547,639.0031127929688,217.7712860107422,674.6122436523438,223.3185577392578,624.0453491210938,223.2100067138672,683.4533081054688,256.22296142578125,607.4528198242188,281.3067626953125,692.3287353515625,202.6555633544922,599.6663208007812,305.3284606933594,679.0950927734375,131.65635681152344,622.7726440429688,280.6069030761719,669.741943359375,427.3725891113281,620.2285766601562,434.4688415527344,670.5592041015625,548.5969848632812,622.7921142578125,546.5969848632812,655.1170654296875,669.023193359375,632.2633666992188,665.5806884765625
915,30.499901134521878,649.1969604492188,225.5355224609375,660.5686645507812,218.3390350341797,639.1364135742188,217.6825408935547,674.494384765625,222.96717834472656,624.0802612304688,223.10845947265625,683.4756469726562,255.9741668701172,607.34423828125,280.95758056640625,692.6726684570312,204.91807556152344,599.5140380859375,307.6988830566406,679.4598388671875,133.43084716796875,623.5784912109375,285.622802734375,669.9124755859375,426.5716247558594,620.2600708007812,433.75213623046875,670.5941162109375,548.4015502929688,623.1920166015625,546.9159545898438,654.8238525390625,667.9673461914062,632.2974243164062,665.642822265625
916,30.53323435980551,648.9005126953125,225.6177520751953,660.3062744140625,218.41172790527344,638.8871459960938,217.70037841796875,674.3273315429688,222.91751098632812,623.9085693359375,223.0277862548828,683.361328125,255.55320739746094,607.1473388671875,281.5042724609375,692.4072875976562,203.56309509277344,599.4515380859375,310.30743408203125,679.1229248046875,131.6053924560547,622.4277954101562,290.0836181640625,670.1371459960938,426.30438232421875,620.5001220703125,433.69769287109375,670.3634643554688,548.7937622070312,623.2120971679688,546.889892578125,654.573486328125,668.560546875,632.7529907226562,665.3939819335938
917,30.56656758508914,648.7628784179688,225.59413146972656,660.2091674804688,218.3935546875,638.7805786132812,217.62823486328125,674.1702270507812,222.95144653320312,623.6542358398438,222.9848175048828,683.1561889648438,255.4824676513672,606.6538696289062,282.00787353515625,692.4932861328125,202.04103088378906,598.844970703125,310.32476806640625,678.7445678710938,129.57444763183594,621.6232299804688,288.2769775390625,670.1705322265625,426.5853576660156,620.454345703125,434.20550537109375,670.1069946289062,548.6749877929688,623.0000610351562,547.027099609375,654.6124877929688,668.7781372070312,633.3350830078125,665.57373046875
918,30.59990081037277,648.4512329101562,225.34800720214844,659.9561767578125,218.23614501953125,638.533447265625,217.3603515625,674.01806640625,222.9706573486328,623.5529174804688,222.81668090820312,682.7111206054688,255.6583251953125,606.8522338867188,282.1046142578125,692.1676025390625,200.7947998046875,598.78515625,309.94744873046875,679.069580078125,127.96058654785156,620.4339599609375,289.97918701171875,669.908203125,426.7937316894531,620.6749877929688,434.3400573730469,669.6873779296875,548.6983642578125,623.2071533203125,546.982421875,654.63232421875,668.9053955078125,633.4354858398438,665.7256469726562
919,30.6332340356564,648.2028198242188,225.46148681640625,660.2125854492188,218.42733764648438,638.1626586914062,217.18531799316406,674.7651977539062,223.48605346679688,622.7120361328125,222.5781707763672,682.3926391601562,256.25201416015625,607.2752685546875,281.4337463378906,691.3007202148438,195.154541015625,599.6539916992188,298.26434326171875,678.3153076171875,123.0271224975586,618.78125,268.89508056640625,670.2455444335938,428.72613525390625,621.4691162109375,435.7548828125,669.1917724609375,549.744384765625,622.703857421875,547.6898803710938,654.7838745117188,669.8054809570312,633.7870483398438,665.7828979492188
920,30.66656726094003,648.0424194335938,225.43975830078125,660.1048583984375,218.41456604003906,638.0380859375,217.113037109375,674.6179809570312,223.5408935546875,622.4506225585938,222.542724609375,681.9498291015625,256.12713623046875,606.8404541015625,282.3011169433594,691.2826538085938,194.02256774902344,599.4082641601562,301.3299255371094,678.4857788085938,121.4062271118164,618.3397827148438,274.3573913574219,670.2630004882812,428.4023742675781,621.5447387695312,435.841796875,669.2208862304688,548.9769287109375,622.7416381835938,547.486328125,654.994873046875,668.8767700195312,634.1898193359375,665.6015625
921,30.69990048622366,648.0396728515625,225.49305725097656,660.0761108398438,218.32444763183594,638.0191040039062,217.15037536621094,674.6263427734375,223.21241760253906,622.5316162109375,222.55178833007812,682.2111206054688,255.51528930664062,606.3914794921875,283.6520080566406,691.4921264648438,195.05502319335938,599.3223876953125,309.5729675292969,678.9146728515625,122.30670166015625,618.0928344726562,287.0475769042969,670.4888305664062,427.7524719238281,621.3889770507812,435.8644104003906,669.6834106445312,548.9479370117188,623.0767211914062,547.55859375,654.669677734375,669.1668090820312,634.7237548828125,665.9611206054688
922,30.733233711507292,647.9837646484375,225.43321228027344,660.0147094726562,218.3188934326172,638.002685546875,217.0940399169922,674.5689086914062,223.1961669921875,622.5699462890625,222.4261932373047,682.159912109375,255.42266845703125,606.6373291015625,282.88623046875,691.217041015625,194.00674438476562,599.2127685546875,305.9977722167969,678.4760131835938,121.95382690429688,617.6914672851562,282.20263671875,670.3729858398438,427.78582763671875,621.4307250976562,435.59576416015625,669.4483642578125,548.9378662109375,622.7305297851562,547.2144165039062,654.8023071289062,669.0348510742188,634.2128295898438,665.2717895507812
923,30.766566936790923,648.0202026367188,225.41683959960938,660.0375366210938,218.25099182128906,637.9533081054688,217.13514709472656,674.57666015625,223.13259887695312,622.409912109375,222.58091735839844,682.1124877929688,255.32333374023438,606.5519409179688,283.2577209472656,691.0623168945312,194.85044860839844,599.7804565429688,308.3304443359375,678.442626953125,123.04193878173828,618.5101928710938,286.21636962890625,670.326171875,427.5269775390625,621.3050537109375,435.532958984375,669.19921875,548.9779052734375,622.5197143554688,547.4966430664062,654.5482177734375,668.9423828125,634.1326293945312,665.6154174804688
924,30.799900162074554,648.1107177734375,225.40988159179688,660.0982666015625,218.1878662109375,638.0305786132812,217.166748046875,674.5823364257812,223.055419921875,622.52099609375,222.63510131835938,682.230712890625,255.37986755371094,606.1514282226562,283.72607421875,691.1480712890625,196.49905395507812,599.4432983398438,311.6041259765625,678.6010131835938,123.97039031982422,618.9249877929688,290.4709167480469,670.4306640625,427.6117248535156,621.0609130859375,435.8624267578125,669.4781494140625,549.09716796875,622.602783203125,547.8779907226562,654.4517211914062,669.06787109375,634.4892578125,666.3369140625
925,30.833233387358185,648.2544555664062,225.4143524169922,660.208984375,218.1761474609375,638.1713256835938,217.11907958984375,674.5731811523438,223.01528930664062,622.4898071289062,222.4739532470703,681.966552734375,255.40443420410156,606.2093505859375,283.2540588378906,691.1226196289062,196.61956787109375,599.87646484375,310.3333740234375,678.5748291015625,123.56836700439453,620.4328002929688,288.59442138671875,670.364990234375,427.41839599609375,621.1119995117188,435.5755615234375,669.6431884765625,548.5701293945312,622.6650390625,547.6891479492188,654.6498413085938,669.438720703125,634.0342407226562,667.34814453125
926,30.866566612641815,648.212158203125,225.4697723388672,660.1284790039062,218.20767211914062,638.1666870117188,217.2191925048828,674.4338989257812,222.9403076171875,622.5598754882812,222.5154266357422,682.0302734375,255.098876953125,606.0035400390625,283.5469970703125,691.1669311523438,196.9747314453125,599.6102294921875,312.3459777832031,678.6658935546875,124.25508117675781,620.0147094726562,290.9104919433594,670.59228515625,427.173583984375,621.172607421875,435.5560302734375,669.5181884765625,548.46044921875,622.339599609375,547.7013549804688,654.2100219726562,669.0670776367188,633.9513549804688,667.1240234375
927,30.899899837925446,648.1633911132812,225.34991455078125,660.1139526367188,218.13490295410156,638.1025390625,217.08499145507812,674.482666015625,222.85684204101562,622.4969482421875,222.33477783203125,682.1409912109375,254.7922821044922,606.1079711914062,282.8041687011719,691.152099609375,195.10198974609375,599.4702758789062,308.7557678222656,678.7096557617188,122.56846618652344,620.3073120117188,285.2322692871094,670.65966796875,427.53277587890625,621.214599609375,435.7148742675781,669.6965942382812,548.6519775390625,622.39892578125,547.575927734375,654.21435546875,669.2622680664062,633.8792724609375,666.648193359375
928,30.933233063209073,648.01953125,225.41522216796875,660.0167236328125,218.19129943847656,637.95654296875,217.14007568359375,674.484375,222.9304656982422,622.498291015625,222.44992065429688,682.302490234375,255.0961151123047,606.2313232421875,282.8877258300781,690.8546142578125,194.2262725830078,599.1880493164062,305.7638244628906,678.008056640625,122.98237609863281,619.5056762695312,279.3114929199219,670.437744140625,428.41326904296875,621.0734252929688,436.4729919433594,669.5817260742188,549.21875,622.3873291015625,547.8838500976562,653.98779296875,669.40625,633.9722290039062,666.156005859375
929,30.966566288492704,648.2100219726562,225.54454040527344,660.210693359375,218.35250854492188,638.137451171875,217.25135803222656,674.6422119140625,223.07553100585938,622.534423828125,222.44956970214844,682.150146484375,255.35841369628906,606.6237182617188,282.0064697265625,690.8883056640625,193.190185546875,599.265625,300.75201416015625,677.8701171875,121.75794982910156,619.043701171875,272.63226318359375,670.1451416015625,428.9111633300781,621.1048583984375,436.57281494140625,669.0987548828125,549.4059448242188,622.33984375,548.080322265625,654.1743774414062,669.6564331054688,633.8887329101562,666.582275390625
930,30.999899513776334,648.1895141601562,225.51156616210938,660.169677734375,218.40187072753906,638.1263427734375,217.2948760986328,674.5968017578125,223.24578857421875,622.6485595703125,222.56365966796875,682.2960205078125,255.56349182128906,606.7028198242188,281.44500732421875,690.7847900390625,193.5194854736328,598.7832641601562,297.798095703125,678.1835327148438,122.30189514160156,618.9581298828125,266.5753479003906,670.1812133789062,429.3850402832031,621.0536499023438,436.7813720703125,668.9419555664062,550.1998291015625,621.9852294921875,548.5592651367188,653.7578735351562,669.5946044921875,633.3380737304688,665.9267578125
931,31.033232739059965,648.0665283203125,225.6044158935547,660.0924682617188,218.4210205078125,638.0194702148438,217.28826904296875,674.5768432617188,223.08035278320312,622.4815063476562,222.4356689453125,682.0975952148438,254.99905395507812,606.4146118164062,282.24102783203125,690.8682861328125,192.3671875,598.7616577148438,302.0880126953125,678.6151123046875,120.77468872070312,618.3208618164062,273.81146240234375,670.2234497070312,428.93505859375,621.1116943359375,436.7812805175781,669.06689453125,549.4708251953125,622.2509155273438,548.0146484375,653.77099609375,669.7047729492188,633.8375854492188,666.1129150390625
932,31.066565964343596,647.9484252929688,225.42884826660156,659.9301147460938,218.243896484375,637.9378662109375,217.18350219726562,674.2921142578125,222.84912109375,622.4227294921875,222.27186584472656,681.87109375,254.6058349609375,606.300537109375,281.8392333984375,690.9898681640625,193.16127014160156,599.2582397460938,302.06591796875,678.6177978515625,122.12490844726562,620.576171875,272.9152526855469,670.2024536132812,428.46246337890625,621.0827026367188,436.4866027832031,669.1763916015625,548.7269287109375,622.412841796875,548.1149291992188,653.5440673828125,668.8660888671875,633.9517211914062,666.6093139648438
933,31.099899189627227,647.7411499023438,225.22886657714844,659.7083740234375,218.10279846191406,637.6884765625,217.05589294433594,674.1689453125,222.79307556152344,622.3174438476562,222.23016357421875,681.9622802734375,254.8936309814453,606.9476318359375,280.3315734863281,690.9228515625,191.9624481201172,599.4517211914062,293.1678466796875,678.4091186523438,121.380859375,619.7884521484375,259.08221435546875,670.0007934570312,429.4915466308594,621.2030639648438,436.8143615722656,668.7520751953125,549.4158325195312,622.2894897460938,548.1656494140625,654.162109375,669.5919189453125,633.9319458007812,666.326416015625
934,31.133232414910857,647.6590576171875,225.2042694091797,659.5982666015625,218.07440185546875,637.6244506835938,217.0417022705078,674.0628662109375,222.68524169921875,622.333740234375,222.17022705078125,681.9671630859375,254.67686462402344,607.0325317382812,279.87823486328125,690.8817138671875,191.1562957763672,598.9277954101562,290.53021240234375,678.5318603515625,120.5364990234375,618.4491577148438,253.44532775878906,670.0154418945312,429.3625793457031,621.3032836914062,436.5966796875,668.5350952148438,549.2966918945312,622.1890258789062,547.9083251953125,654.0994873046875,669.7665405273438,633.906005859375,666.0547485351562
935,31.166565640194488,647.4625854492188,224.7818603515625,659.0372314453125,217.6363525390625,637.7105102539062,216.6675567626953,673.2000122070312,221.78517150878906,623.0531616210938,221.41448974609375,681.5878295898438,253.88070678710938,607.61279296875,277.9192199707031,691.33154296875,190.89109802246094,599.095947265625,287.3890075683594,678.31201171875,119.58866119384766,621.0797119140625,252.69822692871094,668.7342529296875,428.64874267578125,620.6028442382812,435.4644470214844,668.3438720703125,548.7744140625,622.6268920898438,547.3597412109375,655.1666870117188,669.4638061523438,633.1461181640625,665.732666015625
936,31.19989886547812,647.5462646484375,224.9811248779297,659.1486206054688,217.73043823242188,637.7551879882812,216.77952575683594,673.3073120117188,221.7354278564453,622.8929443359375,221.41632080078125,681.6039428710938,253.68646240234375,607.10888671875,279.0585632324219,691.65283203125,192.76657104492188,599.591552734375,296.02490234375,678.6886596679688,121.35783386230469,623.469970703125,268.3970947265625,668.8728637695312,427.990478515625,620.4276123046875,435.2634582519531,668.338134765625,548.4793090820312,622.5989990234375,547.4038696289062,654.6253051757812,669.2947998046875,633.1553344726562,666.210205078125
937,31.23323209076175,647.7319946289062,225.10812377929688,659.3015747070312,217.83966064453125,637.8605346679688,216.9311981201172,673.466064453125,221.82069396972656,622.8660278320312,221.6423797607422,681.5036010742188,253.6668243408203,607.3778686523438,279.34576416015625,691.3849487304688,192.25088500976562,600.2546997070312,297.248779296875,678.59619140625,121.19790649414062,623.9119262695312,273.06658935546875,668.7522583007812,427.5704345703125,620.4976196289062,434.93035888671875,668.5020141601562,548.0932006835938,622.9453125,547.1138305664062,654.816650390625,668.9442138671875,632.9669799804688,666.1365966796875
938,31.26656531604538,647.6937866210938,225.0557861328125,659.267822265625,217.80523681640625,637.8717041015625,216.87326049804688,673.3619995117188,221.78829956054688,622.8280639648438,221.55465698242188,681.2955932617188,253.50682067871094,607.2186889648438,279.558349609375,691.5062255859375,192.05526733398438,600.0294799804688,298.532470703125,678.3697509765625,120.6041488647461,623.505859375,274.9839782714844,668.73388671875,427.53082275390625,620.5330200195312,435.0789794921875,668.4578247070312,547.8002319335938,623.062255859375,547.327880859375,654.6948852539062,668.5899047851562,633.2113647460938,666.5680541992188
939,31.29989854132901,647.9287109375,225.1599884033203,659.5206909179688,217.8988800048828,638.1077270507812,216.8375244140625,673.50244140625,221.91175842285156,622.7294311523438,221.40420532226562,680.87158203125,253.7172088623047,607.0739135742188,280.2317199707031,691.3561401367188,192.55484008789062,601.0718994140625,303.1554260253906,678.5350341796875,119.90950012207031,624.6831665039062,285.0088195800781,668.7111206054688,427.0593566894531,620.6716918945312,434.7278137207031,668.3252563476562,547.4678344726562,623.2565307617188,546.9615478515625,654.6487426757812,668.4056396484375,633.3733520507812,666.6832275390625
940,31.33323176661264,647.05126953125,224.51693725585938,658.31640625,217.23593139648438,637.3150024414062,216.43048095703125,671.7636108398438,221.06228637695312,622.1880493164062,220.93344116210938,680.7236938476562,252.4105224609375,605.3111572265625,279.6548156738281,692.0704345703125,195.95938110351562,598.4093017578125,306.5201416015625,679.7230224609375,123.6780776977539,623.7119140625,283.21417236328125,669.50048828125,426.1733093261719,620.4277954101562,434.3385009765625,669.6160278320312,547.3877563476562,623.1406860351562,547.3751831054688,653.7525634765625,667.8685913085938,633.1004638671875,666.7880859375
941,31.366564991896272,647.4684448242188,224.66195678710938,658.5999755859375,217.33935546875,637.6640014648438,216.6089324951172,671.7332763671875,221.1639862060547,622.2295532226562,221.1028289794922,680.7608032226562,252.7813720703125,605.0783081054688,279.5681457519531,692.1182250976562,197.5788116455078,598.2037963867188,306.7566833496094,679.922119140625,125.18059539794922,623.774169921875,283.86590576171875,669.5869140625,426.612548828125,620.3109741210938,434.6163024902344,669.3367919921875,547.7076416015625,622.6798706054688,547.3425903320312,653.8995361328125,668.0178833007812,633.0175170898438,666.5148315429688
942,31.399898217179903,647.3964233398438,224.7034149169922,658.6150512695312,217.43421936035156,637.638671875,216.58538818359375,671.8273315429688,221.33078002929688,622.185791015625,221.06739807128906,680.61669921875,252.85472106933594,605.1304931640625,279.7985534667969,691.9605712890625,195.87039184570312,598.2291870117188,306.3800354003906,679.8743286132812,123.80592346191406,622.8877563476562,285.22589111328125,669.3978271484375,426.76995849609375,620.329833984375,434.7289123535156,668.9783935546875,547.5281982421875,622.5385131835938,546.835205078125,653.9442749023438,668.2288208007812,633.2401733398438,666.1814575195312
943,31.43323144246353,647.2042236328125,224.67599487304688,658.43994140625,217.39515686035156,637.467041015625,216.531005859375,671.7059326171875,221.3040008544922,622.1136474609375,221.04515075683594,680.5731811523438,252.8905792236328,604.99072265625,279.9792785644531,691.897216796875,196.2298583984375,597.8988647460938,306.889892578125,679.640869140625,124.11652374267578,622.3856811523438,284.669921875,669.2395629882812,426.6895751953125,620.127685546875,434.7094421386719,669.35205078125,547.312255859375,622.6611938476562,546.6683349609375,654.169921875,668.338623046875,633.1840209960938,666.268310546875
944,31.46656466774716,647.0166015625,224.60562133789062,658.3046875,217.35047912597656,637.2854614257812,216.5304412841797,671.6153564453125,221.4110870361328,622.004638671875,221.2338409423828,680.5023803710938,253.12689208984375,605.10888671875,279.95086669921875,691.9153442382812,195.6720733642578,597.8150634765625,303.26983642578125,679.3134155273438,123.78333282470703,621.9212036132812,275.5130310058594,669.1532592773438,427.15460205078125,620.1503295898438,435.1914367675781,669.3677978515625,547.4271240234375,622.4617919921875,547.359130859375,654.6866455078125,668.314697265625,633.2908935546875,666.8779907226562
945,31.49989789303079,647.04833984375,224.68356323242188,658.3916015625,217.49073791503906,637.3399658203125,216.57691955566406,671.7424926757812,221.6531982421875,621.954833984375,221.29588317871094,680.1805419921875,253.32034301757812,605.1416625976562,280.3804626464844,691.7069091796875,195.1692352294922,597.8898315429688,305.4521789550781,679.5272827148438,123.16619110107422,621.2564086914062,282.7467956542969,668.9228515625,426.6994934082031,620.1958618164062,434.7712707519531,668.89404296875,547.1047973632812,622.4329223632812,547.0459594726562,654.5635375976562,667.74951171875,633.2952880859375,666.5884399414062
946,31.533231118314422,647.0611572265625,224.80526733398438,658.3656616210938,217.50949096679688,637.3120727539062,216.7399444580078,671.6536254882812,221.5673828125,621.9339599609375,221.4236297607422,680.2357788085938,253.4462432861328,604.9661865234375,280.5072937011719,691.9254150390625,197.17431640625,597.5556640625,306.67047119140625,679.8397827148438,124.9423599243164,621.5498046875,283.1266784667969,669.07373046875,426.7037658691406,620.1925048828125,434.93011474609375,668.8497314453125,546.9996948242188,622.3872680664062,547.5677490234375,654.3104858398438,667.1644897460938,633.34326171875,667.132568359375
947,31.566564343598053,647.2952880859375,224.97427368164062,658.656494140625,217.7261199951172,637.5062866210938,216.7359161376953,671.8882446289062,221.97833251953125,621.7063598632812,221.4519500732422,679.6470336914062,254.2760772705078,604.76708984375,281.57318115234375,691.1610107421875,196.02505493164062,597.8697509765625,308.8098449707031,679.9540405273438,123.72663116455078,620.7117919921875,290.2946472167969,668.674560546875,427.26531982421875,620.17822265625,435.4501953125,668.236328125,547.55615234375,622.569580078125,547.5176391601562,653.8961181640625,667.375244140625,633.5491333007812,666.4507446289062
948,31.599897568881683,647.1546020507812,224.77700805664062,658.4608154296875,217.58834838867188,637.3720703125,216.67218017578125,671.6362915039062,222.01876831054688,621.702880859375,221.5891571044922,679.9234619140625,254.31956481933594,604.48291015625,281.2137451171875,691.7981567382812,197.67526245117188,597.4638061523438,308.1435852050781,680.2757568359375,125.13070678710938,621.7056274414062,286.4392395019531,668.66796875,426.89794921875,619.7840576171875,435.0041809082031,668.6235961914062,547.0751342773438,622.4480590820312,547.1436767578125,653.8800659179688,667.4122314453125,633.455078125,666.6639404296875
949,31.633230794165314,647.1786499023438,224.76568603515625,658.460205078125,217.6119842529297,637.4132080078125,216.72669982910156,671.5204467773438,222.12513732910156,621.6871337890625,221.73890686035156,679.8631591796875,254.33099365234375,604.3807373046875,281.5853271484375,691.8215942382812,197.44189453125,597.7086181640625,308.9268493652344,680.04541015625,125.02947998046875,622.2308959960938,287.5957946777344,668.8189697265625,426.9846496582031,619.8765869140625,435.2449645996094,668.6347045898438,546.8137817382812,622.1146850585938,547.1220092773438,654.0648803710938,667.1044921875,633.4017333984375,666.7149047851562
950,31.666564019448945,647.2416381835938,224.65325927734375,658.4220581054688,217.41036987304688,637.4427490234375,216.6748809814453,671.395751953125,221.80697631835938,621.8441772460938,221.64906311035156,680.0366821289062,254.32008361816406,604.3352661132812,281.3544616699219,692.0702514648438,200.13064575195312,597.4414672851562,310.1485290527344,680.5726928710938,127.29940795898438,623.1289672851562,287.32086181640625,668.9904174804688,426.82421875,619.8704833984375,435.1466369628906,668.7886962890625,547.341552734375,622.2949829101562,548.1265258789062,653.330322265625,666.5484008789062,632.9190673828125,667.0972900390625
951,31.699897244732576,647.4082641601562,224.78347778320312,658.53076171875,217.42515563964844,637.5586547851562,216.82247924804688,671.3783569335938,221.6530303955078,621.8551635742188,221.70884704589844,679.828369140625,254.0809326171875,604.0978393554688,281.5744934082031,691.8307495117188,201.30755615234375,597.8025512695312,312.2315979003906,681.4125366210938,128.3011932373047,624.14697265625,288.5274353027344,669.0079345703125,426.2001647949219,619.7964477539062,434.85272216796875,669.06494140625,546.2733154296875,622.48974609375,547.5487670898438,653.2637329101562,665.90966796875,633.211669921875,667.286376953125
952,31.733230470016206,647.387939453125,224.96633911132812,658.586669921875,217.5857391357422,637.5341796875,216.9756622314453,671.591796875,221.7480926513672,621.8870239257812,221.88182067871094,680.0054321289062,253.9490966796875,604.208740234375,282.01043701171875,691.6068115234375,200.45440673828125,597.5601196289062,312.6726379394531,680.8386840820312,128.3499298095703,622.7467651367188,288.7868957519531,668.8453979492188,426.06964111328125,619.6657104492188,434.845458984375,668.9502563476562,546.4065551757812,622.3134765625,547.5797119140625,653.1278686523438,666.2064819335938,633.1162719726562,667.1360473632812
953,31.766563695299837,647.3532104492188,224.9060516357422,658.5150146484375,217.5441436767578,637.4996337890625,216.93507385253906,671.5164184570312,221.80532836914062,622.0033569335938,221.8953399658203,680.3781127929688,254.14915466308594,603.8126831054688,282.0799560546875,691.9188842773438,202.57252502441406,597.26220703125,314.58447265625,681.4010620117188,129.6893310546875,624.1387939453125,289.0758056640625,669.1116333007812,425.7613220214844,619.4287109375,434.4865417480469,669.5350952148438,546.4326782226562,622.4102783203125,547.1480712890625,652.4745483398438,666.4551391601562,632.927978515625,666.7945556640625
954,31.799896920583468,647.0429077148438,224.9427490234375,658.2706909179688,217.57235717773438,637.2257080078125,216.8841552734375,671.3377685546875,221.836669921875,621.6355590820312,221.8751983642578,679.962158203125,253.977783203125,603.5431518554688,283.1279602050781,691.6549682617188,201.3211669921875,596.8621215820312,317.96783447265625,680.763427734375,128.3331298828125,621.8882446289062,295.30340576171875,669.1478271484375,425.7864685058594,619.6461791992188,434.8994445800781,669.228759765625,546.5543823242188,622.2478637695312,547.6270141601562,652.51123046875,666.1739501953125,632.9251098632812,666.6974487304688
955,31.8332301458671,647.6369018554688,225.6497344970703,659.0852661132812,218.48037719726562,637.8319702148438,217.4438934326172,672.3408813476562,223.1366424560547,621.8302001953125,222.5664520263672,679.6569213867188,255.3031463623047,604.725341796875,283.81842041015625,691.3504638671875,197.4683074951172,598.9804077148438,315.0550842285156,680.0887451171875,123.79216003417969,621.8865356445312,297.9765930175781,668.49560546875,426.8633728027344,619.9627075195312,435.4767150878906,667.9271240234375,546.554931640625,622.0443115234375,547.012451171875,653.2645263671875,667.208251953125,633.146728515625,666.9679565429688
956,31.86656337115073,647.3594360351562,225.6927032470703,658.8931884765625,218.55227661132812,637.6472778320312,217.44241333007812,672.3220825195312,223.10682678222656,621.9028930664062,222.35943603515625,679.5420532226562,255.0147247314453,604.6712646484375,283.3802795410156,690.968994140625,197.675537109375,598.300537109375,315.9586486816406,680.0924072265625,124.08844757080078,621.1807861328125,301.7331848144531,668.2777099609375,426.5654296875,619.7741088867188,435.1178283691406,667.9010620117188,546.354736328125,621.9994506835938,546.6254272460938,653.4234008789062,667.2697143554688,633.19287109375,666.9219970703125
957,31.89989659643436,647.251220703125,225.51626586914062,658.8433837890625,218.49337768554688,637.5291748046875,217.2992401123047,672.3663940429688,223.37908935546875,621.7691650390625,222.41741943359375,679.363037109375,255.859375,605.14892578125,283.00634765625,691.017333984375,197.70448303222656,599.0772094726562,312.2968444824219,679.9114379882812,123.75172424316406,621.2616577148438,297.6073303222656,668.1060791015625,427.1927490234375,620.0075073242188,435.2705383300781,667.3070068359375,546.728759765625,621.9668579101562,546.9061889648438,653.64697265625,667.3512573242188,633.2064819335938,667.2861328125
958,31.93322982171799,647.3896484375,225.21951293945312,658.963134765625,218.3096923828125,637.6778564453125,217.06309509277344,672.3861083984375,223.29824829101562,621.787841796875,222.24313354492188,679.3343505859375,255.48919677734375,605.2626342773438,282.24566650390625,690.9299926757812,195.21005249023438,598.3726196289062,307.90655517578125,680.0609130859375,122.4642333984375,619.6217041015625,291.6022644042969,668.2182006835938,427.1764831542969,620.2531127929688,435.0742492675781,667.0928344726562,546.6594848632812,621.7409057617188,546.6009521484375,653.80126953125,667.1909790039062,633.1602783203125,666.5004272460938
959,31.966563047001618,647.2710571289062,225.0644073486328,658.7537231445312,218.150390625,637.5363159179688,216.94459533691406,672.0394287109375,223.26416015625,621.6217651367188,222.3007354736328,679.3461303710938,255.90187072753906,605.1000366210938,282.4859619140625,691.1547241210938,195.86065673828125,598.453369140625,306.9717712402344,680.08056640625,122.56542205810547,619.1502685546875,287.38409423828125,668.3969116210938,427.72515869140625,620.3527221679688,435.5270080566406,667.2047729492188,547.1798706054688,621.7012939453125,546.8001098632812,654.1336059570312,667.5889892578125,633.3703002929688,666.3125
960,31.99989627228525,647.5653686523438,224.99681091308594,659.0392456054688,218.08184814453125,637.8034057617188,216.8334197998047,672.1720581054688,223.230712890625,621.5204467773438,222.13294982910156,679.0314331054688,255.70248413085938,604.753662109375,282.5966796875,690.9329833984375,195.97410583496094,598.8286743164062,309.90777587890625,679.5772705078125,121.93547821044922,620.7411499023438,294.88360595703125,668.349853515625,427.0221252441406,620.1823120117188,435.0101623535156,667.29736328125,546.429931640625,621.6884155273438,546.4645385742188,654.2681274414062,667.1475219726562,633.3768310546875,666.760498046875
961,32.03322949756888,647.572021484375,225.0184783935547,658.8629760742188,218.06504821777344,637.7783203125,217.0310821533203,671.7801513671875,223.3888397216797,621.67578125,222.62503051757812,679.2736206054688,256.643310546875,604.4862670898438,283.2539978027344,691.2122192382812,201.5792999267578,597.9619140625,313.37139892578125,679.9058837890625,127.33280181884766,619.4012451171875,296.8992919921875,668.5628051757812,426.9454040527344,620.1234741210938,434.9499816894531,667.5393676757812,546.6373901367188,621.84765625,546.88037109375,653.7586059570312,666.9601440429688,633.2545776367188,667.3909912109375
962,32.06656272285251,647.5606689453125,225.01072692871094,658.8926391601562,218.1105499267578,637.7626342773438,216.9877471923828,671.873779296875,223.37933349609375,621.5460815429688,222.44912719726562,679.3285522460938,256.2675476074219,604.6771240234375,282.5142822265625,691.4407348632812,199.99160766601562,598.7730102539062,311.1402893066406,680.009521484375,126.06537628173828,620.6743774414062,295.3447570800781,668.5906982421875,426.969482421875,620.1495361328125,434.72613525390625,667.4070434570312,546.7034301757812,621.5780639648438,546.47021484375,653.991455078125,667.0980834960938,633.09912109375,666.7137451171875
963,32.099895948136144,648.1005249023438,225.08351135253906,659.1029663085938,217.83006286621094,638.263427734375,216.8883819580078,671.4583740234375,222.05889892578125,621.431396484375,221.47508239746094,678.8361206054688,254.33984375,604.2084350585938,281.0288391113281,691.5875854492188,198.55894470214844,598.4110717773438,310.09942626953125,680.2767333984375,124.89066314697266,621.3779907226562,293.05560302734375,668.4800415039062,426.6288757324219,619.98388671875,434.68548583984375,667.3560180664062,546.2921752929688,621.5758056640625,546.707763671875,653.9034423828125,666.6634521484375,632.6948852539062,666.7318725585938
964,32.13322917341977,648.5591430664062,225.09384155273438,659.3877563476562,217.86439514160156,638.6688232421875,216.93069458007812,671.421142578125,222.04354858398438,621.4118041992188,221.40773010253906,678.6631469726562,254.1855010986328,604.1143798828125,280.0070495605469,691.7779541015625,198.75537109375,598.81201171875,307.9490966796875,680.1486206054688,124.64899444580078,623.6710815429688,291.0764465332031,668.30322265625,425.8979187011719,619.7360229492188,433.69500732421875,667.3117065429688,545.8594360351562,621.712646484375,546.2598876953125,653.9014282226562,666.4090576171875,632.4597778320312,666.5021362304688
965,32.166562398703405,648.4811401367188,224.9351043701172,659.362060546875,217.72244262695312,638.60986328125,216.74200439453125,671.3590087890625,222.01214599609375,621.259033203125,221.30322265625,678.5989990234375,254.0772247314453,603.7682495117188,280.5872802734375,691.7796630859375,197.63607788085938,598.7001953125,308.6009216308594,680.014404296875,123.24688720703125,622.9905395507812,289.60101318359375,668.634765625,426.1980285644531,619.9149169921875,434.2515869140625,667.7025146484375,545.6242065429688,621.6295166015625,546.1694946289062,654.1549072265625,666.2990112304688,632.8828125,666.4112548828125
966,32.19989562398703,648.3617553710938,224.51708984375,659.0578002929688,217.43141174316406,638.5014038085938,216.54701232910156,670.9190673828125,221.9419403076172,621.4252319335938,221.29208374023438,678.7142944335938,254.67620849609375,604.5341186523438,278.5341491699219,692.1262817382812,200.5164794921875,599.01416015625,300.7915954589844,680.1209716796875,127.32879638671875,623.80322265625,276.9759521484375,668.3169555664062,426.1820068359375,619.9185791015625,433.3354797363281,667.6558837890625,545.5286865234375,621.8385009765625,545.8298950195312,654.2158203125,666.1432495117188,632.0877685546875,666.4544067382812
967,32.23322884927066,648.2886962890625,224.4673614501953,659.0755615234375,217.37738037109375,638.4334716796875,216.4091339111328,671.030029296875,221.904052734375,621.2603759765625,221.09507751464844,678.4876708984375,254.73977661132812,604.7116088867188,278.3640441894531,691.7509765625,199.81509399414062,599.1991577148438,299.35791015625,679.75146484375,126.65061950683594,622.6092529296875,275.13665771484375,668.2133178710938,426.6890563964844,620.0514526367188,433.6941223144531,667.0638427734375,545.8367309570312,621.264892578125,545.982421875,654.4590454101562,666.6002807617188,631.78271484375,666.5950317382812
968,32.266562074554294,648.3528442382812,224.49220275878906,659.0936889648438,217.44100952148438,638.4627075195312,216.4339141845703,671.0198974609375,221.96469116210938,621.24462890625,221.12628173828125,678.5320434570312,254.6822967529297,604.8282470703125,278.147705078125,691.583984375,198.3731689453125,599.450439453125,297.80877685546875,679.5028686523438,125.19595336914062,623.14990234375,273.7998962402344,668.2067260742188,427.2659606933594,620.093505859375,434.1156311035156,667.1615600585938,546.4009399414062,621.6614990234375,545.988037109375,654.178466796875,667.2823486328125,631.8930053710938,666.2888793945312
969,32.29989529983792,648.4673461914062,224.47520446777344,659.20458984375,217.38885498046875,638.5476684570312,216.44491577148438,671.0942993164062,221.99253845214844,621.3231201171875,221.23899841308594,678.71044921875,254.97439575195312,604.6066284179688,278.6817321777344,691.8738403320312,200.5089874267578,599.2614135742188,300.9198913574219,679.9440307617188,127.04267120361328,623.5836181640625,277.93572998046875,668.3809204101562,427.1893615722656,620.0184326171875,434.2161865234375,667.5999145507812,546.362548828125,621.8369140625,546.287841796875,654.2632446289062,667.1810302734375,632.0692749023438,666.9380493164062
970,32.333228525121555,648.4263305664062,224.41261291503906,659.094970703125,217.27476501464844,638.5053100585938,216.4735107421875,670.9797973632812,221.81512451171875,621.5370483398438,221.34666442871094,679.145751953125,254.8285675048828,604.5284423828125,279.0671081542969,692.234130859375,203.50686645507812,599.3045043945312,305.0930480957031,680.2778930664062,130.22486877441406,624.5075073242188,282.2965393066406,668.691162109375,426.510498046875,619.9833374023438,433.757080078125,668.0120849609375,546.2179565429688,621.9383544921875,546.2223510742188,653.9570922851562,666.5308837890625,632.048095703125,666.4331665039062
971,32.36656175040518,648.3004760742188,224.39671325683594,658.9837646484375,217.2757110595703,638.387451171875,216.47035217285156,670.9223022460938,221.89187622070312,621.5159301757812,221.43191528320312,679.1371459960938,255.00820922851562,604.7246704101562,279.1835021972656,692.2534790039062,203.2545623779297,599.4138793945312,304.455322265625,680.2494506835938,129.8357391357422,623.875732421875,281.2680358886719,668.7459106445312,426.6927795410156,620.1930541992188,433.8837585449219,667.8966674804688,546.3575439453125,621.9422607421875,546.317626953125,653.9783935546875,667.0977172851562,631.959716796875,666.9953002929688
972,32.39989497568882,648.281982421875,224.58670043945312,659.0765380859375,217.41041564941406,638.3372802734375,216.5905303955078,671.2182006835938,221.97691345214844,621.5252075195312,221.57505798339844,679.1537475585938,254.9260711669922,604.59033203125,280.65850830078125,692.0018310546875,202.59213256835938,600.390625,310.46258544921875,680.6009521484375,128.61920166015625,625.0587158203125,291.9394226074219,668.7559814453125,426.6918640136719,620.1272583007812,434.38787841796875,667.9244384765625,546.8521118164062,622.2416381835938,546.8004760742188,653.429931640625,666.9556274414062,632.439697265625,666.8016357421875
973,32.433228200972444,648.4493408203125,224.6027069091797,659.2042236328125,217.3596954345703,638.5052490234375,216.5945587158203,671.2805786132812,221.75607299804688,621.650146484375,221.52467346191406,679.2023315429688,254.34170532226562,604.36474609375,281.34820556640625,691.9570922851562,201.44955444335938,599.9554443359375,313.4084167480469,680.6227416992188,126.69263458251953,623.5623168945312,294.9964904785156,669.1151123046875,426.35247802734375,620.3351440429688,434.5143737792969,668.2446899414062,546.6799926757812,622.4027709960938,546.8614501953125,653.2628173828125,666.5821533203125,632.6762084960938,666.55810546875
974,32.46656142625608,648.5614013671875,224.78553771972656,659.3203125,217.51901245117188,638.613525390625,216.73907470703125,671.3981323242188,221.7306671142578,621.685302734375,221.52357482910156,679.394287109375,253.91720581054688,604.4464721679688,281.106201171875,691.9122314453125,200.38893127441406,600.5791625976562,312.245361328125,679.8330688476562,126.16397094726562,624.8724975585938,291.9392395019531,669.0527954101562,426.5636901855469,620.1445922851562,434.7137756347656,668.36083984375,546.946533203125,622.2958984375,546.8230590820312,653.3817138671875,666.9783325195312,632.7578125,666.0396118164062
975,32.499894651539705,647.4882202148438,225.30076599121094,658.8919067382812,217.772705078125,637.2765502929688,217.08580017089844,672.1492309570312,221.7742462158203,620.7079467773438,221.89495849609375,680.2503662109375,253.6391143798828,604.0194702148438,282.0895690917969,691.2229614257812,196.69659423828125,597.67041015625,308.81842041015625,680.0201416015625,124.9344482421875,617.8753662109375,280.99957275390625,669.7484741210938,427.8776550292969,620.271484375,436.4457702636719,668.4757080078125,547.5859375,621.4852294921875,547.326416015625,653.21435546875,667.8161010742188,633.5289306640625,665.8646850585938
976,32.53322787682334,647.532958984375,225.4983673095703,658.91455078125,217.95523071289062,637.2854614257812,217.32408142089844,672.2421264648438,221.87966918945312,620.8130493164062,222.0539093017578,680.4268798828125,253.7040557861328,604.0433349609375,281.970458984375,691.204833984375,198.54869079589844,597.8961791992188,311.12286376953125,680.3261108398438,126.65972137451172,619.0213012695312,286.671630859375,669.8980712890625,427.35540771484375,620.2225952148438,435.88568115234375,668.9254150390625,547.367431640625,621.7677001953125,547.021728515625,653.1182861328125,667.1625366210938,633.3648681640625,665.5687255859375
977,32.56656110210697,647.5261840820312,225.6233367919922,658.9290771484375,218.07994079589844,637.2950439453125,217.33197021484375,672.2529296875,221.96165466308594,620.711669921875,221.910888671875,679.9961547851562,253.98606872558594,604.3252563476562,281.97711181640625,690.9772338867188,197.6602020263672,599.2420043945312,310.7938537597656,680.8142700195312,126.03604888916016,620.3104248046875,289.6759338378906,669.487060546875,427.6001892089844,620.251953125,435.9408874511719,668.482421875,547.9368286132812,621.80517578125,547.2150268554688,653.2562866210938,667.24169921875,633.1676635742188,665.26513671875
978,32.5998943273906,647.4672241210938,225.63931274414062,658.9998779296875,218.10601806640625,637.281982421875,217.23248291015625,672.479248046875,221.97747802734375,620.784423828125,221.71234130859375,680.1358032226562,253.8175811767578,604.2738647460938,282.151123046875,690.7359008789062,196.4822540283203,598.9705200195312,311.0254821777344,680.5245971679688,124.4871597290039,619.620361328125,288.739501953125,669.6627807617188,428.1212158203125,620.31689453125,436.50457763671875,668.68115234375,548.423095703125,621.6908569335938,547.3031005859375,653.249755859375,667.6841430664062,633.2919311523438,664.8282470703125
979,32.63322755267423,647.7210693359375,225.66514587402344,659.2022705078125,218.2689208984375,637.5279541015625,217.36424255371094,672.55322265625,222.41180419921875,620.932861328125,221.9943084716797,680.3521118164062,254.54736328125,604.3607177734375,281.575439453125,690.9569702148438,198.02716064453125,598.4698486328125,307.83978271484375,680.6378173828125,126.89495849609375,619.7543334960938,283.96759033203125,669.7341918945312,428.3724365234375,620.3340454101562,436.3277282714844,668.576171875,548.8349609375,621.6782836914062,547.5386352539062,653.0386962890625,667.7291259765625,633.2120361328125,664.7839965820312
980,32.66656077795786,647.6077880859375,225.64169311523438,659.2400512695312,218.39306640625,637.3842163085938,217.279052734375,672.8247680664062,222.88986206054688,620.705078125,222.03091430664062,680.0803833007812,255.62547302246094,605.3906860351562,279.9613342285156,690.5771484375,194.65625,599.357177734375,294.3481140136719,680.046142578125,123.46298217773438,619.1358642578125,263.77764892578125,669.2476196289062,429.8918151855469,620.6259155273438,436.797119140625,667.7417602539062,549.1088256835938,621.3139038085938,547.1463623046875,654.229248046875,668.6085205078125,633.0296020507812,664.6365356445312
981,32.69989400324149,647.7264404296875,225.53652954101562,659.254150390625,218.2951202392578,637.5391845703125,217.23062133789062,672.572998046875,222.87318420410156,620.7069091796875,222.14508056640625,679.7279052734375,255.510009765625,604.924560546875,281.4525451660156,690.6290283203125,196.45980834960938,599.7122802734375,302.96417236328125,680.0000610351562,125.17729187011719,619.7598266601562,278.464599609375,669.20068359375,428.8318786621094,620.5140380859375,436.3622131347656,668.1617431640625,548.4841918945312,621.607177734375,547.2183227539062,654.216064453125,667.9994506835938,633.091552734375,665.29296875
982,32.73322722852512,647.9426879882812,225.64675903320312,659.4635620117188,218.3230438232422,637.7841186523438,217.23426818847656,672.7089233398438,222.63827514648438,620.8609008789062,221.95050048828125,679.6310424804688,254.7583465576172,604.7871704101562,282.0392761230469,690.6353759765625,193.9553985595703,600.0126953125,305.75775146484375,680.5418701171875,121.9566421508789,620.6398315429688,282.9195861816406,669.1792602539062,428.8063049316406,620.4835205078125,436.7676696777344,667.9578857421875,548.5924682617188,621.4951782226562,547.3600463867188,653.8060302734375,667.8575439453125,633.0740966796875,664.697998046875
983,32.76656045380875,647.8265991210938,225.69985961914062,659.4420776367188,218.31910705566406,637.6150512695312,217.33099365234375,673.0051879882812,222.57994079589844,620.9907836914062,222.11672973632812,679.9900512695312,254.81185913085938,605.209716796875,281.79095458984375,690.8582763671875,193.82699584960938,599.9171142578125,303.4609375,680.7366943359375,122.42178344726562,620.7139892578125,279.0388488769531,668.9306640625,428.720703125,620.2867431640625,436.6590576171875,668.1670532226562,548.47607421875,621.86181640625,547.6947631835938,653.8363037109375,667.6744995117188,633.0289916992188,665.2783203125
984,32.79989367909238,648.0726318359375,225.7838592529297,659.6359252929688,218.36135864257812,637.7979736328125,217.4850311279297,673.1038818359375,222.63125610351562,621.0418701171875,222.3563690185547,680.2032470703125,254.7908172607422,604.9532470703125,282.3883972167969,690.9393920898438,195.5487060546875,600.4430541992188,307.8144226074219,681.0077514648438,123.7936782836914,622.1588134765625,286.182861328125,669.256591796875,428.2507629394531,620.2373046875,436.4215393066406,668.238525390625,548.4089965820312,621.5138549804688,547.6024780273438,653.90283203125,667.7254028320312,633.0885620117188,665.4495239257812
985,32.83322690437601,647.9036254882812,225.67129516601562,659.5093383789062,218.3216094970703,637.6775512695312,217.40103149414062,673.035400390625,222.7333526611328,621.0452880859375,222.32806396484375,680.0347290039062,254.970947265625,604.9449462890625,282.2438659667969,690.80419921875,195.7227325439453,600.2176513671875,307.1344909667969,680.8658447265625,123.84428405761719,622.43310546875,285.3563537597656,669.1968383789062,428.0440979003906,620.28662109375,436.1813049316406,668.2566528320312,548.0684204101562,621.7944946289062,547.5899658203125,653.759765625,667.2181396484375,633.2938232421875,665.6156616210938
986,32.86656012965964,647.9226684570312,225.65969848632812,659.500244140625,218.34017944335938,637.7006225585938,217.39974975585938,673.0086669921875,222.757080078125,621.0917358398438,222.31820678710938,679.9805297851562,255.01119995117188,605.1180419921875,281.98382568359375,690.6008911132812,195.34713745117188,600.4362182617188,305.7956237792969,680.9312744140625,123.84236145019531,622.7368774414062,283.8810119628906,669.1104125976562,428.1984558105469,620.3118286132812,436.1943054199219,668.1953735351562,548.064697265625,621.6873168945312,547.3533935546875,653.6842041015625,667.2116088867188,632.8590698242188,665.2490844726562
987,32.89989335494327,647.9181518554688,225.70278930664062,659.419677734375,218.32847595214844,637.68603515625,217.4838409423828,672.8776245117188,222.63427734375,621.1561279296875,222.37149047851562,680.041748046875,254.9799346923828,605.0806274414062,281.9340515136719,690.7676391601562,196.52061462402344,600.29833984375,306.5813903808594,681.0759887695312,125.03511810302734,622.8899536132812,284.7940368652344,669.1194458007812,427.9201965332031,620.277099609375,435.972900390625,668.4890747070312,547.8824462890625,622.153076171875,547.3500366210938,653.8318481445312,667.2315673828125,633.2401123046875,665.6632080078125
988,32.9332265802269,647.8792114257812,225.6704559326172,659.4277954101562,218.3704833984375,637.600341796875,217.4968719482422,673.0078735351562,222.73890686035156,621.0418090820312,222.453857421875,679.8870849609375,255.01429748535156,605.8562622070312,281.2782897949219,690.621826171875,193.30206298828125,601.4854736328125,301.1237487792969,680.9181518554688,122.78423309326172,623.787109375,280.1888122558594,668.809814453125,428.62310791015625,620.5363159179688,436.3374328613281,667.7423706054688,548.1806030273438,622.1394653320312,547.5012817382812,653.8099975585938,667.3489379882812,633.0908813476562,665.6036376953125
989,32.966559805510535,647.9955444335938,225.73597717285156,659.5535888671875,218.38250732421875,637.7162475585938,217.52474975585938,673.0868530273438,222.8040771484375,621.0899658203125,222.5977020263672,679.7353515625,255.25540161132812,605.5867919921875,282.6864318847656,690.4210815429688,194.09593200683594,600.7825317382812,306.4200744628906,681.0842895507812,122.86529541015625,621.0562744140625,288.06072998046875,668.942626953125,428.2979736328125,620.7333984375,436.4424133300781,667.619384765625,547.9979858398438,622.322021484375,547.5894775390625,653.6552734375,666.9398193359375,633.5706787109375,665.6366577148438
990,32.99989303079416,647.8460083007812,225.65428161621094,659.425048828125,218.44839477539062,637.541259765625,217.48602294921875,673.0712280273438,223.027587890625,620.9168090820312,222.6302947998047,679.5315551757812,255.5222625732422,606.7057495117188,280.99859619140625,690.033935546875,191.15432739257812,602.7697143554688,296.0430908203125,680.1607055664062,120.46630096435547,623.052001953125,273.2192077636719,668.5035400390625,429.3515319824219,620.9671630859375,436.6217956542969,666.8470458984375,548.5977172851562,621.9589233398438,547.34228515625,654.3036499023438,667.5315551757812,633.061279296875,664.7691650390625
991,33.033226256077796,647.7852783203125,225.69537353515625,659.438720703125,218.4779052734375,637.4619750976562,217.5142059326172,673.1858520507812,223.1586151123047,620.8453979492188,222.7875518798828,679.5460815429688,255.6797637939453,606.4843139648438,281.8514404296875,690.126708984375,191.4623260498047,602.6180419921875,299.1798095703125,680.3297119140625,120.3870620727539,622.7250366210938,278.0433654785156,668.4525756835938,429.042724609375,620.8223876953125,436.5827331542969,666.8824462890625,548.3258666992188,622.0033569335938,547.398193359375,653.9908447265625,667.3817749023438,633.1294555664062,665.2146606445312
992,33.06655948136142,647.3528442382812,225.53668212890625,658.718505859375,218.20895385742188,637.4102783203125,217.40606689453125,672.3109741210938,222.14881896972656,621.7991333007812,222.06092834472656,679.8880004882812,254.1770782470703,606.4278564453125,280.5852355957031,691.3732299804688,195.03184509277344,602.1371459960938,303.160400390625,680.5853881835938,123.32438659667969,625.5193481445312,281.9486999511719,667.992431640625,427.2756042480469,620.0252075195312,435.0258483886719,667.9227294921875,547.34765625,622.4183349609375,547.0445556640625,654.234375,667.073486328125,632.4277954101562,665.9247436523438
993,33.09989270664506,647.3658447265625,225.60902404785156,658.7042846679688,218.2396697998047,637.4313354492188,217.5025634765625,672.2513427734375,222.13636779785156,621.8863525390625,222.17816162109375,679.942138671875,254.16261291503906,606.2107543945312,281.1912841796875,691.442138671875,196.0993194580078,601.9301147460938,306.0553283691406,681.1427612304688,124.60323333740234,625.3187255859375,285.33642578125,668.0969848632812,426.9943542480469,620.0068359375,435.01959228515625,668.0767822265625,547.3781127929688,622.5355224609375,547.275146484375,653.9287109375,666.9977416992188,632.604736328125,666.1627197265625
994,33.133225931928685,647.4429931640625,225.64865112304688,658.7574462890625,218.2665252685547,637.4854736328125,217.56991577148438,672.3356323242188,222.11595153808594,621.9815673828125,222.2562713623047,679.947509765625,254.0675506591797,606.3509521484375,281.4591369628906,691.3453369140625,196.09349060058594,602.632568359375,308.05267333984375,681.020263671875,123.87593841552734,626.3023681640625,289.4964599609375,668.0488891601562,426.57611083984375,620.0332641601562,434.7005920410156,667.9238891601562,547.3499145507812,622.9525756835938,547.2097778320312,653.4417114257812,666.4349365234375,632.9757690429688,665.72314453125
995,33.16655915721232,647.4782104492188,225.57156372070312,658.5996704101562,218.19374084472656,637.5236206054688,217.58460998535156,671.908447265625,222.01675415039062,622.046630859375,222.26022338867188,679.9677734375,254.24435424804688,606.15478515625,281.01300048828125,691.431396484375,198.9769287109375,601.3823852539062,308.1777038574219,681.4259033203125,127.22156524658203,624.4374389648438,288.46002197265625,668.3518676757812,426.3839416503906,620.2476196289062,434.34747314453125,668.1287841796875,547.4799194335938,623.203369140625,547.268798828125,652.8966674804688,666.3843383789062,632.645751953125,665.8358154296875
996,33.199892382495946,647.3012084960938,225.6148223876953,658.5227661132812,218.28248596191406,637.3636474609375,217.58567810058594,671.9534301757812,222.22775268554688,621.8956909179688,222.31842041015625,679.971435546875,254.48448181152344,606.2841186523438,280.9002685546875,691.4926147460938,197.41610717773438,601.4739990234375,304.89691162109375,681.1661987304688,125.80062866210938,624.0392456054688,282.704833984375,668.3005981445312,427.0754699707031,620.2634887695312,434.859619140625,668.14208984375,547.5191650390625,622.788330078125,547.1388549804688,653.5634765625,666.985595703125,632.4823608398438,665.9965209960938
997,33.23322560777958,647.1538696289062,225.64266967773438,658.5050659179688,218.35995483398438,637.1945190429688,217.54464721679688,672.1452026367188,222.47703552246094,621.735107421875,222.3701171875,679.9829711914062,255.0267333984375,606.5785522460938,280.6697692871094,691.3131103515625,196.3807373046875,600.9436645507812,301.24163818359375,680.843994140625,124.89372253417969,621.7566528320312,277.680419921875,668.0785522460938,428.0782775878906,620.3153076171875,435.4751281738281,667.7354736328125,548.1649780273438,622.6337890625,547.292236328125,653.9415893554688,668.0771484375,632.5419921875,666.2529907226562
998,33.26655883306321,647.1890258789062,225.70950317382812,658.4613037109375,218.35906982421875,637.21044921875,217.6689910888672,672.038330078125,222.30697631835938,621.8289184570312,222.44578552246094,680.1232299804688,254.67442321777344,606.4512939453125,280.840087890625,691.2896728515625,197.42283630371094,601.1455688476562,304.07733154296875,680.8134155273438,125.85029602050781,623.2861938476562,281.9808044433594,668.1873168945312,427.7029724121094,620.2018432617188,435.32147216796875,667.8204956054688,548.0784912109375,622.6404418945312,547.3440551757812,653.596435546875,667.40673828125,632.5037841796875,665.77978515625
999,33.299892058346835,647.0181884765625,225.5522918701172,658.2742309570312,218.2296142578125,637.1058959960938,217.58084106445312,671.9156494140625,222.19305419921875,622.037109375,222.34156799316406,680.3341674804688,254.7593231201172,606.594482421875,279.6362609863281,691.6153564453125,198.54869079589844,600.2545776367188,298.95648193359375,680.7366943359375,127.00184631347656,623.35791015625,270.4786376953125,668.031494140625,427.56280517578125,619.9900512695312,434.86798095703125,667.9412841796875,547.7112426757812,622.6670532226562,547.3584594726562,653.595458984375,667.5515747070312,632.2548828125,666.4818115234375
1000,33.33322528363047,647.14501953125,225.57864379882812,658.3630981445312,218.28555297851562,637.2221069335938,217.62667846679688,671.8914184570312,222.21514892578125,621.9920043945312,222.30221557617188,680.2881469726562,254.66348266601562,606.6362915039062,278.7601623535156,691.5554809570312,197.39569091796875,599.2415161132812,294.2748107910156,680.646484375,126.26884460449219,620.9879150390625,263.1199645996094,668.077392578125,427.6369323730469,620.1372680664062,434.66497802734375,667.5489501953125,547.6693115234375,622.36572265625,547.1415405273438,653.6503295898438,667.701416015625,632.1630859375,666.2738037109375
1001,33.366558508914096,646.94287109375,224.99313354492188,658.0794067382812,217.6736297607422,637.0953979492188,217.11245727539062,671.6022338867188,221.65771484375,622.4110717773438,221.9285430908203,680.25732421875,254.60365295410156,606.55078125,279.3709411621094,690.7968139648438,200.7467041015625,599.5814208984375,303.1044616699219,681.75146484375,130.9659423828125,623.08544921875,283.7262268066406,667.8726806640625,427.0357666015625,619.911376953125,434.2352294921875,667.9863891601562,548.0289306640625,622.75341796875,546.6205444335938,654.6436767578125,668.080078125,632.62255859375,665.8751220703125
1002,33.39989173419773,646.94775390625,225.02359008789062,658.0403442382812,217.63644409179688,637.0827026367188,217.17575073242188,671.5220947265625,221.51060485839844,622.4445190429688,221.98007202148438,680.4548950195312,254.4044647216797,606.3258666992188,279.58819580078125,690.9518432617188,202.06997680664062,598.8660278320312,305.00518798828125,681.9445190429688,132.19203186035156,621.92919921875,284.4581604003906,668.1215209960938,426.5729675292969,619.9217529296875,433.9622802734375,668.2088012695312,547.7023315429688,622.721435546875,546.438720703125,654.4837036132812,667.4354858398438,632.6889038085938,665.3965454101562
1003,33.43322495948136,647.1256713867188,224.9167022705078,658.0748291015625,217.4310760498047,637.1569213867188,217.16236877441406,671.42138671875,221.35191345214844,622.49609375,222.02406311035156,680.73583984375,255.20999145507812,606.3418579101562,278.66473388671875,691.5107421875,208.98318481445312,598.1682739257812,305.0913391113281,682.4532470703125,138.70606994628906,621.6543579101562,282.1201171875,668.302734375,425.86236572265625,619.9038696289062,432.82440185546875,668.3207397460938,547.1842041015625,623.1038208007812,546.2251586914062,654.4896850585938,667.0639038085938,632.77099609375,666.1986083984375
1004,33.46655818476499,647.0576782226562,224.77688598632812,658.0328979492188,217.38247680664062,637.0888671875,217.0626678466797,671.49365234375,221.46974182128906,622.5433959960938,221.98597717285156,681.0100708007812,255.579833984375,606.7406005859375,277.37628173828125,691.8106079101562,209.71917724609375,598.5538330078125,299.9084167480469,681.897705078125,139.69444274902344,623.3388671875,274.4707946777344,668.0296020507812,426.1878356933594,619.5941772460938,432.5316467285156,668.3759765625,547.3203125,622.8779296875,546.0574951171875,654.909912109375,667.4500122070312,632.1802368164062,666.2935791015625
1005,33.49989141004862,647.2322998046875,224.6910858154297,658.1035766601562,217.10964965820312,637.15966796875,217.0248260498047,671.501220703125,221.11895751953125,622.691650390625,222.01666259765625,681.466552734375,255.90623474121094,606.3405151367188,277.6186828613281,692.1954956054688,215.29795837402344,597.0620727539062,304.4360656738281,681.9688110351562,143.41140747070312,622.4803466796875,277.0382385253906,668.5358276367188,425.61993408203125,619.5482788085938,432.1511535644531,668.9992065429688,546.9215087890625,623.3148193359375,546.4008178710938,654.5859985351562,666.1962890625,632.22998046875,666.5454711914062
1006,33.53322463533225,646.9794921875,224.67237854003906,657.944580078125,217.2393798828125,637.0185546875,216.9694061279297,671.4068603515625,221.32054138183594,622.5658569335938,221.94203186035156,681.3363037109375,255.34974670410156,606.1728515625,277.7248229980469,692.0575561523438,210.69232177734375,597.3098754882812,302.1534118652344,681.4038696289062,139.50975036621094,622.5385131835938,274.04718017578125,668.42626953125,425.9632568359375,619.4693603515625,432.5771179199219,668.8190307617188,547.171630859375,623.0227661132812,546.1552124023438,654.4764404296875,667.061767578125,632.55615234375,666.0516357421875
1007,33.56655786061588,647.18896484375,225.08175659179688,658.6524047851562,217.84036254882812,637.0562744140625,217.2004852294922,672.3479614257812,222.4337158203125,621.5379028320312,222.50706481933594,680.6849975585938,255.43751525878906,605.7064208984375,280.3434143066406,690.6259155273438,200.07029724121094,598.1499633789062,299.7750244140625,680.9362182617188,131.58792114257812,619.0076904296875,272.00482177734375,668.8812255859375,427.7874755859375,620.221435546875,435.1109313964844,668.1092529296875,548.0034790039062,622.0472412109375,546.7871704101562,654.144775390625,667.82666015625,633.5929565429688,665.4559936523438
1008,33.599891085899515,647.9119262695312,225.20858764648438,659.2987060546875,217.90087890625,637.6553955078125,217.32118225097656,672.847900390625,222.44464111328125,621.7196655273438,222.67347717285156,680.857421875,255.5131378173828,605.8572998046875,280.6514587402344,690.7412719726562,199.44683837890625,598.8916625976562,300.9837646484375,680.8521118164062,130.4453582763672,620.5353393554688,276.5855407714844,668.8583984375,427.7743225097656,620.1561279296875,435.1549987792969,667.8994750976562,548.0625610351562,622.0975341796875,546.8171997070312,654.537841796875,668.2000732421875,633.7774047851562,665.7156982421875
1009,33.63322431118314,648.0747680664062,225.410888671875,659.3875122070312,218.06361389160156,637.8690185546875,217.48973083496094,672.7885131835938,222.44517517089844,621.9447631835938,222.68299865722656,680.810546875,255.32723999023438,605.7310180664062,281.0384216308594,690.8076171875,200.22903442382812,598.6940307617188,304.3262634277344,681.2261352539062,130.96633911132812,620.8145751953125,281.7466125488281,668.9915771484375,427.5342102050781,620.2501831054688,435.15533447265625,668.1824340820312,547.9745483398438,622.3800048828125,546.9273681640625,654.1553344726562,667.8707885742188,633.6428833007812,665.6781616210938
1010,33.666557536466776,648.11083984375,225.458984375,659.515625,218.1439666748047,637.950439453125,217.43922424316406,672.9493408203125,222.64857482910156,621.9791259765625,222.6361846923828,680.7992553710938,255.68077087402344,605.6546020507812,281.4610900878906,690.836669921875,199.90765380859375,598.4078369140625,304.0931701660156,681.3471069335938,130.49447631835938,619.4786987304688,279.5671691894531,669.0324096679688,427.9723815917969,620.3069458007812,435.59405517578125,668.4228515625,548.3803100585938,622.289306640625,547.2218017578125,654.3701171875,668.2103271484375,633.6406860351562,665.7362670898438
1011,33.6998907617504,648.01611328125,225.60731506347656,659.5321655273438,218.3315887451172,637.9417114257812,217.4459991455078,673.0516967773438,222.79612731933594,621.9406127929688,222.42886352539062,680.54736328125,255.55052185058594,605.5900268554688,281.41607666015625,690.5661010742188,197.74620056152344,598.6763916015625,303.2248840332031,681.2485961914062,128.00595092773438,620.7238159179688,279.021484375,669.0010986328125,428.2914123535156,620.3496704101562,435.9155578613281,668.20458984375,548.2181396484375,621.8634033203125,546.990966796875,654.3795166015625,667.631103515625,633.3070068359375,664.7493286132812
1012,33.73322398703404,647.8728637695312,225.4129638671875,659.408935546875,218.20848083496094,637.84912109375,217.32260131835938,673.009033203125,222.72259521484375,622.0438842773438,222.3166961669922,680.6382446289062,255.440673828125,606.0010375976562,280.2663269042969,690.6447143554688,197.3943634033203,598.4400634765625,297.912841796875,680.7424926757812,128.30068969726562,620.0537109375,269.68719482421875,668.8402709960938,428.1305847167969,620.4192504882812,435.4197692871094,667.958740234375,547.9017944335938,622.043212890625,546.7730102539062,654.4188232421875,667.9992065429688,633.5953369140625,665.267822265625
1013,33.766557212317664,647.8402099609375,225.4210662841797,659.3995361328125,218.2008514404297,637.820556640625,217.4016876220703,673.0277099609375,222.75067138671875,622.1237182617188,222.44403076171875,680.8665161132812,255.51649475097656,605.6621704101562,280.2575378417969,690.7486572265625,198.80653381347656,597.4842529296875,297.93035888671875,680.7310791015625,130.19241333007812,619.760498046875,267.5744323730469,668.988525390625,427.8440246582031,620.1978759765625,435.2542724609375,668.24267578125,547.67138671875,621.8138427734375,547.0258178710938,654.3753662109375,667.7739868164062,633.6165771484375,665.8692626953125
1014,33.79989043760129,648.2843627929688,225.58837890625,659.8250122070312,218.43699645996094,638.2213134765625,217.54248046875,673.3533325195312,223.01513671875,622.1768188476562,222.55169677734375,680.6876220703125,255.503173828125,606.1468505859375,279.7940979003906,690.7830200195312,194.43447875976562,598.4668579101562,292.3157958984375,680.6257934570312,124.44316101074219,620.7780151367188,260.00128173828125,668.8746948242188,428.5262145996094,620.4247436523438,435.7138977050781,667.6553344726562,548.1416625976562,621.60400390625,547.376708984375,654.331298828125,667.6771240234375,633.248779296875,665.3013916015625
1015,33.833223662884926,648.2478637695312,225.59823608398438,659.7761840820312,218.492431640625,638.2147827148438,217.5563201904297,673.2669067382812,223.12705993652344,622.2138061523438,222.50106811523438,680.60888671875,255.83152770996094,606.106201171875,279.1565246582031,690.50927734375,195.70289611816406,597.0695190429688,289.85968017578125,680.4523315429688,126.30005645751953,618.3195190429688,256.00225830078125,668.898681640625,428.65948486328125,620.47412109375,435.5859069824219,667.9656372070312,548.1709594726562,621.5863647460938,547.4852905273438,654.3496704101562,667.5581665039062,632.6102905273438,665.572021484375
1016,33.86655688816855,648.3629150390625,225.90939331054688,659.9129638671875,218.8042449951172,638.3304443359375,217.82785034179688,673.3834838867188,223.44656372070312,622.1891479492188,222.77943420410156,680.4681396484375,255.95635986328125,606.157958984375,279.9244384765625,690.7843627929688,195.26454162597656,597.7379150390625,292.4306335449219,680.7613525390625,124.93003845214844,618.90185546875,260.112060546875,668.829833984375,428.4322204589844,620.509033203125,435.55072021484375,667.9295043945312,548.2081298828125,621.572021484375,547.7504272460938,654.2381591796875,667.4588012695312,632.4005126953125,665.83837890625
1017,33.89989011345219,648.4189453125,226.03221130371094,659.9301147460938,218.7125244140625,638.35693359375,217.94056701660156,673.364501953125,223.03839111328125,622.3046875,222.8751678466797,680.7190551757812,255.39837646484375,605.6866455078125,281.6741943359375,690.8182373046875,197.14346313476562,597.6408081054688,301.69580078125,680.8834228515625,127.30966186523438,619.0651245117188,272.4023132324219,669.065185546875,427.91668701171875,620.3680419921875,435.8963623046875,668.3174438476562,548.2188110351562,621.7461547851562,548.2943115234375,653.8078002929688,666.9163208007812,632.8533325195312,665.8446044921875
1018,33.933223338735814,648.4356079101562,226.20925903320312,659.92529296875,218.82980346679688,638.3602905273438,218.08094787597656,673.3447265625,223.0204315185547,622.2938232421875,222.92117309570312,680.9885864257812,255.2677459716797,605.540771484375,281.72509765625,691.1246948242188,197.19189453125,597.6889038085938,301.8316650390625,680.78955078125,126.9466323852539,619.1962890625,270.6352233886719,669.1837768554688,428.3097839355469,620.2113037109375,436.28277587890625,668.300048828125,548.6359252929688,621.4227905273438,548.3740844726562,653.52734375,667.709716796875,632.70166015625,665.9345092773438
1019,33.96655656401945,648.376953125,226.45742797851562,659.9507446289062,218.99713134765625,638.1204223632812,218.26739501953125,673.694091796875,223.12181091308594,621.9490966796875,223.23855590820312,681.0142822265625,255.44969177246094,606.1241455078125,282.1814270019531,690.8289794921875,194.38079833984375,598.9052734375,300.717529296875,680.2494506835938,123.5809555053711,619.5853271484375,272.16046142578125,668.8653564453125,429.25152587890625,620.2587280273438,437.1283264160156,667.6337890625,549.4889526367188,621.63525390625,548.7991333007812,653.51171875,668.387451171875,632.7526245117188,665.7437744140625
1020,33.999889789303076,648.3720703125,226.56581115722656,659.9193725585938,219.08580017089844,638.1458740234375,218.3378448486328,673.59033203125,223.08767700195312,621.8802490234375,223.1868133544922,680.779296875,255.14450073242188,605.9486694335938,282.40185546875,690.8732299804688,193.3865203857422,599.1181640625,302.1557312011719,679.9771118164062,122.41627502441406,620.5164794921875,275.72894287109375,668.8568115234375,429.0304870605469,620.259033203125,437.1289367675781,667.7626342773438,549.2764892578125,621.80224609375,548.9580688476562,653.593994140625,668.4200439453125,632.7839965820312,666.2658081054688
1021,34.03322301458671,648.0547485351562,226.50552368164062,659.61376953125,218.95860290527344,637.8328857421875,218.29559326171875,673.4091796875,222.9678955078125,621.8416137695312,223.32925415039062,680.9760131835938,255.1484375,605.6907958984375,283.5799560546875,691.0105590820312,193.9457550048828,598.7188720703125,306.1165466308594,680.35009765625,122.98981475830078,620.1209716796875,280.034912109375,669.087646484375,429.1869812011719,620.3038940429688,437.709716796875,667.82666015625,549.303466796875,621.727783203125,549.1866455078125,653.2274780273438,668.387451171875,632.8028564453125,666.215087890625
1022,34.06655623987034,648.22900390625,226.506591796875,659.7526245117188,218.95291137695312,637.9608764648438,218.27296447753906,673.4424438476562,223.06039428710938,621.7794799804688,223.4208526611328,680.9296875,255.44070434570312,605.5523071289062,283.8876647949219,691.0557250976562,193.886962890625,598.3110961914062,305.9000244140625,680.4744262695312,122.38934326171875,619.201416015625,278.47344970703125,669.0991821289062,429.439697265625,620.281005859375,437.98199462890625,668.1422729492188,549.3921508789062,621.8134155273438,549.2711181640625,653.639892578125,668.6304321289062,632.7278442382812,666.2791748046875
1023,34.09988946515397,648.1427612304688,226.42185974121094,659.6303100585938,218.9407958984375,637.88916015625,218.2708740234375,673.3194580078125,223.13424682617188,621.83349609375,223.4608612060547,681.0091552734375,255.54336547851562,605.674072265625,283.6453552246094,691.2583618164062,194.66055297851562,599.6836547851562,306.00177001953125,680.5733032226562,123.1109848022461,622.4153442382812,279.35858154296875,669.0912475585938,429.24627685546875,620.2088012695312,437.65655517578125,668.3683471679688,549.3143920898438,622.1090698242188,549.036865234375,653.2830810546875,668.58935546875,632.80810546875,666.3950805664062
1024,34.1332226904376,648.420166015625,225.97682189941406,659.7783813476562,218.80284118652344,638.47216796875,217.9347686767578,673.1814575195312,223.5756072998047,622.8687133789062,223.38528442382812,680.9097900390625,256.80328369140625,606.3148193359375,282.9352722167969,691.4517211914062,197.9678192138672,598.3858642578125,304.497802734375,680.0472412109375,125.16001892089844,619.8927001953125,278.7905578613281,668.29443359375,428.9457092285156,619.9705810546875,436.6119079589844,668.1560668945312,549.3251953125,622.1932983398438,548.7445678710938,653.856201171875,668.20361328125,632.0338134765625,666.2886962890625
1025,34.16655591572123,648.0997924804688,225.85511779785156,659.4156494140625,218.74871826171875,638.2702026367188,217.8206024169922,672.7581176757812,223.5217742919922,622.8518676757812,223.19168090820312,680.636962890625,256.73748779296875,606.2880859375,282.0586242675781,691.1385498046875,196.9896697998047,597.51904296875,299.69970703125,679.6226196289062,124.22645568847656,618.5136108398438,269.49951171875,668.1888427734375,428.9730224609375,620.0245361328125,436.37176513671875,668.1221923828125,549.3954467773438,621.9432373046875,548.636474609375,654.5502319335938,668.5148315429688,631.9138793945312,666.089599609375
1026,34.19988914100486,647.9501342773438,225.97518920898438,659.2559814453125,218.76451110839844,638.1517333984375,217.8946990966797,672.5896606445312,223.2677459716797,622.789306640625,223.1803436279297,680.4367065429688,255.8368682861328,605.8551025390625,283.596923828125,691.2743530273438,195.96749877929688,597.896240234375,308.3139953613281,680.6720581054688,123.38711547851562,619.84521484375,284.6865234375,668.1812133789062,428.2294921875,619.9706420898438,436.47491455078125,668.0630493164062,548.9820556640625,622.2119140625,548.6245727539062,653.7113037109375,668.181884765625,632.22412109375,666.00341796875
1027,34.233222366288494,648.1798706054688,225.92100524902344,659.488525390625,218.7730255126953,638.32177734375,217.90248107910156,672.8392944335938,223.44540405273438,622.8683471679688,223.27134704589844,680.612060546875,256.2877197265625,606.1124267578125,282.79998779296875,691.3618774414062,196.26458740234375,598.2473754882812,304.5049743652344,680.567626953125,123.56446075439453,621.0103759765625,279.93475341796875,668.1595458984375,428.4164733886719,619.8956909179688,436.25238037109375,668.103271484375,548.98095703125,622.0894165039062,548.5302734375,654.0206298828125,668.364990234375,631.9358520507812,666.441162109375
1028,34.26655559157212,646.6774291992188,225.50767517089844,658.0568237304688,218.26292419433594,636.9080810546875,217.4635467529297,671.6381225585938,222.89356994628906,621.9810791015625,222.73477172851562,680.4743041992188,255.96385192871094,604.82421875,282.94976806640625,691.9209594726562,201.49563598632812,597.5074462890625,311.1455078125,681.0520629882812,127.8257827758789,621.6455078125,286.2219543457031,668.7528076171875,427.5965881347656,619.71240234375,435.71820068359375,669.1008911132812,548.427978515625,621.9983520507812,548.2484741210938,654.1085815429688,667.8408203125,632.293212890625,666.78759765625
1029,34.29988881685575,646.6716918945312,225.59844970703125,658.1012573242188,218.42372131347656,636.950439453125,217.48361206054688,671.6824340820312,222.9959259033203,621.8538208007812,222.6390838623047,679.9818115234375,255.52024841308594,604.9815673828125,283.24420166015625,691.6483764648438,197.9210662841797,598.7522583007812,311.145263671875,680.95654296875,123.9277572631836,622.378173828125,288.2956848144531,668.5169067382812,427.7533264160156,619.8153076171875,436.04693603515625,668.9757690429688,548.8075561523438,621.997314453125,548.6228637695312,654.3360595703125,667.8922729492188,632.2594604492188,666.6228637695312
1030,34.33322204213938,646.6799926757812,225.5955810546875,658.0594482421875,218.3394012451172,636.911865234375,217.48941040039062,671.5399780273438,222.97003173828125,621.7767944335938,222.73675537109375,680.174560546875,255.8223419189453,604.3511352539062,283.9798889160156,691.8889770507812,201.42276000976562,597.3773803710938,316.31451416015625,680.927490234375,126.8010025024414,620.857666015625,295.1072692871094,668.9105224609375,427.83392333984375,619.7288208007812,436.3750305175781,669.38916015625,548.7320556640625,621.9813232421875,548.8943481445312,653.7926635742188,668.0260620117188,631.9730834960938,667.539794921875
1031,34.36655526742301,646.6032104492188,225.6630401611328,657.9827880859375,218.3996124267578,636.80908203125,217.6391143798828,671.5572509765625,222.99620056152344,621.7792358398438,222.9955291748047,680.1683959960938,255.6735382080078,604.7879638671875,284.0172119140625,691.9713745117188,200.4573516845703,598.3609619140625,315.0278015136719,681.0775756835938,126.30806732177734,621.7184448242188,292.9421081542969,668.7089233398438,427.73834228515625,619.7591552734375,436.3514099121094,669.2456665039062,548.6638793945312,622.0611572265625,549.1132202148438,653.9552001953125,668.2102661132812,631.9515380859375,668.0729370117188
1032,34.399888492706644,646.908447265625,225.72496032714844,658.2646484375,218.4948272705078,637.0695190429688,217.74337768554688,671.7500610351562,223.20350646972656,621.8699340820312,223.15281677246094,680.2276611328125,256.0663146972656,604.8024291992188,283.6069030761719,691.8448486328125,201.36900329589844,598.1862182617188,312.9063720703125,680.29638671875,127.26105499267578,622.5172119140625,289.3399963378906,668.623046875,427.48004150390625,619.602294921875,435.9144287109375,669.3756713867188,548.3764038085938,622.2359619140625,549.144775390625,653.890625,667.7372436523438,631.919677734375,668.2811279296875
1033,34.43322171799027,646.8623046875,225.8209228515625,658.358642578125,218.6695098876953,637.1181030273438,217.7019805908203,671.9102783203125,223.40335083007812,621.7554931640625,222.98138427734375,679.7193603515625,255.90103149414062,604.8882446289062,284.1856384277344,691.4323120117188,199.08450317382812,599.148193359375,314.9265441894531,680.0770874023438,125.33255767822266,622.0521850585938,296.11029052734375,668.2340698242188,427.6964416503906,619.6369018554688,436.2450256347656,668.5965576171875,548.5130615234375,621.9331665039062,548.9877319335938,654.020263671875,668.0693359375,632.3287963867188,668.003662109375
1034,34.466554943273906,646.8615112304688,225.7761688232422,658.3172607421875,218.5188446044922,637.0326538085938,217.74851989746094,671.9898681640625,223.2198028564453,621.8953857421875,223.17723083496094,680.0524291992188,255.95834350585938,604.7831420898438,284.8577880859375,691.6311645507812,200.74501037597656,599.6475219726562,318.2783508300781,681.07470703125,125.37642669677734,623.4692993164062,298.3593444824219,668.5864868164062,427.42608642578125,619.6070556640625,436.2884826660156,669.2246704101562,548.764892578125,622.17431640625,549.471435546875,653.9169311523438,667.72412109375,632.3226318359375,668.2471313476562
1035,34.49988816855753,646.7001953125,225.80062866210938,658.189208984375,218.568359375,636.88671875,217.73377990722656,671.9364013671875,223.1934356689453,621.7401733398438,223.06362915039062,679.9722290039062,255.619384765625,604.9204711914062,284.4466857910156,691.6245727539062,199.6960906982422,599.606201171875,317.5965881347656,680.828857421875,125.29945373535156,623.6133422851562,300.38824462890625,668.43701171875,427.2988586425781,619.6099853515625,436.0720520019531,668.9072875976562,548.447998046875,622.0087280273438,549.1112670898438,653.7501831054688,667.5435791015625,631.8951416015625,667.8472900390625
1036,34.53322139384117,646.6683959960938,225.73439025878906,658.17041015625,218.54714965820312,636.870361328125,217.6744384765625,671.923828125,223.27529907226562,621.7850341796875,223.05491638183594,680.0654907226562,255.8412322998047,604.909423828125,284.3426208496094,691.7255859375,199.97254943847656,599.5804443359375,316.6366271972656,681.12255859375,125.66102600097656,623.8697509765625,297.9974060058594,668.4268798828125,427.5352478027344,619.54833984375,436.1779479980469,669.1182861328125,548.7272338867188,622.068115234375,549.1507568359375,653.7437133789062,667.7960205078125,631.9195556640625,667.7872314453125
1037,34.566554619124794,646.4365844726562,225.7467498779297,658.0147705078125,218.52383422851562,636.6544799804688,217.7039794921875,671.9796142578125,223.22206115722656,621.7803955078125,223.09881591796875,680.3080444335938,255.65347290039062,604.8519897460938,284.3813171386719,691.7139282226562,200.5611114501953,598.907470703125,317.283935546875,680.235107421875,126.18388366699219,623.2305297851562,297.60711669921875,668.6478271484375,427.3628845214844,619.5776977539062,436.15032958984375,669.0926513671875,548.1948852539062,621.9872436523438,549.1279296875,653.2792358398438,667.3499755859375,631.8885498046875,668.0750732421875
1038,34.59988784440843,646.3143920898438,225.6145782470703,657.933349609375,218.4458465576172,636.5490112304688,217.5119171142578,671.89892578125,223.27755737304688,621.6500854492188,222.9649658203125,680.1351318359375,255.85975646972656,604.8114013671875,284.7678527832031,691.3001708984375,200.31826782226562,598.9537353515625,318.4588928222656,680.2501220703125,125.93222045898438,621.6378784179688,300.1460876464844,668.63818359375,427.8759765625,619.7232666015625,436.5711669921875,668.9242553710938,548.8643798828125,621.9507446289062,548.9901733398438,653.3089599609375,667.6635131835938,632.160400390625,667.138916015625
1039,34.633221069692055,646.2357177734375,225.4456024169922,657.6533203125,218.31959533691406,636.4883422851562,217.5111541748047,671.3968505859375,223.2005157470703,621.7411499023438,223.05032348632812,680.4014282226562,256.0001525878906,604.82568359375,283.9875183105469,691.890380859375,203.31239318847656,598.6249389648438,317.46832275390625,680.3529663085938,128.37277221679688,621.5009765625,296.4029846191406,668.9824829101562,427.4466552734375,619.858642578125,435.7991638183594,668.9345092773438,548.9970092773438,621.8192138671875,548.8146362304688,653.111572265625,667.3242797851562,631.8485717773438,666.6363525390625
1040,34.66655429497569,646.2235107421875,225.44677734375,657.7816772460938,218.40548706054688,636.5741577148438,217.3487091064453,671.5234375,223.37405395507812,621.5849609375,222.8173065185547,679.78369140625,256.1143798828125,604.9810180664062,284.4061584472656,691.3023681640625,199.38356018066406,599.1915283203125,315.29656982421875,679.4030151367188,125.37112426757812,620.2893676757812,295.9147033691406,668.4496459960938,428.1895446777344,619.9163208007812,436.5331115722656,668.3555908203125,549.2380981445312,621.5604248046875,548.87158203125,654.1265258789062,667.7676391601562,632.4110717773438,666.4165649414062
1041,34.69988752025932,646.2517700195312,225.36288452148438,657.7302856445312,218.29298400878906,636.5787963867188,217.29263305664062,671.3284301757812,223.22576904296875,621.516845703125,222.75672912597656,679.8472290039062,255.98016357421875,604.593017578125,284.3385009765625,691.3253784179688,200.66770935058594,598.1702880859375,316.249755859375,679.4026489257812,126.57512664794922,619.0101318359375,295.54327392578125,668.7212524414062,427.8883972167969,619.9501953125,436.29595947265625,668.525634765625,549.1975708007812,621.6727905273438,548.807861328125,653.79248046875,667.4277954101562,632.5840454101562,665.9757690429688
1042,34.73322074554295,646.206787109375,225.416015625,657.72119140625,218.3074493408203,636.471923828125,217.33917236328125,671.3902587890625,223.27490234375,621.383056640625,222.92279052734375,679.9268188476562,256.0826110839844,604.634521484375,284.8430480957031,691.4199829101562,200.89508056640625,598.1172485351562,317.7579345703125,679.7621459960938,127.13640594482422,617.7205200195312,298.3186340332031,668.6262817382812,427.9473571777344,619.9141845703125,436.4342346191406,668.4437255859375,549.1713256835938,621.6792602539062,548.6314697265625,653.7599487304688,667.8577880859375,632.66259765625,666.16455078125
1043,34.76655397082658,646.0007934570312,225.34568786621094,657.564208984375,218.20407104492188,636.215576171875,217.32907104492188,671.4457397460938,223.2802276611328,621.3483276367188,223.0370635986328,680.2222900390625,256.4984130859375,604.8013916015625,284.6148681640625,691.9236450195312,204.1036376953125,598.2428588867188,319.0637512207031,679.9759521484375,129.2650146484375,618.5902709960938,300.4186706542969,668.7246704101562,427.9576416015625,619.8213500976562,436.2992858886719,668.7929077148438,549.3024291992188,621.8362426757812,549.1224975585938,654.1038208007812,667.7789916992188,632.5299072265625,667.1871337890625
1044,34.79988719611021,645.8990478515625,225.277587890625,657.4147338867188,218.08474731445312,636.114013671875,217.32989501953125,671.3053588867188,223.0582733154297,621.439697265625,223.01956176757812,680.3185424804688,256.3379211425781,604.77734375,284.48577880859375,691.8978271484375,204.8021240234375,597.9791870117188,318.8677673339844,680.0396728515625,129.5735626220703,618.4989013671875,297.7149963378906,668.89404296875,427.9534912109375,619.9039916992188,436.384033203125,668.7968139648438,549.486328125,621.9814453125,549.5595703125,653.6213989257812,667.4118041992188,632.6407470703125,667.2831420898438
1045,34.83322042139384,645.7303466796875,225.20057678222656,657.3382568359375,218.11569213867188,636.0224609375,217.22991943359375,671.3238525390625,223.18601989746094,621.3768920898438,222.93508911132812,680.0015258789062,256.21722412109375,605.1756591796875,284.3887634277344,691.67333984375,203.34725952148438,597.9266357421875,318.3991394042969,679.5014038085938,129.1651611328125,616.8128662109375,301.063232421875,668.59033203125,427.8050231933594,620.118896484375,436.17181396484375,668.37939453125,548.871337890625,621.96728515625,549.103759765625,653.85986328125,667.0581665039062,632.5712280273438,667.221923828125
1046,34.86655364667747,645.8578491210938,224.946533203125,657.4785766601562,217.96841430664062,636.1817016601562,217.007080078125,671.3695678710938,223.20118713378906,621.417724609375,222.77102661132812,679.9212646484375,256.112060546875,605.1371459960938,283.8271484375,691.6167602539062,201.7121124267578,597.797607421875,315.1463317871094,679.0492553710938,128.10472106933594,617.8269653320312,296.51556396484375,668.5590209960938,427.8182373046875,620.0974731445312,436.072021484375,668.4239501953125,548.7713012695312,621.912109375,549.1947021484375,654.0686645507812,667.5514526367188,632.5877075195312,667.8978881835938
1047,34.8998868719611,645.8037109375,224.86866760253906,657.3211669921875,217.81088256835938,636.1644897460938,216.94386291503906,671.1635131835938,222.85202026367188,621.6045532226562,222.66378784179688,680.0719604492188,255.5225830078125,604.9291381835938,284.4772644042969,691.6544189453125,202.69735717773438,597.9407348632812,320.8541564941406,679.310546875,128.32383728027344,618.2802124023438,304.8616638183594,668.9223022460938,427.0585021972656,620.2410278320312,435.7083740234375,668.80517578125,548.5985107421875,622.2383422851562,548.774658203125,654.0167846679688,667.40283203125,633.0092163085938,667.216064453125
1048,34.93322009724473,645.7691650390625,224.86959838867188,657.2864990234375,217.87779235839844,636.1672973632812,216.91311645507812,671.0523681640625,223.0652618408203,621.5435791015625,222.6348419189453,679.8739624023438,256.1114807128906,604.9342651367188,284.0141296386719,691.6570434570312,202.9647674560547,598.014892578125,317.6595764160156,679.2974853515625,128.60006713867188,618.4253540039062,299.71014404296875,668.5399169921875,427.44158935546875,619.9794311523438,435.6846618652344,668.6035766601562,548.9020385742188,621.935302734375,548.6993408203125,654.5482788085938,667.701904296875,632.8369140625,667.03955078125
1049,34.96655332252836,646.2552490234375,224.85984802246094,657.7017822265625,217.885009765625,636.6154174804688,216.90687561035156,671.240478515625,223.07217407226562,621.7198486328125,222.5648956298828,679.9041137695312,256.0020751953125,604.7970581054688,283.6344299316406,691.7173461914062,202.88058471679688,598.4356079101562,316.85406494140625,679.791259765625,128.47415161132812,620.7274780273438,297.94134521484375,668.53955078125,427.4081726074219,619.7832641601562,435.6221618652344,668.89501953125,548.7658081054688,622.0101928710938,548.5547485351562,654.310791015625,667.876708984375,632.6755981445312,667.1647338867188
1050,34.99988654781199,646.3507080078125,224.89276123046875,657.7487182617188,217.86080932617188,636.6759033203125,216.89674377441406,671.207275390625,222.98114013671875,621.7036743164062,222.49330139160156,679.9326171875,256.2294616699219,604.8369750976562,283.5788269042969,691.81982421875,203.86114501953125,598.2930297851562,316.6239013671875,679.9715576171875,129.5228729248047,620.1439208984375,297.09368896484375,668.5657958984375,427.63604736328125,619.8854370117188,435.7466125488281,668.8522338867188,548.9365234375,622.2669067382812,548.6322631835938,653.9585571289062,667.78125,632.6415405273438,667.0018920898438
1051,35.033219773095624,647.6981201171875,225.5359649658203,659.0942993164062,218.12428283691406,637.6380004882812,217.48890686035156,672.2882080078125,222.558349609375,621.537841796875,222.807861328125,680.108642578125,254.70388793945312,604.4815063476562,284.7485046386719,691.005615234375,200.03811645507812,598.4026489257812,318.1818542480469,680.3220825195312,127.59654235839844,617.7481689453125,294.5680236816406,669.5142211914062,427.5294189453125,620.4473876953125,436.7806396484375,669.0702514648438,548.4910888671875,622.1583862304688,549.11572265625,653.3602905273438,667.2537231445312,633.5577392578125,666.9496459960938
1052,35.06655299837925,647.6131591796875,225.74319458007812,659.0617065429688,218.26914978027344,637.503662109375,217.63519287109375,672.3980712890625,222.51673889160156,621.383544921875,222.86846923828125,680.2760009765625,254.2819366455078,604.4983520507812,285.0234375,691.1137084960938,197.702392578125,598.8333740234375,317.87109375,680.5389404296875,125.58867645263672,618.4746704101562,293.93682861328125,669.6099243164062,427.8454895019531,620.46337890625,437.26336669921875,669.007568359375,548.90283203125,622.0370483398438,549.361328125,653.005126953125,667.7572021484375,633.4127807617188,666.767822265625
1053,35.099886223662885,647.3959350585938,226.18797302246094,658.7884521484375,218.57789611816406,637.257568359375,218.1405029296875,672.192138671875,222.45472717285156,621.3037109375,223.19410705566406,680.3784790039062,253.906005859375,604.5048217773438,284.9576416015625,691.4431762695312,198.5706024169922,598.712646484375,318.7667236328125,681.0836181640625,126.48269653320312,618.38134765625,294.4185791015625,669.6182861328125,427.5157775878906,620.3746948242188,437.1031799316406,668.9403686523438,548.5136108398438,621.8820190429688,549.3345336914062,653.0240478515625,667.3455200195312,633.3182983398438,666.9149780273438
1054,35.13321944894651,647.4533081054688,226.18853759765625,658.7978515625,218.6256866455078,637.3184204101562,218.16033935546875,672.151611328125,222.4349822998047,621.3370971679688,223.12539672851562,680.22705078125,253.59805297851562,604.6299438476562,284.0845947265625,691.4275512695312,197.43971252441406,598.5678100585938,316.2974548339844,681.3915405273438,125.28621673583984,619.4902954101562,292.3286437988281,669.228271484375,427.47479248046875,620.0634765625,436.8735046386719,668.9203491210938,548.2714233398438,621.765869140625,549.0864868164062,653.0767822265625,667.4735717773438,632.5771484375,666.9473876953125
1055,35.16655267423015,647.4198608398438,226.2686767578125,658.8707275390625,218.7476348876953,637.3600463867188,218.19964599609375,672.2957763671875,222.54832458496094,621.3709106445312,223.1075897216797,680.0339965820312,253.28402709960938,604.8147583007812,284.2480163574219,691.1083984375,195.07321166992188,598.9298095703125,314.7647399902344,680.9150390625,123.51715850830078,619.3511962890625,288.680419921875,669.2402954101562,427.41827392578125,620.2996826171875,436.99951171875,668.5967407226562,548.0969848632812,621.4353637695312,549.296142578125,653.0061645507812,667.0787353515625,632.5206909179688,666.7394409179688
1056,35.199885899513774,647.5806884765625,226.35708618164062,659.0469360351562,218.83726501464844,637.5284423828125,218.2710418701172,672.4552001953125,222.65586853027344,621.4639282226562,223.17408752441406,679.8194580078125,253.48037719726562,605.0618286132812,284.2508850097656,690.968505859375,194.2081756591797,598.9168701171875,313.4546813964844,680.9566650390625,122.80509185791016,619.0908813476562,288.1831970214844,669.0689086914062,427.52728271484375,620.4318237304688,437.1038513183594,668.3017578125,547.889892578125,621.4623413085938,549.5114135742188,653.2426147460938,666.9554443359375,632.4302368164062,667.2852172851562
1057,35.23321912479741,647.5426635742188,226.47589111328125,659.0261840820312,218.9410400390625,637.5235595703125,218.2909393310547,672.3732299804688,222.67140197753906,621.3202514648438,222.982421875,679.7322387695312,253.48324584960938,604.8699951171875,283.5799560546875,691.2059936523438,193.7222442626953,598.6420288085938,310.322509765625,680.5634765625,122.21732330322266,618.9427490234375,282.4347839355469,668.8597412109375,427.9203186035156,620.109130859375,437.26513671875,668.5078125,547.8209228515625,621.1504516601562,549.4020385742188,653.738525390625,667.75390625,632.1049194335938,668.0062255859375
1058,35.266552350081035,647.6038208007812,226.46954345703125,659.1525268554688,218.97024536132812,637.5720825195312,218.244384765625,672.5436401367188,222.85980224609375,621.2330322265625,222.97659301757812,679.48388671875,254.0182342529297,605.0638427734375,283.393310546875,690.8447265625,193.29977416992188,599.2439575195312,308.08447265625,680.435546875,121.4888916015625,619.6365966796875,280.4954528808594,668.7545166015625,428.31866455078125,620.1959838867188,437.4104919433594,668.134765625,548.3240966796875,620.6652221679688,549.8114624023438,654.5762939453125,668.0811767578125,631.8834228515625,668.3369140625
1059,35.29988557536467,647.6630859375,226.52444458007812,659.2093505859375,218.91725158691406,637.5738525390625,218.25588989257812,672.6112060546875,222.67979431152344,621.1871948242188,222.9419403076172,679.703125,253.8985137939453,604.7808227539062,284.0216369628906,690.9683837890625,194.10360717773438,599.5352172851562,311.4551696777344,680.5211791992188,121.95841979980469,620.0827026367188,284.66131591796875,668.9384765625,428.3758239746094,620.0990600585938,437.7016906738281,668.2843017578125,548.5903930664062,620.8223266601562,549.887939453125,654.1578979492188,668.100341796875,632.3388061523438,668.0480346679688
1060,35.3332188006483,647.7520751953125,226.45286560058594,659.2567138671875,218.88980102539062,637.7054443359375,218.2130584716797,672.58837890625,222.7155303955078,621.3526611328125,222.90997314453125,679.4606323242188,254.00889587402344,604.8616333007812,284.3114929199219,690.709716796875,194.2738037109375,600.2122802734375,313.7293395996094,680.3861694335938,121.6666259765625,620.7516479492188,290.918701171875,668.8760986328125,427.8273010253906,620.2197875976562,437.21185302734375,668.2193603515625,547.9631958007812,621.2367553710938,549.2412719726562,654.0390014648438,667.0562133789062,632.7517700195312,667.4186401367188
1061,35.366552025931924,647.5048217773438,226.26402282714844,659.07568359375,218.8136749267578,637.5225219726562,217.98959350585938,672.4888305664062,222.8024139404297,621.2677001953125,222.6859588623047,679.2881469726562,254.2667694091797,605.0863647460938,283.76788330078125,690.4951171875,194.30731201171875,600.2894287109375,311.9958801269531,680.076171875,121.77967071533203,620.2626953125,290.1867370605469,668.6470947265625,427.9805908203125,620.271484375,436.9721374511719,667.8565673828125,548.0390014648438,621.1465454101562,548.7898559570312,654.140380859375,666.7999877929688,632.7265014648438,666.5635375976562
1062,35.39988525121556,647.8402099609375,226.50218200683594,659.3353271484375,218.9612274169922,637.798095703125,218.16824340820312,672.5991821289062,222.69117736816406,621.2192993164062,222.68801879882812,679.0808715820312,253.74203491210938,604.8256225585938,284.14031982421875,690.1635131835938,192.7927703857422,600.3895263671875,313.9223327636719,680.1278686523438,119.98983001708984,620.139404296875,293.7199401855469,668.78564453125,427.60076904296875,620.3395385742188,436.9278564453125,668.1113891601562,547.7222900390625,621.4266967773438,548.5340576171875,654.2919311523438,666.3690185546875,633.045654296875,665.944580078125
1063,35.433218476499185,647.6585693359375,226.3166046142578,659.2265014648438,218.82740783691406,637.5848999023438,217.99276733398438,672.5888061523438,222.797607421875,621.0062866210938,222.69390869140625,679.3043823242188,254.18618774414062,604.6243896484375,283.83758544921875,690.615234375,193.22996520996094,599.5979614257812,311.3500671386719,680.0938110351562,120.9800796508789,620.0717163085938,289.2947082519531,668.6450805664062,428.1673278808594,619.96875,437.25384521484375,668.2088623046875,547.8724365234375,621.0992431640625,548.7659301757812,654.3455200195312,666.512451171875,632.6329345703125,666.1896362304688
1064,35.46655170178282,647.6300048828125,226.2263641357422,659.2725219726562,218.91531372070312,637.6088256835938,217.92437744140625,672.704833984375,223.16578674316406,621.0262451171875,222.69239807128906,679.0521240234375,254.59771728515625,605.1278686523438,283.0510559082031,690.5401000976562,192.28118896484375,600.2575073242188,307.2906494140625,680.1587524414062,119.96662902832031,620.8477783203125,285.45330810546875,668.4073486328125,428.20623779296875,620.138427734375,436.8365173339844,667.7765502929688,547.6673583984375,620.9275512695312,548.4669799804688,654.4815673828125,666.3444213867188,632.2327880859375,666.2015991210938
1065,35.49988492706645,647.08056640625,226.19873046875,658.6844482421875,218.7567596435547,637.0494384765625,217.98863220214844,672.22607421875,222.87315368652344,620.8897094726562,222.82090759277344,679.563720703125,254.40733337402344,604.4638061523438,283.6561279296875,691.3202514648438,195.5231475830078,599.2634887695312,311.8910827636719,680.80810546875,122.64153289794922,619.9558715820312,288.484375,668.8108520507812,428.03009033203125,619.849609375,437.0085144042969,668.5444946289062,548.1952514648438,621.047607421875,549.1575317382812,654.242919921875,667.06689453125,632.5770874023438,667.3541870117188
1066,35.53321815235008,647.0398559570312,226.41409301757812,658.713134765625,219.027587890625,637.0685424804688,218.05421447753906,672.2452392578125,223.16751098632812,620.7344360351562,222.72044372558594,678.811767578125,254.75753784179688,604.6882934570312,283.8272705078125,690.6978759765625,193.96395874023438,600.3594360351562,311.2287902832031,680.6929931640625,120.99697875976562,620.5733032226562,290.1320495605469,668.3245849609375,428.390869140625,619.966796875,437.26531982421875,668.15478515625,548.4315795898438,621.2581176757812,549.326904296875,654.3887329101562,667.2191772460938,632.5447387695312,667.4822998046875
1067,35.56655137763371,646.9223022460938,226.22450256347656,658.5736083984375,218.73643493652344,636.9083251953125,217.95187377929688,672.2216796875,222.92274475097656,620.8902587890625,222.78851318359375,679.4559936523438,255.0098419189453,604.0333862304688,284.3152770996094,690.9343872070312,197.8965301513672,598.789306640625,315.3824768066406,680.4822387695312,123.86582946777344,619.6166381835938,293.0788879394531,668.6838989257812,427.8756408691406,619.5655517578125,436.93682861328125,668.819091796875,548.1860961914062,621.4508666992188,549.12255859375,654.21875,666.71728515625,633.1704711914062,667.3360595703125
1068,35.59988460291734,645.5319213867188,224.17355346679688,657.025146484375,217.28140258789062,636.0247192382812,216.28140258789062,670.4849243164062,222.6792449951172,621.2949829101562,222.02407836914062,679.1237182617188,255.56576538085938,603.6904907226562,283.91876220703125,691.4724731445312,201.53770446777344,597.4066772460938,317.2128601074219,680.0740966796875,126.67291259765625,618.7576293945312,295.5894470214844,668.3057861328125,426.9095458984375,619.3088989257812,435.58831787109375,669.4978637695312,548.3319702148438,621.832763671875,548.9796142578125,654.1034545898438,666.6785278320312,632.6829223632812,667.6817626953125
1069,35.63321782820097,645.7127075195312,224.15191650390625,657.1593017578125,217.24905395507812,636.1642456054688,216.3107452392578,670.5538330078125,222.6932830810547,621.3880615234375,222.1005401611328,679.3314819335938,255.7229461669922,603.567138671875,283.5755310058594,691.7880859375,202.997314453125,596.9230346679688,316.9004821777344,680.0454711914062,127.54835510253906,619.631591796875,294.482421875,668.3082885742188,426.6749572753906,619.0739135742188,435.2745361328125,669.5781860351562,547.9588623046875,621.8396606445312,548.9529418945312,653.75048828125,666.4388427734375,632.3845825195312,668.1470336914062
1070,35.6665510534846,645.8345947265625,224.14381408691406,657.1699829101562,217.2574005126953,636.2412719726562,216.35816955566406,670.4608154296875,222.73487854003906,621.4569091796875,222.12124633789062,679.3700561523438,256.0286865234375,603.7854614257812,282.46856689453125,691.9097290039062,205.17025756835938,597.2407836914062,314.7559509277344,680.3154907226562,128.6407928466797,621.6627807617188,291.0216369628906,668.3196411132812,426.562255859375,619.0313110351562,434.69110107421875,669.5906982421875,547.9129028320312,621.843994140625,548.6721801757812,653.682373046875,666.4978637695312,631.749267578125,668.21923828125
1071,35.69988427876823,646.0103759765625,224.11947631835938,657.2801513671875,217.2842254638672,636.4352416992188,216.3926239013672,670.3156127929688,222.84268188476562,621.4163818359375,222.23989868164062,679.0097045898438,255.97967529296875,603.6774291992188,282.9647521972656,691.6997680664062,203.7586212158203,597.6583251953125,314.8003845214844,679.803466796875,127.8298568725586,621.6749877929688,291.34588623046875,668.32373046875,426.6075134277344,619.1900634765625,434.9806213378906,669.4370727539062,547.6734619140625,621.772216796875,548.8943481445312,653.5487670898438,666.0752563476562,631.8207397460938,668.4254760742188
1072,35.733217504051865,645.993408203125,225.0253448486328,657.6054077148438,217.86358642578125,636.2401123046875,217.07579040527344,671.518798828125,222.79812622070312,621.4239501953125,222.7021942138672,679.7778930664062,255.4680938720703,604.4302368164062,284.1146240234375,691.5809936523438,199.12559509277344,598.6879272460938,314.3429260253906,679.8941650390625,124.78364562988281,622.3601684570312,291.1192626953125,667.8399047851562,427.1541748046875,618.812255859375,436.0033874511719,669.0400390625,547.7722778320312,621.6454467773438,549.1799926757812,653.4837646484375,666.580078125,631.8834838867188,668.2408447265625
1073,35.76655072933549,646.3323974609375,225.1853485107422,657.757568359375,217.90689086914062,636.4736938476562,217.3509521484375,671.4244384765625,222.66928100585938,621.5283813476562,222.87384033203125,680.063720703125,255.58189392089844,604.1248168945312,283.5592041015625,692.3079833984375,202.79867553710938,598.1973266601562,315.3122253417969,680.862060546875,127.07486724853516,623.5236206054688,290.46478271484375,668.343994140625,426.4779052734375,618.8486328125,435.2931213378906,669.604248046875,547.1040649414062,622.00732421875,548.9947509765625,653.4102783203125,665.8640747070312,632.0675659179688,668.8427124023438
1074,35.799883954619126,646.1387329101562,225.18222045898438,657.55517578125,217.9347686767578,636.4169311523438,217.27589416503906,671.1046142578125,222.64639282226562,621.5029907226562,222.66053771972656,679.5653076171875,255.37960815429688,603.87353515625,284.0118103027344,691.7606201171875,201.7048797607422,598.0379028320312,316.7735900878906,680.5654907226562,126.08048248291016,622.1982421875,292.3974914550781,668.3278198242188,426.51458740234375,619.017578125,435.51873779296875,669.4334106445312,547.2000732421875,621.712890625,548.9442138671875,653.5978393554688,665.9025268554688,632.0899658203125,668.4428100585938
1075,35.83321717990275,646.0093994140625,225.0228271484375,657.4556884765625,217.80078125,636.3171997070312,217.07896423339844,671.0476684570312,222.52963256835938,621.4619750976562,222.4472198486328,679.4389038085938,255.2504425048828,603.9448852539062,283.94903564453125,691.6466674804688,201.3890380859375,598.1886596679688,317.1854248046875,680.9169311523438,125.9333724975586,622.0933837890625,293.8371276855469,668.2384033203125,426.6125183105469,619.094482421875,435.5848693847656,669.2841186523438,547.5209350585938,621.8224487304688,549.0093383789062,653.6062622070312,666.2037353515625,632.245361328125,668.2684936523438
1076,35.86655040518638,645.948974609375,225.12014770507812,657.4636840820312,217.93470764160156,636.2119140625,217.1962127685547,671.2217407226562,222.82742309570312,621.3521118164062,222.75213623046875,679.5593872070312,255.58847045898438,604.0650634765625,284.2935485839844,691.7384033203125,201.0400390625,598.691650390625,317.1907043457031,680.5645141601562,125.41799926757812,623.0498046875,294.79693603515625,668.1690673828125,426.63690185546875,619.0117797851562,435.5803527832031,669.2428588867188,547.1424560546875,621.8132934570312,548.6551513671875,653.7980346679688,666.2017822265625,632.3544311523438,668.287109375
1077,35.899883630470015,646.1934204101562,225.4236297607422,657.660888671875,218.14596557617188,636.4242553710938,217.41412353515625,671.2662963867188,222.83609008789062,621.3081665039062,222.746826171875,679.4364624023438,255.60165405273438,603.8572998046875,284.3960266113281,691.7257080078125,201.44122314453125,598.6593017578125,318.14581298828125,680.7743530273438,125.43132019042969,622.5609741210938,296.08697509765625,668.19873046875,426.89404296875,618.9738159179688,435.8695068359375,669.2254638671875,547.7384033203125,621.7559814453125,549.12548828125,653.9532470703125,666.7028198242188,632.4359741210938,668.6035766601562
1078,35.93321685575364,646.1985473632812,225.30674743652344,657.58642578125,218.0129852294922,636.43017578125,217.3806610107422,671.0545043945312,222.7675018310547,621.356689453125,222.83660888671875,679.5403442382812,255.67669677734375,603.62451171875,284.37689208984375,692.0847778320312,202.93153381347656,597.8634033203125,318.3529968261719,680.9619140625,126.70268249511719,622.0304565429688,294.1882629394531,668.2605590820312,426.6622619628906,618.828857421875,435.7005615234375,669.4228515625,547.1810913085938,621.5703125,548.9424438476562,653.921875,666.5944213867188,632.1296997070312,669.1084594726562
1079,35.966550081037276,646.2190551757812,225.3231964111328,657.6654663085938,218.15457153320312,636.4896850585938,217.3593292236328,671.1987915039062,223.021240234375,621.3719482421875,222.7903289794922,679.1045532226562,255.95501708984375,604.2753295898438,284.0746154785156,691.4786987304688,200.7173614501953,599.4326171875,315.1884765625,680.43017578125,124.9886245727539,623.4253540039062,292.5848083496094,667.8433837890625,426.94573974609375,619.05078125,435.69873046875,668.9876098632812,547.604248046875,621.865966796875,549.1807250976562,653.8723754882812,666.5314331054688,632.044677734375,668.94873046875
1080,35.9998833063209,646.2412109375,225.30072021484375,657.6797485351562,218.12998962402344,636.4738159179688,217.34054565429688,671.21630859375,223.07179260253906,621.3209228515625,222.8638916015625,679.340576171875,256.0881042480469,604.1563720703125,284.09930419921875,691.7308959960938,201.18548583984375,599.146484375,315.2861633300781,680.4598999023438,125.5404281616211,623.5983276367188,292.8504638671875,668.0008544921875,427.00518798828125,618.9855346679688,435.7070007324219,669.3585815429688,547.28369140625,621.8018798828125,548.7067260742188,654.2151489257812,666.6369018554688,631.9239501953125,668.7555541992188
1081,36.03321653160454,646.0044555664062,225.20701599121094,657.5503540039062,218.0204620361328,636.3036499023438,217.21701049804688,671.2393798828125,222.9434356689453,621.3036499023438,222.7528533935547,679.2987060546875,255.71487426757812,603.94970703125,284.80828857421875,691.5552978515625,200.68032836914062,598.50048828125,318.1349182128906,680.2821655273438,125.0006103515625,621.6875610351562,295.8541564941406,668.1348266601562,426.7722473144531,619.0987548828125,435.8701477050781,669.2714233398438,547.5743408203125,621.7009887695312,549.3116455078125,654.1751098632812,666.5745849609375,632.3526000976562,668.8999633789062
1082,36.066549756888165,646.093994140625,225.19500732421875,657.5761108398438,217.97108459472656,636.3728637695312,217.22608947753906,671.1951904296875,222.81082153320312,621.3397827148438,222.7052001953125,679.426513671875,255.51075744628906,603.7413330078125,284.4180908203125,691.9237060546875,201.23876953125,598.4589233398438,317.7055358886719,680.532958984375,125.18984985351562,623.4676513671875,293.8412780761719,668.1346435546875,426.42962646484375,618.8383178710938,435.547119140625,669.3724365234375,547.2882690429688,621.7273559570312,549.286865234375,653.818359375,666.6256713867188,632.1727905273438,669.2620849609375
1083,36.0998829821718,646.1138916015625,225.2369384765625,657.6221313476562,218.0295867919922,636.40771484375,217.2357177734375,671.2874755859375,222.8609619140625,621.4090576171875,222.72018432617188,679.2393188476562,255.4394989013672,603.9874877929688,284.7742004394531,691.327880859375,199.9609375,598.8922729492188,318.3016357421875,680.3300170898438,124.09793853759766,622.9049682617188,295.5489196777344,667.9733276367188,426.49346923828125,618.9710083007812,435.6691589355469,669.0962524414062,547.5150146484375,621.80322265625,549.1790161132812,653.576904296875,666.5016479492188,632.1895141601562,668.4959106445312
1084,36.133216207455426,646.2080078125,225.20021057128906,657.668701171875,218.0016326904297,636.4773559570312,217.2239532470703,671.2769775390625,222.8966064453125,621.4879150390625,222.74557495117188,679.4487915039062,255.8017578125,604.0480346679688,284.4750671386719,691.6566772460938,201.02915954589844,599.0328979492188,316.9648132324219,680.7236938476562,125.03359985351562,623.5817260742188,292.8887634277344,668.0640258789062,426.92413330078125,618.950439453125,435.86090087890625,669.2362060546875,547.858642578125,621.8558349609375,549.27685546875,653.52685546875,666.7404174804688,632.074951171875,668.55029296875
1085,36.16654943273906,645.8525390625,225.3592071533203,657.4346313476562,218.17257690429688,636.1551513671875,217.34356689453125,671.2933349609375,223.08786010742188,621.3353271484375,222.83641052246094,679.287109375,255.99893188476562,604.24365234375,284.5685119628906,691.4530029296875,200.58184814453125,599.2786865234375,316.5852355957031,680.6576538085938,124.39266204833984,622.9951782226562,293.35284423828125,667.9657592773438,426.92034912109375,619.0816650390625,435.7902526855469,669.0564575195312,547.7556762695312,621.846435546875,549.1474609375,653.9427490234375,666.7771606445312,632.3203735351562,668.7096557617188
1086,36.19988265802269,645.9357299804688,225.35723876953125,657.4927978515625,218.17047119140625,636.2179565429688,217.36090087890625,671.3295288085938,223.089111328125,621.379150390625,222.8857879638672,679.4281005859375,256.0097351074219,604.2997436523438,284.6628112792969,691.4509887695312,200.54324340820312,599.5310668945312,316.5240478515625,680.36669921875,124.56410217285156,623.2216796875,292.7472229003906,668.0894165039062,427.0123596191406,619.14306640625,435.8717956542969,668.9403686523438,548.21435546875,621.74658203125,549.4884643554688,653.44140625,666.7879638671875,632.0675048828125,668.5160522460938
1087,36.23321588330632,645.8963623046875,225.38587951660156,657.46044921875,218.18995666503906,636.1810913085938,217.3448944091797,671.2684936523438,223.07777404785156,621.3003540039062,222.81613159179688,679.2311401367188,256.08709716796875,604.4385375976562,284.6407470703125,691.1011962890625,200.2433624267578,599.968505859375,316.04083251953125,679.9105834960938,124.55667877197266,623.2363891601562,292.77667236328125,667.9423217773438,427.37030029296875,619.2286987304688,436.14776611328125,668.7427978515625,548.4298095703125,621.9288940429688,549.49658203125,653.46728515625,666.9314575195312,632.370361328125,668.3648071289062
1088,36.26654910858995,645.8573608398438,225.4033966064453,657.4053955078125,218.19357299804688,636.1504516601562,217.36734008789062,671.2026977539062,223.10220336914062,621.2982788085938,222.8372344970703,679.1549682617188,256.284912109375,604.4091796875,284.635498046875,691.0092163085938,201.47267150878906,599.6806030273438,316.5940246582031,679.84619140625,125.59458923339844,622.6004638671875,293.3638610839844,668.05517578125,427.0675048828125,619.3322143554688,435.82611083984375,669.0167846679688,548.1759033203125,621.9336547851562,549.4141845703125,653.832763671875,666.7047119140625,632.1482543945312,668.6163940429688
1089,36.29988233387358,646.0125122070312,225.35743713378906,657.6134033203125,218.1532440185547,636.2252197265625,217.26409912109375,671.4091796875,223.0995330810547,621.0867309570312,222.74244689941406,679.0313720703125,256.3565368652344,604.6238403320312,284.45245361328125,690.9231567382812,199.97569274902344,600.0289916992188,314.5768737792969,679.474365234375,124.8373794555664,622.64501953125,293.0421447753906,667.8525390625,427.5754699707031,619.392822265625,436.213623046875,668.6539306640625,548.3661499023438,622.0408325195312,549.694091796875,653.6668090820312,666.9525146484375,632.106689453125,668.9916381835938
1090,36.33321555915721,645.9817504882812,225.31585693359375,657.5985107421875,218.0562286376953,636.2107543945312,217.21652221679688,671.4326782226562,222.9331512451172,621.16357421875,222.61648559570312,679.2660522460938,256.2337951660156,604.4130859375,284.2884521484375,691.2777099609375,201.03091430664062,599.6522216796875,315.2689208984375,679.8902587890625,125.60020446777344,622.7305908203125,292.9856872558594,667.9938354492188,427.29913330078125,619.2266845703125,435.9665832519531,668.8591918945312,548.09228515625,621.6837768554688,549.5016479492188,653.8305053710938,667.3251953125,631.8931884765625,669.640380859375
1091,36.36654878444084,645.791259765625,225.2443389892578,657.4747924804688,218.04425048828125,636.02978515625,217.18026733398438,671.4356689453125,223.0516357421875,621.0972900390625,222.70120239257812,679.3316650390625,256.447265625,604.5322875976562,284.0418395996094,691.4667358398438,200.64404296875,599.06005859375,313.1160888671875,680.0772094726562,126.03075408935547,621.9351196289062,291.0449523925781,667.7247314453125,427.52252197265625,619.0390625,436.0291748046875,668.7235107421875,547.9061279296875,621.4215698242188,549.3984375,654.1415405273438,666.9264526367188,631.631103515625,669.3601684570312
1092,36.39988200972447,645.88525390625,225.14810180664062,657.5413208007812,218.03811645507812,636.17578125,217.09446716308594,671.3663940429688,223.25189208984375,621.129150390625,222.7401885986328,679.0066528320312,256.6910400390625,604.4415283203125,284.3524169921875,691.3617553710938,200.45486450195312,599.03662109375,313.7393493652344,679.8422241210938,125.42088317871094,621.6731567382812,292.42095947265625,667.5896606445312,427.17333984375,619.0599365234375,435.7389831542969,668.7511596679688,547.4620361328125,621.4608154296875,549.2476806640625,654.2517700195312,667.1709594726562,631.43603515625,670.1337890625
1093,36.4332152350081,645.5519409179688,225.12623596191406,657.2573852539062,218.05758666992188,635.8899536132812,217.04652404785156,671.2288208007812,223.29214477539062,621.0478515625,222.67257690429688,679.1845703125,256.5924377441406,604.4073486328125,283.94573974609375,691.3851928710938,200.4547882080078,598.9453735351562,312.7395324707031,679.6161499023438,125.61181640625,622.0911865234375,290.4278564453125,667.5138549804688,427.4324951171875,618.805419921875,435.7738342285156,668.8276977539062,547.7738647460938,621.0223999023438,548.931640625,654.5093994140625,668.0526733398438,631.0628051757812,669.857177734375
1094,36.46654846029173,645.5842895507812,225.27490234375,657.279541015625,218.11102294921875,635.8182373046875,217.25384521484375,671.3819580078125,223.23052978515625,621.0247192382812,222.97596740722656,679.544189453125,256.4808044433594,604.4947509765625,284.24810791015625,691.7476196289062,200.79916381835938,598.7009887695312,313.4864196777344,680.3262329101562,126.02488708496094,621.4361572265625,290.522705078125,667.6712036132812,427.0951232910156,618.8052978515625,435.60736083984375,668.9962158203125,547.3589477539062,621.0279541015625,548.699462890625,654.5648193359375,667.422119140625,630.9822998046875,669.3663940429688
1095,36.49988168557536,645.6264038085938,225.41505432128906,657.3483276367188,218.24990844726562,635.8900756835938,217.36663818359375,671.4921875,223.2991485595703,621.1513671875,222.98992919921875,679.374267578125,256.6006164550781,604.7960815429688,284.3346862792969,691.4622802734375,199.68463134765625,599.0938720703125,312.6603088378906,680.3395385742188,124.93608093261719,621.3214111328125,290.5560302734375,667.5358276367188,427.60064697265625,618.9686279296875,436.0854187011719,668.6856079101562,547.8023071289062,621.0667114257812,549.175048828125,654.4595336914062,667.1182861328125,630.9634399414062,669.24462890625
1096,36.533214910858995,645.2483520507812,225.3887176513672,657.0866088867188,218.20594787597656,635.5066528320312,217.2880859375,671.4884033203125,223.30453491210938,620.9205322265625,223.0272216796875,679.4055786132812,256.677978515625,605.1342163085938,284.6619873046875,691.4137573242188,199.0596160888672,599.8184204101562,312.39471435546875,679.9163818359375,124.65493774414062,620.6602172851562,289.868408203125,667.2689819335938,428.06524658203125,618.9407348632812,436.4883728027344,668.2689819335938,548.257080078125,620.7899169921875,549.3037719726562,654.6560668945312,667.9400634765625,630.9036254882812,669.3394775390625
1097,36.56654813614262,645.4525146484375,225.35923767089844,657.2374877929688,218.17669677734375,635.69482421875,217.32040405273438,671.5286865234375,223.29129028320312,621.0330200195312,223.04635620117188,679.4067993164062,256.8607482910156,605.0018310546875,284.29034423828125,691.7052001953125,200.1189727783203,599.0768432617188,311.7320251464844,680.3777465820312,125.57611846923828,620.58984375,289.9312744140625,667.3019409179688,427.9652099609375,618.8538208007812,436.3519592285156,668.4371948242188,548.0490112304688,620.8128051757812,549.6828002929688,654.8753051757812,667.7190551757812,630.6869506835938,670.36376953125
1098,36.599881361426256,645.831298828125,225.50924682617188,657.5316772460938,218.3035125732422,636.0331420898438,217.50921630859375,671.6439208984375,223.3946075439453,621.2303466796875,223.25741577148438,679.5484619140625,257.0397644042969,605.0361328125,284.33123779296875,691.84765625,200.6724395751953,598.976806640625,311.48797607421875,680.2484130859375,125.98323822021484,620.5629272460938,289.0353698730469,667.2664184570312,428.0916442871094,618.7394409179688,436.4613037109375,668.7454223632812,547.8987426757812,620.995849609375,549.5752563476562,655.1192626953125,667.6288452148438,630.79931640625,670.4070434570312
1099,36.63321458670988,645.9918823242188,225.5112762451172,657.6929321289062,218.22303771972656,636.1358642578125,217.5298309326172,671.7612915039062,223.2759552001953,621.2002563476562,223.29708862304688,679.6486206054688,256.93255615234375,604.7382202148438,284.70159912109375,692.0385131835938,201.56732177734375,598.8302612304688,313.3387756347656,680.3181762695312,126.3802261352539,621.0086059570312,289.86419677734375,667.5365600585938,427.87017822265625,618.7371826171875,436.5516662597656,668.842529296875,547.8031005859375,620.988525390625,550.1790771484375,654.7503662109375,667.4110107421875,630.9398803710938,671.2679443359375
1100,36.66654781199352,646.4639892578125,225.786376953125,658.173828125,218.4356689453125,636.5538940429688,217.71646118164062,672.0899658203125,223.3934326171875,621.2308349609375,223.3466339111328,679.6300659179688,256.9948425292969,604.5371704101562,284.88018798828125,692.1255493164062,200.89451599121094,598.578369140625,313.0953063964844,680.8473510742188,125.86405181884766,621.1160278320312,289.4800720214844,667.5769653320312,428.2347412109375,618.650634765625,437.0183410644531,668.9179077148438,547.8482666015625,620.6063232421875,550.4146728515625,655.1069946289062,667.2595825195312,630.6870727539062,671.1722412109375
1101,36.699881037277144,646.2542724609375,225.88348388671875,658.0626831054688,218.51214599609375,636.3681640625,217.71771240234375,672.16064453125,223.36248779296875,621.1262817382812,223.25082397460938,679.4187622070312,256.86456298828125,604.9938354492188,284.9055480957031,691.7053833007812,199.2513427734375,599.4241943359375,312.03326416015625,680.3203735351562,124.56486511230469,620.4752197265625,288.8124694824219,667.1590576171875,428.6163024902344,618.6732177734375,437.30987548828125,668.4017333984375,548.2431640625,620.4883422851562,550.4521484375,655.2454223632812,667.7515869140625,630.6690673828125,670.9720458984375
1102,36.73321426256078,646.3658447265625,225.87716674804688,658.1417846679688,218.53598022460938,636.4595947265625,217.73080444335938,672.1849975585938,223.43919372558594,621.1592407226562,223.27125549316406,679.4767456054688,257.05804443359375,605.0322875976562,284.4527282714844,691.7903442382812,199.72824096679688,599.5052490234375,310.6724853515625,680.3324584960938,125.07628631591797,620.7001953125,287.62677001953125,666.9873046875,428.7239685058594,618.4542846679688,437.1493835449219,668.4413452148438,548.2684326171875,620.491943359375,550.1019897460938,655.4638671875,667.9947509765625,630.6691284179688,670.83935546875
1103,36.766547487844406,646.3081665039062,225.8389434814453,658.1311645507812,218.603515625,636.4242553710938,217.65892028808594,672.2288818359375,223.6542205810547,621.0630493164062,223.22048950195312,679.1964111328125,257.3562927246094,605.3109741210938,283.7424011230469,691.4468383789062,197.28451538085938,600.0137329101562,305.413330078125,679.4899291992188,122.72137451171875,622.2272338867188,281.8905029296875,666.5482788085938,429.2894287109375,618.3010864257812,437.32391357421875,668.2236938476562,548.2435302734375,620.3485107421875,549.8987426757812,656.179443359375,668.3875732421875,630.418212890625,670.852783203125
1104,36.79988071312804,646.6289672851562,225.8192901611328,658.3572998046875,218.50550842285156,636.7149658203125,217.69937133789062,672.2951049804688,223.3975372314453,621.2672119140625,223.2437744140625,679.44482421875,256.78460693359375,604.9453735351562,284.2530822753906,691.8209838867188,198.24160766601562,599.617431640625,309.9297180175781,680.099853515625,123.48857879638672,622.591796875,288.0584411621094,666.8626708984375,428.4494323730469,618.2514038085938,436.9595642089844,668.52294921875,547.99560546875,620.5451049804688,550.1021118164062,655.7244262695312,668.0661010742188,630.6776733398438,671.1318969726562
1105,36.83321393841167,646.2930908203125,225.8989715576172,658.0943603515625,218.5838165283203,636.4049072265625,217.7731475830078,672.167724609375,223.4668731689453,621.1159057617188,223.3751678466797,679.3681640625,256.73583984375,605.0629272460938,284.74688720703125,691.89599609375,197.09161376953125,599.3433227539062,309.7515869140625,680.9666748046875,122.73350524902344,620.2941284179688,286.26910400390625,666.8660888671875,428.83447265625,618.494873046875,437.4678649902344,668.2149047851562,548.2906494140625,620.36083984375,550.28125,655.738037109375,668.0927124023438,630.8701782226562,670.6919555664062
1106,36.8665471636953,646.3406982421875,225.9220428466797,658.1099853515625,218.56948852539062,636.4196166992188,217.75559997558594,672.2029418945312,223.3873748779297,621.1182250976562,223.3076171875,679.31005859375,256.6950378417969,605.075927734375,285.0436706542969,691.6536254882812,197.04183959960938,600.3870239257812,312.1572570800781,680.9375610351562,122.18218231201172,622.3745727539062,292.00927734375,666.8911743164062,428.6717834472656,618.4880981445312,437.3760681152344,668.3082885742188,548.3959350585938,620.5484619140625,550.1270141601562,655.4210815429688,667.914306640625,630.641845703125,670.2761840820312
1107,36.89988038897893,646.3758544921875,225.89572143554688,658.1195068359375,218.55267333984375,636.4379272460938,217.72129821777344,672.1849975585938,223.3972625732422,621.0947875976562,223.25025939941406,679.2384033203125,256.8650817871094,605.0416259765625,284.6748046875,691.4906005859375,197.8472900390625,600.26513671875,311.66583251953125,680.79931640625,122.67311096191406,622.6146850585938,291.9971618652344,666.7611694335938,428.56915283203125,618.3280639648438,437.0889587402344,668.404541015625,548.2506713867188,620.53369140625,549.826904296875,655.5697021484375,667.8690795898438,630.3417358398438,670.18408203125
1108,36.933213614262556,646.4296875,225.89486694335938,658.1673583984375,218.482177734375,636.4640502929688,217.75347900390625,672.2731323242188,223.2515411376953,621.1806030273438,223.3355712890625,679.4744262695312,256.6036376953125,604.8999633789062,285.155029296875,691.5802612304688,197.98292541503906,600.541259765625,313.5596618652344,680.8007202148438,122.62443542480469,623.2724609375,292.8784484863281,666.8987426757812,428.3570251464844,618.1804809570312,437.17041015625,668.6809692382812,548.1019897460938,620.4302368164062,549.8500366210938,655.5799560546875,667.6630249023438,630.4400634765625,670.0845336914062
1109,36.96654683954619,646.4284057617188,225.8566131591797,658.1359252929688,218.4578399658203,636.4752807617188,217.8024139404297,672.1555786132812,223.2542724609375,621.2189331054688,223.39834594726562,679.5811767578125,256.58856201171875,604.6519775390625,284.8683776855469,691.84521484375,199.38034057617188,599.3851318359375,313.17425537109375,681.1166381835938,124.09137725830078,622.1097412109375,290.5082702636719,667.1848754882812,428.1045227050781,618.2454223632812,436.95550537109375,668.9136962890625,547.86962890625,620.3446044921875,550.0900268554688,655.5286254882812,667.09814453125,630.4517822265625,670.3933715820312
1110,36.99988006482982,646.4155883789062,225.84739685058594,658.08544921875,218.4304656982422,636.4476928710938,217.8120880126953,672.0888061523438,223.12533569335938,621.18896484375,223.33871459960938,679.690185546875,256.3121337890625,604.7803955078125,284.3262939453125,692.0632934570312,200.1100311279297,599.7686767578125,312.89794921875,681.25927734375,125.20994567871094,623.154296875,290.5417785644531,667.1096801757812,427.749267578125,618.1641845703125,436.4637756347656,668.5369262695312,547.6167602539062,620.1514282226562,549.6746826171875,655.20947265625,667.6498413085938,630.2241821289062,670.666259765625
1111,37.03321329011345,646.4628295898438,226.09725952148438,657.9830322265625,218.58389282226562,636.45361328125,218.00946044921875,671.451904296875,222.8644256591797,620.4654541015625,222.9993896484375,678.7688598632812,255.237060546875,603.550537109375,284.19781494140625,691.4523315429688,200.8608856201172,598.5867919921875,316.1972961425781,681.4840087890625,125.33650207519531,620.043701171875,291.80316162109375,668.3172607421875,427.17694091796875,619.07421875,436.423828125,668.8896484375,547.39794921875,620.363037109375,549.9971313476562,654.5650024414062,666.6175537109375,631.130859375,670.4537353515625
1112,37.06654651539708,646.296630859375,226.4495849609375,657.8340454101562,218.91062927246094,636.291259765625,218.3330535888672,671.4095458984375,223.0881805419922,620.4154052734375,223.17066955566406,679.025146484375,255.5154266357422,603.3814697265625,283.7946472167969,691.7402954101562,201.99432373046875,598.01025390625,315.2907409667969,681.3736572265625,126.27896881103516,620.6140747070312,290.6713562011719,668.30908203125,427.4734191894531,618.7742919921875,436.47308349609375,668.9760131835938,547.6856689453125,620.148681640625,550.0464477539062,654.64501953125,667.0169677734375,630.9107055664062,670.59033203125
1113,37.09987974068071,646.3053588867188,226.44798278808594,657.764404296875,218.86917114257812,636.2779541015625,218.44801330566406,671.302978515625,222.96343994140625,620.5317993164062,223.36717224121094,679.209228515625,255.18508911132812,603.4677734375,283.8533020019531,692.14990234375,202.3759765625,597.830810546875,315.96270751953125,682.1350708007812,126.43875122070312,620.3557739257812,289.9054260253906,668.46826171875,427.1410217285156,618.8785400390625,436.3332214355469,668.9767456054688,547.2554321289062,620.2163696289062,549.9569702148438,654.2687377929688,667.05126953125,630.8843383789062,671.0910034179688
1114,37.13321296596434,646.5152587890625,226.18026733398438,657.9456787109375,218.6957244873047,636.4588012695312,218.1878662109375,671.338623046875,223.11325073242188,620.4767456054688,223.29953002929688,679.142333984375,255.74620056152344,603.2808227539062,283.90350341796875,692.109375,203.3831787109375,597.8574829101562,316.0752868652344,682.206787109375,127.33772277832031,620.4844970703125,290.7511901855469,668.5298461914062,427.0068054199219,618.9019775390625,435.99114990234375,668.9486083984375,547.2967529296875,620.310546875,549.6270141601562,654.1636352539062,667.1069946289062,631.0438232421875,670.78564453125
1115,37.166546191247974,646.135986328125,226.35568237304688,657.6809692382812,218.8793487548828,636.1724853515625,218.32119750976562,671.3727416992188,223.1631317138672,620.5479125976562,223.3352813720703,679.2282104492188,255.27748107910156,603.4694213867188,284.1903991699219,692.015625,201.65403747558594,598.6973266601562,317.1482238769531,681.7425537109375,125.57295989990234,622.1961669921875,292.4519348144531,668.4151000976562,426.85223388671875,618.8124389648438,436.02679443359375,668.9487915039062,547.325439453125,620.2857055664062,549.5960083007812,654.171875,667.344482421875,631.1823120117188,670.61083984375
1116,37.1998794165316,646.4254150390625,226.50332641601562,658.0454711914062,218.91432189941406,636.41259765625,218.39894104003906,671.80126953125,222.973876953125,620.6468505859375,223.26820373535156,679.3868408203125,254.80551147460938,603.5391235351562,284.24468994140625,691.9859619140625,200.09413146972656,598.3675537109375,316.78424072265625,681.8319702148438,124.27657318115234,621.1591796875,291.6373291015625,668.369140625,426.9991455078125,618.73681640625,436.3817443847656,668.8189086914062,546.9500732421875,620.0479125976562,549.4683227539062,654.3673706054688,667.3855590820312,631.327880859375,670.7536010742188
1117,37.233212641815236,646.4786376953125,226.25267028808594,658.0758056640625,218.9148712158203,636.602783203125,218.1188201904297,671.5323486328125,223.26101684570312,620.6165771484375,223.0287628173828,678.524169921875,254.86207580566406,603.792236328125,284.1097717285156,691.1104125976562,196.72801208496094,599.2404174804688,314.34234619140625,681.2694702148438,121.78878784179688,621.58154296875,291.6626281738281,667.931884765625,427.5357666015625,619.072509765625,436.718994140625,668.025634765625,547.2845458984375,620.1754760742188,549.3348388671875,653.9462890625,667.3695068359375,631.4669799804688,669.8601684570312
1118,37.26654586709886,646.8067016601562,226.1101531982422,658.3074340820312,218.83456420898438,636.9096069335938,218.0199737548828,671.5472412109375,223.31414794921875,620.7152709960938,222.95205688476562,678.548828125,255.19189453125,603.6151123046875,283.7548522949219,691.2750854492188,198.22340393066406,599.0265502929688,314.2420654296875,681.2930297851562,122.75858306884766,621.7193603515625,291.96673583984375,668.0064697265625,427.35198974609375,619.0161743164062,436.304931640625,667.8790283203125,547.4715576171875,620.317138671875,549.3264770507812,653.28564453125,667.2373657226562,631.4779052734375,669.8201904296875
1119,37.2998790923825,646.5892333984375,226.09674072265625,658.1427001953125,218.80482482910156,636.7462768554688,217.9718780517578,671.44140625,223.2322235107422,620.62646484375,222.84042358398438,678.4368286132812,254.99925231933594,603.5840454101562,283.75030517578125,691.3823852539062,197.70265197753906,598.650634765625,313.8446044921875,681.1817626953125,122.43220520019531,621.0471801757812,290.8685607910156,668.1414184570312,427.3705749511719,619.2178344726562,436.4642639160156,668.1250610351562,547.1334228515625,620.37890625,549.4837646484375,653.913818359375,666.91162109375,631.6950073242188,670.0897216796875
1120,37.333212317666124,646.5484008789062,226.1592254638672,658.1605224609375,218.8862762451172,636.7282104492188,217.91835021972656,671.4523315429688,223.3297576904297,620.4707641601562,222.65830993652344,678.10205078125,255.19290161132812,603.5646362304688,283.5636291503906,691.0524291992188,197.63075256347656,598.7615966796875,313.08221435546875,680.5155639648438,122.23892974853516,620.7825927734375,290.32452392578125,667.810546875,427.80316162109375,619.0919799804688,436.74810791015625,668.0797729492188,547.3955688476562,620.6366577148438,549.6903686523438,653.8768920898438,667.1985473632812,631.8065185546875,670.3573608398438
1121,37.36654554294976,646.4164428710938,226.1379852294922,658.0147705078125,218.78866577148438,636.5347290039062,218.00762939453125,671.4053955078125,223.2027587890625,620.5087890625,222.85011291503906,678.7731323242188,255.07223510742188,603.0548095703125,283.6347351074219,691.7137451171875,200.18438720703125,597.1136474609375,315.09344482421875,681.3260498046875,124.75140380859375,619.919189453125,290.3285827636719,668.3215942382812,427.3247985839844,618.8486328125,436.4594421386719,668.9641723632812,547.1083374023438,620.4267578125,549.6951293945312,653.7747802734375,666.9312744140625,631.4405517578125,670.646240234375
1122,37.399878768233386,646.1080322265625,226.21446228027344,657.7770385742188,218.8648223876953,636.2728271484375,218.06167602539062,671.36083984375,223.20372009277344,620.4939575195312,222.86026000976562,678.6348266601562,254.80563354492188,603.127197265625,283.79058837890625,691.2516479492188,199.0364532470703,597.1549072265625,315.3604431152344,681.0443115234375,123.46627044677734,619.8262939453125,290.2251892089844,668.169189453125,427.2012634277344,618.8361206054688,436.47161865234375,668.9571533203125,547.0989379882812,620.643310546875,549.6865844726562,653.6939697265625,666.8151245117188,631.6989135742188,670.341552734375
1123,37.43321199351701,645.7344970703125,226.24684143066406,657.5263061523438,218.9245147705078,635.9091186523438,217.99783325195312,671.2731323242188,223.42051696777344,620.0867919921875,222.83331298828125,678.2947387695312,255.432373046875,603.1165771484375,283.9304504394531,690.88623046875,199.05133056640625,597.3009643554688,314.1888427734375,680.03076171875,123.6691665649414,619.0159912109375,289.94903564453125,667.9484252929688,427.7330627441406,618.8231811523438,436.795654296875,668.8390502929688,547.2158203125,620.4932861328125,549.7694091796875,654.4544067382812,666.547119140625,631.738525390625,670.1742553710938
1124,37.46654521880065,645.5430908203125,226.23745727539062,657.367919921875,218.88563537597656,635.6845703125,217.95419311523438,671.228515625,223.28326416015625,619.9344482421875,222.76695251464844,678.347412109375,255.30484008789062,603.4041748046875,283.656982421875,690.7092895507812,197.90524291992188,596.8961181640625,312.1412658691406,679.8379516601562,123.60243225097656,617.1537475585938,288.1499328613281,667.7747192382812,428.3141784667969,618.9197387695312,437.2071228027344,668.4860229492188,547.5242309570312,620.5783081054688,549.6713256835938,654.348388671875,667.2482299804688,631.7923583984375,670.0982666015625
1125,37.499878444084274,645.5775146484375,226.19895935058594,657.2819213867188,218.74375915527344,635.677734375,218.064697265625,671.1099853515625,222.91317749023438,620.1258544921875,222.89297485351562,678.8405151367188,254.72105407714844,603.3278198242188,283.6114807128906,691.376220703125,198.9532470703125,596.9514770507812,313.4392395019531,680.272705078125,124.51836395263672,618.2993774414062,287.53924560546875,668.0645751953125,427.6767883300781,618.8097534179688,436.8507995605469,668.7763061523438,547.463134765625,620.720947265625,550.0192260742188,653.9452514648438,666.8989868164062,631.9678955078125,670.3345336914062
1126,37.53321166936791,645.1085815429688,226.28292846679688,656.8971557617188,218.8002471923828,635.2127075195312,218.1265411376953,670.9971313476562,222.94496154785156,619.9296875,222.92727661132812,678.8526000976562,254.8875732421875,603.2430419921875,283.69696044921875,691.25830078125,200.5464324951172,596.3558349609375,315.38079833984375,680.3416748046875,125.76947784423828,616.6870727539062,291.33758544921875,668.0186767578125,427.1116638183594,618.761474609375,436.22503662109375,668.9185180664062,547.3739013671875,620.985107421875,549.72314453125,654.074951171875,666.8606567382812,632.2472534179688,670.3657836914062
1127,37.566544894651535,644.535888671875,224.39056396484375,655.807861328125,217.48912048339844,635.0453491210938,216.57904052734375,668.9531860351562,222.9202423095703,620.2405395507812,222.1597900390625,677.9166259765625,256.73919677734375,602.82666015625,282.19232177734375,692.3833618164062,208.63304138183594,595.0033569335938,315.5579528808594,680.1841430664062,131.11264038085938,618.3546752929688,294.39007568359375,667.4874267578125,426.2934875488281,618.6153564453125,434.3284912109375,669.0795288085938,546.9501953125,621.7594604492188,549.3428344726562,654.0497436523438,665.9305419921875,631.1813354492188,670.93505859375
1128,37.59987811993517,644.424560546875,224.3937225341797,655.7821044921875,217.54872131347656,634.9758911132812,216.50625610351562,669.0138549804688,223.05459594726562,620.0972900390625,222.17147827148438,677.744140625,256.56982421875,602.70947265625,283.1632995605469,691.8843994140625,205.45611572265625,595.3207397460938,316.5453796386719,679.2266235351562,128.88917541503906,617.7499389648438,297.1477966308594,667.3578491210938,426.4198913574219,618.6209716796875,434.7199401855469,668.8118286132812,547.3557739257812,621.5170288085938,549.4920654296875,653.9622802734375,666.1259765625,631.2574462890625,670.1785888671875
1129,37.6332113452188,644.3740844726562,224.4470977783203,655.8492431640625,217.6671600341797,634.94775390625,216.49441528320312,669.2129516601562,223.19590759277344,620.008056640625,222.17724609375,677.4191284179688,256.2159729003906,602.9918823242188,283.61376953125,691.3450927734375,200.7592315673828,596.7297973632812,314.9631652832031,679.5272216796875,124.91805267333984,619.0524291992188,296.26324462890625,667.07177734375,426.8132019042969,618.7482299804688,435.2767639160156,668.358154296875,547.4248046875,621.4290161132812,549.2108764648438,654.0331420898438,666.6415405273438,631.656005859375,669.6215209960938
1130,37.66654457050243,644.14013671875,224.4828338623047,655.6806640625,217.76007080078125,634.7557983398438,216.45314025878906,669.1105346679688,223.4439697265625,619.8179321289062,222.16197204589844,677.036376953125,256.92742919921875,603.3079833984375,283.59747314453125,691.1797485351562,200.52574157714844,597.4912109375,312.3782043457031,679.354248046875,124.69230651855469,618.7006225585938,292.3133544921875,666.6991577148438,427.44580078125,618.84521484375,435.5763244628906,667.9905395507812,547.6746215820312,621.3674926757812,549.2109985351562,654.3980712890625,666.8262329101562,631.5918579101562,669.5632934570312
1131,37.69987779578606,644.1776123046875,224.53262329101562,655.6998901367188,217.82003784179688,634.7554931640625,216.5024871826172,669.0715942382812,223.51548767089844,619.64794921875,222.18438720703125,676.824951171875,256.9588317871094,603.16943359375,283.42913818359375,690.8850708007812,200.7032928466797,597.227294921875,312.5138244628906,679.1137084960938,124.6822280883789,618.49072265625,294.0339050292969,666.7295532226562,427.4395446777344,618.8729248046875,435.5257568359375,667.9328002929688,547.4892578125,621.2984619140625,549.0549926757812,654.5262451171875,666.7308959960938,631.4927368164062,669.5940551757812
1132,37.73321102106969,643.5819091796875,225.1540069580078,655.255126953125,218.27256774902344,634.14990234375,217.03582763671875,669.0610961914062,223.7485809326172,619.45263671875,222.6468963623047,677.2068481445312,257.2907409667969,603.0472412109375,284.1761474609375,690.984130859375,200.5953826904297,596.3914184570312,311.82177734375,678.784912109375,124.31531524658203,617.1165771484375,288.0594787597656,666.8116455078125,428.07916259765625,618.7410278320312,436.3221130371094,668.141845703125,547.5755615234375,621.2042846679688,549.3110961914062,654.42626953125,666.7719116210938,631.6591186523438,669.5658569335938
1133,37.76654424635332,643.308349609375,225.12974548339844,654.916259765625,218.23812866210938,633.7967529296875,217.05615234375,668.7078857421875,223.67417907714844,619.0221557617188,222.70095825195312,677.0827026367188,257.100830078125,602.6658325195312,283.920166015625,690.8239135742188,200.44219970703125,596.3236694335938,312.0545654296875,678.4603881835938,124.20836639404297,618.147705078125,290.4916076660156,666.773681640625,427.9068908691406,618.5114135742188,436.09747314453125,668.2035522460938,547.4380493164062,621.3934936523438,548.8457641601562,654.6023559570312,666.9229125976562,632.051025390625,669.1965942382812
1134,37.799877471636954,643.337646484375,224.93682861328125,654.8524780273438,218.08116149902344,633.747314453125,216.95626831054688,668.564453125,223.67445373535156,618.9580688476562,222.71856689453125,677.6688232421875,257.60223388671875,602.5258178710938,282.81512451171875,691.785400390625,203.5063934326172,595.592041015625,309.6285095214844,678.8121337890625,127.21570587158203,618.5355224609375,287.00836181640625,666.8704833984375,428.1025695800781,618.112060546875,435.6748352050781,668.3532104492188,547.8734741210938,621.0784301757812,548.6456909179688,654.7275390625,666.7096557617188,631.5668334960938,668.3466796875
1135,37.83321069692058,643.5032958984375,224.82029724121094,655.0076904296875,217.9385223388672,633.860595703125,216.79225158691406,668.6395263671875,223.47830200195312,618.8311767578125,222.48683166503906,677.4913940429688,257.564208984375,602.6041259765625,282.38226318359375,691.5228881835938,201.53326416015625,596.0203247070312,305.610595703125,678.5014038085938,126.01668548583984,618.9749145507812,281.07647705078125,666.7977905273438,428.6535339355469,618.2042846679688,436.1064453125,668.2555541992188,548.333984375,621.2392578125,549.052001953125,655.08349609375,667.0947875976562,631.9152221679688,668.4437866210938
1136,37.866543922204215,643.5264282226562,225.07028198242188,655.0768432617188,218.21380615234375,633.9154663085938,217.04661560058594,668.8157958984375,223.79432678222656,619.0081176757812,222.71621704101562,677.5783081054688,257.8178405761719,602.8003540039062,282.7381896972656,691.4168701171875,203.52247619628906,597.1097412109375,308.9804992675781,678.6326293945312,127.1972427368164,620.3226318359375,286.4498596191406,666.927001953125,428.067138671875,618.29248046875,435.5233459472656,668.474609375,547.9962158203125,621.2802124023438,548.5362548828125,655.12841796875,666.4873046875,631.96484375,668.0054931640625
1137,37.89987714748784,643.2137451171875,224.78427124023438,654.7848510742188,217.9827423095703,633.7355346679688,216.7418975830078,668.477783203125,223.63905334472656,619.0072631835938,222.42416381835938,677.4605102539062,257.44287109375,602.2020263671875,283.0312194824219,691.2396240234375,202.99005126953125,595.8749389648438,310.71209716796875,678.3135375976562,127.21831512451172,619.441162109375,288.1327209472656,666.9566650390625,427.8553771972656,618.1027221679688,435.5691223144531,668.6255493164062,548.0957641601562,621.0197143554688,548.697021484375,654.9267578125,666.6204223632812,631.9376831054688,667.8860473632812
1138,37.93321037277147,642.9812622070312,224.83084106445312,654.5489501953125,217.98052978515625,633.4684448242188,216.79307556152344,668.3654174804688,223.5806884765625,618.9500732421875,222.44146728515625,677.6353149414062,257.798828125,602.4747314453125,282.5788879394531,691.4622192382812,205.0667266845703,595.7418212890625,309.826171875,678.86474609375,129.24749755859375,618.861572265625,286.71380615234375,666.9765625,428.3088073730469,618.2142333984375,435.7160339355469,668.5901489257812,548.5855102539062,621.32763671875,548.9042358398438,654.8214721679688,666.8759155273438,632.0095825195312,668.0315551757812
1139,37.966543598055104,642.6917724609375,224.96617126464844,654.2291259765625,217.9680938720703,633.096923828125,216.97018432617188,668.1699829101562,223.39654541015625,618.7710571289062,222.57640075683594,677.9402465820312,257.857177734375,602.3220825195312,282.4491271972656,691.8341674804688,209.1650390625,595.0568237304688,312.90582275390625,679.3745727539062,132.67181396484375,617.9157104492188,290.0635681152344,667.1729736328125,427.7290954589844,618.1066284179688,435.1138000488281,668.7914428710938,548.3329467773438,621.3973388671875,548.7376708984375,654.5880126953125,666.688720703125,631.8714599609375,668.4364624023438
1140,37.99987682333873,642.1932373046875,224.83355712890625,653.739990234375,217.9197235107422,632.729248046875,216.92446899414062,667.9161987304688,223.46377563476562,619.0274658203125,222.65740966796875,678.0120239257812,258.072509765625,602.8201293945312,282.28253173828125,691.90576171875,210.31202697753906,595.4459838867188,313.09814453125,679.4628295898438,132.91897583007812,618.2047119140625,290.2056884765625,666.9964599609375,427.3878479003906,618.1829223632812,434.5726013183594,668.7451171875,548.1885375976562,621.6265869140625,548.3453979492188,654.7962646484375,666.3935546875,631.9155883789062,668.05810546875
1141,38.033210048622365,642.3050537109375,224.82965087890625,653.8898315429688,217.98342895507812,632.8685302734375,216.893310546875,668.0001831054688,223.62625122070312,619.053466796875,222.56202697753906,677.8681030273438,258.2914123535156,602.7650756835938,281.7800598144531,691.68310546875,209.6519317626953,595.3761596679688,310.4132080078125,679.6434326171875,132.87643432617188,618.6448364257812,287.2235107421875,666.7973022460938,427.495849609375,618.0342407226562,434.42919921875,668.5386962890625,548.2911376953125,621.306396484375,548.1788330078125,654.9737548828125,666.7711791992188,631.8329467773438,668.1372680664062
1142,38.06654327390599,642.3359375,224.79727172851562,653.8229370117188,217.85873413085938,632.8809814453125,216.91754150390625,667.8529052734375,223.2594757080078,619.1591796875,222.41537475585938,677.8208618164062,257.7381286621094,602.543212890625,281.4603271484375,691.883544921875,210.7791290283203,596.5711059570312,312.1504211425781,680.719970703125,133.1427459716797,623.5104370117188,287.9123840332031,666.8050537109375,426.7886657714844,617.7703247070312,433.9996032714844,668.9058837890625,547.6832275390625,621.7266845703125,548.1434936523438,654.3321533203125,665.9411010742188,631.940185546875,668.282470703125
1143,38.09987649918963,642.2672119140625,224.80111694335938,653.877197265625,217.90725708007812,632.8580322265625,216.87644958496094,667.9315185546875,223.49581909179688,619.052978515625,222.43238830566406,677.5830688476562,258.1352844238281,602.2686157226562,281.9947204589844,691.3023681640625,210.4020233154297,595.9279174804688,312.05950927734375,680.0983276367188,133.4391632080078,621.6705932617188,287.3561096191406,666.87109375,427.0616149902344,617.8800659179688,434.3607482910156,668.755615234375,547.782958984375,621.353759765625,548.3673095703125,654.6896362304688,665.988525390625,632.3362426757812,668.5328979492188
1144,38.133209724473254,642.3005981445312,224.6771240234375,653.9494018554688,217.79495239257812,632.8706665039062,216.72412109375,668.0225830078125,223.4848175048828,618.927734375,222.36630249023438,677.6361083984375,258.3772277832031,602.23095703125,282.0750732421875,691.4208374023438,210.84481811523438,595.220458984375,311.803466796875,679.626953125,134.61607360839844,619.737060546875,287.6539306640625,666.8259887695312,426.9991149902344,617.8749389648438,434.210693359375,668.6592407226562,547.4193115234375,621.1140747070312,548.0913696289062,654.9996948242188,665.8196411132812,632.1648559570312,668.493896484375
1145,38.16654294975689,641.9873046875,224.47325134277344,653.8146362304688,217.73838806152344,632.6430053710938,216.47528076171875,668.2010498046875,223.4794921875,618.91748046875,222.0780487060547,677.4896240234375,257.967041015625,603.0693359375,280.9354248046875,690.6722412109375,203.425048828125,596.5453491210938,301.1944885253906,677.90576171875,128.11984252929688,621.079345703125,272.9913635253906,666.3784790039062,428.20623779296875,618.0256958007812,434.9720764160156,668.0223388671875,547.669921875,620.8707275390625,547.6864624023438,655.6028442382812,666.4176025390625,632.4934692382812,667.5379638671875
1146,38.199876175040515,641.6235961914062,224.12818908691406,653.3687133789062,217.38290405273438,632.3280029296875,216.2364959716797,667.7216796875,223.2532501220703,618.9188842773438,222.017822265625,677.7047119140625,258.221923828125,602.6381225585938,280.96881103515625,691.2560424804688,208.42416381835938,595.6510009765625,304.927734375,678.5960693359375,133.16925048828125,620.852783203125,276.4263000488281,666.35205078125,427.2625732421875,617.6426391601562,434.0308532714844,668.1719360351562,547.2933349609375,620.7736206054688,547.4609985351562,655.3551025390625,666.0096435546875,632.3585205078125,667.651611328125
1147,38.23320940032415,641.587158203125,224.14346313476562,653.353271484375,217.42665100097656,632.302490234375,216.211181640625,667.7113037109375,223.3340606689453,618.8408813476562,221.9776611328125,677.6163330078125,258.466796875,602.7811889648438,280.5718688964844,691.1465454101562,206.3403778076172,594.2724609375,300.1832275390625,677.8801879882812,131.43881225585938,617.5195922851562,270.1811828613281,666.3963623046875,428.0596618652344,617.9423217773438,434.5903015136719,668.0498657226562,547.6096801757812,620.747802734375,547.8489379882812,655.8035278320312,666.3792114257812,632.1964721679688,668.0474243164062
1148,38.26654262560778,641.5088500976562,224.0710906982422,653.3096923828125,217.48626708984375,632.2905883789062,216.15200805664062,667.6982421875,223.55027770996094,618.9691772460938,221.86569213867188,677.4739379882812,258.98193359375,603.3759765625,279.1104736328125,691.0382080078125,205.32125854492188,594.2747802734375,291.5032958984375,677.59912109375,130.65313720703125,616.540283203125,256.7143249511719,666.0609741210938,428.6170349121094,618.0809936523438,434.46929931640625,667.9066772460938,547.888671875,621.041259765625,547.8685302734375,656.0455932617188,666.9187622070312,632.25830078125,668.5281372070312
1149,38.29987585089141,641.314208984375,223.99354553222656,653.1666870117188,217.51458740234375,632.0785522460938,216.0775909423828,667.71240234375,223.77110290527344,618.8112182617188,221.80528259277344,677.2664794921875,259.74041748046875,603.9754028320312,277.4490661621094,690.6917724609375,202.80751037597656,594.7701416015625,279.4997863769531,676.7655639648438,127.52043151855469,616.6544799804688,239.01722717285156,665.7978515625,429.80828857421875,618.2172241210938,434.84710693359375,667.4118041992188,548.4515991210938,620.7647094726562,548.08740234375,656.8719482421875,666.9949340820312,631.9937133789062,668.1631469726562
1150,38.33320907617504,641.4354248046875,223.98440551757812,653.2288818359375,217.50588989257812,632.134033203125,216.09725952148438,667.7008056640625,223.86508178710938,618.797119140625,221.97691345214844,677.519775390625,260.1052551269531,603.81494140625,277.7763977050781,690.9842529296875,205.0692138671875,594.0291748046875,281.99945068359375,677.1412963867188,129.91909790039062,614.8822021484375,242.66253662109375,665.7579956054688,429.6670227050781,618.0375366210938,434.601806640625,667.455078125,548.6839599609375,621.02099609375,547.8760986328125,656.2819213867188,667.1892700195312,632.0052490234375,667.8838500976562
1151,38.36654230145867,641.345947265625,224.16111755371094,653.1851806640625,217.49868774414062,631.9853515625,216.1698455810547,667.74755859375,223.59677124023438,618.5903930664062,221.9581298828125,677.735107421875,259.5672607421875,603.0901489257812,279.04266357421875,691.0467529296875,205.79922485351562,592.8992309570312,289.823974609375,677.4757080078125,130.78253173828125,613.859375,254.574462890625,665.9463500976562,429.71002197265625,617.7055053710938,435.2218017578125,667.6443481445312,548.7708129882812,620.7069091796875,548.0380249023438,655.7542724609375,667.4436645507812,631.8001098632812,667.9771728515625
1152,38.3998755267423,641.489013671875,224.072998046875,653.3482666015625,217.36483764648438,632.196044921875,216.01016235351562,667.7381591796875,223.45684814453125,618.62890625,221.78541564941406,677.5960693359375,259.1568908691406,602.1697387695312,280.54925537109375,691.0107421875,206.71917724609375,591.9393310546875,298.5275573730469,677.8538208007812,131.60922241210938,613.4063110351562,267.3417053222656,666.1747436523438,429.04949951171875,617.5240478515625,435.2933044433594,667.8470458984375,548.3929443359375,620.3886108398438,548.1231079101562,655.5389404296875,666.9837036132812,632.0319213867188,667.9570922851562
1153,38.433208752025934,641.2172241210938,224.11549377441406,653.09033203125,217.3030548095703,631.889404296875,216.05870056152344,667.6154174804688,223.23658752441406,618.4736328125,221.76043701171875,677.7040405273438,259.0268249511719,602.0160522460938,280.3492126464844,690.9457397460938,209.67465209960938,591.4862670898438,300.4419250488281,678.0598754882812,135.47816467285156,612.5701904296875,269.15301513671875,666.0466918945312,428.49072265625,617.227294921875,434.75848388671875,667.9819946289062,547.9192504882812,620.4599609375,547.7109985351562,655.3546752929688,666.71044921875,632.0902709960938,667.944580078125
1154,38.46654197730956,641.2432861328125,223.92984008789062,653.0708618164062,217.19981384277344,631.9254760742188,215.95016479492188,667.4970703125,223.2726287841797,618.4658203125,221.7506866455078,677.4939575195312,259.1401062011719,602.1603393554688,279.8634338378906,690.7621459960938,209.59317016601562,591.353759765625,297.9205322265625,677.7002563476562,135.52371215820312,612.2557983398438,265.4374084472656,665.9879150390625,428.2803955078125,617.3418579101562,434.3997802734375,667.849365234375,547.4837036132812,620.333740234375,547.5758666992188,655.4252319335938,665.6959838867188,631.6707763671875,667.4862060546875
1155,38.49987520259319,641.482177734375,223.93121337890625,653.3242797851562,217.21273803710938,632.1810302734375,215.9285430908203,667.6483154296875,223.27230834960938,618.5733642578125,221.69857788085938,677.45458984375,258.7702331542969,601.8319702148438,280.2147216796875,690.43359375,207.0267791748047,591.3018798828125,297.8727722167969,677.1619873046875,132.43777465820312,612.9221801757812,264.4549865722656,666.1192626953125,428.4447326660156,617.284912109375,434.8376770019531,667.9715576171875,547.51513671875,620.2671508789062,547.6224975585938,655.4618530273438,665.8820190429688,632.2137451171875,667.363037109375
1156,38.53320842787682,641.3128051757812,223.76181030273438,653.0594482421875,217.14083862304688,631.9672241210938,215.8900604248047,667.4094848632812,223.3585968017578,618.5779418945312,221.70040893554688,677.6138305664062,259.71844482421875,602.6557006835938,277.8603515625,690.7975463867188,207.8013153076172,591.7319946289062,285.6786804199219,677.4657592773438,133.96670532226562,613.3688354492188,246.5262908935547,665.9110107421875,429.4501647949219,617.4703369140625,434.7030029296875,667.452392578125,548.2616577148438,620.5713500976562,547.7307739257812,655.5437622070312,666.2813720703125,632.1532592773438,667.3209838867188
1157,38.56654165316045,641.5137329101562,223.88710021972656,653.2239990234375,217.1399688720703,632.2138061523438,215.98345947265625,667.3497924804688,223.23828125,618.6791381835938,221.8665313720703,677.5765380859375,259.08349609375,601.7657470703125,280.4701843261719,690.8587036132812,210.97508239746094,591.21728515625,300.9902038574219,678.12060546875,137.08367919921875,612.7001953125,267.78839111328125,666.2554931640625,428.00018310546875,617.353515625,434.4107971191406,667.9020385742188,547.6104736328125,620.3413696289062,547.7212524414062,655.1878051757812,665.6259765625,632.2826538085938,667.2988891601562
1158,38.59987487844408,641.3111572265625,223.82632446289062,653.0542602539062,217.0581512451172,632.0399780273438,215.93861389160156,667.2772216796875,223.1498260498047,618.62451171875,221.91197204589844,677.3773193359375,258.8385314941406,601.6790771484375,281.3828125,690.7545166015625,211.02244567871094,591.3238525390625,305.46588134765625,678.1490478515625,137.02255249023438,612.8718872070312,275.330078125,666.1771850585938,427.60650634765625,617.3911743164062,434.47503662109375,667.7163696289062,547.5396728515625,620.4839477539062,548.3446655273438,654.5999145507812,665.5888061523438,632.2017211914062,668.2980346679688
1159,38.63320810372771,641.0559692382812,224.53858947753906,652.8536376953125,217.37936401367188,631.4061889648438,216.56459045410156,667.1954956054688,222.70782470703125,617.4263305664062,222.08937072753906,677.4191284179688,257.9000244140625,601.0056762695312,281.4586486816406,690.6368408203125,209.33604431152344,590.7767944335938,304.1741027832031,679.482421875,136.7168426513672,609.361083984375,270.611572265625,667.06640625,428.41876220703125,617.7998046875,435.6856689453125,668.0358276367188,548.3248291015625,620.1849975585938,549.0702514648438,654.396484375,666.15771484375,632.6470336914062,668.6286010742188
1160,38.666541329011345,641.1358032226562,224.44647216796875,653.0069580078125,217.35531616210938,631.533203125,216.4126739501953,667.42822265625,222.65367126464844,617.5262451171875,221.85845947265625,677.2845458984375,257.42327880859375,601.220947265625,281.0824279785156,690.0226440429688,204.4929656982422,590.857421875,299.945068359375,678.3171997070312,131.36151123046875,608.9714965820312,265.0597839355469,666.9310302734375,429.0696716308594,617.8511962890625,436.2720642089844,667.8359985351562,548.5353393554688,620.0338134765625,548.9161376953125,654.9052734375,666.5099487304688,632.9317626953125,667.9924926757812
1161,38.69987455429497,641.2594604492188,224.32708740234375,653.080810546875,217.22378540039062,631.6972045898438,216.32688903808594,667.3956298828125,222.4927978515625,617.7470703125,221.7932891845703,677.3954467773438,257.03253173828125,601.1664428710938,281.3511657714844,690.4583129882812,205.19967651367188,591.0046997070312,302.98779296875,678.624267578125,131.28163146972656,609.6567993164062,268.4412536621094,666.9802856445312,428.68621826171875,617.7321166992188,436.1537170410156,668.2672729492188,548.2821044921875,620.0169677734375,549.027587890625,654.8079833984375,666.3330688476562,632.5526733398438,668.3886108398438
1162,38.733207779578606,641.3493041992188,224.45887756347656,653.2590942382812,217.43785095214844,631.8963012695312,216.3281707763672,667.5846557617188,222.5902099609375,617.7438354492188,221.53985595703125,676.9285278320312,256.2151184082031,601.147216796875,281.45916748046875,689.7921752929688,200.34878540039062,592.3958740234375,302.5614929199219,676.6564331054688,125.56027221679688,612.6744995117188,268.98272705078125,666.7876586914062,428.83099365234375,617.6806640625,436.5623779296875,667.860107421875,548.5537719726562,619.8509521484375,549.5098876953125,654.4341430664062,666.04296875,632.6353149414062,667.80224609375
1163,38.76654100486223,641.205078125,224.4483184814453,653.1113891601562,217.4501190185547,631.6915283203125,216.3401336669922,667.48388671875,222.83822631835938,617.5943603515625,221.84698486328125,676.9661254882812,256.9388122558594,601.1015625,282.3572082519531,689.5280151367188,201.19798278808594,592.15625,304.21466064453125,676.9590454101562,126.56829071044922,611.0642700195312,271.49853515625,666.771240234375,429.4901123046875,617.7191772460938,437.1640930175781,667.6113891601562,549.87841796875,619.76171875,550.238525390625,653.989013671875,667.052490234375,632.3267211914062,667.92822265625
1164,38.79987423014587,641.144775390625,224.62237548828125,653.1060791015625,217.61642456054688,631.6287841796875,216.5104217529297,667.6188354492188,223.01756286621094,617.6097412109375,222.10211181640625,676.9503173828125,257.0384521484375,601.2432250976562,282.95611572265625,689.3096923828125,200.6566619873047,591.9780883789062,305.3718566894531,676.7460327148438,126.18468475341797,610.4028930664062,273.6491394042969,666.7337646484375,429.4468688964844,617.8347778320312,437.3033752441406,667.6024780273438,549.3311767578125,619.9118041992188,549.9368286132812,654.121826171875,666.5464477539062,632.5013427734375,667.611572265625
1165,38.833207455429495,640.943359375,224.6976776123047,652.9237670898438,217.76112365722656,631.4546508789062,216.58547973632812,667.4853515625,223.22634887695312,617.5262451171875,222.1016845703125,676.9506225585938,257.5481872558594,601.6373901367188,281.7539978027344,689.3530883789062,200.01150512695312,592.0927124023438,297.60858154296875,676.8395385742188,125.91590118408203,609.88037109375,260.472412109375,666.6958618164062,430.2174987792969,618.0369873046875,437.4250183105469,667.0360717773438,550.13818359375,619.5319213867188,550.1732788085938,654.2572631835938,666.6876220703125,632.3784790039062,666.8994140625
1166,38.86654068071313,641.1268920898438,224.749267578125,653.1221313476562,217.7375946044922,631.6090087890625,216.5779571533203,667.5986938476562,223.1315460205078,617.4876098632812,222.14500427246094,676.8369140625,257.1565246582031,601.2540893554688,283.11163330078125,688.7097778320312,198.73448181152344,592.1421508789062,302.08319091796875,676.2515258789062,124.30940246582031,608.9738159179688,265.1719055175781,666.8380126953125,430.3517761230469,618.0547485351562,438.12823486328125,667.0897216796875,550.4894409179688,619.4629516601562,550.459228515625,654.1594848632812,666.9173583984375,632.908447265625,666.489501953125
1167,38.899873905996756,641.2907104492188,224.7379913330078,653.291748046875,217.71253967285156,631.7310180664062,216.52976989746094,667.8204345703125,223.11178588867188,617.5877075195312,222.08212280273438,676.932373046875,257.39111328125,601.4615478515625,282.85040283203125,688.6881713867188,199.09251403808594,592.1077270507812,301.48193359375,676.3771362304688,124.6178207397461,609.0938720703125,265.92230224609375,666.6304321289062,430.54156494140625,617.921630859375,438.1084289550781,666.9575805664062,550.9383544921875,619.565185546875,550.6834106445312,654.0361938476562,667.1690063476562,632.56396484375,666.520263671875
1168,38.93320713128039,641.3917846679688,224.43898010253906,653.2575073242188,217.47897338867188,631.7913818359375,216.3740234375,667.63623046875,223.0142364501953,617.6519165039062,222.14210510253906,677.0274658203125,257.462890625,601.652587890625,282.33099365234375,689.0094604492188,199.3494415283203,592.623291015625,298.9625549316406,676.6355590820312,124.85830688476562,610.01611328125,261.42218017578125,666.4970092773438,430.2420349121094,617.8418579101562,437.6001281738281,666.9723510742188,550.7373046875,619.8296508789062,550.3530883789062,653.9522094726562,667.3885498046875,632.5945434570312,666.6566772460938
1169,38.96654035656402,641.2266845703125,224.38861083984375,653.1354370117188,217.40232849121094,631.7027587890625,216.2657928466797,667.58447265625,222.9337615966797,617.6906127929688,222.01300048828125,677.00537109375,257.4115295410156,601.307373046875,283.1043395996094,689.1497192382812,199.89236450195312,592.5241088867188,303.0320739746094,676.8455810546875,125.05322265625,610.6015014648438,267.359375,666.5865478515625,430.0046691894531,617.7523803710938,437.67742919921875,667.154052734375,550.5187377929688,619.7059326171875,550.3936157226562,653.9371337890625,667.19140625,632.5575561523438,666.7981567382812
1170,38.999873581847645,641.4031372070312,224.40850830078125,653.2631225585938,217.38229370117188,631.8328857421875,216.37803649902344,667.6475219726562,222.8852996826172,617.7510375976562,222.2331085205078,677.0090942382812,257.3130187988281,601.599853515625,283.39398193359375,689.4598388671875,200.48289489746094,593.4605712890625,304.4922790527344,677.15966796875,125.89492797851562,611.1817626953125,270.30517578125,666.5865478515625,429.4452209472656,617.865966796875,437.3133544921875,667.330810546875,549.5844116210938,619.767333984375,550.0014038085938,654.52294921875,666.6561279296875,632.600341796875,667.3148193359375
1171,39.03320680713128,641.3353271484375,224.29393005371094,653.2142944335938,217.28955078125,631.77099609375,216.30152893066406,667.7012939453125,222.8278350830078,617.8499755859375,222.22511291503906,677.1962890625,257.16473388671875,601.8052368164062,283.1604919433594,689.50146484375,200.4503631591797,593.3213500976562,303.69830322265625,677.1264038085938,126.19737243652344,611.3605346679688,268.65673828125,666.7213134765625,429.2025146484375,618.0237426757812,437.0702209472656,667.6098022460938,549.12060546875,620.0974731445312,549.671142578125,654.4906616210938,666.5280151367188,632.6870727539062,667.306640625
1172,39.066540032414906,641.3798217773438,224.33900451660156,653.2702026367188,217.3292694091797,631.8450927734375,216.25767517089844,667.7356567382812,222.8474884033203,617.8954467773438,222.09295654296875,677.1624755859375,257.21978759765625,601.6438598632812,283.6665954589844,689.430908203125,201.04623413085938,593.3934326171875,307.0506286621094,677.2958984375,126.30823516845703,610.9401245117188,274.3133850097656,666.6931762695312,429.1921081542969,617.9667358398438,437.11383056640625,667.543212890625,549.5342407226562,620.0875854492188,549.6373291015625,653.9302978515625,666.7846069335938,632.5253295898438,666.9785766601562
1173,39.09987325769854,641.5726318359375,224.32579040527344,653.4349975585938,217.35604858398438,632.0137329101562,216.20925903320312,667.7532348632812,222.877685546875,617.8046264648438,221.9903564453125,676.8856201171875,257.2184143066406,601.801513671875,283.2578430175781,689.1587524414062,198.91058349609375,593.5327758789062,303.36810302734375,677.1138305664062,124.7606201171875,610.8820190429688,269.7702941894531,666.707763671875,429.59991455078125,618.2869262695312,437.382568359375,667.3931274414062,549.5515747070312,620.3565063476562,549.576171875,654.1744995117188,666.5852661132812,632.8607788085938,666.4104614257812
1174,39.13320648298217,641.4136962890625,223.96607971191406,653.2886352539062,217.08380126953125,631.8953857421875,215.9659423828125,667.6290893554688,222.8789520263672,617.8455200195312,221.9643096923828,676.8544921875,257.6094970703125,601.95556640625,282.8834533691406,689.5956420898438,199.96310424804688,593.73876953125,301.54351806640625,677.43408203125,125.88170623779297,611.5930786132812,267.55340576171875,666.6373901367188,429.3085632324219,618.3163452148438,436.9464416503906,667.5325927734375,548.6925659179688,620.4557495117188,549.269287109375,654.8290405273438,666.284423828125,633.074462890625,667.4185791015625
1175,39.1665397082658,641.7645874023438,223.9052734375,653.5010375976562,217.18328857421875,632.3197631835938,215.9632568359375,667.6102294921875,223.22286987304688,618.2073364257812,221.95738220214844,676.6683349609375,258.4233093261719,602.61181640625,281.3603820800781,690.3030395507812,202.37017822265625,595.14013671875,297.62353515625,677.0181884765625,126.84774017333984,615.3837890625,264.2019958496094,665.90283203125,428.53533935546875,617.99853515625,435.4000549316406,667.2926635742188,547.6779174804688,621.0313720703125,548.4620361328125,654.9343872070312,665.7343139648438,632.6876831054688,667.9659423828125
1176,39.19987293354943,641.9652709960938,223.9485321044922,653.595458984375,217.2245330810547,632.5115356445312,216.0436553955078,667.5132446289062,223.173828125,618.2789916992188,221.99984741210938,676.5928344726562,258.0207214355469,602.6400756835938,281.45849609375,690.4874877929688,202.26609802246094,596.0272827148438,299.8390808105469,677.593505859375,126.77191925048828,617.457763671875,268.6991271972656,666.0289306640625,428.18365478515625,618.1476440429688,435.2171325683594,667.3455810546875,547.478515625,621.3572998046875,548.2538452148438,654.723876953125,665.7623901367188,632.9114379882812,667.8692626953125
1177,39.23320615883306,642.0451049804688,224.0350799560547,653.6483154296875,217.3145751953125,632.5784912109375,216.11911010742188,667.564697265625,223.2034912109375,618.32421875,222.03932189941406,676.7194213867188,257.80340576171875,602.5735473632812,281.67193603515625,690.3135986328125,201.99391174316406,596.7192993164062,301.576171875,677.1398315429688,125.86792755126953,618.9608764648438,270.9809875488281,666.1981201171875,428.23089599609375,618.1085815429688,435.337890625,667.6483154296875,547.6725463867188,621.4291381835938,548.07275390625,654.547119140625,666.1519775390625,632.8798217773438,667.5971069335938
1178,39.26653938411669,642.3213500976562,224.29409790039062,653.820068359375,217.4394073486328,632.8761596679688,216.38455200195312,667.6019287109375,222.9512481689453,618.58984375,222.02984619140625,676.9161987304688,256.853271484375,601.95361328125,282.1907043457031,690.283203125,204.21688842773438,596.6813354492188,309.8034973144531,677.4136962890625,127.14675903320312,620.982177734375,282.94293212890625,666.694091796875,426.4060363769531,617.9581909179688,434.107421875,668.0848999023438,546.9537353515625,621.2843627929688,547.5518188476562,654.3046875,665.6593017578125,632.9814453125,667.3657836914062
1179,39.299872609400325,642.32177734375,224.14715576171875,653.7758178710938,217.31588745117188,632.8426513671875,216.2987060546875,667.49658203125,222.9634246826172,618.5440673828125,222.1332550048828,677.1021728515625,257.14154052734375,601.9674682617188,282.38055419921875,690.7181396484375,204.79075622558594,596.0260620117188,309.4654235839844,677.4437255859375,127.80664825439453,619.2963256835938,281.8066101074219,666.8673706054688,426.6550598144531,618.1196899414062,434.29864501953125,668.0137939453125,547.3690185546875,621.29736328125,548.036376953125,653.9202880859375,665.758544921875,632.7366333007812,667.6416015625
1180,39.33320583468395,642.0924072265625,224.285888671875,653.7096557617188,217.52647399902344,632.7304077148438,216.32496643066406,667.5634155273438,223.29005432128906,618.5128173828125,222.13490295410156,676.6804809570312,257.3929138183594,602.0111083984375,283.1822204589844,689.9931030273438,202.84715270996094,595.7884521484375,309.98199462890625,677.0867309570312,126.03593444824219,617.2127685546875,283.3189392089844,666.8482666015625,427.4227600097656,618.4782104492188,435.2184753417969,667.8619995117188,547.6394653320312,621.2522583007812,548.2047119140625,654.5208740234375,665.5916137695312,633.3575439453125,667.0758666992188
1181,39.366539059967586,642.2963256835938,224.6724090576172,653.8915405273438,217.67103576660156,632.8203735351562,216.67935180664062,667.8109741210938,223.04898071289062,618.5960693359375,222.17945861816406,677.2325439453125,257.26263427734375,601.7753295898438,282.869384765625,690.8418579101562,206.7208709716797,595.3232421875,312.78326416015625,678.4525756835938,128.9136962890625,618.3211669921875,285.384765625,667.3394165039062,426.84375,618.3831176757812,434.7681579589844,668.4561767578125,547.4951782226562,621.4652709960938,548.660400390625,654.090576171875,664.9785766601562,633.1566162109375,667.8045654296875
1182,39.39987228525121,642.3914794921875,224.5886993408203,653.92724609375,217.54933166503906,632.8257446289062,216.6393585205078,667.8767700195312,222.8498992919922,618.5667114257812,222.1793212890625,677.3067016601562,257.1535949707031,602.2573852539062,282.334716796875,691.2025146484375,206.79005432128906,595.9004516601562,311.1800537109375,678.6734619140625,129.3119659423828,618.6705322265625,284.5374755859375,667.0869140625,426.63116455078125,618.4038696289062,434.3970031738281,668.2252197265625,546.973876953125,622.02294921875,548.3326416015625,653.6367797851562,664.925537109375,633.0791625976562,668.226318359375
1183,39.43320551053485,642.2732543945312,224.5033416748047,653.819091796875,217.51612854003906,632.6981201171875,216.57675170898438,667.8248291015625,223.0258331298828,618.5231323242188,222.2873077392578,677.2603149414062,257.7735595703125,602.498291015625,282.5305480957031,691.2257690429688,207.29498291015625,596.4407958984375,310.90386962890625,679.0691528320312,129.67555236816406,618.8253173828125,285.5355529785156,667.10791015625,426.6839904785156,618.6585693359375,434.24517822265625,668.2279663085938,547.0265502929688,622.385498046875,548.0091552734375,654.0123901367188,664.7870483398438,633.5352172851562,667.818115234375
1184,39.466538735818474,642.0914306640625,224.33685302734375,653.6925048828125,217.47683715820312,632.5961303710938,216.43849182128906,667.8584594726562,223.15724182128906,618.7193603515625,222.31411743164062,677.2357177734375,257.6632995605469,602.7186279296875,282.6799621582031,690.5648193359375,205.18614196777344,596.1404418945312,310.0525817871094,678.7158203125,127.88509368896484,617.697265625,284.9377136230469,666.9027709960938,427.0158996582031,618.646240234375,434.552734375,668.211181640625,547.5047607421875,622.4677734375,547.9258422851562,653.9974365234375,665.3043212890625,633.5410766601562,667.1858520507812
1185,39.4998719611021,641.8978271484375,224.75633239746094,653.5090942382812,217.7213897705078,632.40478515625,216.78817749023438,667.7716674804688,222.9375762939453,618.6394653320312,222.31747436523438,677.27587890625,256.95819091796875,602.5117797851562,283.0211181640625,690.6732788085938,205.40109252929688,596.2959594726562,313.1802673339844,679.2825927734375,128.0924072265625,618.1403198242188,287.7094421386719,667.0501708984375,426.79278564453125,618.63623046875,434.7334899902344,668.1646118164062,547.8890991210938,622.5477294921875,548.581787109375,653.11376953125,665.38232421875,633.6021118164062,667.4695434570312
1186,39.533205186385736,641.5279541015625,224.89004516601562,653.2279663085938,217.94505310058594,632.085693359375,216.893798828125,667.770263671875,223.17701721191406,618.5093383789062,222.42271423339844,677.1592407226562,256.9032287597656,603.0227661132812,282.7324523925781,690.6328125,203.6731414794922,597.0142211914062,311.4620361328125,678.5050659179688,126.51707458496094,618.7078247070312,288.0337829589844,666.5453491210938,427.0069885253906,618.5256958007812,434.72686767578125,667.6798095703125,547.5704345703125,622.6298828125,548.1011352539062,652.9612426757812,665.4467163085938,633.381103515625,667.1730346679688
1187,39.56653841166936,644.7786865234375,224.55906677246094,655.7251586914062,217.51806640625,635.0548706054688,216.75457763671875,668.5654907226562,222.60975646972656,619.8987426757812,222.10470581054688,678.1006469726562,256.8142395019531,602.5491943359375,280.986083984375,691.8987426757812,208.89117431640625,596.3150634765625,311.7113952636719,679.32421875,129.73367309570312,622.458251953125,287.1394958496094,667.7849731445312,426.349609375,618.6386108398438,433.73345947265625,668.2518920898438,547.583984375,622.603271484375,548.126220703125,652.2421264648438,665.0030517578125,632.505615234375,667.2078247070312
1188,39.599871636953,645.0054321289062,224.9210968017578,656.0325317382812,217.8959503173828,635.2753295898438,217.0471954345703,668.8477172851562,223.00173950195312,619.807373046875,222.3235321044922,677.9903564453125,257.0680236816406,602.4628295898438,281.46173095703125,692.0086669921875,207.4542999267578,596.3334350585938,311.337158203125,679.6073608398438,128.9436798095703,621.265625,288.0954284667969,667.732177734375,426.6385192871094,618.6748046875,434.0699768066406,667.9744262695312,547.537353515625,622.3223876953125,548.0426635742188,652.56396484375,665.2634887695312,632.9161987304688,667.3668823242188
1189,39.633204862236624,645.250732421875,224.79043579101562,656.2117919921875,217.70370483398438,635.4254760742188,216.99017333984375,669.0516357421875,222.76226806640625,620.0164794921875,222.4441680908203,678.4396362304688,256.884521484375,602.9393920898438,281.644287109375,692.03271484375,207.21434020996094,597.55712890625,311.51416015625,679.6995849609375,129.030029296875,622.6456298828125,287.7745361328125,667.9158325195312,427.0234375,618.8017578125,434.4833679199219,668.1050415039062,547.9216918945312,622.2468872070312,547.9829711914062,652.9187622070312,665.6077270507812,632.813232421875,666.7809448242188
1190,39.66653808752026,645.010986328125,224.9357452392578,656.1393432617188,217.8620147705078,635.2930908203125,217.05796813964844,669.1800537109375,222.84674072265625,620.000244140625,222.3719940185547,678.2344970703125,256.5104064941406,602.7444458007812,281.7926330566406,691.9246826171875,205.46742248535156,597.1723022460938,311.3243408203125,679.0056762695312,127.70220947265625,623.1713256835938,287.4070129394531,667.5673217773438,426.7190246582031,618.4279174804688,434.5035400390625,668.5215454101562,546.9636840820312,622.1364135742188,547.9537963867188,653.5797729492188,664.9725341796875,632.8331909179688,667.270751953125
1191,39.699871312803886,645.1859741210938,224.7882843017578,656.2410888671875,217.72535705566406,635.36083984375,216.98594665527344,669.2112426757812,222.88755798339844,619.9664306640625,222.50416564941406,678.543212890625,257.0615539550781,603.0209350585938,281.4049987792969,692.4734497070312,207.58460998535156,597.021484375,309.8940124511719,679.40771484375,129.4715118408203,622.21826171875,284.93194580078125,667.864990234375,427.22064208984375,618.6939086914062,434.6587219238281,668.6533813476562,547.5733032226562,622.37158203125,548.421630859375,653.5846557617188,665.1807861328125,632.622314453125,667.6060791015625
1192,39.73320453808752,645.4130859375,224.83473205566406,656.4419555664062,217.74070739746094,635.5812377929688,217.0607452392578,669.2495727539062,222.91665649414062,620.0360107421875,222.61892700195312,678.6560668945312,256.8895568847656,602.6250610351562,281.9793395996094,692.77587890625,208.28001403808594,596.7282104492188,312.3932189941406,679.8197631835938,129.64942932128906,622.4065551757812,285.609130859375,668.2153930664062,426.9132080078125,618.6996459960938,434.7132263183594,668.9157104492188,547.3950805664062,622.0628662109375,548.6866455078125,653.4187622070312,664.703369140625,632.5662841796875,667.584716796875
1193,39.76653776337115,645.2131958007812,224.6308135986328,656.2897338867188,217.5595703125,635.3997802734375,216.890869140625,669.3286743164062,222.78944396972656,620.1698608398438,222.4241485595703,678.7389526367188,257.2890625,603.3165893554688,280.7717590332031,693.1839599609375,209.64146423339844,598.9118041992188,309.3165588378906,680.545166015625,131.18075561523438,627.5936889648438,284.4982604980469,667.7338256835938,426.8750305175781,618.438720703125,434.12847900390625,668.77197265625,547.263916015625,622.2356567382812,548.3894653320312,654.4219970703125,665.0807495117188,632.7184448242188,668.3087768554688
1194,39.79987098865478,645.1551513671875,224.6594696044922,656.1412963867188,217.552978515625,635.2716674804688,216.97975158691406,669.2074584960938,222.8079833984375,620.15966796875,222.65553283691406,678.9998779296875,257.6424865722656,603.2666625976562,281.1587829589844,693.448486328125,211.79832458496094,598.756103515625,311.51287841796875,680.912109375,132.7215576171875,627.5897827148438,286.6177978515625,667.9427490234375,426.76910400390625,618.471435546875,434.0162048339844,668.93701171875,547.5615844726562,622.5443725585938,548.540771484375,653.707763671875,664.7710571289062,632.375,667.8892822265625
1195,39.83320421393841,645.3779907226562,224.6734619140625,656.3118286132812,217.53964233398438,635.4732666015625,217.00375366210938,669.2645874023438,222.71047973632812,620.2416381835938,222.5948944091797,678.957275390625,257.51287841796875,603.1946411132812,280.8793640136719,693.2909545898438,212.50628662109375,598.129638671875,311.6763610839844,681.06103515625,133.70236206054688,626.6702880859375,287.10980224609375,667.9657592773438,426.37127685546875,618.4814453125,433.6247253417969,668.9473876953125,547.320556640625,622.6192626953125,548.4296264648438,653.5552978515625,664.3458251953125,632.324951171875,667.765625
1196,39.86653743922204,645.248291015625,224.64772033691406,656.2243041992188,217.5093994140625,635.3721923828125,217.01121520996094,669.3064575195312,222.73086547851562,620.4157104492188,222.73069763183594,679.1646728515625,257.6105651855469,603.4609375,281.6109924316406,693.220703125,212.8318634033203,598.1737670898438,313.6375427246094,681.2324829101562,134.1455078125,624.9393920898438,288.78070068359375,668.2542114257812,426.5271911621094,618.9028930664062,433.93438720703125,668.8460083007812,547.5947875976562,622.7434692382812,548.548583984375,653.1435546875,664.6719970703125,632.5987548828125,667.9144287109375
1197,39.89987066450567,645.4954833984375,224.78048706054688,656.4746704101562,217.6418914794922,635.5820922851562,217.08546447753906,669.5521850585938,222.73086547851562,620.4081420898438,222.6721649169922,679.1557006835938,257.24346923828125,603.4144897460938,281.44720458984375,692.9375,210.6050262451172,598.3111572265625,312.5814208984375,681.1775512695312,132.63343811035156,625.6807861328125,288.9411315917969,668.20556640625,426.51861572265625,618.830810546875,433.94781494140625,668.7422485351562,547.7811889648438,622.7423706054688,548.4324340820312,653.0624389648438,665.3023681640625,632.62646484375,667.710205078125
1198,39.933203889789304,645.7032470703125,224.6600341796875,656.5763549804688,217.50379943847656,635.7223510742188,217.0504913330078,669.5579223632812,222.7097930908203,620.6399536132812,222.7454376220703,679.5552368164062,257.8392333984375,603.645751953125,280.8677673339844,693.3837280273438,214.79278564453125,598.1564331054688,312.63726806640625,682.0401000976562,135.63003540039062,625.9872436523438,286.7636413574219,668.51220703125,426.4276123046875,618.9762573242188,433.4741516113281,668.9873046875,547.952880859375,623.0166015625,548.3442993164062,652.7279052734375,664.7909545898438,632.3466796875,667.3507080078125
1199,39.96653711507293,645.649658203125,224.61264038085938,656.5628662109375,217.40968322753906,635.7239990234375,216.966796875,669.5830688476562,222.44192504882812,620.716064453125,222.5769805908203,679.4846801757812,257.0281982421875,603.3495483398438,281.48541259765625,692.89990234375,212.53018188476562,597.1912231445312,314.5758056640625,681.7646484375,133.47509765625,623.38671875,287.9886474609375,668.73681640625,426.2638854980469,619.1201171875,433.8106384277344,669.058349609375,547.86083984375,622.8511962890625,548.3630981445312,652.6719360351562,664.6923217773438,632.6599731445312,666.8990478515625
1200,39.99987034035656,645.64111328125,224.3577117919922,656.5348510742188,217.10218811035156,635.6912841796875,216.7289581298828,669.5681762695312,222.15072631835938,620.8507080078125,222.3696746826172,679.7296142578125,257.2932434082031,603.525634765625,281.1330261230469,693.0131225585938,215.76473999023438,596.1135864257812,315.2706604003906,682.2724609375,136.71337890625,621.3753051757812,287.9513244628906,668.9965209960938,426.332763671875,619.4168701171875,433.7125244140625,669.1099243164062,548.2234497070312,623.0852661132812,548.803466796875,652.384521484375,664.5784301757812,632.4462890625,667.2431030273438
1201,40.03320356564019,645.4402465820312,224.5980224609375,656.4305419921875,217.31512451171875,635.5062866210938,216.95806884765625,669.6744995117188,222.2313690185547,620.7688598632812,222.520751953125,679.8533325195312,256.8414611816406,603.4141845703125,281.26019287109375,693.2078857421875,213.74786376953125,595.827392578125,314.80780029296875,682.055908203125,134.97915649414062,621.2599487304688,287.43487548828125,669.05712890625,426.1068115234375,619.2777099609375,433.72601318359375,669.4481811523438,547.6156616210938,622.8418579101562,548.5965576171875,652.7700805664062,664.6107177734375,632.333984375,667.6904907226562
1202,40.06653679092382,645.3458251953125,224.6790313720703,656.37939453125,217.5004425048828,635.4537353515625,216.98751831054688,669.6480102539062,222.58518981933594,620.69287109375,222.57528686523438,679.6431274414062,257.33917236328125,603.6409912109375,281.25311279296875,692.9739990234375,212.6623077392578,596.974365234375,313.4091491699219,681.7705078125,134.0139923095703,623.0553588867188,288.334228515625,668.7788696289062,426.8286437988281,619.255126953125,434.1371765136719,669.0839233398438,548.2041015625,622.6881713867188,548.5535888671875,653.076416015625,665.3294067382812,632.2921752929688,667.4924926757812
1203,40.099870016207454,645.3043212890625,224.81134033203125,656.3777465820312,217.62030029296875,635.3745727539062,217.06964111328125,669.68359375,222.7079620361328,620.5297241210938,222.5745849609375,679.599853515625,257.7079772949219,603.6244506835938,280.9041442871094,692.9750366210938,213.24847412109375,596.53662109375,311.5355529785156,682.1090087890625,135.49307250976562,622.8643188476562,286.442626953125,668.7538452148438,427.1545104980469,619.2677612304688,434.2607116699219,669.114501953125,548.2520751953125,622.602783203125,548.70166015625,652.9497680664062,665.3555908203125,631.7807006835938,667.8306274414062
1204,40.13320324149108,645.3657836914062,224.8358917236328,656.4591674804688,217.6332244873047,635.43603515625,217.09109497070312,669.7984008789062,222.6910858154297,620.5653076171875,222.6552734375,679.6365356445312,257.4416198730469,603.6578979492188,281.2989501953125,692.9720458984375,211.70034790039062,596.7380981445312,312.0439147949219,681.896484375,134.275146484375,622.8591918945312,287.78497314453125,668.6669311523438,427.14434814453125,619.1515502929688,434.463623046875,669.3689575195312,548.0616455078125,622.4666748046875,548.6150512695312,653.6434326171875,665.1121826171875,631.7889404296875,667.4266967773438
1205,40.166536466774716,645.31396484375,224.88427734375,656.3139038085938,217.5720977783203,635.3888549804688,217.1526336669922,669.6331176757812,222.4199676513672,620.6759643554688,222.61805725097656,679.6795043945312,257.21893310546875,603.6329345703125,281.329345703125,692.9459838867188,213.1219482421875,596.3743896484375,313.5669250488281,682.1450805664062,135.0141143798828,622.1434936523438,287.49005126953125,669.0137939453125,426.3663330078125,619.433837890625,433.8473815917969,669.6735229492188,547.4122314453125,622.7066040039062,548.2155151367188,653.5687255859375,664.5669555664062,631.689453125,667.321533203125
1206,40.19986969205834,645.5296630859375,225.00523376464844,656.5276489257812,217.69610595703125,635.5596923828125,217.24298095703125,669.7605590820312,222.4278564453125,620.499755859375,222.66500854492188,679.3607788085938,256.64984130859375,603.9664916992188,281.2564392089844,692.867919921875,209.59962463378906,597.8053588867188,311.7881164550781,681.5060424804688,132.18798828125,624.0993041992188,287.5921630859375,668.532958984375,426.65216064453125,619.2691650390625,434.2623596191406,669.3004760742188,547.47607421875,622.3922729492188,548.6195068359375,653.842529296875,665.23779296875,631.1054077148438,668.039794921875
1207,40.23320291734198,645.466064453125,224.93115234375,656.4434204101562,217.6056365966797,635.4662475585938,217.21051025390625,669.8123779296875,222.30050659179688,620.6046142578125,222.6704559326172,679.5669555664062,256.564453125,604.3045043945312,280.98931884765625,692.93701171875,210.21511840820312,598.6812133789062,311.91143798828125,681.848876953125,132.2511444091797,626.0162353515625,287.4707946777344,668.6287841796875,426.4640808105469,619.3466796875,433.9805908203125,669.360595703125,547.6315307617188,622.4661865234375,548.6227416992188,653.6583251953125,665.9508056640625,630.69189453125,668.6378784179688
1208,40.266536142625604,645.2384033203125,225.1866912841797,656.2891235351562,217.73793029785156,635.2655029296875,217.40155029296875,669.80029296875,222.1124725341797,620.5001220703125,222.61412048339844,679.7058715820312,255.8349151611328,604.022216796875,281.1673889160156,693.2840576171875,210.23834228515625,597.9279174804688,313.8915100097656,681.83203125,132.01199340820312,624.7750854492188,287.5055236816406,668.8840942382812,425.946044921875,619.3197631835938,433.863037109375,669.7296752929688,547.4161376953125,622.25634765625,549.0904541015625,653.4500732421875,666.1434326171875,630.4127197265625,669.6690063476562
1209,40.29986936790924,645.3616333007812,225.18499755859375,656.4148559570312,217.78656005859375,635.4127197265625,217.3970947265625,669.8229370117188,222.28109741210938,620.53369140625,222.73898315429688,679.5005493164062,255.9102783203125,604.0817260742188,281.9061279296875,692.8452758789062,208.50344848632812,597.6829223632812,314.20263671875,681.2962646484375,131.04571533203125,622.3629760742188,288.656005859375,668.8853759765625,426.47637939453125,619.5371704101562,434.5713195800781,669.68798828125,547.9083862304688,622.0156860351562,549.6189575195312,653.4228515625,666.9717407226562,629.9570922851562,670.4365844726562
1210,40.333202593192865,645.2278442382812,225.16030883789062,656.2167358398438,217.744873046875,635.1962280273438,217.42108154296875,669.67138671875,222.25396728515625,620.417724609375,222.827392578125,679.8212280273438,256.0924987792969,604.1284790039062,281.36358642578125,692.870849609375,210.52076721191406,597.5343017578125,313.7264709472656,681.532958984375,132.7965850830078,622.5716552734375,287.1703796386719,669.0844116210938,426.3709411621094,619.495361328125,434.1015319824219,669.7512817382812,548.0482788085938,621.6875,548.9591674804688,653.1744384765625,667.1351318359375,629.219482421875,669.5506591796875
1211,40.3665358184765,645.3414916992188,225.00880432128906,656.2686767578125,217.60891723632812,635.3219604492188,217.32077026367188,669.6235961914062,222.16481018066406,620.5363159179688,222.7666473388672,679.8035888671875,256.1341552734375,604.2239379882812,280.97216796875,692.960693359375,211.26707458496094,597.7155151367188,313.1177978515625,680.9869995117188,133.3864288330078,623.4660034179688,287.0914611816406,668.9862060546875,426.1363830566406,619.3731689453125,433.7740173339844,669.9686889648438,547.674560546875,621.6870727539062,548.8968505859375,653.6456909179688,666.7142333984375,628.9208984375,669.836669921875
1212,40.39986904376013,646.3961181640625,225.19590759277344,657.2300415039062,218.10916137695312,636.5332641601562,217.55458068847656,669.984130859375,223.1308135986328,621.1243286132812,223.15985107421875,679.3815307617188,256.7370910644531,604.107666015625,281.7978210449219,692.5870971679688,208.48123168945312,597.936767578125,312.4108581542969,680.3850708007812,131.2472381591797,622.7852783203125,288.3011474609375,668.9820556640625,426.1372985839844,619.59326171875,433.81591796875,669.6314697265625,547.6878051757812,621.295654296875,548.7037353515625,654.034423828125,666.5475463867188,629.272705078125,669.14453125
1213,40.43320226904376,646.4595947265625,225.10154724121094,657.3597412109375,218.0548553466797,636.6344604492188,217.4344024658203,670.1256713867188,223.2527618408203,621.1635131835938,223.16555786132812,679.3956298828125,256.84967041015625,603.6975708007812,282.51953125,692.4668579101562,207.59255981445312,597.1727905273438,313.7541809082031,680.0049438476562,129.93824768066406,621.8970336914062,289.37396240234375,669.1708374023438,426.0997314453125,619.573486328125,434.02825927734375,669.6864013671875,547.5800170898438,621.0410766601562,548.7686767578125,654.2197265625,666.4824829101562,629.5777587890625,669.0721435546875
1214,40.46653549432739,646.91259765625,225.11016845703125,657.7599487304688,218.07717895507812,637.0325317382812,217.43016052246094,670.3003540039062,223.3650665283203,621.2189331054688,223.20994567871094,679.4154663085938,257.0789489746094,603.7391967773438,282.6108093261719,692.4404296875,207.91041564941406,597.2754516601562,313.82562255859375,680.1698608398438,130.30677795410156,621.44580078125,289.8281555175781,669.3119506835938,426.4898376464844,619.7494506835938,434.326904296875,669.5148315429688,548.0111083984375,620.9338989257812,548.9066162109375,654.1734008789062,666.6019897460938,629.6035766601562,668.7022094726562
1215,40.49986871961102,646.9818115234375,225.10133361816406,657.7484130859375,218.02981567382812,637.1051025390625,217.44984436035156,670.2177124023438,223.272216796875,621.36376953125,223.223876953125,679.4580688476562,257.20361328125,603.7059936523438,282.71331787109375,692.3651123046875,209.44569396972656,597.09228515625,315.0684509277344,680.3587646484375,131.52989196777344,620.4423828125,290.5138244628906,669.4996337890625,426.0545654296875,619.8931884765625,433.8993225097656,669.898681640625,547.4450073242188,621.2749633789062,548.1680297851562,654.4864501953125,665.9427490234375,629.9993896484375,668.0066528320312
1216,40.53320194489465,646.9127807617188,225.10035705566406,657.6873168945312,217.95594787597656,637.0005493164062,217.47230529785156,670.1888427734375,223.13832092285156,621.2404174804688,223.2512969970703,679.4519653320312,257.04638671875,603.6328735351562,282.5341491699219,692.6717529296875,210.05465698242188,597.1751708984375,314.9862060546875,680.1909790039062,131.9231719970703,621.3624267578125,289.8413391113281,669.4219970703125,425.8314208984375,619.6474609375,433.8014221191406,670.2879638671875,547.1812744140625,621.1021118164062,548.677001953125,655.1212158203125,666.0984497070312,629.5595092773438,669.4322509765625
1217,40.56653517017828,646.9379272460938,225.041015625,657.60986328125,217.788330078125,636.956787109375,217.51089477539062,670.0814208984375,222.84869384765625,621.3394775390625,223.3309326171875,679.7965087890625,256.85321044921875,603.5997924804688,282.4205017089844,692.8575439453125,212.74903869628906,596.10302734375,316.6873779296875,680.7325439453125,134.0093231201172,619.5001831054688,288.98358154296875,670.0780639648438,425.03936767578125,620.0472412109375,433.1181335449219,670.6890258789062,546.7877807617188,621.2319946289062,548.4942016601562,654.863525390625,665.2401733398438,629.3591918945312,669.0593872070312
1218,40.59986839546191,646.8203125,224.7683563232422,657.4078369140625,217.5180206298828,636.8619384765625,217.3087158203125,669.784423828125,222.65090942382812,621.381103515625,223.2366485595703,679.7516479492188,256.83660888671875,603.6680908203125,282.2344055175781,692.87744140625,214.25209045410156,596.0109252929688,317.4019470214844,680.7816772460938,135.23355102539062,619.2586059570312,289.2918701171875,670.2471923828125,424.65631103515625,620.2825317382812,432.68414306640625,670.5431518554688,546.4463500976562,621.2373046875,548.1624755859375,654.6953735351562,665.5358276367188,629.2367553710938,669.5499877929688
1219,40.63320162074554,646.6304321289062,224.68931579589844,657.2591552734375,217.4502410888672,636.6539306640625,217.25160217285156,669.7539672851562,222.63824462890625,621.2843017578125,223.22930908203125,679.6773681640625,257.0877380371094,603.8070068359375,282.28485107421875,692.87646484375,214.63485717773438,595.728759765625,317.25634765625,681.4287719726562,135.529052734375,617.9806518554688,289.7655944824219,670.36279296875,424.77105712890625,620.5916137695312,432.7611083984375,670.588134765625,546.4110717773438,621.6012573242188,548.2770385742188,654.6680908203125,664.8687744140625,629.4891357421875,669.4361572265625
1220,40.66653484602917,646.5698852539062,224.6884765625,657.2112426757812,217.39923095703125,636.5415649414062,217.1995849609375,669.8035278320312,222.4740753173828,621.1825561523438,223.12686157226562,680.000732421875,256.74920654296875,603.6981201171875,282.2167053222656,692.95556640625,214.33815002441406,595.69873046875,317.6944580078125,681.1856689453125,135.0000762939453,618.3150634765625,289.20660400390625,670.573486328125,424.9957580566406,620.5679321289062,432.98321533203125,670.59765625,546.841064453125,621.7816772460938,548.1934204101562,654.123291015625,665.7210693359375,629.798095703125,669.16064453125
1221,40.6998680713128,646.6192016601562,224.6195831298828,657.3148193359375,217.22975158691406,636.5364990234375,217.1409912109375,670.0861206054688,222.20567321777344,621.3633422851562,223.09786987304688,680.5074462890625,256.5735778808594,603.964599609375,282.16461181640625,693.11865234375,215.44175720214844,595.1947631835938,318.428955078125,681.0443115234375,136.03733825683594,617.3497314453125,289.1083679199219,670.8656616210938,424.9555969238281,620.8038940429688,432.99578857421875,670.56396484375,547.0445556640625,622.196533203125,548.457763671875,653.96630859375,666.5615844726562,630.5153198242188,670.0740966796875
1222,40.733201296596434,646.7196655273438,224.67347717285156,657.5098266601562,217.16293334960938,636.6195068359375,217.19384765625,670.419189453125,221.8990478515625,621.5245971679688,223.0706787109375,680.6292114257812,255.82289123535156,603.9161376953125,282.8388977050781,692.9110717773438,213.4692840576172,594.2711181640625,319.9006042480469,681.2246704101562,134.7853546142578,615.142578125,289.73638916015625,671.2025146484375,424.8828430175781,621.1510009765625,433.57208251953125,670.6995239257812,547.1239013671875,622.5846557617188,549.4730224609375,653.4830322265625,666.8233032226562,631.2034912109375,671.489501953125
1223,40.76653452188006,646.6923217773438,224.56439208984375,657.4652709960938,217.15185546875,636.5843505859375,217.0878448486328,670.3427734375,222.0608367919922,621.4559326171875,223.1400604248047,680.6389770507812,256.0636291503906,604.0537109375,283.2156677246094,692.7283325195312,211.87965393066406,594.7784423828125,319.02655029296875,681.2088012695312,134.3487548828125,615.0784912109375,290.05206298828125,671.1180419921875,425.396240234375,621.2398071289062,433.96002197265625,670.5281372070312,547.6141357421875,622.562255859375,549.1973266601562,653.1591186523438,666.7799072265625,631.0151977539062,670.0324096679688
1224,40.799867747163695,647.0536499023438,224.55032348632812,657.751220703125,217.0142822265625,636.9400024414062,217.08901977539062,670.650146484375,221.6957550048828,622.0869140625,223.0386962890625,681.4519653320312,255.77149963378906,604.39453125,282.8020324707031,693.142822265625,214.19886779785156,594.5372314453125,320.0525207519531,681.2974243164062,135.70758056640625,615.4552612304688,287.9682312011719,671.606689453125,425.1949768066406,621.4144287109375,433.7030334472656,671.012939453125,547.6144409179688,622.9566650390625,548.8798217773438,653.1822509765625,666.698486328125,631.4183959960938,669.3937377929688
1225,40.83320097244732,647.2913818359375,224.6512908935547,657.9630126953125,217.2156219482422,637.1828002929688,217.1272735595703,670.705810546875,221.97756958007812,622.0778198242188,222.9585418701172,681.3987426757812,256.25543212890625,604.4395751953125,282.0377197265625,693.2463989257812,213.9200897216797,594.8793334960938,316.792724609375,681.496826171875,136.52029418945312,616.6477661132812,286.693115234375,671.227294921875,425.7319030761719,621.1176147460938,433.70001220703125,670.9188842773438,548.0106811523438,623.0120849609375,548.4530029296875,653.5238037109375,667.0184936523438,631.5197143554688,668.606201171875
1226,40.86653419773096,647.532470703125,224.71685791015625,658.1466674804688,217.12313842773438,637.3256225585938,217.23770141601562,670.8896484375,221.5932159423828,622.1927490234375,223.04635620117188,681.875732421875,255.50027465820312,604.2522583007812,282.38275146484375,693.3998413085938,213.29837036132812,593.9740600585938,318.46124267578125,681.627197265625,136.36944580078125,615.2604370117188,287.35333251953125,671.6875,425.3285217285156,621.2353515625,433.7218017578125,671.129638671875,547.7058715820312,623.171630859375,548.3416137695312,653.2891845703125,666.6038818359375,632.0270385742188,668.030517578125
1227,40.899867423014584,647.21533203125,224.50405883789062,658.0523681640625,217.1245574951172,637.1686401367188,216.90904235839844,671.1974487304688,221.83416748046875,622.419677734375,222.75607299804688,682.03955078125,255.6555938720703,604.7280883789062,282.26171875,693.0905151367188,209.8414764404297,594.9953002929688,315.64306640625,681.158447265625,134.3290252685547,617.08349609375,286.9383544921875,671.122802734375,426.27020263671875,620.9513549804688,434.31170654296875,670.7198486328125,548.8833618164062,623.0796508789062,548.43505859375,653.2078247070312,668.1497802734375,632.0326538085938,667.5552978515625
1228,40.93320064829822,647.6685791015625,224.5253143310547,658.3350219726562,217.01544189453125,637.5328979492188,217.03231811523438,671.3110961914062,221.50979614257812,622.8076171875,222.76519775390625,682.4651489257812,255.4248504638672,604.9193725585938,281.1270751953125,693.75830078125,212.69015502929688,594.5438232421875,315.2041015625,682.14892578125,135.07968139648438,618.9132690429688,284.2667541503906,671.5794677734375,425.5527648925781,621.0938110351562,433.4626770019531,671.268310546875,548.0302734375,623.3795166015625,548.075927734375,653.5691528320312,666.9186401367188,631.8495483398438,667.4440307617188
1229,40.966533873581845,647.7891845703125,224.33070373535156,658.3582763671875,216.6463165283203,637.4854736328125,216.90538024902344,671.3335571289062,221.08877563476562,622.8408813476562,222.73582458496094,682.934814453125,255.93112182617188,605.4746704101562,280.4305114746094,694.4660034179688,218.4263916015625,594.7661743164062,316.30926513671875,682.6668701171875,138.8976593017578,619.1723022460938,283.8260803222656,671.8342895507812,425.5787353515625,621.3463134765625,433.11968994140625,671.3627319335938,548.3853759765625,623.8375854492188,548.6136474609375,653.7177124023438,666.8895263671875,631.6937866210938,668.402587890625
1230,40.99986709886548,648.1565551757812,223.93353271484375,658.5682373046875,216.06704711914062,637.718017578125,216.63272094726562,671.4443969726562,220.7548370361328,623.5321044921875,222.69740295410156,683.6947021484375,257.7237854003906,606.2686157226562,279.6287841796875,694.7064208984375,231.6720733642578,593.38525390625,320.9203796386719,684.0307006835938,148.26278686523438,617.300537109375,284.78131103515625,672.80078125,424.9512939453125,622.34423828125,431.74090576171875,671.6038208007812,548.544189453125,624.9204711914062,548.696533203125,653.11669921875,665.5365600585938,631.6478881835938,668.6998291015625
1231,41.03320032414911,648.1158447265625,223.9074249267578,658.7183227539062,216.0592803955078,637.70166015625,216.56484985351562,671.9970092773438,220.751220703125,623.738037109375,222.66757202148438,684.2740478515625,257.3244323730469,606.4970092773438,279.8849182128906,695.0335083007812,229.3411407470703,593.8157958984375,320.442626953125,683.7238159179688,146.27273559570312,618.0531616210938,283.55224609375,672.8531494140625,424.8951110839844,622.1864624023438,431.8437194824219,671.9036865234375,548.374755859375,624.8822631835938,548.4652709960938,653.1688232421875,665.78564453125,631.9197387695312,668.4835815429688
1232,41.066533549432734,648.588134765625,223.7294158935547,659.1583251953125,215.94512939453125,638.0809326171875,216.42579650878906,672.3016967773438,221.12002563476562,623.9829711914062,222.87351989746094,684.5696411132812,259.1309814453125,606.8477783203125,280.1521911621094,694.4774780273438,235.6317901611328,594.3887329101562,320.98089599609375,683.7243041992188,155.31088256835938,618.341552734375,283.9328308105469,673.0516967773438,425.57049560546875,622.4739379882812,431.9986267089844,672.1070556640625,549.0357055664062,625.3334350585938,548.5281982421875,652.9553833007812,665.6798095703125,632.00439453125,668.01708984375
1233,41.09986677471637,648.665283203125,224.005126953125,659.34619140625,216.3512725830078,638.2778930664062,216.6881866455078,672.4976806640625,221.73123168945312,624.1526489257812,223.08755493164062,684.4138793945312,259.9850158691406,607.0668334960938,280.1900939941406,694.3981323242188,237.43045043945312,595.1574096679688,319.79217529296875,684.0884399414062,160.16883850097656,618.9957275390625,283.73614501953125,672.8414916992188,425.56011962890625,622.522216796875,431.7617492675781,671.9189453125,548.76318359375,625.1812744140625,548.2683715820312,653.549560546875,665.7718505859375,632.5822143554688,668.36572265625
1234,41.133199999999995,649.0258178710938,224.0347442626953,659.7992553710938,216.4607391357422,638.7588500976562,216.62026977539062,672.9522705078125,221.64736938476562,624.5087890625,222.7193145751953,684.6198120117188,258.7005615234375,606.7435302734375,280.163818359375,694.7319946289062,231.3012237548828,594.8394165039062,318.95361328125,684.4307861328125,153.67892456054688,619.808349609375,284.0699462890625,673.099609375,425.51531982421875,622.4863891601562,432.11273193359375,671.9930419921875,548.7332153320312,624.8229370117188,548.1842041015625,653.3600463867188,665.5476684570312,632.9085693359375,667.33251953125
